Depth = 12800;
Width = 12;
Address_radix = dec;
Data_radix = bin;
Content
Begin
  0 : 100110001100 ; -- R:9 G:8 B:C
  1 : 100110001100 ; -- R:9 G:8 B:C
  2 : 100110001100 ; -- R:9 G:8 B:C
  3 : 100110001100 ; -- R:9 G:8 B:C
  4 : 100110001100 ; -- R:9 G:8 B:C
  5 : 100110001100 ; -- R:9 G:8 B:C
  6 : 100110001100 ; -- R:9 G:8 B:C
  7 : 100110001100 ; -- R:9 G:8 B:C
  8 : 100110001100 ; -- R:9 G:8 B:C
  9 : 100110001100 ; -- R:9 G:8 B:C
  10 : 100110001100 ; -- R:9 G:8 B:C
  11 : 100110001100 ; -- R:9 G:8 B:C
  12 : 100110001100 ; -- R:9 G:8 B:C
  13 : 100110001100 ; -- R:9 G:8 B:C
  14 : 100110001100 ; -- R:9 G:8 B:C
  15 : 100110001100 ; -- R:9 G:8 B:C
  16 : 100110001100 ; -- R:9 G:8 B:C
  17 : 100110001100 ; -- R:9 G:8 B:C
  18 : 100110001100 ; -- R:9 G:8 B:C
  19 : 100110001100 ; -- R:9 G:8 B:C
  20 : 100110001100 ; -- R:9 G:8 B:C
  21 : 100110001100 ; -- R:9 G:8 B:C
  22 : 100110001100 ; -- R:9 G:8 B:C
  23 : 100110001100 ; -- R:9 G:8 B:C
  24 : 100110001100 ; -- R:9 G:8 B:C
  25 : 100110001100 ; -- R:9 G:8 B:C
  26 : 100110001100 ; -- R:9 G:8 B:C
  27 : 100110001100 ; -- R:9 G:8 B:C
  28 : 100110001100 ; -- R:9 G:8 B:C
  29 : 100110001100 ; -- R:9 G:8 B:C
  30 : 100110001100 ; -- R:9 G:8 B:C
  31 : 100110001100 ; -- R:9 G:8 B:C
  32 : 100110001100 ; -- R:9 G:8 B:C
  33 : 100110001100 ; -- R:9 G:8 B:C
  34 : 100110001100 ; -- R:9 G:8 B:C
  35 : 100110001100 ; -- R:9 G:8 B:C
  36 : 100110001100 ; -- R:9 G:8 B:C
  37 : 100110001100 ; -- R:9 G:8 B:C
  38 : 100110001100 ; -- R:9 G:8 B:C
  39 : 100110001100 ; -- R:9 G:8 B:C
  40 : 100110001100 ; -- R:9 G:8 B:C
  41 : 100110001100 ; -- R:9 G:8 B:C
  42 : 100110001100 ; -- R:9 G:8 B:C
  43 : 100110001100 ; -- R:9 G:8 B:C
  44 : 100110001100 ; -- R:9 G:8 B:C
  45 : 100110001100 ; -- R:9 G:8 B:C
  46 : 100110001100 ; -- R:9 G:8 B:C
  47 : 100110001100 ; -- R:9 G:8 B:C
  48 : 100110001100 ; -- R:9 G:8 B:C
  49 : 100110001100 ; -- R:9 G:8 B:C
  50 : 100110001100 ; -- R:9 G:8 B:C
  51 : 100110001100 ; -- R:9 G:8 B:C
  52 : 100110001100 ; -- R:9 G:8 B:C
  53 : 100110001100 ; -- R:9 G:8 B:C
  54 : 100110001100 ; -- R:9 G:8 B:C
  55 : 100110001100 ; -- R:9 G:8 B:C
  56 : 100110001100 ; -- R:9 G:8 B:C
  57 : 100110001100 ; -- R:9 G:8 B:C
  58 : 100110001100 ; -- R:9 G:8 B:C
  59 : 100110001100 ; -- R:9 G:8 B:C
  60 : 100110001100 ; -- R:9 G:8 B:C
  61 : 100110001100 ; -- R:9 G:8 B:C
  62 : 100110001100 ; -- R:9 G:8 B:C
  63 : 100110001100 ; -- R:9 G:8 B:C
  64 : 100110001100 ; -- R:9 G:8 B:C
  65 : 100110001100 ; -- R:9 G:8 B:C
  66 : 100110001100 ; -- R:9 G:8 B:C
  67 : 100110001100 ; -- R:9 G:8 B:C
  68 : 100110001100 ; -- R:9 G:8 B:C
  69 : 100110001100 ; -- R:9 G:8 B:C
  70 : 100110001100 ; -- R:9 G:8 B:C
  71 : 100110001100 ; -- R:9 G:8 B:C
  72 : 100110001100 ; -- R:9 G:8 B:C
  73 : 100110001100 ; -- R:9 G:8 B:C
  74 : 100110001100 ; -- R:9 G:8 B:C
  75 : 100110001100 ; -- R:9 G:8 B:C
  76 : 100110001100 ; -- R:9 G:8 B:C
  77 : 100110001100 ; -- R:9 G:8 B:C
  78 : 100110001100 ; -- R:9 G:8 B:C
  79 : 100110001100 ; -- R:9 G:8 B:C
  80 : 100110001100 ; -- R:9 G:8 B:C
  81 : 100110001100 ; -- R:9 G:8 B:C
  82 : 100110001100 ; -- R:9 G:8 B:C
  83 : 100110001100 ; -- R:9 G:8 B:C
  84 : 100110001100 ; -- R:9 G:8 B:C
  85 : 100110001100 ; -- R:9 G:8 B:C
  86 : 100110001100 ; -- R:9 G:8 B:C
  87 : 100110001100 ; -- R:9 G:8 B:C
  88 : 100110001100 ; -- R:9 G:8 B:C
  89 : 100110001100 ; -- R:9 G:8 B:C
  90 : 100110001100 ; -- R:9 G:8 B:C
  91 : 100110001100 ; -- R:9 G:8 B:C
  92 : 100110001100 ; -- R:9 G:8 B:C
  93 : 100110001100 ; -- R:9 G:8 B:C
  94 : 100110001100 ; -- R:9 G:8 B:C
  95 : 100110001100 ; -- R:9 G:8 B:C
  96 : 100110001100 ; -- R:9 G:8 B:C
  97 : 100110001100 ; -- R:9 G:8 B:C
  98 : 100110001100 ; -- R:9 G:8 B:C
  99 : 100110001100 ; -- R:9 G:8 B:C
  100 : 100110001100 ; -- R:9 G:8 B:C
  101 : 100110001100 ; -- R:9 G:8 B:C
  102 : 100110001100 ; -- R:9 G:8 B:C
  103 : 100110001100 ; -- R:9 G:8 B:C
  104 : 100110001100 ; -- R:9 G:8 B:C
  105 : 100110001100 ; -- R:9 G:8 B:C
  106 : 100110001100 ; -- R:9 G:8 B:C
  107 : 100110001100 ; -- R:9 G:8 B:C
  108 : 100110001100 ; -- R:9 G:8 B:C
  109 : 100110001100 ; -- R:9 G:8 B:C
  110 : 100110001100 ; -- R:9 G:8 B:C
  111 : 100110001100 ; -- R:9 G:8 B:C
  112 : 100110001100 ; -- R:9 G:8 B:C
  113 : 100110001100 ; -- R:9 G:8 B:C
  114 : 100110001100 ; -- R:9 G:8 B:C
  115 : 100110001100 ; -- R:9 G:8 B:C
  116 : 100110001100 ; -- R:9 G:8 B:C
  117 : 100110001100 ; -- R:9 G:8 B:C
  118 : 100110001100 ; -- R:9 G:8 B:C
  119 : 100110001100 ; -- R:9 G:8 B:C
  120 : 100110001100 ; -- R:9 G:8 B:C
  121 : 100110001100 ; -- R:9 G:8 B:C
  122 : 100110001100 ; -- R:9 G:8 B:C
  123 : 100110001100 ; -- R:9 G:8 B:C
  124 : 100110001100 ; -- R:9 G:8 B:C
  125 : 100110001100 ; -- R:9 G:8 B:C
  126 : 100110001100 ; -- R:9 G:8 B:C
  127 : 100110001100 ; -- R:9 G:8 B:C
  128 : 100110001100 ; -- R:9 G:8 B:C
  129 : 100110001100 ; -- R:9 G:8 B:C
  130 : 100110001100 ; -- R:9 G:8 B:C
  131 : 100110001100 ; -- R:9 G:8 B:C
  132 : 100110001100 ; -- R:9 G:8 B:C
  133 : 100110001100 ; -- R:9 G:8 B:C
  134 : 100110001100 ; -- R:9 G:8 B:C
  135 : 100110001100 ; -- R:9 G:8 B:C
  136 : 100110001100 ; -- R:9 G:8 B:C
  137 : 100110001100 ; -- R:9 G:8 B:C
  138 : 100110001100 ; -- R:9 G:8 B:C
  139 : 100110001100 ; -- R:9 G:8 B:C
  140 : 100110001100 ; -- R:9 G:8 B:C
  141 : 100110001100 ; -- R:9 G:8 B:C
  142 : 100110001100 ; -- R:9 G:8 B:C
  143 : 100110001100 ; -- R:9 G:8 B:C
  144 : 100110001100 ; -- R:9 G:8 B:C
  145 : 100110001100 ; -- R:9 G:8 B:C
  146 : 100110001100 ; -- R:9 G:8 B:C
  147 : 100110001100 ; -- R:9 G:8 B:C
  148 : 100110001100 ; -- R:9 G:8 B:C
  149 : 100110001100 ; -- R:9 G:8 B:C
  150 : 100110001100 ; -- R:9 G:8 B:C
  151 : 100110001100 ; -- R:9 G:8 B:C
  152 : 100110001100 ; -- R:9 G:8 B:C
  153 : 100110001100 ; -- R:9 G:8 B:C
  154 : 100110001100 ; -- R:9 G:8 B:C
  155 : 100110001100 ; -- R:9 G:8 B:C
  156 : 100110001100 ; -- R:9 G:8 B:C
  157 : 100110001100 ; -- R:9 G:8 B:C
  158 : 100110001100 ; -- R:9 G:8 B:C
  159 : 100110001100 ; -- R:9 G:8 B:C
  160 : 100110001100 ; -- R:9 G:8 B:C
  161 : 100110001100 ; -- R:9 G:8 B:C
  162 : 100110001100 ; -- R:9 G:8 B:C
  163 : 100110001100 ; -- R:9 G:8 B:C
  164 : 100110001100 ; -- R:9 G:8 B:C
  165 : 100110001100 ; -- R:9 G:8 B:C
  166 : 100110001100 ; -- R:9 G:8 B:C
  167 : 100110001100 ; -- R:9 G:8 B:C
  168 : 100110001100 ; -- R:9 G:8 B:C
  169 : 100110001100 ; -- R:9 G:8 B:C
  170 : 100110001100 ; -- R:9 G:8 B:C
  171 : 100110001100 ; -- R:9 G:8 B:C
  172 : 100110001100 ; -- R:9 G:8 B:C
  173 : 100110001100 ; -- R:9 G:8 B:C
  174 : 100110001100 ; -- R:9 G:8 B:C
  175 : 100110001100 ; -- R:9 G:8 B:C
  176 : 100110001100 ; -- R:9 G:8 B:C
  177 : 100110001100 ; -- R:9 G:8 B:C
  178 : 100110001100 ; -- R:9 G:8 B:C
  179 : 100110001100 ; -- R:9 G:8 B:C
  180 : 100110001100 ; -- R:9 G:8 B:C
  181 : 100110001100 ; -- R:9 G:8 B:C
  182 : 100110001100 ; -- R:9 G:8 B:C
  183 : 100110001100 ; -- R:9 G:8 B:C
  184 : 100110001100 ; -- R:9 G:8 B:C
  185 : 100110001100 ; -- R:9 G:8 B:C
  186 : 100110001100 ; -- R:9 G:8 B:C
  187 : 100110001100 ; -- R:9 G:8 B:C
  188 : 100110001100 ; -- R:9 G:8 B:C
  189 : 100110001100 ; -- R:9 G:8 B:C
  190 : 100110001100 ; -- R:9 G:8 B:C
  191 : 100110001100 ; -- R:9 G:8 B:C
  192 : 100110001100 ; -- R:9 G:8 B:C
  193 : 100110001100 ; -- R:9 G:8 B:C
  194 : 100110001100 ; -- R:9 G:8 B:C
  195 : 100110001100 ; -- R:9 G:8 B:C
  196 : 100110001100 ; -- R:9 G:8 B:C
  197 : 100110001100 ; -- R:9 G:8 B:C
  198 : 100110001100 ; -- R:9 G:8 B:C
  199 : 100110001100 ; -- R:9 G:8 B:C
  200 : 100110001100 ; -- R:9 G:8 B:C
  201 : 100110001100 ; -- R:9 G:8 B:C
  202 : 100110001100 ; -- R:9 G:8 B:C
  203 : 100110001100 ; -- R:9 G:8 B:C
  204 : 100110001100 ; -- R:9 G:8 B:C
  205 : 100110001100 ; -- R:9 G:8 B:C
  206 : 100110001100 ; -- R:9 G:8 B:C
  207 : 100110001100 ; -- R:9 G:8 B:C
  208 : 100110001100 ; -- R:9 G:8 B:C
  209 : 100110001100 ; -- R:9 G:8 B:C
  210 : 100110001100 ; -- R:9 G:8 B:C
  211 : 100110001100 ; -- R:9 G:8 B:C
  212 : 100110001100 ; -- R:9 G:8 B:C
  213 : 100110001100 ; -- R:9 G:8 B:C
  214 : 100110001100 ; -- R:9 G:8 B:C
  215 : 100110001100 ; -- R:9 G:8 B:C
  216 : 100110001100 ; -- R:9 G:8 B:C
  217 : 100110001100 ; -- R:9 G:8 B:C
  218 : 100110001100 ; -- R:9 G:8 B:C
  219 : 100110001100 ; -- R:9 G:8 B:C
  220 : 100110001100 ; -- R:9 G:8 B:C
  221 : 100110001100 ; -- R:9 G:8 B:C
  222 : 100110001100 ; -- R:9 G:8 B:C
  223 : 100110001100 ; -- R:9 G:8 B:C
  224 : 100110001100 ; -- R:9 G:8 B:C
  225 : 100110001100 ; -- R:9 G:8 B:C
  226 : 100110001100 ; -- R:9 G:8 B:C
  227 : 100110001100 ; -- R:9 G:8 B:C
  228 : 100110001100 ; -- R:9 G:8 B:C
  229 : 100110001100 ; -- R:9 G:8 B:C
  230 : 100110001100 ; -- R:9 G:8 B:C
  231 : 100110001100 ; -- R:9 G:8 B:C
  232 : 100110001100 ; -- R:9 G:8 B:C
  233 : 100110001100 ; -- R:9 G:8 B:C
  234 : 100110001100 ; -- R:9 G:8 B:C
  235 : 100110001100 ; -- R:9 G:8 B:C
  236 : 100110001100 ; -- R:9 G:8 B:C
  237 : 100110001100 ; -- R:9 G:8 B:C
  238 : 100110001100 ; -- R:9 G:8 B:C
  239 : 100110001100 ; -- R:9 G:8 B:C
  240 : 100110001100 ; -- R:9 G:8 B:C
  241 : 100110001100 ; -- R:9 G:8 B:C
  242 : 100110001100 ; -- R:9 G:8 B:C
  243 : 100110001100 ; -- R:9 G:8 B:C
  244 : 100110001100 ; -- R:9 G:8 B:C
  245 : 100110001100 ; -- R:9 G:8 B:C
  246 : 100110001100 ; -- R:9 G:8 B:C
  247 : 100110001100 ; -- R:9 G:8 B:C
  248 : 100110001100 ; -- R:9 G:8 B:C
  249 : 100110001100 ; -- R:9 G:8 B:C
  250 : 100110001100 ; -- R:9 G:8 B:C
  251 : 100110001100 ; -- R:9 G:8 B:C
  252 : 100110001100 ; -- R:9 G:8 B:C
  253 : 100110001100 ; -- R:9 G:8 B:C
  254 : 100110001100 ; -- R:9 G:8 B:C
  255 : 100110001100 ; -- R:9 G:8 B:C
  256 : 100110001100 ; -- R:9 G:8 B:C
  257 : 100110001100 ; -- R:9 G:8 B:C
  258 : 100110001100 ; -- R:9 G:8 B:C
  259 : 100110001100 ; -- R:9 G:8 B:C
  260 : 100110001100 ; -- R:9 G:8 B:C
  261 : 100110001100 ; -- R:9 G:8 B:C
  262 : 100110001100 ; -- R:9 G:8 B:C
  263 : 100110001100 ; -- R:9 G:8 B:C
  264 : 100110001100 ; -- R:9 G:8 B:C
  265 : 100110001100 ; -- R:9 G:8 B:C
  266 : 100110001100 ; -- R:9 G:8 B:C
  267 : 100110001100 ; -- R:9 G:8 B:C
  268 : 100110001100 ; -- R:9 G:8 B:C
  269 : 100110001100 ; -- R:9 G:8 B:C
  270 : 100110001100 ; -- R:9 G:8 B:C
  271 : 100110001100 ; -- R:9 G:8 B:C
  272 : 100110001100 ; -- R:9 G:8 B:C
  273 : 100110001100 ; -- R:9 G:8 B:C
  274 : 100110001100 ; -- R:9 G:8 B:C
  275 : 100110001100 ; -- R:9 G:8 B:C
  276 : 100110001100 ; -- R:9 G:8 B:C
  277 : 100110001100 ; -- R:9 G:8 B:C
  278 : 100110001100 ; -- R:9 G:8 B:C
  279 : 100110001100 ; -- R:9 G:8 B:C
  280 : 100110001100 ; -- R:9 G:8 B:C
  281 : 100110001100 ; -- R:9 G:8 B:C
  282 : 100110001100 ; -- R:9 G:8 B:C
  283 : 100110001100 ; -- R:9 G:8 B:C
  284 : 100110001100 ; -- R:9 G:8 B:C
  285 : 100110001100 ; -- R:9 G:8 B:C
  286 : 100110001100 ; -- R:9 G:8 B:C
  287 : 100110001100 ; -- R:9 G:8 B:C
  288 : 100110001100 ; -- R:9 G:8 B:C
  289 : 100110001100 ; -- R:9 G:8 B:C
  290 : 100110001100 ; -- R:9 G:8 B:C
  291 : 100110001100 ; -- R:9 G:8 B:C
  292 : 100110001100 ; -- R:9 G:8 B:C
  293 : 100110001100 ; -- R:9 G:8 B:C
  294 : 100110001100 ; -- R:9 G:8 B:C
  295 : 100110001100 ; -- R:9 G:8 B:C
  296 : 100110001100 ; -- R:9 G:8 B:C
  297 : 100110001100 ; -- R:9 G:8 B:C
  298 : 100110001100 ; -- R:9 G:8 B:C
  299 : 100110001100 ; -- R:9 G:8 B:C
  300 : 100110001100 ; -- R:9 G:8 B:C
  301 : 100110001100 ; -- R:9 G:8 B:C
  302 : 100110001100 ; -- R:9 G:8 B:C
  303 : 100110001100 ; -- R:9 G:8 B:C
  304 : 100110001100 ; -- R:9 G:8 B:C
  305 : 100110001100 ; -- R:9 G:8 B:C
  306 : 100110001100 ; -- R:9 G:8 B:C
  307 : 100110001100 ; -- R:9 G:8 B:C
  308 : 100110001100 ; -- R:9 G:8 B:C
  309 : 100110001100 ; -- R:9 G:8 B:C
  310 : 100110001100 ; -- R:9 G:8 B:C
  311 : 100110001100 ; -- R:9 G:8 B:C
  312 : 100110001100 ; -- R:9 G:8 B:C
  313 : 100110001100 ; -- R:9 G:8 B:C
  314 : 100110001100 ; -- R:9 G:8 B:C
  315 : 100110001100 ; -- R:9 G:8 B:C
  316 : 100110001100 ; -- R:9 G:8 B:C
  317 : 100110001100 ; -- R:9 G:8 B:C
  318 : 100110001100 ; -- R:9 G:8 B:C
  319 : 100110001100 ; -- R:9 G:8 B:C
  320 : 101010001100 ; -- R:A G:8 B:C
  321 : 101010001100 ; -- R:A G:8 B:C
  322 : 101010001100 ; -- R:A G:8 B:C
  323 : 101010001100 ; -- R:A G:8 B:C
  324 : 101010001100 ; -- R:A G:8 B:C
  325 : 101010001100 ; -- R:A G:8 B:C
  326 : 101010001100 ; -- R:A G:8 B:C
  327 : 101010001100 ; -- R:A G:8 B:C
  328 : 101010001100 ; -- R:A G:8 B:C
  329 : 101010001100 ; -- R:A G:8 B:C
  330 : 101010001100 ; -- R:A G:8 B:C
  331 : 101010001100 ; -- R:A G:8 B:C
  332 : 101010001100 ; -- R:A G:8 B:C
  333 : 101010001100 ; -- R:A G:8 B:C
  334 : 101010001100 ; -- R:A G:8 B:C
  335 : 101010001100 ; -- R:A G:8 B:C
  336 : 101010001100 ; -- R:A G:8 B:C
  337 : 101010001100 ; -- R:A G:8 B:C
  338 : 101010001100 ; -- R:A G:8 B:C
  339 : 101010001100 ; -- R:A G:8 B:C
  340 : 101010001100 ; -- R:A G:8 B:C
  341 : 101010001100 ; -- R:A G:8 B:C
  342 : 101010001100 ; -- R:A G:8 B:C
  343 : 101010001100 ; -- R:A G:8 B:C
  344 : 101010001100 ; -- R:A G:8 B:C
  345 : 101010001100 ; -- R:A G:8 B:C
  346 : 101010001100 ; -- R:A G:8 B:C
  347 : 101010001100 ; -- R:A G:8 B:C
  348 : 101010001100 ; -- R:A G:8 B:C
  349 : 101010001100 ; -- R:A G:8 B:C
  350 : 101010001100 ; -- R:A G:8 B:C
  351 : 101010001100 ; -- R:A G:8 B:C
  352 : 101010001100 ; -- R:A G:8 B:C
  353 : 101010001100 ; -- R:A G:8 B:C
  354 : 101010001100 ; -- R:A G:8 B:C
  355 : 101010001100 ; -- R:A G:8 B:C
  356 : 101010001100 ; -- R:A G:8 B:C
  357 : 101010001100 ; -- R:A G:8 B:C
  358 : 101010001100 ; -- R:A G:8 B:C
  359 : 101010001100 ; -- R:A G:8 B:C
  360 : 101010001100 ; -- R:A G:8 B:C
  361 : 101010001100 ; -- R:A G:8 B:C
  362 : 101010001100 ; -- R:A G:8 B:C
  363 : 101010001100 ; -- R:A G:8 B:C
  364 : 101010001100 ; -- R:A G:8 B:C
  365 : 101010001100 ; -- R:A G:8 B:C
  366 : 101010001100 ; -- R:A G:8 B:C
  367 : 101010001100 ; -- R:A G:8 B:C
  368 : 101010001100 ; -- R:A G:8 B:C
  369 : 101010001100 ; -- R:A G:8 B:C
  370 : 101010001100 ; -- R:A G:8 B:C
  371 : 101010001100 ; -- R:A G:8 B:C
  372 : 101010001100 ; -- R:A G:8 B:C
  373 : 101010001100 ; -- R:A G:8 B:C
  374 : 101010001100 ; -- R:A G:8 B:C
  375 : 101010001100 ; -- R:A G:8 B:C
  376 : 101010001100 ; -- R:A G:8 B:C
  377 : 101010001100 ; -- R:A G:8 B:C
  378 : 101010001100 ; -- R:A G:8 B:C
  379 : 101010001100 ; -- R:A G:8 B:C
  380 : 101010001100 ; -- R:A G:8 B:C
  381 : 101010001100 ; -- R:A G:8 B:C
  382 : 101010001100 ; -- R:A G:8 B:C
  383 : 101010001100 ; -- R:A G:8 B:C
  384 : 101010001100 ; -- R:A G:8 B:C
  385 : 101010001100 ; -- R:A G:8 B:C
  386 : 101010001100 ; -- R:A G:8 B:C
  387 : 101010001100 ; -- R:A G:8 B:C
  388 : 101010001100 ; -- R:A G:8 B:C
  389 : 101010001100 ; -- R:A G:8 B:C
  390 : 101010001100 ; -- R:A G:8 B:C
  391 : 101010001100 ; -- R:A G:8 B:C
  392 : 101010001100 ; -- R:A G:8 B:C
  393 : 101010001100 ; -- R:A G:8 B:C
  394 : 101010001100 ; -- R:A G:8 B:C
  395 : 101010001100 ; -- R:A G:8 B:C
  396 : 101010001100 ; -- R:A G:8 B:C
  397 : 101010001100 ; -- R:A G:8 B:C
  398 : 101010001100 ; -- R:A G:8 B:C
  399 : 101010001100 ; -- R:A G:8 B:C
  400 : 101010001100 ; -- R:A G:8 B:C
  401 : 101010001100 ; -- R:A G:8 B:C
  402 : 101010001100 ; -- R:A G:8 B:C
  403 : 101010001100 ; -- R:A G:8 B:C
  404 : 101010001100 ; -- R:A G:8 B:C
  405 : 101010001100 ; -- R:A G:8 B:C
  406 : 101010001100 ; -- R:A G:8 B:C
  407 : 101010001100 ; -- R:A G:8 B:C
  408 : 101010001100 ; -- R:A G:8 B:C
  409 : 101010001100 ; -- R:A G:8 B:C
  410 : 101010001100 ; -- R:A G:8 B:C
  411 : 101010001100 ; -- R:A G:8 B:C
  412 : 101010001100 ; -- R:A G:8 B:C
  413 : 101010001100 ; -- R:A G:8 B:C
  414 : 101010001100 ; -- R:A G:8 B:C
  415 : 101010001100 ; -- R:A G:8 B:C
  416 : 101010001100 ; -- R:A G:8 B:C
  417 : 101010001100 ; -- R:A G:8 B:C
  418 : 101010001100 ; -- R:A G:8 B:C
  419 : 101010001100 ; -- R:A G:8 B:C
  420 : 101010001100 ; -- R:A G:8 B:C
  421 : 101010001100 ; -- R:A G:8 B:C
  422 : 101010001100 ; -- R:A G:8 B:C
  423 : 101010001100 ; -- R:A G:8 B:C
  424 : 101010001100 ; -- R:A G:8 B:C
  425 : 101010001100 ; -- R:A G:8 B:C
  426 : 101010001100 ; -- R:A G:8 B:C
  427 : 101010001100 ; -- R:A G:8 B:C
  428 : 101010001100 ; -- R:A G:8 B:C
  429 : 101010001100 ; -- R:A G:8 B:C
  430 : 101010001100 ; -- R:A G:8 B:C
  431 : 101010001100 ; -- R:A G:8 B:C
  432 : 101010001100 ; -- R:A G:8 B:C
  433 : 101010001100 ; -- R:A G:8 B:C
  434 : 101010001100 ; -- R:A G:8 B:C
  435 : 101010001100 ; -- R:A G:8 B:C
  436 : 101010001100 ; -- R:A G:8 B:C
  437 : 101010001100 ; -- R:A G:8 B:C
  438 : 101010001100 ; -- R:A G:8 B:C
  439 : 101010001100 ; -- R:A G:8 B:C
  440 : 101010001100 ; -- R:A G:8 B:C
  441 : 101010001100 ; -- R:A G:8 B:C
  442 : 101010001100 ; -- R:A G:8 B:C
  443 : 101010001100 ; -- R:A G:8 B:C
  444 : 101010001100 ; -- R:A G:8 B:C
  445 : 101010001100 ; -- R:A G:8 B:C
  446 : 101010001100 ; -- R:A G:8 B:C
  447 : 101010001100 ; -- R:A G:8 B:C
  448 : 101010001100 ; -- R:A G:8 B:C
  449 : 101010001100 ; -- R:A G:8 B:C
  450 : 101010001100 ; -- R:A G:8 B:C
  451 : 101010001100 ; -- R:A G:8 B:C
  452 : 101010001100 ; -- R:A G:8 B:C
  453 : 101010001100 ; -- R:A G:8 B:C
  454 : 101010001100 ; -- R:A G:8 B:C
  455 : 101010001100 ; -- R:A G:8 B:C
  456 : 101010001100 ; -- R:A G:8 B:C
  457 : 101010001100 ; -- R:A G:8 B:C
  458 : 101010001100 ; -- R:A G:8 B:C
  459 : 101010001100 ; -- R:A G:8 B:C
  460 : 101010001100 ; -- R:A G:8 B:C
  461 : 101010001100 ; -- R:A G:8 B:C
  462 : 101010001100 ; -- R:A G:8 B:C
  463 : 101010001100 ; -- R:A G:8 B:C
  464 : 101010001100 ; -- R:A G:8 B:C
  465 : 101010001100 ; -- R:A G:8 B:C
  466 : 101010001100 ; -- R:A G:8 B:C
  467 : 101010001100 ; -- R:A G:8 B:C
  468 : 101010001100 ; -- R:A G:8 B:C
  469 : 101010001100 ; -- R:A G:8 B:C
  470 : 101010001100 ; -- R:A G:8 B:C
  471 : 101010001100 ; -- R:A G:8 B:C
  472 : 101010001100 ; -- R:A G:8 B:C
  473 : 101010001100 ; -- R:A G:8 B:C
  474 : 101010001100 ; -- R:A G:8 B:C
  475 : 101010001100 ; -- R:A G:8 B:C
  476 : 101010001100 ; -- R:A G:8 B:C
  477 : 101010001100 ; -- R:A G:8 B:C
  478 : 101010001100 ; -- R:A G:8 B:C
  479 : 101010001100 ; -- R:A G:8 B:C
  480 : 101010001100 ; -- R:A G:8 B:C
  481 : 101010001100 ; -- R:A G:8 B:C
  482 : 101010001100 ; -- R:A G:8 B:C
  483 : 101010001100 ; -- R:A G:8 B:C
  484 : 101010001100 ; -- R:A G:8 B:C
  485 : 101010001100 ; -- R:A G:8 B:C
  486 : 101010001100 ; -- R:A G:8 B:C
  487 : 101010001100 ; -- R:A G:8 B:C
  488 : 101010001100 ; -- R:A G:8 B:C
  489 : 101010001100 ; -- R:A G:8 B:C
  490 : 101010001100 ; -- R:A G:8 B:C
  491 : 101010001100 ; -- R:A G:8 B:C
  492 : 101010001100 ; -- R:A G:8 B:C
  493 : 101010001100 ; -- R:A G:8 B:C
  494 : 101010001100 ; -- R:A G:8 B:C
  495 : 101010001100 ; -- R:A G:8 B:C
  496 : 101010001100 ; -- R:A G:8 B:C
  497 : 101010001100 ; -- R:A G:8 B:C
  498 : 101010001100 ; -- R:A G:8 B:C
  499 : 101010001100 ; -- R:A G:8 B:C
  500 : 101010001100 ; -- R:A G:8 B:C
  501 : 101010001100 ; -- R:A G:8 B:C
  502 : 101010001100 ; -- R:A G:8 B:C
  503 : 101010001100 ; -- R:A G:8 B:C
  504 : 101010001100 ; -- R:A G:8 B:C
  505 : 101010001100 ; -- R:A G:8 B:C
  506 : 101010001100 ; -- R:A G:8 B:C
  507 : 101010001100 ; -- R:A G:8 B:C
  508 : 101010001100 ; -- R:A G:8 B:C
  509 : 101010001100 ; -- R:A G:8 B:C
  510 : 101010001100 ; -- R:A G:8 B:C
  511 : 101010001100 ; -- R:A G:8 B:C
  512 : 101010001100 ; -- R:A G:8 B:C
  513 : 101010001100 ; -- R:A G:8 B:C
  514 : 101010001100 ; -- R:A G:8 B:C
  515 : 101010001100 ; -- R:A G:8 B:C
  516 : 101010001100 ; -- R:A G:8 B:C
  517 : 101010001100 ; -- R:A G:8 B:C
  518 : 101010001100 ; -- R:A G:8 B:C
  519 : 101010001100 ; -- R:A G:8 B:C
  520 : 101010001100 ; -- R:A G:8 B:C
  521 : 101010001100 ; -- R:A G:8 B:C
  522 : 101010001100 ; -- R:A G:8 B:C
  523 : 101010001100 ; -- R:A G:8 B:C
  524 : 101010001100 ; -- R:A G:8 B:C
  525 : 101010001100 ; -- R:A G:8 B:C
  526 : 101010001100 ; -- R:A G:8 B:C
  527 : 101010001100 ; -- R:A G:8 B:C
  528 : 101010001100 ; -- R:A G:8 B:C
  529 : 101010001100 ; -- R:A G:8 B:C
  530 : 101010001100 ; -- R:A G:8 B:C
  531 : 101010001100 ; -- R:A G:8 B:C
  532 : 101010001100 ; -- R:A G:8 B:C
  533 : 101010001100 ; -- R:A G:8 B:C
  534 : 101010001100 ; -- R:A G:8 B:C
  535 : 101010001100 ; -- R:A G:8 B:C
  536 : 101010001100 ; -- R:A G:8 B:C
  537 : 101010001100 ; -- R:A G:8 B:C
  538 : 101010001100 ; -- R:A G:8 B:C
  539 : 101010001100 ; -- R:A G:8 B:C
  540 : 101010001100 ; -- R:A G:8 B:C
  541 : 101010001100 ; -- R:A G:8 B:C
  542 : 101010001100 ; -- R:A G:8 B:C
  543 : 101010001100 ; -- R:A G:8 B:C
  544 : 101010001100 ; -- R:A G:8 B:C
  545 : 101010001100 ; -- R:A G:8 B:C
  546 : 101010001100 ; -- R:A G:8 B:C
  547 : 101010001100 ; -- R:A G:8 B:C
  548 : 101010001100 ; -- R:A G:8 B:C
  549 : 101010001100 ; -- R:A G:8 B:C
  550 : 101010001100 ; -- R:A G:8 B:C
  551 : 101010001100 ; -- R:A G:8 B:C
  552 : 101010001100 ; -- R:A G:8 B:C
  553 : 101010001100 ; -- R:A G:8 B:C
  554 : 101010001100 ; -- R:A G:8 B:C
  555 : 101010001100 ; -- R:A G:8 B:C
  556 : 101010001100 ; -- R:A G:8 B:C
  557 : 101010001100 ; -- R:A G:8 B:C
  558 : 101010001100 ; -- R:A G:8 B:C
  559 : 101010001100 ; -- R:A G:8 B:C
  560 : 101010001100 ; -- R:A G:8 B:C
  561 : 101010001100 ; -- R:A G:8 B:C
  562 : 101010001100 ; -- R:A G:8 B:C
  563 : 101010001100 ; -- R:A G:8 B:C
  564 : 101010001100 ; -- R:A G:8 B:C
  565 : 101010001100 ; -- R:A G:8 B:C
  566 : 101010001100 ; -- R:A G:8 B:C
  567 : 101010001100 ; -- R:A G:8 B:C
  568 : 101010001100 ; -- R:A G:8 B:C
  569 : 101010001100 ; -- R:A G:8 B:C
  570 : 101010001100 ; -- R:A G:8 B:C
  571 : 101010001100 ; -- R:A G:8 B:C
  572 : 101010001100 ; -- R:A G:8 B:C
  573 : 101010001100 ; -- R:A G:8 B:C
  574 : 101010001100 ; -- R:A G:8 B:C
  575 : 101010001100 ; -- R:A G:8 B:C
  576 : 101010001100 ; -- R:A G:8 B:C
  577 : 101010001100 ; -- R:A G:8 B:C
  578 : 101010001100 ; -- R:A G:8 B:C
  579 : 101010001100 ; -- R:A G:8 B:C
  580 : 101010001100 ; -- R:A G:8 B:C
  581 : 101010001100 ; -- R:A G:8 B:C
  582 : 101010001100 ; -- R:A G:8 B:C
  583 : 101010001100 ; -- R:A G:8 B:C
  584 : 101010001100 ; -- R:A G:8 B:C
  585 : 101010001100 ; -- R:A G:8 B:C
  586 : 101010001100 ; -- R:A G:8 B:C
  587 : 101010001100 ; -- R:A G:8 B:C
  588 : 101010001100 ; -- R:A G:8 B:C
  589 : 101010001100 ; -- R:A G:8 B:C
  590 : 101010001100 ; -- R:A G:8 B:C
  591 : 101010001100 ; -- R:A G:8 B:C
  592 : 101010001100 ; -- R:A G:8 B:C
  593 : 101010001100 ; -- R:A G:8 B:C
  594 : 101010001100 ; -- R:A G:8 B:C
  595 : 101010001100 ; -- R:A G:8 B:C
  596 : 101010001100 ; -- R:A G:8 B:C
  597 : 101010001100 ; -- R:A G:8 B:C
  598 : 101010001100 ; -- R:A G:8 B:C
  599 : 101010001100 ; -- R:A G:8 B:C
  600 : 101010001100 ; -- R:A G:8 B:C
  601 : 101010001100 ; -- R:A G:8 B:C
  602 : 101010001100 ; -- R:A G:8 B:C
  603 : 101010001100 ; -- R:A G:8 B:C
  604 : 101010001100 ; -- R:A G:8 B:C
  605 : 101010001100 ; -- R:A G:8 B:C
  606 : 101010001100 ; -- R:A G:8 B:C
  607 : 101010001100 ; -- R:A G:8 B:C
  608 : 101010001100 ; -- R:A G:8 B:C
  609 : 101010001100 ; -- R:A G:8 B:C
  610 : 101010001100 ; -- R:A G:8 B:C
  611 : 101010001100 ; -- R:A G:8 B:C
  612 : 101010001100 ; -- R:A G:8 B:C
  613 : 101010001100 ; -- R:A G:8 B:C
  614 : 101010001100 ; -- R:A G:8 B:C
  615 : 101010001100 ; -- R:A G:8 B:C
  616 : 101010001100 ; -- R:A G:8 B:C
  617 : 101010001100 ; -- R:A G:8 B:C
  618 : 101010001100 ; -- R:A G:8 B:C
  619 : 101010001100 ; -- R:A G:8 B:C
  620 : 101010001100 ; -- R:A G:8 B:C
  621 : 101010001100 ; -- R:A G:8 B:C
  622 : 101010001100 ; -- R:A G:8 B:C
  623 : 101010001100 ; -- R:A G:8 B:C
  624 : 101010001100 ; -- R:A G:8 B:C
  625 : 101010001100 ; -- R:A G:8 B:C
  626 : 101010001100 ; -- R:A G:8 B:C
  627 : 101010001100 ; -- R:A G:8 B:C
  628 : 101010001100 ; -- R:A G:8 B:C
  629 : 101010001100 ; -- R:A G:8 B:C
  630 : 101010001100 ; -- R:A G:8 B:C
  631 : 101010001100 ; -- R:A G:8 B:C
  632 : 101010001100 ; -- R:A G:8 B:C
  633 : 101010001100 ; -- R:A G:8 B:C
  634 : 101010001100 ; -- R:A G:8 B:C
  635 : 101010001100 ; -- R:A G:8 B:C
  636 : 101010001100 ; -- R:A G:8 B:C
  637 : 101010001100 ; -- R:A G:8 B:C
  638 : 101010001100 ; -- R:A G:8 B:C
  639 : 101010001100 ; -- R:A G:8 B:C
  640 : 101010001100 ; -- R:A G:8 B:C
  641 : 101010001100 ; -- R:A G:8 B:C
  642 : 101010001100 ; -- R:A G:8 B:C
  643 : 101010001100 ; -- R:A G:8 B:C
  644 : 101010001100 ; -- R:A G:8 B:C
  645 : 101010001100 ; -- R:A G:8 B:C
  646 : 101010001100 ; -- R:A G:8 B:C
  647 : 101010001100 ; -- R:A G:8 B:C
  648 : 101010001100 ; -- R:A G:8 B:C
  649 : 101010001100 ; -- R:A G:8 B:C
  650 : 101010001100 ; -- R:A G:8 B:C
  651 : 101010001100 ; -- R:A G:8 B:C
  652 : 101010001100 ; -- R:A G:8 B:C
  653 : 101010001100 ; -- R:A G:8 B:C
  654 : 101010001100 ; -- R:A G:8 B:C
  655 : 101010001100 ; -- R:A G:8 B:C
  656 : 101010001100 ; -- R:A G:8 B:C
  657 : 101010001100 ; -- R:A G:8 B:C
  658 : 101010001100 ; -- R:A G:8 B:C
  659 : 101010001100 ; -- R:A G:8 B:C
  660 : 101010001100 ; -- R:A G:8 B:C
  661 : 101010001100 ; -- R:A G:8 B:C
  662 : 101010001100 ; -- R:A G:8 B:C
  663 : 101010001100 ; -- R:A G:8 B:C
  664 : 101010001100 ; -- R:A G:8 B:C
  665 : 101010001100 ; -- R:A G:8 B:C
  666 : 101010001100 ; -- R:A G:8 B:C
  667 : 101010001100 ; -- R:A G:8 B:C
  668 : 101010001100 ; -- R:A G:8 B:C
  669 : 101010001100 ; -- R:A G:8 B:C
  670 : 101010001100 ; -- R:A G:8 B:C
  671 : 101010001100 ; -- R:A G:8 B:C
  672 : 101010001100 ; -- R:A G:8 B:C
  673 : 101010001100 ; -- R:A G:8 B:C
  674 : 101010001100 ; -- R:A G:8 B:C
  675 : 101010001100 ; -- R:A G:8 B:C
  676 : 101010001100 ; -- R:A G:8 B:C
  677 : 101010001100 ; -- R:A G:8 B:C
  678 : 101010001100 ; -- R:A G:8 B:C
  679 : 101010001100 ; -- R:A G:8 B:C
  680 : 101010001100 ; -- R:A G:8 B:C
  681 : 101010001100 ; -- R:A G:8 B:C
  682 : 101010001100 ; -- R:A G:8 B:C
  683 : 101010001100 ; -- R:A G:8 B:C
  684 : 101010001100 ; -- R:A G:8 B:C
  685 : 101010001100 ; -- R:A G:8 B:C
  686 : 101010001100 ; -- R:A G:8 B:C
  687 : 101010001100 ; -- R:A G:8 B:C
  688 : 101010001100 ; -- R:A G:8 B:C
  689 : 101010001100 ; -- R:A G:8 B:C
  690 : 101010001100 ; -- R:A G:8 B:C
  691 : 101010001100 ; -- R:A G:8 B:C
  692 : 101010001100 ; -- R:A G:8 B:C
  693 : 101010001100 ; -- R:A G:8 B:C
  694 : 101010001100 ; -- R:A G:8 B:C
  695 : 101010001100 ; -- R:A G:8 B:C
  696 : 101010001100 ; -- R:A G:8 B:C
  697 : 101010001100 ; -- R:A G:8 B:C
  698 : 101010001100 ; -- R:A G:8 B:C
  699 : 101010001100 ; -- R:A G:8 B:C
  700 : 101010001100 ; -- R:A G:8 B:C
  701 : 101010001100 ; -- R:A G:8 B:C
  702 : 101010001100 ; -- R:A G:8 B:C
  703 : 101010001100 ; -- R:A G:8 B:C
  704 : 101010001100 ; -- R:A G:8 B:C
  705 : 101010001100 ; -- R:A G:8 B:C
  706 : 101010001100 ; -- R:A G:8 B:C
  707 : 101010001100 ; -- R:A G:8 B:C
  708 : 101010001100 ; -- R:A G:8 B:C
  709 : 101010001100 ; -- R:A G:8 B:C
  710 : 101010001100 ; -- R:A G:8 B:C
  711 : 101010001100 ; -- R:A G:8 B:C
  712 : 101010001100 ; -- R:A G:8 B:C
  713 : 101010001100 ; -- R:A G:8 B:C
  714 : 101010001100 ; -- R:A G:8 B:C
  715 : 101010001100 ; -- R:A G:8 B:C
  716 : 101010001100 ; -- R:A G:8 B:C
  717 : 101010001100 ; -- R:A G:8 B:C
  718 : 101010001100 ; -- R:A G:8 B:C
  719 : 101010001100 ; -- R:A G:8 B:C
  720 : 101010001100 ; -- R:A G:8 B:C
  721 : 101010001100 ; -- R:A G:8 B:C
  722 : 101010001100 ; -- R:A G:8 B:C
  723 : 101010001100 ; -- R:A G:8 B:C
  724 : 101010001100 ; -- R:A G:8 B:C
  725 : 101010001100 ; -- R:A G:8 B:C
  726 : 101010001100 ; -- R:A G:8 B:C
  727 : 101010001100 ; -- R:A G:8 B:C
  728 : 101010001100 ; -- R:A G:8 B:C
  729 : 101010001100 ; -- R:A G:8 B:C
  730 : 101010001100 ; -- R:A G:8 B:C
  731 : 101010001100 ; -- R:A G:8 B:C
  732 : 101010001100 ; -- R:A G:8 B:C
  733 : 101010001100 ; -- R:A G:8 B:C
  734 : 101010001100 ; -- R:A G:8 B:C
  735 : 101010001100 ; -- R:A G:8 B:C
  736 : 101010001100 ; -- R:A G:8 B:C
  737 : 101010001100 ; -- R:A G:8 B:C
  738 : 101010001100 ; -- R:A G:8 B:C
  739 : 101010001100 ; -- R:A G:8 B:C
  740 : 101010001100 ; -- R:A G:8 B:C
  741 : 101010001100 ; -- R:A G:8 B:C
  742 : 101010001100 ; -- R:A G:8 B:C
  743 : 101010001100 ; -- R:A G:8 B:C
  744 : 101010001100 ; -- R:A G:8 B:C
  745 : 101010001100 ; -- R:A G:8 B:C
  746 : 101010001100 ; -- R:A G:8 B:C
  747 : 101010001100 ; -- R:A G:8 B:C
  748 : 101010001100 ; -- R:A G:8 B:C
  749 : 101010001100 ; -- R:A G:8 B:C
  750 : 101010001100 ; -- R:A G:8 B:C
  751 : 101010001100 ; -- R:A G:8 B:C
  752 : 101010001100 ; -- R:A G:8 B:C
  753 : 101010001100 ; -- R:A G:8 B:C
  754 : 101010001100 ; -- R:A G:8 B:C
  755 : 101010001100 ; -- R:A G:8 B:C
  756 : 101010001100 ; -- R:A G:8 B:C
  757 : 101010001100 ; -- R:A G:8 B:C
  758 : 101010001100 ; -- R:A G:8 B:C
  759 : 101010001100 ; -- R:A G:8 B:C
  760 : 101010001100 ; -- R:A G:8 B:C
  761 : 101010001100 ; -- R:A G:8 B:C
  762 : 101010001100 ; -- R:A G:8 B:C
  763 : 101010001100 ; -- R:A G:8 B:C
  764 : 101010001100 ; -- R:A G:8 B:C
  765 : 101010001100 ; -- R:A G:8 B:C
  766 : 101010001100 ; -- R:A G:8 B:C
  767 : 101010001100 ; -- R:A G:8 B:C
  768 : 101010001100 ; -- R:A G:8 B:C
  769 : 101010001100 ; -- R:A G:8 B:C
  770 : 101010001100 ; -- R:A G:8 B:C
  771 : 101010001100 ; -- R:A G:8 B:C
  772 : 101010001100 ; -- R:A G:8 B:C
  773 : 101010001100 ; -- R:A G:8 B:C
  774 : 101010001100 ; -- R:A G:8 B:C
  775 : 101010001100 ; -- R:A G:8 B:C
  776 : 101010001100 ; -- R:A G:8 B:C
  777 : 101010001100 ; -- R:A G:8 B:C
  778 : 101010001100 ; -- R:A G:8 B:C
  779 : 101010001100 ; -- R:A G:8 B:C
  780 : 101010001100 ; -- R:A G:8 B:C
  781 : 101010001100 ; -- R:A G:8 B:C
  782 : 101010001100 ; -- R:A G:8 B:C
  783 : 101010001100 ; -- R:A G:8 B:C
  784 : 101010001100 ; -- R:A G:8 B:C
  785 : 101010001100 ; -- R:A G:8 B:C
  786 : 101010001100 ; -- R:A G:8 B:C
  787 : 101010001100 ; -- R:A G:8 B:C
  788 : 101010001100 ; -- R:A G:8 B:C
  789 : 101010001100 ; -- R:A G:8 B:C
  790 : 101010001100 ; -- R:A G:8 B:C
  791 : 101010001100 ; -- R:A G:8 B:C
  792 : 101010001100 ; -- R:A G:8 B:C
  793 : 101010001100 ; -- R:A G:8 B:C
  794 : 101010001100 ; -- R:A G:8 B:C
  795 : 101010001100 ; -- R:A G:8 B:C
  796 : 101010001100 ; -- R:A G:8 B:C
  797 : 101010001100 ; -- R:A G:8 B:C
  798 : 101010001100 ; -- R:A G:8 B:C
  799 : 101010001100 ; -- R:A G:8 B:C
  800 : 101010001100 ; -- R:A G:8 B:C
  801 : 101010001100 ; -- R:A G:8 B:C
  802 : 101010001100 ; -- R:A G:8 B:C
  803 : 101010001100 ; -- R:A G:8 B:C
  804 : 101010001100 ; -- R:A G:8 B:C
  805 : 101010001100 ; -- R:A G:8 B:C
  806 : 101010001100 ; -- R:A G:8 B:C
  807 : 101010001100 ; -- R:A G:8 B:C
  808 : 101010001100 ; -- R:A G:8 B:C
  809 : 101010001100 ; -- R:A G:8 B:C
  810 : 101010001100 ; -- R:A G:8 B:C
  811 : 101010001100 ; -- R:A G:8 B:C
  812 : 101010001100 ; -- R:A G:8 B:C
  813 : 101010001100 ; -- R:A G:8 B:C
  814 : 101010001100 ; -- R:A G:8 B:C
  815 : 101010001100 ; -- R:A G:8 B:C
  816 : 101010001100 ; -- R:A G:8 B:C
  817 : 101010001100 ; -- R:A G:8 B:C
  818 : 101010001100 ; -- R:A G:8 B:C
  819 : 101010001100 ; -- R:A G:8 B:C
  820 : 101010001100 ; -- R:A G:8 B:C
  821 : 101010001100 ; -- R:A G:8 B:C
  822 : 101010001100 ; -- R:A G:8 B:C
  823 : 101010001100 ; -- R:A G:8 B:C
  824 : 101010001100 ; -- R:A G:8 B:C
  825 : 101010001100 ; -- R:A G:8 B:C
  826 : 101010001100 ; -- R:A G:8 B:C
  827 : 101010001100 ; -- R:A G:8 B:C
  828 : 101010001100 ; -- R:A G:8 B:C
  829 : 101010001100 ; -- R:A G:8 B:C
  830 : 101010001100 ; -- R:A G:8 B:C
  831 : 101010001100 ; -- R:A G:8 B:C
  832 : 101010001100 ; -- R:A G:8 B:C
  833 : 101010001100 ; -- R:A G:8 B:C
  834 : 101010001100 ; -- R:A G:8 B:C
  835 : 101010001100 ; -- R:A G:8 B:C
  836 : 101010001100 ; -- R:A G:8 B:C
  837 : 101010001100 ; -- R:A G:8 B:C
  838 : 101010001100 ; -- R:A G:8 B:C
  839 : 101010001100 ; -- R:A G:8 B:C
  840 : 101010001100 ; -- R:A G:8 B:C
  841 : 101010001100 ; -- R:A G:8 B:C
  842 : 101010001100 ; -- R:A G:8 B:C
  843 : 101010001100 ; -- R:A G:8 B:C
  844 : 101010001100 ; -- R:A G:8 B:C
  845 : 101010001100 ; -- R:A G:8 B:C
  846 : 101010001100 ; -- R:A G:8 B:C
  847 : 101010001100 ; -- R:A G:8 B:C
  848 : 101010001100 ; -- R:A G:8 B:C
  849 : 101010001100 ; -- R:A G:8 B:C
  850 : 101010001100 ; -- R:A G:8 B:C
  851 : 101010001100 ; -- R:A G:8 B:C
  852 : 101010001100 ; -- R:A G:8 B:C
  853 : 101010001100 ; -- R:A G:8 B:C
  854 : 101010001100 ; -- R:A G:8 B:C
  855 : 101010001100 ; -- R:A G:8 B:C
  856 : 101010001100 ; -- R:A G:8 B:C
  857 : 101010001100 ; -- R:A G:8 B:C
  858 : 101010001100 ; -- R:A G:8 B:C
  859 : 101010001100 ; -- R:A G:8 B:C
  860 : 101010001100 ; -- R:A G:8 B:C
  861 : 101010001100 ; -- R:A G:8 B:C
  862 : 101010001100 ; -- R:A G:8 B:C
  863 : 101010001100 ; -- R:A G:8 B:C
  864 : 101010001100 ; -- R:A G:8 B:C
  865 : 101010001100 ; -- R:A G:8 B:C
  866 : 101010001100 ; -- R:A G:8 B:C
  867 : 101010001100 ; -- R:A G:8 B:C
  868 : 101010001100 ; -- R:A G:8 B:C
  869 : 101010001100 ; -- R:A G:8 B:C
  870 : 101010001100 ; -- R:A G:8 B:C
  871 : 101010001100 ; -- R:A G:8 B:C
  872 : 101010001100 ; -- R:A G:8 B:C
  873 : 101010001100 ; -- R:A G:8 B:C
  874 : 101010001100 ; -- R:A G:8 B:C
  875 : 101010001100 ; -- R:A G:8 B:C
  876 : 101010001100 ; -- R:A G:8 B:C
  877 : 101010001100 ; -- R:A G:8 B:C
  878 : 100110001100 ; -- R:9 G:8 B:C
  879 : 100110001100 ; -- R:9 G:8 B:C
  880 : 100110001100 ; -- R:9 G:8 B:C
  881 : 100110001100 ; -- R:9 G:8 B:C
  882 : 100110001100 ; -- R:9 G:8 B:C
  883 : 101010001100 ; -- R:A G:8 B:C
  884 : 101010001100 ; -- R:A G:8 B:C
  885 : 101010001100 ; -- R:A G:8 B:C
  886 : 101010001100 ; -- R:A G:8 B:C
  887 : 101010001100 ; -- R:A G:8 B:C
  888 : 101010001100 ; -- R:A G:8 B:C
  889 : 101010001100 ; -- R:A G:8 B:C
  890 : 101010001100 ; -- R:A G:8 B:C
  891 : 101010001100 ; -- R:A G:8 B:C
  892 : 101010001100 ; -- R:A G:8 B:C
  893 : 101010001100 ; -- R:A G:8 B:C
  894 : 101010001100 ; -- R:A G:8 B:C
  895 : 101010001100 ; -- R:A G:8 B:C
  896 : 101010001100 ; -- R:A G:8 B:C
  897 : 101010001100 ; -- R:A G:8 B:C
  898 : 101010001100 ; -- R:A G:8 B:C
  899 : 101010001100 ; -- R:A G:8 B:C
  900 : 101010001100 ; -- R:A G:8 B:C
  901 : 101010001100 ; -- R:A G:8 B:C
  902 : 101010001100 ; -- R:A G:8 B:C
  903 : 101010001100 ; -- R:A G:8 B:C
  904 : 101010001100 ; -- R:A G:8 B:C
  905 : 101010001100 ; -- R:A G:8 B:C
  906 : 101010001100 ; -- R:A G:8 B:C
  907 : 101010001100 ; -- R:A G:8 B:C
  908 : 101010001100 ; -- R:A G:8 B:C
  909 : 101010001100 ; -- R:A G:8 B:C
  910 : 101010001100 ; -- R:A G:8 B:C
  911 : 101010001100 ; -- R:A G:8 B:C
  912 : 101010001100 ; -- R:A G:8 B:C
  913 : 101010001100 ; -- R:A G:8 B:C
  914 : 101010001100 ; -- R:A G:8 B:C
  915 : 101010001100 ; -- R:A G:8 B:C
  916 : 101010001100 ; -- R:A G:8 B:C
  917 : 101010001100 ; -- R:A G:8 B:C
  918 : 101010001100 ; -- R:A G:8 B:C
  919 : 101010001100 ; -- R:A G:8 B:C
  920 : 101010001100 ; -- R:A G:8 B:C
  921 : 101010001100 ; -- R:A G:8 B:C
  922 : 101010001100 ; -- R:A G:8 B:C
  923 : 101010001100 ; -- R:A G:8 B:C
  924 : 101010001100 ; -- R:A G:8 B:C
  925 : 101010001100 ; -- R:A G:8 B:C
  926 : 101010001100 ; -- R:A G:8 B:C
  927 : 101010001100 ; -- R:A G:8 B:C
  928 : 101010001100 ; -- R:A G:8 B:C
  929 : 101010001100 ; -- R:A G:8 B:C
  930 : 101010001100 ; -- R:A G:8 B:C
  931 : 101010001100 ; -- R:A G:8 B:C
  932 : 101010001100 ; -- R:A G:8 B:C
  933 : 101010001100 ; -- R:A G:8 B:C
  934 : 101010001100 ; -- R:A G:8 B:C
  935 : 101010001100 ; -- R:A G:8 B:C
  936 : 101010001100 ; -- R:A G:8 B:C
  937 : 101010001100 ; -- R:A G:8 B:C
  938 : 101010001100 ; -- R:A G:8 B:C
  939 : 101010001100 ; -- R:A G:8 B:C
  940 : 101010001100 ; -- R:A G:8 B:C
  941 : 101010001100 ; -- R:A G:8 B:C
  942 : 101010001100 ; -- R:A G:8 B:C
  943 : 101010001100 ; -- R:A G:8 B:C
  944 : 101010001100 ; -- R:A G:8 B:C
  945 : 101010001100 ; -- R:A G:8 B:C
  946 : 101010001100 ; -- R:A G:8 B:C
  947 : 101010001100 ; -- R:A G:8 B:C
  948 : 101010001100 ; -- R:A G:8 B:C
  949 : 101010001100 ; -- R:A G:8 B:C
  950 : 101010001100 ; -- R:A G:8 B:C
  951 : 101010001100 ; -- R:A G:8 B:C
  952 : 101010001100 ; -- R:A G:8 B:C
  953 : 101010001100 ; -- R:A G:8 B:C
  954 : 101010001100 ; -- R:A G:8 B:C
  955 : 101010001100 ; -- R:A G:8 B:C
  956 : 101010001100 ; -- R:A G:8 B:C
  957 : 101010001100 ; -- R:A G:8 B:C
  958 : 101010001100 ; -- R:A G:8 B:C
  959 : 101010001100 ; -- R:A G:8 B:C
  960 : 101010001100 ; -- R:A G:8 B:C
  961 : 101010001100 ; -- R:A G:8 B:C
  962 : 101010001100 ; -- R:A G:8 B:C
  963 : 101010001100 ; -- R:A G:8 B:C
  964 : 101010001100 ; -- R:A G:8 B:C
  965 : 101010001100 ; -- R:A G:8 B:C
  966 : 101010001100 ; -- R:A G:8 B:C
  967 : 101010001100 ; -- R:A G:8 B:C
  968 : 101010001100 ; -- R:A G:8 B:C
  969 : 101010001100 ; -- R:A G:8 B:C
  970 : 101010001100 ; -- R:A G:8 B:C
  971 : 101010001100 ; -- R:A G:8 B:C
  972 : 101010001100 ; -- R:A G:8 B:C
  973 : 101010001100 ; -- R:A G:8 B:C
  974 : 101010001100 ; -- R:A G:8 B:C
  975 : 101010001100 ; -- R:A G:8 B:C
  976 : 101010001100 ; -- R:A G:8 B:C
  977 : 101010001100 ; -- R:A G:8 B:C
  978 : 101010001100 ; -- R:A G:8 B:C
  979 : 101010001100 ; -- R:A G:8 B:C
  980 : 101010001100 ; -- R:A G:8 B:C
  981 : 101010001100 ; -- R:A G:8 B:C
  982 : 101010001100 ; -- R:A G:8 B:C
  983 : 101010001100 ; -- R:A G:8 B:C
  984 : 101010001100 ; -- R:A G:8 B:C
  985 : 101010001100 ; -- R:A G:8 B:C
  986 : 101010001100 ; -- R:A G:8 B:C
  987 : 101010001100 ; -- R:A G:8 B:C
  988 : 101010001100 ; -- R:A G:8 B:C
  989 : 101010001100 ; -- R:A G:8 B:C
  990 : 101010001100 ; -- R:A G:8 B:C
  991 : 101010001100 ; -- R:A G:8 B:C
  992 : 101010001100 ; -- R:A G:8 B:C
  993 : 101010001100 ; -- R:A G:8 B:C
  994 : 101010001100 ; -- R:A G:8 B:C
  995 : 101010001100 ; -- R:A G:8 B:C
  996 : 101010001100 ; -- R:A G:8 B:C
  997 : 101010001100 ; -- R:A G:8 B:C
  998 : 101010001100 ; -- R:A G:8 B:C
  999 : 101010001100 ; -- R:A G:8 B:C
  1000 : 101010001100 ; -- R:A G:8 B:C
  1001 : 101010001100 ; -- R:A G:8 B:C
  1002 : 101010001100 ; -- R:A G:8 B:C
  1003 : 101010001100 ; -- R:A G:8 B:C
  1004 : 101010001100 ; -- R:A G:8 B:C
  1005 : 101010001100 ; -- R:A G:8 B:C
  1006 : 101010001100 ; -- R:A G:8 B:C
  1007 : 101010001100 ; -- R:A G:8 B:C
  1008 : 101010001100 ; -- R:A G:8 B:C
  1009 : 101010001100 ; -- R:A G:8 B:C
  1010 : 101010001100 ; -- R:A G:8 B:C
  1011 : 101010001100 ; -- R:A G:8 B:C
  1012 : 101010001100 ; -- R:A G:8 B:C
  1013 : 101010001100 ; -- R:A G:8 B:C
  1014 : 101010001100 ; -- R:A G:8 B:C
  1015 : 101010001100 ; -- R:A G:8 B:C
  1016 : 101010001100 ; -- R:A G:8 B:C
  1017 : 101010001100 ; -- R:A G:8 B:C
  1018 : 101010001100 ; -- R:A G:8 B:C
  1019 : 101010001100 ; -- R:A G:8 B:C
  1020 : 101010001100 ; -- R:A G:8 B:C
  1021 : 101010001100 ; -- R:A G:8 B:C
  1022 : 101010001100 ; -- R:A G:8 B:C
  1023 : 101010001100 ; -- R:A G:8 B:C
  1024 : 101010001100 ; -- R:A G:8 B:C
  1025 : 101010001100 ; -- R:A G:8 B:C
  1026 : 101010001100 ; -- R:A G:8 B:C
  1027 : 101010001100 ; -- R:A G:8 B:C
  1028 : 101010001100 ; -- R:A G:8 B:C
  1029 : 101010001100 ; -- R:A G:8 B:C
  1030 : 101010001100 ; -- R:A G:8 B:C
  1031 : 101010001100 ; -- R:A G:8 B:C
  1032 : 101010001100 ; -- R:A G:8 B:C
  1033 : 101010001100 ; -- R:A G:8 B:C
  1034 : 101010001100 ; -- R:A G:8 B:C
  1035 : 101010001100 ; -- R:A G:8 B:C
  1036 : 101010001100 ; -- R:A G:8 B:C
  1037 : 101010001100 ; -- R:A G:8 B:C
  1038 : 110010101100 ; -- R:C G:A B:C
  1039 : 110110101100 ; -- R:D G:A B:C
  1040 : 110010101100 ; -- R:C G:A B:C
  1041 : 101110011100 ; -- R:B G:9 B:C
  1042 : 101010001100 ; -- R:A G:8 B:C
  1043 : 100110001100 ; -- R:9 G:8 B:C
  1044 : 100110001100 ; -- R:9 G:8 B:C
  1045 : 100110001100 ; -- R:9 G:8 B:C
  1046 : 101010001100 ; -- R:A G:8 B:C
  1047 : 101010001100 ; -- R:A G:8 B:C
  1048 : 101010001100 ; -- R:A G:8 B:C
  1049 : 101010001100 ; -- R:A G:8 B:C
  1050 : 101010001100 ; -- R:A G:8 B:C
  1051 : 101010001100 ; -- R:A G:8 B:C
  1052 : 101010001100 ; -- R:A G:8 B:C
  1053 : 101010001100 ; -- R:A G:8 B:C
  1054 : 101010001100 ; -- R:A G:8 B:C
  1055 : 101010001100 ; -- R:A G:8 B:C
  1056 : 101010001100 ; -- R:A G:8 B:C
  1057 : 101010001100 ; -- R:A G:8 B:C
  1058 : 101010001100 ; -- R:A G:8 B:C
  1059 : 101010001100 ; -- R:A G:8 B:C
  1060 : 101010001100 ; -- R:A G:8 B:C
  1061 : 101010001100 ; -- R:A G:8 B:C
  1062 : 101010001100 ; -- R:A G:8 B:C
  1063 : 101010001100 ; -- R:A G:8 B:C
  1064 : 101010001100 ; -- R:A G:8 B:C
  1065 : 101010001100 ; -- R:A G:8 B:C
  1066 : 101010001100 ; -- R:A G:8 B:C
  1067 : 101010001100 ; -- R:A G:8 B:C
  1068 : 101010001100 ; -- R:A G:8 B:C
  1069 : 101010001100 ; -- R:A G:8 B:C
  1070 : 101010001100 ; -- R:A G:8 B:C
  1071 : 101010001100 ; -- R:A G:8 B:C
  1072 : 101010001100 ; -- R:A G:8 B:C
  1073 : 101010001100 ; -- R:A G:8 B:C
  1074 : 101010001100 ; -- R:A G:8 B:C
  1075 : 101010001100 ; -- R:A G:8 B:C
  1076 : 101010001100 ; -- R:A G:8 B:C
  1077 : 101010001100 ; -- R:A G:8 B:C
  1078 : 101010001100 ; -- R:A G:8 B:C
  1079 : 101010001100 ; -- R:A G:8 B:C
  1080 : 101010001100 ; -- R:A G:8 B:C
  1081 : 101010001100 ; -- R:A G:8 B:C
  1082 : 101010001100 ; -- R:A G:8 B:C
  1083 : 101010001100 ; -- R:A G:8 B:C
  1084 : 101010001100 ; -- R:A G:8 B:C
  1085 : 101010001100 ; -- R:A G:8 B:C
  1086 : 101010001100 ; -- R:A G:8 B:C
  1087 : 101010001100 ; -- R:A G:8 B:C
  1088 : 101010001100 ; -- R:A G:8 B:C
  1089 : 101010001100 ; -- R:A G:8 B:C
  1090 : 101010001100 ; -- R:A G:8 B:C
  1091 : 101010001100 ; -- R:A G:8 B:C
  1092 : 101010001100 ; -- R:A G:8 B:C
  1093 : 101010001100 ; -- R:A G:8 B:C
  1094 : 101010001100 ; -- R:A G:8 B:C
  1095 : 101010001100 ; -- R:A G:8 B:C
  1096 : 101010001100 ; -- R:A G:8 B:C
  1097 : 101010001100 ; -- R:A G:8 B:C
  1098 : 101010001100 ; -- R:A G:8 B:C
  1099 : 101010001100 ; -- R:A G:8 B:C
  1100 : 101010001100 ; -- R:A G:8 B:C
  1101 : 101010001100 ; -- R:A G:8 B:C
  1102 : 101010001100 ; -- R:A G:8 B:C
  1103 : 101010001100 ; -- R:A G:8 B:C
  1104 : 101010001100 ; -- R:A G:8 B:C
  1105 : 101010001100 ; -- R:A G:8 B:C
  1106 : 101010001100 ; -- R:A G:8 B:C
  1107 : 101010001100 ; -- R:A G:8 B:C
  1108 : 101010001100 ; -- R:A G:8 B:C
  1109 : 101010001100 ; -- R:A G:8 B:C
  1110 : 101010001100 ; -- R:A G:8 B:C
  1111 : 101010001100 ; -- R:A G:8 B:C
  1112 : 101010001100 ; -- R:A G:8 B:C
  1113 : 101010001100 ; -- R:A G:8 B:C
  1114 : 101010001100 ; -- R:A G:8 B:C
  1115 : 101010001100 ; -- R:A G:8 B:C
  1116 : 101010001100 ; -- R:A G:8 B:C
  1117 : 101010001100 ; -- R:A G:8 B:C
  1118 : 101010001100 ; -- R:A G:8 B:C
  1119 : 101010001100 ; -- R:A G:8 B:C
  1120 : 101010001100 ; -- R:A G:8 B:C
  1121 : 101010001100 ; -- R:A G:8 B:C
  1122 : 101010001100 ; -- R:A G:8 B:C
  1123 : 101010001100 ; -- R:A G:8 B:C
  1124 : 101010001100 ; -- R:A G:8 B:C
  1125 : 101010001100 ; -- R:A G:8 B:C
  1126 : 101010001100 ; -- R:A G:8 B:C
  1127 : 101010001100 ; -- R:A G:8 B:C
  1128 : 101010001100 ; -- R:A G:8 B:C
  1129 : 101010001100 ; -- R:A G:8 B:C
  1130 : 101010001100 ; -- R:A G:8 B:C
  1131 : 101010001100 ; -- R:A G:8 B:C
  1132 : 101010001100 ; -- R:A G:8 B:C
  1133 : 101010001100 ; -- R:A G:8 B:C
  1134 : 101010001100 ; -- R:A G:8 B:C
  1135 : 101010001100 ; -- R:A G:8 B:C
  1136 : 101010001100 ; -- R:A G:8 B:C
  1137 : 101010001100 ; -- R:A G:8 B:C
  1138 : 101010001100 ; -- R:A G:8 B:C
  1139 : 101010001100 ; -- R:A G:8 B:C
  1140 : 101010001100 ; -- R:A G:8 B:C
  1141 : 101010001100 ; -- R:A G:8 B:C
  1142 : 101010001100 ; -- R:A G:8 B:C
  1143 : 101010001100 ; -- R:A G:8 B:C
  1144 : 101010001100 ; -- R:A G:8 B:C
  1145 : 101010001100 ; -- R:A G:8 B:C
  1146 : 101010001100 ; -- R:A G:8 B:C
  1147 : 101010001100 ; -- R:A G:8 B:C
  1148 : 101010001100 ; -- R:A G:8 B:C
  1149 : 101010001100 ; -- R:A G:8 B:C
  1150 : 101010001100 ; -- R:A G:8 B:C
  1151 : 101010001100 ; -- R:A G:8 B:C
  1152 : 101010001100 ; -- R:A G:8 B:C
  1153 : 101010001100 ; -- R:A G:8 B:C
  1154 : 101010001100 ; -- R:A G:8 B:C
  1155 : 101010001100 ; -- R:A G:8 B:C
  1156 : 101010001100 ; -- R:A G:8 B:C
  1157 : 101010001100 ; -- R:A G:8 B:C
  1158 : 101010001100 ; -- R:A G:8 B:C
  1159 : 101010001100 ; -- R:A G:8 B:C
  1160 : 101010001100 ; -- R:A G:8 B:C
  1161 : 101010001100 ; -- R:A G:8 B:C
  1162 : 101010001100 ; -- R:A G:8 B:C
  1163 : 101010001100 ; -- R:A G:8 B:C
  1164 : 101010001100 ; -- R:A G:8 B:C
  1165 : 101010001100 ; -- R:A G:8 B:C
  1166 : 101010001100 ; -- R:A G:8 B:C
  1167 : 101010001100 ; -- R:A G:8 B:C
  1168 : 101010001100 ; -- R:A G:8 B:C
  1169 : 101010001100 ; -- R:A G:8 B:C
  1170 : 101010001100 ; -- R:A G:8 B:C
  1171 : 101010001100 ; -- R:A G:8 B:C
  1172 : 101010001100 ; -- R:A G:8 B:C
  1173 : 101010001100 ; -- R:A G:8 B:C
  1174 : 101010001100 ; -- R:A G:8 B:C
  1175 : 101010001100 ; -- R:A G:8 B:C
  1176 : 101010001100 ; -- R:A G:8 B:C
  1177 : 101010001100 ; -- R:A G:8 B:C
  1178 : 101010001100 ; -- R:A G:8 B:C
  1179 : 101010001100 ; -- R:A G:8 B:C
  1180 : 101010001100 ; -- R:A G:8 B:C
  1181 : 101010001100 ; -- R:A G:8 B:C
  1182 : 101010001100 ; -- R:A G:8 B:C
  1183 : 101010001100 ; -- R:A G:8 B:C
  1184 : 101010001100 ; -- R:A G:8 B:C
  1185 : 101010001100 ; -- R:A G:8 B:C
  1186 : 101010001100 ; -- R:A G:8 B:C
  1187 : 101010001100 ; -- R:A G:8 B:C
  1188 : 101010001100 ; -- R:A G:8 B:C
  1189 : 101010001100 ; -- R:A G:8 B:C
  1190 : 101010001100 ; -- R:A G:8 B:C
  1191 : 101010001100 ; -- R:A G:8 B:C
  1192 : 101010001100 ; -- R:A G:8 B:C
  1193 : 101010001100 ; -- R:A G:8 B:C
  1194 : 101010001100 ; -- R:A G:8 B:C
  1195 : 101010001100 ; -- R:A G:8 B:C
  1196 : 101010001100 ; -- R:A G:8 B:C
  1197 : 101010001100 ; -- R:A G:8 B:C
  1198 : 101110011100 ; -- R:B G:9 B:C
  1199 : 111111011001 ; -- R:F G:D B:9
  1200 : 111111011001 ; -- R:F G:D B:9
  1201 : 111111011001 ; -- R:F G:D B:9
  1202 : 111111011001 ; -- R:F G:D B:9
  1203 : 111111011001 ; -- R:F G:D B:9
  1204 : 110010101100 ; -- R:C G:A B:C
  1205 : 101110001100 ; -- R:B G:8 B:C
  1206 : 100110001100 ; -- R:9 G:8 B:C
  1207 : 100110001100 ; -- R:9 G:8 B:C
  1208 : 101010001100 ; -- R:A G:8 B:C
  1209 : 101010001100 ; -- R:A G:8 B:C
  1210 : 101010001100 ; -- R:A G:8 B:C
  1211 : 101010001100 ; -- R:A G:8 B:C
  1212 : 101010001100 ; -- R:A G:8 B:C
  1213 : 101010001100 ; -- R:A G:8 B:C
  1214 : 101010001100 ; -- R:A G:8 B:C
  1215 : 101010001100 ; -- R:A G:8 B:C
  1216 : 101010001100 ; -- R:A G:8 B:C
  1217 : 101010001100 ; -- R:A G:8 B:C
  1218 : 101010001100 ; -- R:A G:8 B:C
  1219 : 101010001100 ; -- R:A G:8 B:C
  1220 : 101010001100 ; -- R:A G:8 B:C
  1221 : 101010001100 ; -- R:A G:8 B:C
  1222 : 101010001100 ; -- R:A G:8 B:C
  1223 : 101010001100 ; -- R:A G:8 B:C
  1224 : 101010001100 ; -- R:A G:8 B:C
  1225 : 101010001100 ; -- R:A G:8 B:C
  1226 : 101010001100 ; -- R:A G:8 B:C
  1227 : 101010001100 ; -- R:A G:8 B:C
  1228 : 101010001100 ; -- R:A G:8 B:C
  1229 : 101010001100 ; -- R:A G:8 B:C
  1230 : 101010001100 ; -- R:A G:8 B:C
  1231 : 101010001100 ; -- R:A G:8 B:C
  1232 : 101010001100 ; -- R:A G:8 B:C
  1233 : 101010001100 ; -- R:A G:8 B:C
  1234 : 101010001100 ; -- R:A G:8 B:C
  1235 : 101010001100 ; -- R:A G:8 B:C
  1236 : 101010001100 ; -- R:A G:8 B:C
  1237 : 101010001100 ; -- R:A G:8 B:C
  1238 : 101010001100 ; -- R:A G:8 B:C
  1239 : 101010001100 ; -- R:A G:8 B:C
  1240 : 101010001100 ; -- R:A G:8 B:C
  1241 : 101010001100 ; -- R:A G:8 B:C
  1242 : 101010001100 ; -- R:A G:8 B:C
  1243 : 101010001100 ; -- R:A G:8 B:C
  1244 : 101010001100 ; -- R:A G:8 B:C
  1245 : 101010001100 ; -- R:A G:8 B:C
  1246 : 101010001100 ; -- R:A G:8 B:C
  1247 : 101010001100 ; -- R:A G:8 B:C
  1248 : 101010001100 ; -- R:A G:8 B:C
  1249 : 101010001100 ; -- R:A G:8 B:C
  1250 : 101010001100 ; -- R:A G:8 B:C
  1251 : 101010001100 ; -- R:A G:8 B:C
  1252 : 101010001100 ; -- R:A G:8 B:C
  1253 : 101010001100 ; -- R:A G:8 B:C
  1254 : 101010001100 ; -- R:A G:8 B:C
  1255 : 101010001100 ; -- R:A G:8 B:C
  1256 : 101010001100 ; -- R:A G:8 B:C
  1257 : 101010001100 ; -- R:A G:8 B:C
  1258 : 101010001100 ; -- R:A G:8 B:C
  1259 : 101010001100 ; -- R:A G:8 B:C
  1260 : 101010001100 ; -- R:A G:8 B:C
  1261 : 101010001100 ; -- R:A G:8 B:C
  1262 : 101010001100 ; -- R:A G:8 B:C
  1263 : 101010001100 ; -- R:A G:8 B:C
  1264 : 101010001100 ; -- R:A G:8 B:C
  1265 : 101010001100 ; -- R:A G:8 B:C
  1266 : 101010001100 ; -- R:A G:8 B:C
  1267 : 101010001100 ; -- R:A G:8 B:C
  1268 : 101010001100 ; -- R:A G:8 B:C
  1269 : 101010001100 ; -- R:A G:8 B:C
  1270 : 101010001100 ; -- R:A G:8 B:C
  1271 : 101010001100 ; -- R:A G:8 B:C
  1272 : 101010001100 ; -- R:A G:8 B:C
  1273 : 101010001100 ; -- R:A G:8 B:C
  1274 : 101010001100 ; -- R:A G:8 B:C
  1275 : 101010001100 ; -- R:A G:8 B:C
  1276 : 101010001100 ; -- R:A G:8 B:C
  1277 : 101010001100 ; -- R:A G:8 B:C
  1278 : 101010001100 ; -- R:A G:8 B:C
  1279 : 101010001100 ; -- R:A G:8 B:C
  1280 : 101010001100 ; -- R:A G:8 B:C
  1281 : 101010001100 ; -- R:A G:8 B:C
  1282 : 101010001100 ; -- R:A G:8 B:C
  1283 : 101010001100 ; -- R:A G:8 B:C
  1284 : 101010001100 ; -- R:A G:8 B:C
  1285 : 101010001100 ; -- R:A G:8 B:C
  1286 : 101010001100 ; -- R:A G:8 B:C
  1287 : 101010001100 ; -- R:A G:8 B:C
  1288 : 101010001100 ; -- R:A G:8 B:C
  1289 : 101010001100 ; -- R:A G:8 B:C
  1290 : 101010001100 ; -- R:A G:8 B:C
  1291 : 101010001100 ; -- R:A G:8 B:C
  1292 : 101010001100 ; -- R:A G:8 B:C
  1293 : 101010001100 ; -- R:A G:8 B:C
  1294 : 101010001100 ; -- R:A G:8 B:C
  1295 : 101010001100 ; -- R:A G:8 B:C
  1296 : 101010001100 ; -- R:A G:8 B:C
  1297 : 101010001100 ; -- R:A G:8 B:C
  1298 : 101010001100 ; -- R:A G:8 B:C
  1299 : 101010001100 ; -- R:A G:8 B:C
  1300 : 101010001100 ; -- R:A G:8 B:C
  1301 : 101010001100 ; -- R:A G:8 B:C
  1302 : 101010001100 ; -- R:A G:8 B:C
  1303 : 101010001100 ; -- R:A G:8 B:C
  1304 : 101010001100 ; -- R:A G:8 B:C
  1305 : 101010001100 ; -- R:A G:8 B:C
  1306 : 101010001100 ; -- R:A G:8 B:C
  1307 : 101010001100 ; -- R:A G:8 B:C
  1308 : 101010001100 ; -- R:A G:8 B:C
  1309 : 101010001100 ; -- R:A G:8 B:C
  1310 : 101010001100 ; -- R:A G:8 B:C
  1311 : 101010001100 ; -- R:A G:8 B:C
  1312 : 101010001100 ; -- R:A G:8 B:C
  1313 : 101010001100 ; -- R:A G:8 B:C
  1314 : 101010001100 ; -- R:A G:8 B:C
  1315 : 101010001100 ; -- R:A G:8 B:C
  1316 : 101010001100 ; -- R:A G:8 B:C
  1317 : 101010001100 ; -- R:A G:8 B:C
  1318 : 101010001100 ; -- R:A G:8 B:C
  1319 : 101010001100 ; -- R:A G:8 B:C
  1320 : 101010001100 ; -- R:A G:8 B:C
  1321 : 101010001100 ; -- R:A G:8 B:C
  1322 : 101010001100 ; -- R:A G:8 B:C
  1323 : 101010001100 ; -- R:A G:8 B:C
  1324 : 101010001100 ; -- R:A G:8 B:C
  1325 : 101010001100 ; -- R:A G:8 B:C
  1326 : 101010001100 ; -- R:A G:8 B:C
  1327 : 101010001100 ; -- R:A G:8 B:C
  1328 : 101010001100 ; -- R:A G:8 B:C
  1329 : 101010001100 ; -- R:A G:8 B:C
  1330 : 101010001100 ; -- R:A G:8 B:C
  1331 : 101010001100 ; -- R:A G:8 B:C
  1332 : 101010001100 ; -- R:A G:8 B:C
  1333 : 101010001100 ; -- R:A G:8 B:C
  1334 : 101010001100 ; -- R:A G:8 B:C
  1335 : 101010001100 ; -- R:A G:8 B:C
  1336 : 101010001100 ; -- R:A G:8 B:C
  1337 : 101010001100 ; -- R:A G:8 B:C
  1338 : 101010001100 ; -- R:A G:8 B:C
  1339 : 101010001100 ; -- R:A G:8 B:C
  1340 : 101010001100 ; -- R:A G:8 B:C
  1341 : 101010001100 ; -- R:A G:8 B:C
  1342 : 101010001100 ; -- R:A G:8 B:C
  1343 : 101010001100 ; -- R:A G:8 B:C
  1344 : 101010001100 ; -- R:A G:8 B:C
  1345 : 101010001100 ; -- R:A G:8 B:C
  1346 : 101010001100 ; -- R:A G:8 B:C
  1347 : 101010001100 ; -- R:A G:8 B:C
  1348 : 101010001100 ; -- R:A G:8 B:C
  1349 : 101010001100 ; -- R:A G:8 B:C
  1350 : 101010001100 ; -- R:A G:8 B:C
  1351 : 101010001100 ; -- R:A G:8 B:C
  1352 : 101010001100 ; -- R:A G:8 B:C
  1353 : 101010001100 ; -- R:A G:8 B:C
  1354 : 101010001100 ; -- R:A G:8 B:C
  1355 : 101010001100 ; -- R:A G:8 B:C
  1356 : 101010001100 ; -- R:A G:8 B:C
  1357 : 101010001100 ; -- R:A G:8 B:C
  1358 : 100110001100 ; -- R:9 G:8 B:C
  1359 : 101010001100 ; -- R:A G:8 B:C
  1360 : 111111011001 ; -- R:F G:D B:9
  1361 : 111111011001 ; -- R:F G:D B:9
  1362 : 111111011001 ; -- R:F G:D B:9
  1363 : 111111011001 ; -- R:F G:D B:9
  1364 : 111111011001 ; -- R:F G:D B:9
  1365 : 111111011001 ; -- R:F G:D B:9
  1366 : 110110101100 ; -- R:D G:A B:C
  1367 : 101110011100 ; -- R:B G:9 B:C
  1368 : 100110001100 ; -- R:9 G:8 B:C
  1369 : 101010001100 ; -- R:A G:8 B:C
  1370 : 101010001100 ; -- R:A G:8 B:C
  1371 : 101010001100 ; -- R:A G:8 B:C
  1372 : 101010001100 ; -- R:A G:8 B:C
  1373 : 101010001100 ; -- R:A G:8 B:C
  1374 : 101010001100 ; -- R:A G:8 B:C
  1375 : 101010001100 ; -- R:A G:8 B:C
  1376 : 101010001100 ; -- R:A G:8 B:C
  1377 : 101010001100 ; -- R:A G:8 B:C
  1378 : 101010001100 ; -- R:A G:8 B:C
  1379 : 101010001100 ; -- R:A G:8 B:C
  1380 : 101010001100 ; -- R:A G:8 B:C
  1381 : 101010001100 ; -- R:A G:8 B:C
  1382 : 101010001100 ; -- R:A G:8 B:C
  1383 : 101010001100 ; -- R:A G:8 B:C
  1384 : 101010001100 ; -- R:A G:8 B:C
  1385 : 101010001100 ; -- R:A G:8 B:C
  1386 : 101010001100 ; -- R:A G:8 B:C
  1387 : 101010001100 ; -- R:A G:8 B:C
  1388 : 101010001100 ; -- R:A G:8 B:C
  1389 : 100110001100 ; -- R:9 G:8 B:C
  1390 : 100110001100 ; -- R:9 G:8 B:C
  1391 : 101010001100 ; -- R:A G:8 B:C
  1392 : 101010001100 ; -- R:A G:8 B:C
  1393 : 101010001100 ; -- R:A G:8 B:C
  1394 : 101010001100 ; -- R:A G:8 B:C
  1395 : 101010001100 ; -- R:A G:8 B:C
  1396 : 101010001100 ; -- R:A G:8 B:C
  1397 : 101010001100 ; -- R:A G:8 B:C
  1398 : 101010001100 ; -- R:A G:8 B:C
  1399 : 101010001100 ; -- R:A G:8 B:C
  1400 : 101010001100 ; -- R:A G:8 B:C
  1401 : 101010001100 ; -- R:A G:8 B:C
  1402 : 101010001100 ; -- R:A G:8 B:C
  1403 : 101010001100 ; -- R:A G:8 B:C
  1404 : 101010001100 ; -- R:A G:8 B:C
  1405 : 101010001100 ; -- R:A G:8 B:C
  1406 : 101010001100 ; -- R:A G:8 B:C
  1407 : 101010001100 ; -- R:A G:8 B:C
  1408 : 101010001100 ; -- R:A G:8 B:C
  1409 : 101010001100 ; -- R:A G:8 B:C
  1410 : 101010001100 ; -- R:A G:8 B:C
  1411 : 101010001100 ; -- R:A G:8 B:C
  1412 : 101010001100 ; -- R:A G:8 B:C
  1413 : 101010001100 ; -- R:A G:8 B:C
  1414 : 101010001100 ; -- R:A G:8 B:C
  1415 : 101010001100 ; -- R:A G:8 B:C
  1416 : 101010001100 ; -- R:A G:8 B:C
  1417 : 101010001100 ; -- R:A G:8 B:C
  1418 : 101010001100 ; -- R:A G:8 B:C
  1419 : 101010001100 ; -- R:A G:8 B:C
  1420 : 101010001100 ; -- R:A G:8 B:C
  1421 : 101010001100 ; -- R:A G:8 B:C
  1422 : 101010001100 ; -- R:A G:8 B:C
  1423 : 101010001100 ; -- R:A G:8 B:C
  1424 : 101010001100 ; -- R:A G:8 B:C
  1425 : 101010001100 ; -- R:A G:8 B:C
  1426 : 101010001100 ; -- R:A G:8 B:C
  1427 : 101010001100 ; -- R:A G:8 B:C
  1428 : 101010001100 ; -- R:A G:8 B:C
  1429 : 101010001100 ; -- R:A G:8 B:C
  1430 : 101010001100 ; -- R:A G:8 B:C
  1431 : 101010001100 ; -- R:A G:8 B:C
  1432 : 101010001100 ; -- R:A G:8 B:C
  1433 : 101010001100 ; -- R:A G:8 B:C
  1434 : 101010001100 ; -- R:A G:8 B:C
  1435 : 101010001100 ; -- R:A G:8 B:C
  1436 : 101010001100 ; -- R:A G:8 B:C
  1437 : 101010001100 ; -- R:A G:8 B:C
  1438 : 101010001100 ; -- R:A G:8 B:C
  1439 : 101010001100 ; -- R:A G:8 B:C
  1440 : 101010001100 ; -- R:A G:8 B:C
  1441 : 101010001100 ; -- R:A G:8 B:C
  1442 : 101010001100 ; -- R:A G:8 B:C
  1443 : 101010001100 ; -- R:A G:8 B:C
  1444 : 101010001100 ; -- R:A G:8 B:C
  1445 : 101010001100 ; -- R:A G:8 B:C
  1446 : 101010001100 ; -- R:A G:8 B:C
  1447 : 101010001100 ; -- R:A G:8 B:C
  1448 : 101010001100 ; -- R:A G:8 B:C
  1449 : 101010001100 ; -- R:A G:8 B:C
  1450 : 101010001100 ; -- R:A G:8 B:C
  1451 : 101010001100 ; -- R:A G:8 B:C
  1452 : 101010001100 ; -- R:A G:8 B:C
  1453 : 101010001100 ; -- R:A G:8 B:C
  1454 : 101010001100 ; -- R:A G:8 B:C
  1455 : 101010001100 ; -- R:A G:8 B:C
  1456 : 101010001100 ; -- R:A G:8 B:C
  1457 : 101010001100 ; -- R:A G:8 B:C
  1458 : 101010001100 ; -- R:A G:8 B:C
  1459 : 101010001100 ; -- R:A G:8 B:C
  1460 : 101010001100 ; -- R:A G:8 B:C
  1461 : 101010001100 ; -- R:A G:8 B:C
  1462 : 101010001100 ; -- R:A G:8 B:C
  1463 : 101010001100 ; -- R:A G:8 B:C
  1464 : 101010001100 ; -- R:A G:8 B:C
  1465 : 101010001100 ; -- R:A G:8 B:C
  1466 : 101010001100 ; -- R:A G:8 B:C
  1467 : 101010001100 ; -- R:A G:8 B:C
  1468 : 101010001100 ; -- R:A G:8 B:C
  1469 : 101010001100 ; -- R:A G:8 B:C
  1470 : 101010001100 ; -- R:A G:8 B:C
  1471 : 101010001100 ; -- R:A G:8 B:C
  1472 : 101010001100 ; -- R:A G:8 B:C
  1473 : 101010001100 ; -- R:A G:8 B:C
  1474 : 101010001100 ; -- R:A G:8 B:C
  1475 : 101010001100 ; -- R:A G:8 B:C
  1476 : 101010001100 ; -- R:A G:8 B:C
  1477 : 101010001100 ; -- R:A G:8 B:C
  1478 : 101010001100 ; -- R:A G:8 B:C
  1479 : 101010001100 ; -- R:A G:8 B:C
  1480 : 101010001100 ; -- R:A G:8 B:C
  1481 : 101010001100 ; -- R:A G:8 B:C
  1482 : 101010001100 ; -- R:A G:8 B:C
  1483 : 101010001100 ; -- R:A G:8 B:C
  1484 : 101010001100 ; -- R:A G:8 B:C
  1485 : 101010001100 ; -- R:A G:8 B:C
  1486 : 101010001100 ; -- R:A G:8 B:C
  1487 : 101010001100 ; -- R:A G:8 B:C
  1488 : 101010001100 ; -- R:A G:8 B:C
  1489 : 101010001100 ; -- R:A G:8 B:C
  1490 : 101010001100 ; -- R:A G:8 B:C
  1491 : 101010001100 ; -- R:A G:8 B:C
  1492 : 101010001100 ; -- R:A G:8 B:C
  1493 : 101010001100 ; -- R:A G:8 B:C
  1494 : 101010001100 ; -- R:A G:8 B:C
  1495 : 101010001100 ; -- R:A G:8 B:C
  1496 : 101010001100 ; -- R:A G:8 B:C
  1497 : 101010001100 ; -- R:A G:8 B:C
  1498 : 101010001100 ; -- R:A G:8 B:C
  1499 : 101010001100 ; -- R:A G:8 B:C
  1500 : 101010001100 ; -- R:A G:8 B:C
  1501 : 101010001100 ; -- R:A G:8 B:C
  1502 : 101010001100 ; -- R:A G:8 B:C
  1503 : 101010001100 ; -- R:A G:8 B:C
  1504 : 101010001100 ; -- R:A G:8 B:C
  1505 : 101010001100 ; -- R:A G:8 B:C
  1506 : 101010001100 ; -- R:A G:8 B:C
  1507 : 101010001100 ; -- R:A G:8 B:C
  1508 : 101010001100 ; -- R:A G:8 B:C
  1509 : 101010001100 ; -- R:A G:8 B:C
  1510 : 101010001100 ; -- R:A G:8 B:C
  1511 : 101010001100 ; -- R:A G:8 B:C
  1512 : 101010001100 ; -- R:A G:8 B:C
  1513 : 101010001100 ; -- R:A G:8 B:C
  1514 : 101010001100 ; -- R:A G:8 B:C
  1515 : 101010001100 ; -- R:A G:8 B:C
  1516 : 101010001100 ; -- R:A G:8 B:C
  1517 : 101010001100 ; -- R:A G:8 B:C
  1518 : 101010001100 ; -- R:A G:8 B:C
  1519 : 100110001100 ; -- R:9 G:8 B:C
  1520 : 101110001100 ; -- R:B G:8 B:C
  1521 : 111111011001 ; -- R:F G:D B:9
  1522 : 111111011001 ; -- R:F G:D B:9
  1523 : 111111011001 ; -- R:F G:D B:9
  1524 : 111111011001 ; -- R:F G:D B:9
  1525 : 111111011001 ; -- R:F G:D B:9
  1526 : 111111011001 ; -- R:F G:D B:9
  1527 : 111111011001 ; -- R:F G:D B:9
  1528 : 110110101100 ; -- R:D G:A B:C
  1529 : 101010001100 ; -- R:A G:8 B:C
  1530 : 101010001100 ; -- R:A G:8 B:C
  1531 : 101010001100 ; -- R:A G:8 B:C
  1532 : 101010001100 ; -- R:A G:8 B:C
  1533 : 101010001100 ; -- R:A G:8 B:C
  1534 : 101010001100 ; -- R:A G:8 B:C
  1535 : 101010001100 ; -- R:A G:8 B:C
  1536 : 101010001100 ; -- R:A G:8 B:C
  1537 : 101010001100 ; -- R:A G:8 B:C
  1538 : 101010001100 ; -- R:A G:8 B:C
  1539 : 101010001100 ; -- R:A G:8 B:C
  1540 : 101010001100 ; -- R:A G:8 B:C
  1541 : 101010001100 ; -- R:A G:8 B:C
  1542 : 101010001100 ; -- R:A G:8 B:C
  1543 : 101010001100 ; -- R:A G:8 B:C
  1544 : 101010001100 ; -- R:A G:8 B:C
  1545 : 101010001100 ; -- R:A G:8 B:C
  1546 : 101010001100 ; -- R:A G:8 B:C
  1547 : 101010001100 ; -- R:A G:8 B:C
  1548 : 100110001100 ; -- R:9 G:8 B:C
  1549 : 101011001111 ; -- R:A G:C B:F
  1550 : 101011001111 ; -- R:A G:C B:F
  1551 : 100110001100 ; -- R:9 G:8 B:C
  1552 : 101010001100 ; -- R:A G:8 B:C
  1553 : 101010001100 ; -- R:A G:8 B:C
  1554 : 101010001100 ; -- R:A G:8 B:C
  1555 : 101010001100 ; -- R:A G:8 B:C
  1556 : 101010001100 ; -- R:A G:8 B:C
  1557 : 101010001100 ; -- R:A G:8 B:C
  1558 : 101010001100 ; -- R:A G:8 B:C
  1559 : 101010001100 ; -- R:A G:8 B:C
  1560 : 101010001100 ; -- R:A G:8 B:C
  1561 : 101010001100 ; -- R:A G:8 B:C
  1562 : 101010001100 ; -- R:A G:8 B:C
  1563 : 101010001100 ; -- R:A G:8 B:C
  1564 : 101010001100 ; -- R:A G:8 B:C
  1565 : 101010001100 ; -- R:A G:8 B:C
  1566 : 101010001100 ; -- R:A G:8 B:C
  1567 : 101010001100 ; -- R:A G:8 B:C
  1568 : 101010001100 ; -- R:A G:8 B:C
  1569 : 101010001100 ; -- R:A G:8 B:C
  1570 : 101010001100 ; -- R:A G:8 B:C
  1571 : 101010001100 ; -- R:A G:8 B:C
  1572 : 101010001100 ; -- R:A G:8 B:C
  1573 : 101010001100 ; -- R:A G:8 B:C
  1574 : 101010001100 ; -- R:A G:8 B:C
  1575 : 101010001100 ; -- R:A G:8 B:C
  1576 : 101010001100 ; -- R:A G:8 B:C
  1577 : 101010001100 ; -- R:A G:8 B:C
  1578 : 101010001100 ; -- R:A G:8 B:C
  1579 : 101010001100 ; -- R:A G:8 B:C
  1580 : 101010001100 ; -- R:A G:8 B:C
  1581 : 101010001100 ; -- R:A G:8 B:C
  1582 : 101010001100 ; -- R:A G:8 B:C
  1583 : 101010001100 ; -- R:A G:8 B:C
  1584 : 101010001100 ; -- R:A G:8 B:C
  1585 : 101010001100 ; -- R:A G:8 B:C
  1586 : 101010001100 ; -- R:A G:8 B:C
  1587 : 101010001100 ; -- R:A G:8 B:C
  1588 : 101010001100 ; -- R:A G:8 B:C
  1589 : 101010001100 ; -- R:A G:8 B:C
  1590 : 101010001100 ; -- R:A G:8 B:C
  1591 : 101010001100 ; -- R:A G:8 B:C
  1592 : 101010001100 ; -- R:A G:8 B:C
  1593 : 101010001100 ; -- R:A G:8 B:C
  1594 : 101010001100 ; -- R:A G:8 B:C
  1595 : 101010001100 ; -- R:A G:8 B:C
  1596 : 101010001100 ; -- R:A G:8 B:C
  1597 : 101010001100 ; -- R:A G:8 B:C
  1598 : 101010001100 ; -- R:A G:8 B:C
  1599 : 101010001100 ; -- R:A G:8 B:C
  1600 : 101010001100 ; -- R:A G:8 B:C
  1601 : 101010001100 ; -- R:A G:8 B:C
  1602 : 101010001100 ; -- R:A G:8 B:C
  1603 : 101010001100 ; -- R:A G:8 B:C
  1604 : 101010001100 ; -- R:A G:8 B:C
  1605 : 101010001100 ; -- R:A G:8 B:C
  1606 : 101010001100 ; -- R:A G:8 B:C
  1607 : 101010001100 ; -- R:A G:8 B:C
  1608 : 101010111110 ; -- R:A G:B B:E
  1609 : 101011001111 ; -- R:A G:C B:F
  1610 : 101011001111 ; -- R:A G:C B:F
  1611 : 110010101100 ; -- R:C G:A B:C
  1612 : 101010001100 ; -- R:A G:8 B:C
  1613 : 101010001100 ; -- R:A G:8 B:C
  1614 : 101010001100 ; -- R:A G:8 B:C
  1615 : 101010001100 ; -- R:A G:8 B:C
  1616 : 101010001100 ; -- R:A G:8 B:C
  1617 : 101010001100 ; -- R:A G:8 B:C
  1618 : 101010001100 ; -- R:A G:8 B:C
  1619 : 101010001100 ; -- R:A G:8 B:C
  1620 : 101010001100 ; -- R:A G:8 B:C
  1621 : 101010001100 ; -- R:A G:8 B:C
  1622 : 101010001100 ; -- R:A G:8 B:C
  1623 : 101010001100 ; -- R:A G:8 B:C
  1624 : 101010001100 ; -- R:A G:8 B:C
  1625 : 101010001100 ; -- R:A G:8 B:C
  1626 : 101010001100 ; -- R:A G:8 B:C
  1627 : 101010001100 ; -- R:A G:8 B:C
  1628 : 101010001100 ; -- R:A G:8 B:C
  1629 : 101010001100 ; -- R:A G:8 B:C
  1630 : 101010001100 ; -- R:A G:8 B:C
  1631 : 101010001100 ; -- R:A G:8 B:C
  1632 : 101010001100 ; -- R:A G:8 B:C
  1633 : 101010001100 ; -- R:A G:8 B:C
  1634 : 101010001100 ; -- R:A G:8 B:C
  1635 : 101010001100 ; -- R:A G:8 B:C
  1636 : 101010001100 ; -- R:A G:8 B:C
  1637 : 101010001100 ; -- R:A G:8 B:C
  1638 : 101010001100 ; -- R:A G:8 B:C
  1639 : 101010001100 ; -- R:A G:8 B:C
  1640 : 101010001100 ; -- R:A G:8 B:C
  1641 : 101010001100 ; -- R:A G:8 B:C
  1642 : 101010001100 ; -- R:A G:8 B:C
  1643 : 101010001100 ; -- R:A G:8 B:C
  1644 : 101010001100 ; -- R:A G:8 B:C
  1645 : 101010001100 ; -- R:A G:8 B:C
  1646 : 101010001100 ; -- R:A G:8 B:C
  1647 : 101010001100 ; -- R:A G:8 B:C
  1648 : 101010001100 ; -- R:A G:8 B:C
  1649 : 101010001100 ; -- R:A G:8 B:C
  1650 : 101010001100 ; -- R:A G:8 B:C
  1651 : 101010001100 ; -- R:A G:8 B:C
  1652 : 101010001100 ; -- R:A G:8 B:C
  1653 : 101010001100 ; -- R:A G:8 B:C
  1654 : 101010001100 ; -- R:A G:8 B:C
  1655 : 101010001100 ; -- R:A G:8 B:C
  1656 : 101010001100 ; -- R:A G:8 B:C
  1657 : 101010001100 ; -- R:A G:8 B:C
  1658 : 101010001100 ; -- R:A G:8 B:C
  1659 : 101010001100 ; -- R:A G:8 B:C
  1660 : 101010001100 ; -- R:A G:8 B:C
  1661 : 101010001100 ; -- R:A G:8 B:C
  1662 : 101010001100 ; -- R:A G:8 B:C
  1663 : 101010001100 ; -- R:A G:8 B:C
  1664 : 101010001100 ; -- R:A G:8 B:C
  1665 : 101010001100 ; -- R:A G:8 B:C
  1666 : 101010001100 ; -- R:A G:8 B:C
  1667 : 101010001100 ; -- R:A G:8 B:C
  1668 : 101010001100 ; -- R:A G:8 B:C
  1669 : 101010001100 ; -- R:A G:8 B:C
  1670 : 101010001100 ; -- R:A G:8 B:C
  1671 : 101010001100 ; -- R:A G:8 B:C
  1672 : 101010001100 ; -- R:A G:8 B:C
  1673 : 101010001100 ; -- R:A G:8 B:C
  1674 : 101010001100 ; -- R:A G:8 B:C
  1675 : 101010001100 ; -- R:A G:8 B:C
  1676 : 101010001100 ; -- R:A G:8 B:C
  1677 : 101010001100 ; -- R:A G:8 B:C
  1678 : 101010001100 ; -- R:A G:8 B:C
  1679 : 101010001100 ; -- R:A G:8 B:C
  1680 : 100110001100 ; -- R:9 G:8 B:C
  1681 : 110010101100 ; -- R:C G:A B:C
  1682 : 111111011001 ; -- R:F G:D B:9
  1683 : 111111011001 ; -- R:F G:D B:9
  1684 : 111111011001 ; -- R:F G:D B:9
  1685 : 111111011001 ; -- R:F G:D B:9
  1686 : 111111011001 ; -- R:F G:D B:9
  1687 : 111111011001 ; -- R:F G:D B:9
  1688 : 111111011001 ; -- R:F G:D B:9
  1689 : 111111011001 ; -- R:F G:D B:9
  1690 : 101010001100 ; -- R:A G:8 B:C
  1691 : 101010001100 ; -- R:A G:8 B:C
  1692 : 101010001100 ; -- R:A G:8 B:C
  1693 : 101010001100 ; -- R:A G:8 B:C
  1694 : 101010001100 ; -- R:A G:8 B:C
  1695 : 101010001100 ; -- R:A G:8 B:C
  1696 : 101010001100 ; -- R:A G:8 B:C
  1697 : 101010001100 ; -- R:A G:8 B:C
  1698 : 101010001100 ; -- R:A G:8 B:C
  1699 : 101010001100 ; -- R:A G:8 B:C
  1700 : 101010001100 ; -- R:A G:8 B:C
  1701 : 101010001100 ; -- R:A G:8 B:C
  1702 : 101010001100 ; -- R:A G:8 B:C
  1703 : 101010001100 ; -- R:A G:8 B:C
  1704 : 101010001100 ; -- R:A G:8 B:C
  1705 : 101010001100 ; -- R:A G:8 B:C
  1706 : 101010001100 ; -- R:A G:8 B:C
  1707 : 101010001100 ; -- R:A G:8 B:C
  1708 : 101010001100 ; -- R:A G:8 B:C
  1709 : 101010111110 ; -- R:A G:B B:E
  1710 : 101010111110 ; -- R:A G:B B:E
  1711 : 101010001100 ; -- R:A G:8 B:C
  1712 : 101010001100 ; -- R:A G:8 B:C
  1713 : 101010001100 ; -- R:A G:8 B:C
  1714 : 101010001100 ; -- R:A G:8 B:C
  1715 : 101010001100 ; -- R:A G:8 B:C
  1716 : 101010001100 ; -- R:A G:8 B:C
  1717 : 101010001100 ; -- R:A G:8 B:C
  1718 : 101010001100 ; -- R:A G:8 B:C
  1719 : 101010001100 ; -- R:A G:8 B:C
  1720 : 101010001100 ; -- R:A G:8 B:C
  1721 : 101010001100 ; -- R:A G:8 B:C
  1722 : 101010001100 ; -- R:A G:8 B:C
  1723 : 101010001100 ; -- R:A G:8 B:C
  1724 : 101010001100 ; -- R:A G:8 B:C
  1725 : 101010001100 ; -- R:A G:8 B:C
  1726 : 101010001100 ; -- R:A G:8 B:C
  1727 : 100110001100 ; -- R:9 G:8 B:C
  1728 : 101010001100 ; -- R:A G:8 B:C
  1729 : 101010001100 ; -- R:A G:8 B:C
  1730 : 101010001100 ; -- R:A G:8 B:C
  1731 : 101010001100 ; -- R:A G:8 B:C
  1732 : 101010001100 ; -- R:A G:8 B:C
  1733 : 101010001100 ; -- R:A G:8 B:C
  1734 : 101010001100 ; -- R:A G:8 B:C
  1735 : 101010001100 ; -- R:A G:8 B:C
  1736 : 101010001100 ; -- R:A G:8 B:C
  1737 : 101010001100 ; -- R:A G:8 B:C
  1738 : 101010001100 ; -- R:A G:8 B:C
  1739 : 101010001100 ; -- R:A G:8 B:C
  1740 : 101010001100 ; -- R:A G:8 B:C
  1741 : 101010001100 ; -- R:A G:8 B:C
  1742 : 101010001100 ; -- R:A G:8 B:C
  1743 : 101010001100 ; -- R:A G:8 B:C
  1744 : 101010001100 ; -- R:A G:8 B:C
  1745 : 101010001100 ; -- R:A G:8 B:C
  1746 : 101010001100 ; -- R:A G:8 B:C
  1747 : 101010001100 ; -- R:A G:8 B:C
  1748 : 101010001100 ; -- R:A G:8 B:C
  1749 : 101010001100 ; -- R:A G:8 B:C
  1750 : 101010001100 ; -- R:A G:8 B:C
  1751 : 101010001100 ; -- R:A G:8 B:C
  1752 : 101010001100 ; -- R:A G:8 B:C
  1753 : 101010001100 ; -- R:A G:8 B:C
  1754 : 101010001100 ; -- R:A G:8 B:C
  1755 : 101010001100 ; -- R:A G:8 B:C
  1756 : 101010001100 ; -- R:A G:8 B:C
  1757 : 101010001100 ; -- R:A G:8 B:C
  1758 : 101010001100 ; -- R:A G:8 B:C
  1759 : 101010001100 ; -- R:A G:8 B:C
  1760 : 101010001100 ; -- R:A G:8 B:C
  1761 : 101010001100 ; -- R:A G:8 B:C
  1762 : 101010001100 ; -- R:A G:8 B:C
  1763 : 101010001100 ; -- R:A G:8 B:C
  1764 : 101010001100 ; -- R:A G:8 B:C
  1765 : 101010001100 ; -- R:A G:8 B:C
  1766 : 100110001100 ; -- R:9 G:8 B:C
  1767 : 101010001100 ; -- R:A G:8 B:C
  1768 : 101011001111 ; -- R:A G:C B:F
  1769 : 101011001111 ; -- R:A G:C B:F
  1770 : 110110101100 ; -- R:D G:A B:C
  1771 : 110110101100 ; -- R:D G:A B:C
  1772 : 101010001100 ; -- R:A G:8 B:C
  1773 : 101010001100 ; -- R:A G:8 B:C
  1774 : 101010001100 ; -- R:A G:8 B:C
  1775 : 101010001100 ; -- R:A G:8 B:C
  1776 : 101010001100 ; -- R:A G:8 B:C
  1777 : 101010001100 ; -- R:A G:8 B:C
  1778 : 101010001100 ; -- R:A G:8 B:C
  1779 : 101010001100 ; -- R:A G:8 B:C
  1780 : 101010001100 ; -- R:A G:8 B:C
  1781 : 101010001100 ; -- R:A G:8 B:C
  1782 : 101010001100 ; -- R:A G:8 B:C
  1783 : 101010001100 ; -- R:A G:8 B:C
  1784 : 101010001100 ; -- R:A G:8 B:C
  1785 : 101010001100 ; -- R:A G:8 B:C
  1786 : 101010001100 ; -- R:A G:8 B:C
  1787 : 101010001100 ; -- R:A G:8 B:C
  1788 : 101010001100 ; -- R:A G:8 B:C
  1789 : 101010001100 ; -- R:A G:8 B:C
  1790 : 101010001100 ; -- R:A G:8 B:C
  1791 : 101010001100 ; -- R:A G:8 B:C
  1792 : 101010001100 ; -- R:A G:8 B:C
  1793 : 101010001100 ; -- R:A G:8 B:C
  1794 : 101010001100 ; -- R:A G:8 B:C
  1795 : 101010001100 ; -- R:A G:8 B:C
  1796 : 101010001100 ; -- R:A G:8 B:C
  1797 : 101010001100 ; -- R:A G:8 B:C
  1798 : 101010001100 ; -- R:A G:8 B:C
  1799 : 101010001100 ; -- R:A G:8 B:C
  1800 : 101010001100 ; -- R:A G:8 B:C
  1801 : 101010001100 ; -- R:A G:8 B:C
  1802 : 101010001100 ; -- R:A G:8 B:C
  1803 : 101010001100 ; -- R:A G:8 B:C
  1804 : 101010001100 ; -- R:A G:8 B:C
  1805 : 101010001100 ; -- R:A G:8 B:C
  1806 : 101010001100 ; -- R:A G:8 B:C
  1807 : 101010001100 ; -- R:A G:8 B:C
  1808 : 101010001100 ; -- R:A G:8 B:C
  1809 : 101010001100 ; -- R:A G:8 B:C
  1810 : 101010001100 ; -- R:A G:8 B:C
  1811 : 101010001100 ; -- R:A G:8 B:C
  1812 : 101010001100 ; -- R:A G:8 B:C
  1813 : 101010001100 ; -- R:A G:8 B:C
  1814 : 101010001100 ; -- R:A G:8 B:C
  1815 : 101010001100 ; -- R:A G:8 B:C
  1816 : 101010001100 ; -- R:A G:8 B:C
  1817 : 101010001100 ; -- R:A G:8 B:C
  1818 : 101010001100 ; -- R:A G:8 B:C
  1819 : 101010001100 ; -- R:A G:8 B:C
  1820 : 101010001100 ; -- R:A G:8 B:C
  1821 : 101010001100 ; -- R:A G:8 B:C
  1822 : 101010001100 ; -- R:A G:8 B:C
  1823 : 101010001100 ; -- R:A G:8 B:C
  1824 : 101010001100 ; -- R:A G:8 B:C
  1825 : 101010001100 ; -- R:A G:8 B:C
  1826 : 101010001100 ; -- R:A G:8 B:C
  1827 : 101010001100 ; -- R:A G:8 B:C
  1828 : 101010001100 ; -- R:A G:8 B:C
  1829 : 101010001100 ; -- R:A G:8 B:C
  1830 : 101010001100 ; -- R:A G:8 B:C
  1831 : 101010001100 ; -- R:A G:8 B:C
  1832 : 101010001100 ; -- R:A G:8 B:C
  1833 : 101010001100 ; -- R:A G:8 B:C
  1834 : 101010001100 ; -- R:A G:8 B:C
  1835 : 101010001100 ; -- R:A G:8 B:C
  1836 : 101010001100 ; -- R:A G:8 B:C
  1837 : 101010001100 ; -- R:A G:8 B:C
  1838 : 101010001100 ; -- R:A G:8 B:C
  1839 : 101010001100 ; -- R:A G:8 B:C
  1840 : 101010001100 ; -- R:A G:8 B:C
  1841 : 101010001100 ; -- R:A G:8 B:C
  1842 : 111111011001 ; -- R:F G:D B:9
  1843 : 111111011001 ; -- R:F G:D B:9
  1844 : 111111011001 ; -- R:F G:D B:9
  1845 : 111111011001 ; -- R:F G:D B:9
  1846 : 111111011001 ; -- R:F G:D B:9
  1847 : 111111011001 ; -- R:F G:D B:9
  1848 : 111111011001 ; -- R:F G:D B:9
  1849 : 111111011001 ; -- R:F G:D B:9
  1850 : 111111011001 ; -- R:F G:D B:9
  1851 : 101110001100 ; -- R:B G:8 B:C
  1852 : 101010001100 ; -- R:A G:8 B:C
  1853 : 101010001100 ; -- R:A G:8 B:C
  1854 : 101010001100 ; -- R:A G:8 B:C
  1855 : 101010001100 ; -- R:A G:8 B:C
  1856 : 101010001100 ; -- R:A G:8 B:C
  1857 : 101010001100 ; -- R:A G:8 B:C
  1858 : 101010001100 ; -- R:A G:8 B:C
  1859 : 101010001100 ; -- R:A G:8 B:C
  1860 : 101010001100 ; -- R:A G:8 B:C
  1861 : 101010001100 ; -- R:A G:8 B:C
  1862 : 101010001100 ; -- R:A G:8 B:C
  1863 : 101010001100 ; -- R:A G:8 B:C
  1864 : 101010001100 ; -- R:A G:8 B:C
  1865 : 101010001100 ; -- R:A G:8 B:C
  1866 : 101010001100 ; -- R:A G:8 B:C
  1867 : 101010001100 ; -- R:A G:8 B:C
  1868 : 101010001100 ; -- R:A G:8 B:C
  1869 : 100110001100 ; -- R:9 G:8 B:C
  1870 : 100110001100 ; -- R:9 G:8 B:C
  1871 : 101010001100 ; -- R:A G:8 B:C
  1872 : 101010001100 ; -- R:A G:8 B:C
  1873 : 101010001100 ; -- R:A G:8 B:C
  1874 : 101010001100 ; -- R:A G:8 B:C
  1875 : 101010001100 ; -- R:A G:8 B:C
  1876 : 101010001100 ; -- R:A G:8 B:C
  1877 : 101010001100 ; -- R:A G:8 B:C
  1878 : 101010001100 ; -- R:A G:8 B:C
  1879 : 101010001100 ; -- R:A G:8 B:C
  1880 : 101010001100 ; -- R:A G:8 B:C
  1881 : 101010001100 ; -- R:A G:8 B:C
  1882 : 101010001100 ; -- R:A G:8 B:C
  1883 : 101010001100 ; -- R:A G:8 B:C
  1884 : 101010001100 ; -- R:A G:8 B:C
  1885 : 101010001100 ; -- R:A G:8 B:C
  1886 : 101110011100 ; -- R:B G:9 B:C
  1887 : 110010101100 ; -- R:C G:A B:C
  1888 : 101010001100 ; -- R:A G:8 B:C
  1889 : 101010001100 ; -- R:A G:8 B:C
  1890 : 101010001100 ; -- R:A G:8 B:C
  1891 : 101010001100 ; -- R:A G:8 B:C
  1892 : 101010001100 ; -- R:A G:8 B:C
  1893 : 101010001100 ; -- R:A G:8 B:C
  1894 : 101010001100 ; -- R:A G:8 B:C
  1895 : 101010001100 ; -- R:A G:8 B:C
  1896 : 101010001100 ; -- R:A G:8 B:C
  1897 : 101010001100 ; -- R:A G:8 B:C
  1898 : 101010001100 ; -- R:A G:8 B:C
  1899 : 101010001100 ; -- R:A G:8 B:C
  1900 : 101010001100 ; -- R:A G:8 B:C
  1901 : 101010001100 ; -- R:A G:8 B:C
  1902 : 101010001100 ; -- R:A G:8 B:C
  1903 : 101010001100 ; -- R:A G:8 B:C
  1904 : 101010001100 ; -- R:A G:8 B:C
  1905 : 101010001100 ; -- R:A G:8 B:C
  1906 : 101010001100 ; -- R:A G:8 B:C
  1907 : 101010001100 ; -- R:A G:8 B:C
  1908 : 101010001100 ; -- R:A G:8 B:C
  1909 : 101010001100 ; -- R:A G:8 B:C
  1910 : 101010001100 ; -- R:A G:8 B:C
  1911 : 101010001100 ; -- R:A G:8 B:C
  1912 : 101010001100 ; -- R:A G:8 B:C
  1913 : 101010001100 ; -- R:A G:8 B:C
  1914 : 101010001100 ; -- R:A G:8 B:C
  1915 : 101010001100 ; -- R:A G:8 B:C
  1916 : 101010001100 ; -- R:A G:8 B:C
  1917 : 101010001100 ; -- R:A G:8 B:C
  1918 : 100110001100 ; -- R:9 G:8 B:C
  1919 : 101010111110 ; -- R:A G:B B:E
  1920 : 101010001100 ; -- R:A G:8 B:C
  1921 : 101010001100 ; -- R:A G:8 B:C
  1922 : 101010001100 ; -- R:A G:8 B:C
  1923 : 101010001100 ; -- R:A G:8 B:C
  1924 : 101010001100 ; -- R:A G:8 B:C
  1925 : 101010001100 ; -- R:A G:8 B:C
  1926 : 101110011100 ; -- R:B G:9 B:C
  1927 : 110110101100 ; -- R:D G:A B:C
  1928 : 110110101100 ; -- R:D G:A B:C
  1929 : 110110101100 ; -- R:D G:A B:C
  1930 : 110110101100 ; -- R:D G:A B:C
  1931 : 101110011100 ; -- R:B G:9 B:C
  1932 : 101010001100 ; -- R:A G:8 B:C
  1933 : 101010001100 ; -- R:A G:8 B:C
  1934 : 101010001100 ; -- R:A G:8 B:C
  1935 : 101010001100 ; -- R:A G:8 B:C
  1936 : 101010001100 ; -- R:A G:8 B:C
  1937 : 101010001100 ; -- R:A G:8 B:C
  1938 : 101010001100 ; -- R:A G:8 B:C
  1939 : 101010001100 ; -- R:A G:8 B:C
  1940 : 101010001100 ; -- R:A G:8 B:C
  1941 : 101010001100 ; -- R:A G:8 B:C
  1942 : 101010001100 ; -- R:A G:8 B:C
  1943 : 101010001100 ; -- R:A G:8 B:C
  1944 : 101010001100 ; -- R:A G:8 B:C
  1945 : 101010001100 ; -- R:A G:8 B:C
  1946 : 101010001100 ; -- R:A G:8 B:C
  1947 : 101010001100 ; -- R:A G:8 B:C
  1948 : 101010001100 ; -- R:A G:8 B:C
  1949 : 101010001100 ; -- R:A G:8 B:C
  1950 : 101010001100 ; -- R:A G:8 B:C
  1951 : 101010001100 ; -- R:A G:8 B:C
  1952 : 101010001100 ; -- R:A G:8 B:C
  1953 : 101010001100 ; -- R:A G:8 B:C
  1954 : 101010001100 ; -- R:A G:8 B:C
  1955 : 101010001100 ; -- R:A G:8 B:C
  1956 : 101010001100 ; -- R:A G:8 B:C
  1957 : 101010001100 ; -- R:A G:8 B:C
  1958 : 101010001100 ; -- R:A G:8 B:C
  1959 : 101010001100 ; -- R:A G:8 B:C
  1960 : 101010001100 ; -- R:A G:8 B:C
  1961 : 101010001100 ; -- R:A G:8 B:C
  1962 : 101010001100 ; -- R:A G:8 B:C
  1963 : 101010001100 ; -- R:A G:8 B:C
  1964 : 101010001100 ; -- R:A G:8 B:C
  1965 : 101010001100 ; -- R:A G:8 B:C
  1966 : 101010001100 ; -- R:A G:8 B:C
  1967 : 101010001100 ; -- R:A G:8 B:C
  1968 : 101010001100 ; -- R:A G:8 B:C
  1969 : 101010001100 ; -- R:A G:8 B:C
  1970 : 101010001100 ; -- R:A G:8 B:C
  1971 : 101010001100 ; -- R:A G:8 B:C
  1972 : 101010001100 ; -- R:A G:8 B:C
  1973 : 101010001100 ; -- R:A G:8 B:C
  1974 : 101010001100 ; -- R:A G:8 B:C
  1975 : 101010001100 ; -- R:A G:8 B:C
  1976 : 101010001100 ; -- R:A G:8 B:C
  1977 : 101010001100 ; -- R:A G:8 B:C
  1978 : 101010001100 ; -- R:A G:8 B:C
  1979 : 101010001100 ; -- R:A G:8 B:C
  1980 : 101010001100 ; -- R:A G:8 B:C
  1981 : 101010001100 ; -- R:A G:8 B:C
  1982 : 101010001100 ; -- R:A G:8 B:C
  1983 : 101010001100 ; -- R:A G:8 B:C
  1984 : 101010001100 ; -- R:A G:8 B:C
  1985 : 101010001100 ; -- R:A G:8 B:C
  1986 : 101010001100 ; -- R:A G:8 B:C
  1987 : 101010001100 ; -- R:A G:8 B:C
  1988 : 101010001100 ; -- R:A G:8 B:C
  1989 : 101010001100 ; -- R:A G:8 B:C
  1990 : 101010001100 ; -- R:A G:8 B:C
  1991 : 101010001100 ; -- R:A G:8 B:C
  1992 : 101010001100 ; -- R:A G:8 B:C
  1993 : 101010001100 ; -- R:A G:8 B:C
  1994 : 101010001100 ; -- R:A G:8 B:C
  1995 : 101010001100 ; -- R:A G:8 B:C
  1996 : 101010001100 ; -- R:A G:8 B:C
  1997 : 101010001100 ; -- R:A G:8 B:C
  1998 : 101010001100 ; -- R:A G:8 B:C
  1999 : 101010001100 ; -- R:A G:8 B:C
  2000 : 101010001100 ; -- R:A G:8 B:C
  2001 : 101010001100 ; -- R:A G:8 B:C
  2002 : 111111011001 ; -- R:F G:D B:9
  2003 : 111111011001 ; -- R:F G:D B:9
  2004 : 111111011001 ; -- R:F G:D B:9
  2005 : 111111011001 ; -- R:F G:D B:9
  2006 : 111111011001 ; -- R:F G:D B:9
  2007 : 111111011001 ; -- R:F G:D B:9
  2008 : 111111011001 ; -- R:F G:D B:9
  2009 : 111111011001 ; -- R:F G:D B:9
  2010 : 111111011001 ; -- R:F G:D B:9
  2011 : 111111011001 ; -- R:F G:D B:9
  2012 : 101010001100 ; -- R:A G:8 B:C
  2013 : 101010001100 ; -- R:A G:8 B:C
  2014 : 101010001100 ; -- R:A G:8 B:C
  2015 : 101010001100 ; -- R:A G:8 B:C
  2016 : 101010001100 ; -- R:A G:8 B:C
  2017 : 101010001100 ; -- R:A G:8 B:C
  2018 : 101010001100 ; -- R:A G:8 B:C
  2019 : 101010001100 ; -- R:A G:8 B:C
  2020 : 101010001100 ; -- R:A G:8 B:C
  2021 : 101010001100 ; -- R:A G:8 B:C
  2022 : 101010001100 ; -- R:A G:8 B:C
  2023 : 101010001100 ; -- R:A G:8 B:C
  2024 : 101010001100 ; -- R:A G:8 B:C
  2025 : 101010001100 ; -- R:A G:8 B:C
  2026 : 101010001100 ; -- R:A G:8 B:C
  2027 : 101010001100 ; -- R:A G:8 B:C
  2028 : 101010001100 ; -- R:A G:8 B:C
  2029 : 101010001100 ; -- R:A G:8 B:C
  2030 : 101010001100 ; -- R:A G:8 B:C
  2031 : 101010001100 ; -- R:A G:8 B:C
  2032 : 101010001100 ; -- R:A G:8 B:C
  2033 : 101010001100 ; -- R:A G:8 B:C
  2034 : 101010001100 ; -- R:A G:8 B:C
  2035 : 101010001100 ; -- R:A G:8 B:C
  2036 : 101010001100 ; -- R:A G:8 B:C
  2037 : 101010001100 ; -- R:A G:8 B:C
  2038 : 101010001100 ; -- R:A G:8 B:C
  2039 : 101010001100 ; -- R:A G:8 B:C
  2040 : 101010001100 ; -- R:A G:8 B:C
  2041 : 101010001100 ; -- R:A G:8 B:C
  2042 : 101010001100 ; -- R:A G:8 B:C
  2043 : 101010001100 ; -- R:A G:8 B:C
  2044 : 101010001100 ; -- R:A G:8 B:C
  2045 : 101010111110 ; -- R:A G:B B:E
  2046 : 101011001111 ; -- R:A G:C B:F
  2047 : 101011001111 ; -- R:A G:C B:F
  2048 : 101011001111 ; -- R:A G:C B:F
  2049 : 101010001100 ; -- R:A G:8 B:C
  2050 : 101010001100 ; -- R:A G:8 B:C
  2051 : 101010001100 ; -- R:A G:8 B:C
  2052 : 101010001100 ; -- R:A G:8 B:C
  2053 : 101010001100 ; -- R:A G:8 B:C
  2054 : 101010001100 ; -- R:A G:8 B:C
  2055 : 101010001100 ; -- R:A G:8 B:C
  2056 : 101010001100 ; -- R:A G:8 B:C
  2057 : 101010001100 ; -- R:A G:8 B:C
  2058 : 101010001100 ; -- R:A G:8 B:C
  2059 : 101010001100 ; -- R:A G:8 B:C
  2060 : 101010001100 ; -- R:A G:8 B:C
  2061 : 101010001100 ; -- R:A G:8 B:C
  2062 : 101010001100 ; -- R:A G:8 B:C
  2063 : 101010001100 ; -- R:A G:8 B:C
  2064 : 101010001100 ; -- R:A G:8 B:C
  2065 : 101010001100 ; -- R:A G:8 B:C
  2066 : 101010001100 ; -- R:A G:8 B:C
  2067 : 101010001100 ; -- R:A G:8 B:C
  2068 : 101010001100 ; -- R:A G:8 B:C
  2069 : 101010001100 ; -- R:A G:8 B:C
  2070 : 101010001100 ; -- R:A G:8 B:C
  2071 : 101010001100 ; -- R:A G:8 B:C
  2072 : 101010001100 ; -- R:A G:8 B:C
  2073 : 101010001100 ; -- R:A G:8 B:C
  2074 : 101010001100 ; -- R:A G:8 B:C
  2075 : 101010001100 ; -- R:A G:8 B:C
  2076 : 101010001100 ; -- R:A G:8 B:C
  2077 : 101110011100 ; -- R:B G:9 B:C
  2078 : 101010111110 ; -- R:A G:B B:E
  2079 : 101011001111 ; -- R:A G:C B:F
  2080 : 101010001100 ; -- R:A G:8 B:C
  2081 : 101010001100 ; -- R:A G:8 B:C
  2082 : 101010001100 ; -- R:A G:8 B:C
  2083 : 101010001100 ; -- R:A G:8 B:C
  2084 : 101110011100 ; -- R:B G:9 B:C
  2085 : 110110101100 ; -- R:D G:A B:C
  2086 : 110110101100 ; -- R:D G:A B:C
  2087 : 101110011100 ; -- R:B G:9 B:C
  2088 : 101010001100 ; -- R:A G:8 B:C
  2089 : 101010001100 ; -- R:A G:8 B:C
  2090 : 101010001100 ; -- R:A G:8 B:C
  2091 : 101010001100 ; -- R:A G:8 B:C
  2092 : 101010001100 ; -- R:A G:8 B:C
  2093 : 101010001100 ; -- R:A G:8 B:C
  2094 : 101010001100 ; -- R:A G:8 B:C
  2095 : 101010001100 ; -- R:A G:8 B:C
  2096 : 101010001100 ; -- R:A G:8 B:C
  2097 : 101010001100 ; -- R:A G:8 B:C
  2098 : 101010001100 ; -- R:A G:8 B:C
  2099 : 101010001100 ; -- R:A G:8 B:C
  2100 : 101010001100 ; -- R:A G:8 B:C
  2101 : 101010001100 ; -- R:A G:8 B:C
  2102 : 101010001100 ; -- R:A G:8 B:C
  2103 : 101010001100 ; -- R:A G:8 B:C
  2104 : 101010001100 ; -- R:A G:8 B:C
  2105 : 101010001100 ; -- R:A G:8 B:C
  2106 : 101010001100 ; -- R:A G:8 B:C
  2107 : 101010001100 ; -- R:A G:8 B:C
  2108 : 101010001100 ; -- R:A G:8 B:C
  2109 : 101010001100 ; -- R:A G:8 B:C
  2110 : 101010001100 ; -- R:A G:8 B:C
  2111 : 101010001100 ; -- R:A G:8 B:C
  2112 : 101010001100 ; -- R:A G:8 B:C
  2113 : 101010001100 ; -- R:A G:8 B:C
  2114 : 101010001100 ; -- R:A G:8 B:C
  2115 : 101010001100 ; -- R:A G:8 B:C
  2116 : 101010001100 ; -- R:A G:8 B:C
  2117 : 101010001100 ; -- R:A G:8 B:C
  2118 : 101010001100 ; -- R:A G:8 B:C
  2119 : 101010001100 ; -- R:A G:8 B:C
  2120 : 101010001100 ; -- R:A G:8 B:C
  2121 : 101010001100 ; -- R:A G:8 B:C
  2122 : 101010001100 ; -- R:A G:8 B:C
  2123 : 101010001100 ; -- R:A G:8 B:C
  2124 : 101010001100 ; -- R:A G:8 B:C
  2125 : 101010001100 ; -- R:A G:8 B:C
  2126 : 101010001100 ; -- R:A G:8 B:C
  2127 : 101010001100 ; -- R:A G:8 B:C
  2128 : 101010001100 ; -- R:A G:8 B:C
  2129 : 101010001100 ; -- R:A G:8 B:C
  2130 : 101010001100 ; -- R:A G:8 B:C
  2131 : 101010001100 ; -- R:A G:8 B:C
  2132 : 101010001100 ; -- R:A G:8 B:C
  2133 : 101010001100 ; -- R:A G:8 B:C
  2134 : 101010001100 ; -- R:A G:8 B:C
  2135 : 101010001100 ; -- R:A G:8 B:C
  2136 : 101010001100 ; -- R:A G:8 B:C
  2137 : 101010001100 ; -- R:A G:8 B:C
  2138 : 101010001100 ; -- R:A G:8 B:C
  2139 : 101010001100 ; -- R:A G:8 B:C
  2140 : 101010001100 ; -- R:A G:8 B:C
  2141 : 101010001100 ; -- R:A G:8 B:C
  2142 : 101010001100 ; -- R:A G:8 B:C
  2143 : 101010001100 ; -- R:A G:8 B:C
  2144 : 101010001100 ; -- R:A G:8 B:C
  2145 : 101010001100 ; -- R:A G:8 B:C
  2146 : 101010001100 ; -- R:A G:8 B:C
  2147 : 101010001100 ; -- R:A G:8 B:C
  2148 : 101010001100 ; -- R:A G:8 B:C
  2149 : 101010001100 ; -- R:A G:8 B:C
  2150 : 101010001100 ; -- R:A G:8 B:C
  2151 : 101010001100 ; -- R:A G:8 B:C
  2152 : 101010001100 ; -- R:A G:8 B:C
  2153 : 101010001100 ; -- R:A G:8 B:C
  2154 : 101010001100 ; -- R:A G:8 B:C
  2155 : 101010001100 ; -- R:A G:8 B:C
  2156 : 101010001100 ; -- R:A G:8 B:C
  2157 : 101010001100 ; -- R:A G:8 B:C
  2158 : 101010001100 ; -- R:A G:8 B:C
  2159 : 101010001100 ; -- R:A G:8 B:C
  2160 : 101010001100 ; -- R:A G:8 B:C
  2161 : 101010001100 ; -- R:A G:8 B:C
  2162 : 110110101100 ; -- R:D G:A B:C
  2163 : 111111011001 ; -- R:F G:D B:9
  2164 : 111111011001 ; -- R:F G:D B:9
  2165 : 111111011001 ; -- R:F G:D B:9
  2166 : 111111011001 ; -- R:F G:D B:9
  2167 : 111111011001 ; -- R:F G:D B:9
  2168 : 111111011001 ; -- R:F G:D B:9
  2169 : 111111011001 ; -- R:F G:D B:9
  2170 : 111111011001 ; -- R:F G:D B:9
  2171 : 111111011001 ; -- R:F G:D B:9
  2172 : 111111011001 ; -- R:F G:D B:9
  2173 : 101010001100 ; -- R:A G:8 B:C
  2174 : 101010001100 ; -- R:A G:8 B:C
  2175 : 101010001100 ; -- R:A G:8 B:C
  2176 : 101010001100 ; -- R:A G:8 B:C
  2177 : 101010001100 ; -- R:A G:8 B:C
  2178 : 101010001100 ; -- R:A G:8 B:C
  2179 : 101010001100 ; -- R:A G:8 B:C
  2180 : 101010001100 ; -- R:A G:8 B:C
  2181 : 101010001100 ; -- R:A G:8 B:C
  2182 : 101010001100 ; -- R:A G:8 B:C
  2183 : 101010001100 ; -- R:A G:8 B:C
  2184 : 101010001100 ; -- R:A G:8 B:C
  2185 : 101010001100 ; -- R:A G:8 B:C
  2186 : 101010001100 ; -- R:A G:8 B:C
  2187 : 101010001100 ; -- R:A G:8 B:C
  2188 : 101010001100 ; -- R:A G:8 B:C
  2189 : 101010001100 ; -- R:A G:8 B:C
  2190 : 101010001100 ; -- R:A G:8 B:C
  2191 : 101010001100 ; -- R:A G:8 B:C
  2192 : 101010001100 ; -- R:A G:8 B:C
  2193 : 101010001100 ; -- R:A G:8 B:C
  2194 : 101010001100 ; -- R:A G:8 B:C
  2195 : 101010001100 ; -- R:A G:8 B:C
  2196 : 101010001100 ; -- R:A G:8 B:C
  2197 : 101010001100 ; -- R:A G:8 B:C
  2198 : 101010001100 ; -- R:A G:8 B:C
  2199 : 101010001100 ; -- R:A G:8 B:C
  2200 : 101010001100 ; -- R:A G:8 B:C
  2201 : 101010001100 ; -- R:A G:8 B:C
  2202 : 101010001100 ; -- R:A G:8 B:C
  2203 : 101010001100 ; -- R:A G:8 B:C
  2204 : 101010001100 ; -- R:A G:8 B:C
  2205 : 101010111110 ; -- R:A G:B B:E
  2206 : 110110101100 ; -- R:D G:A B:C
  2207 : 101011001111 ; -- R:A G:C B:F
  2208 : 101011001111 ; -- R:A G:C B:F
  2209 : 110110101100 ; -- R:D G:A B:C
  2210 : 101110011100 ; -- R:B G:9 B:C
  2211 : 101010001100 ; -- R:A G:8 B:C
  2212 : 101010001100 ; -- R:A G:8 B:C
  2213 : 101010001100 ; -- R:A G:8 B:C
  2214 : 101010001100 ; -- R:A G:8 B:C
  2215 : 101010001100 ; -- R:A G:8 B:C
  2216 : 101010001100 ; -- R:A G:8 B:C
  2217 : 101010001100 ; -- R:A G:8 B:C
  2218 : 101010001100 ; -- R:A G:8 B:C
  2219 : 101010001100 ; -- R:A G:8 B:C
  2220 : 101010001100 ; -- R:A G:8 B:C
  2221 : 101010001100 ; -- R:A G:8 B:C
  2222 : 101010001100 ; -- R:A G:8 B:C
  2223 : 101010001100 ; -- R:A G:8 B:C
  2224 : 101010001100 ; -- R:A G:8 B:C
  2225 : 101010001100 ; -- R:A G:8 B:C
  2226 : 101010001100 ; -- R:A G:8 B:C
  2227 : 101010001100 ; -- R:A G:8 B:C
  2228 : 101010001100 ; -- R:A G:8 B:C
  2229 : 101010001100 ; -- R:A G:8 B:C
  2230 : 101010001100 ; -- R:A G:8 B:C
  2231 : 101010001100 ; -- R:A G:8 B:C
  2232 : 101010001100 ; -- R:A G:8 B:C
  2233 : 101010001100 ; -- R:A G:8 B:C
  2234 : 101010001100 ; -- R:A G:8 B:C
  2235 : 101010001100 ; -- R:A G:8 B:C
  2236 : 101010001100 ; -- R:A G:8 B:C
  2237 : 101010111110 ; -- R:A G:B B:E
  2238 : 101011001111 ; -- R:A G:C B:F
  2239 : 101011001111 ; -- R:A G:C B:F
  2240 : 101010001100 ; -- R:A G:8 B:C
  2241 : 101010001100 ; -- R:A G:8 B:C
  2242 : 101010001100 ; -- R:A G:8 B:C
  2243 : 101010111110 ; -- R:A G:B B:E
  2244 : 110110101100 ; -- R:D G:A B:C
  2245 : 110010101100 ; -- R:C G:A B:C
  2246 : 101010001100 ; -- R:A G:8 B:C
  2247 : 101010001100 ; -- R:A G:8 B:C
  2248 : 101010001100 ; -- R:A G:8 B:C
  2249 : 101010001100 ; -- R:A G:8 B:C
  2250 : 101010001100 ; -- R:A G:8 B:C
  2251 : 101010001100 ; -- R:A G:8 B:C
  2252 : 101010001100 ; -- R:A G:8 B:C
  2253 : 101010001100 ; -- R:A G:8 B:C
  2254 : 101010001100 ; -- R:A G:8 B:C
  2255 : 101010001100 ; -- R:A G:8 B:C
  2256 : 101010001100 ; -- R:A G:8 B:C
  2257 : 101010001100 ; -- R:A G:8 B:C
  2258 : 101010001100 ; -- R:A G:8 B:C
  2259 : 101010001100 ; -- R:A G:8 B:C
  2260 : 101010001100 ; -- R:A G:8 B:C
  2261 : 101010001100 ; -- R:A G:8 B:C
  2262 : 101010001100 ; -- R:A G:8 B:C
  2263 : 101010001100 ; -- R:A G:8 B:C
  2264 : 101010001100 ; -- R:A G:8 B:C
  2265 : 101010001100 ; -- R:A G:8 B:C
  2266 : 101010001100 ; -- R:A G:8 B:C
  2267 : 101010001100 ; -- R:A G:8 B:C
  2268 : 101010001100 ; -- R:A G:8 B:C
  2269 : 101010001100 ; -- R:A G:8 B:C
  2270 : 101010001100 ; -- R:A G:8 B:C
  2271 : 101010001100 ; -- R:A G:8 B:C
  2272 : 101010001100 ; -- R:A G:8 B:C
  2273 : 101010001100 ; -- R:A G:8 B:C
  2274 : 101010001100 ; -- R:A G:8 B:C
  2275 : 101010001100 ; -- R:A G:8 B:C
  2276 : 101010001100 ; -- R:A G:8 B:C
  2277 : 101010001100 ; -- R:A G:8 B:C
  2278 : 101010001100 ; -- R:A G:8 B:C
  2279 : 101010001100 ; -- R:A G:8 B:C
  2280 : 101010001100 ; -- R:A G:8 B:C
  2281 : 101010001100 ; -- R:A G:8 B:C
  2282 : 101010001100 ; -- R:A G:8 B:C
  2283 : 101010001100 ; -- R:A G:8 B:C
  2284 : 101010001100 ; -- R:A G:8 B:C
  2285 : 101010001100 ; -- R:A G:8 B:C
  2286 : 101010001100 ; -- R:A G:8 B:C
  2287 : 101010001100 ; -- R:A G:8 B:C
  2288 : 101010001100 ; -- R:A G:8 B:C
  2289 : 101010001100 ; -- R:A G:8 B:C
  2290 : 101010001100 ; -- R:A G:8 B:C
  2291 : 101010001100 ; -- R:A G:8 B:C
  2292 : 101010001100 ; -- R:A G:8 B:C
  2293 : 101010001100 ; -- R:A G:8 B:C
  2294 : 101010001100 ; -- R:A G:8 B:C
  2295 : 101010001100 ; -- R:A G:8 B:C
  2296 : 101010001100 ; -- R:A G:8 B:C
  2297 : 101010001100 ; -- R:A G:8 B:C
  2298 : 101010001100 ; -- R:A G:8 B:C
  2299 : 101010001100 ; -- R:A G:8 B:C
  2300 : 101010001100 ; -- R:A G:8 B:C
  2301 : 101010001100 ; -- R:A G:8 B:C
  2302 : 101010001100 ; -- R:A G:8 B:C
  2303 : 101010001100 ; -- R:A G:8 B:C
  2304 : 101010001100 ; -- R:A G:8 B:C
  2305 : 101010001100 ; -- R:A G:8 B:C
  2306 : 101010001100 ; -- R:A G:8 B:C
  2307 : 101010001100 ; -- R:A G:8 B:C
  2308 : 101010001100 ; -- R:A G:8 B:C
  2309 : 101010001100 ; -- R:A G:8 B:C
  2310 : 101010001100 ; -- R:A G:8 B:C
  2311 : 101010001100 ; -- R:A G:8 B:C
  2312 : 101010001100 ; -- R:A G:8 B:C
  2313 : 101010001100 ; -- R:A G:8 B:C
  2314 : 101010001100 ; -- R:A G:8 B:C
  2315 : 101010001100 ; -- R:A G:8 B:C
  2316 : 101010001100 ; -- R:A G:8 B:C
  2317 : 101010001100 ; -- R:A G:8 B:C
  2318 : 101010001100 ; -- R:A G:8 B:C
  2319 : 101010001100 ; -- R:A G:8 B:C
  2320 : 101010001100 ; -- R:A G:8 B:C
  2321 : 101010001100 ; -- R:A G:8 B:C
  2322 : 110010101100 ; -- R:C G:A B:C
  2323 : 111111011001 ; -- R:F G:D B:9
  2324 : 111111011001 ; -- R:F G:D B:9
  2325 : 111111011001 ; -- R:F G:D B:9
  2326 : 111111011001 ; -- R:F G:D B:9
  2327 : 111111011001 ; -- R:F G:D B:9
  2328 : 111111011001 ; -- R:F G:D B:9
  2329 : 111111011001 ; -- R:F G:D B:9
  2330 : 111111011001 ; -- R:F G:D B:9
  2331 : 111111011001 ; -- R:F G:D B:9
  2332 : 111111011001 ; -- R:F G:D B:9
  2333 : 110010011100 ; -- R:C G:9 B:C
  2334 : 101010001100 ; -- R:A G:8 B:C
  2335 : 101010001100 ; -- R:A G:8 B:C
  2336 : 101010001100 ; -- R:A G:8 B:C
  2337 : 101010001100 ; -- R:A G:8 B:C
  2338 : 101010001100 ; -- R:A G:8 B:C
  2339 : 101010001100 ; -- R:A G:8 B:C
  2340 : 101010001100 ; -- R:A G:8 B:C
  2341 : 101010001100 ; -- R:A G:8 B:C
  2342 : 101010001100 ; -- R:A G:8 B:C
  2343 : 101010001100 ; -- R:A G:8 B:C
  2344 : 101010001100 ; -- R:A G:8 B:C
  2345 : 101010001100 ; -- R:A G:8 B:C
  2346 : 101010001100 ; -- R:A G:8 B:C
  2347 : 101010001100 ; -- R:A G:8 B:C
  2348 : 101010001100 ; -- R:A G:8 B:C
  2349 : 101010001100 ; -- R:A G:8 B:C
  2350 : 101010001100 ; -- R:A G:8 B:C
  2351 : 101010001100 ; -- R:A G:8 B:C
  2352 : 101010001100 ; -- R:A G:8 B:C
  2353 : 101010001100 ; -- R:A G:8 B:C
  2354 : 101010001100 ; -- R:A G:8 B:C
  2355 : 101010001100 ; -- R:A G:8 B:C
  2356 : 101010001100 ; -- R:A G:8 B:C
  2357 : 101010001100 ; -- R:A G:8 B:C
  2358 : 101010001100 ; -- R:A G:8 B:C
  2359 : 101010001100 ; -- R:A G:8 B:C
  2360 : 101010001100 ; -- R:A G:8 B:C
  2361 : 101010001100 ; -- R:A G:8 B:C
  2362 : 101010001100 ; -- R:A G:8 B:C
  2363 : 101010001100 ; -- R:A G:8 B:C
  2364 : 101010001100 ; -- R:A G:8 B:C
  2365 : 110110101100 ; -- R:D G:A B:C
  2366 : 110110101100 ; -- R:D G:A B:C
  2367 : 110010101100 ; -- R:C G:A B:C
  2368 : 101110011100 ; -- R:B G:9 B:C
  2369 : 110010101100 ; -- R:C G:A B:C
  2370 : 110110101100 ; -- R:D G:A B:C
  2371 : 110110101100 ; -- R:D G:A B:C
  2372 : 110010101100 ; -- R:C G:A B:C
  2373 : 101010001100 ; -- R:A G:8 B:C
  2374 : 101010001100 ; -- R:A G:8 B:C
  2375 : 101010001100 ; -- R:A G:8 B:C
  2376 : 101010001100 ; -- R:A G:8 B:C
  2377 : 101010001100 ; -- R:A G:8 B:C
  2378 : 101010001100 ; -- R:A G:8 B:C
  2379 : 101010001100 ; -- R:A G:8 B:C
  2380 : 101010001100 ; -- R:A G:8 B:C
  2381 : 101010001100 ; -- R:A G:8 B:C
  2382 : 101010001100 ; -- R:A G:8 B:C
  2383 : 101010001100 ; -- R:A G:8 B:C
  2384 : 101010001100 ; -- R:A G:8 B:C
  2385 : 101010001100 ; -- R:A G:8 B:C
  2386 : 101010001100 ; -- R:A G:8 B:C
  2387 : 101010001100 ; -- R:A G:8 B:C
  2388 : 101010001100 ; -- R:A G:8 B:C
  2389 : 101010001100 ; -- R:A G:8 B:C
  2390 : 101010001100 ; -- R:A G:8 B:C
  2391 : 101010001100 ; -- R:A G:8 B:C
  2392 : 101010001100 ; -- R:A G:8 B:C
  2393 : 101010001100 ; -- R:A G:8 B:C
  2394 : 101010001100 ; -- R:A G:8 B:C
  2395 : 101010001100 ; -- R:A G:8 B:C
  2396 : 101010001100 ; -- R:A G:8 B:C
  2397 : 101010001100 ; -- R:A G:8 B:C
  2398 : 101010001100 ; -- R:A G:8 B:C
  2399 : 101011001111 ; -- R:A G:C B:F
  2400 : 101010001100 ; -- R:A G:8 B:C
  2401 : 110010101100 ; -- R:C G:A B:C
  2402 : 101011001111 ; -- R:A G:C B:F
  2403 : 101010111110 ; -- R:A G:B B:E
  2404 : 101010001100 ; -- R:A G:8 B:C
  2405 : 101010001100 ; -- R:A G:8 B:C
  2406 : 101010001100 ; -- R:A G:8 B:C
  2407 : 101010001100 ; -- R:A G:8 B:C
  2408 : 101010001100 ; -- R:A G:8 B:C
  2409 : 101010001100 ; -- R:A G:8 B:C
  2410 : 101010001100 ; -- R:A G:8 B:C
  2411 : 101010001100 ; -- R:A G:8 B:C
  2412 : 101010001100 ; -- R:A G:8 B:C
  2413 : 101010001100 ; -- R:A G:8 B:C
  2414 : 101010001100 ; -- R:A G:8 B:C
  2415 : 101010001100 ; -- R:A G:8 B:C
  2416 : 101010001100 ; -- R:A G:8 B:C
  2417 : 101010001100 ; -- R:A G:8 B:C
  2418 : 101010001100 ; -- R:A G:8 B:C
  2419 : 101010001100 ; -- R:A G:8 B:C
  2420 : 101010001100 ; -- R:A G:8 B:C
  2421 : 101010001100 ; -- R:A G:8 B:C
  2422 : 101010001100 ; -- R:A G:8 B:C
  2423 : 101010001100 ; -- R:A G:8 B:C
  2424 : 101010001100 ; -- R:A G:8 B:C
  2425 : 101010001100 ; -- R:A G:8 B:C
  2426 : 101010001100 ; -- R:A G:8 B:C
  2427 : 101010001100 ; -- R:A G:8 B:C
  2428 : 101010001100 ; -- R:A G:8 B:C
  2429 : 101010001100 ; -- R:A G:8 B:C
  2430 : 101010001100 ; -- R:A G:8 B:C
  2431 : 101010001100 ; -- R:A G:8 B:C
  2432 : 101010001100 ; -- R:A G:8 B:C
  2433 : 101010001100 ; -- R:A G:8 B:C
  2434 : 101010001100 ; -- R:A G:8 B:C
  2435 : 101010001100 ; -- R:A G:8 B:C
  2436 : 101010001100 ; -- R:A G:8 B:C
  2437 : 101010001100 ; -- R:A G:8 B:C
  2438 : 101010001100 ; -- R:A G:8 B:C
  2439 : 101010001100 ; -- R:A G:8 B:C
  2440 : 101010001100 ; -- R:A G:8 B:C
  2441 : 101010001100 ; -- R:A G:8 B:C
  2442 : 101010001100 ; -- R:A G:8 B:C
  2443 : 101010001100 ; -- R:A G:8 B:C
  2444 : 101010001100 ; -- R:A G:8 B:C
  2445 : 101010001100 ; -- R:A G:8 B:C
  2446 : 101010001100 ; -- R:A G:8 B:C
  2447 : 101010001100 ; -- R:A G:8 B:C
  2448 : 101010001100 ; -- R:A G:8 B:C
  2449 : 101010001100 ; -- R:A G:8 B:C
  2450 : 101010001100 ; -- R:A G:8 B:C
  2451 : 101010001100 ; -- R:A G:8 B:C
  2452 : 101010001100 ; -- R:A G:8 B:C
  2453 : 101010001100 ; -- R:A G:8 B:C
  2454 : 101010001100 ; -- R:A G:8 B:C
  2455 : 101010001100 ; -- R:A G:8 B:C
  2456 : 101010001100 ; -- R:A G:8 B:C
  2457 : 101010001100 ; -- R:A G:8 B:C
  2458 : 101010001100 ; -- R:A G:8 B:C
  2459 : 101010001100 ; -- R:A G:8 B:C
  2460 : 101010001100 ; -- R:A G:8 B:C
  2461 : 101010001100 ; -- R:A G:8 B:C
  2462 : 101010001100 ; -- R:A G:8 B:C
  2463 : 101010001100 ; -- R:A G:8 B:C
  2464 : 101010001100 ; -- R:A G:8 B:C
  2465 : 101010001100 ; -- R:A G:8 B:C
  2466 : 101010001100 ; -- R:A G:8 B:C
  2467 : 101010001100 ; -- R:A G:8 B:C
  2468 : 101010001100 ; -- R:A G:8 B:C
  2469 : 101010001100 ; -- R:A G:8 B:C
  2470 : 101010001100 ; -- R:A G:8 B:C
  2471 : 101010001100 ; -- R:A G:8 B:C
  2472 : 101010001100 ; -- R:A G:8 B:C
  2473 : 101010001100 ; -- R:A G:8 B:C
  2474 : 101010001100 ; -- R:A G:8 B:C
  2475 : 101010001100 ; -- R:A G:8 B:C
  2476 : 101010001100 ; -- R:A G:8 B:C
  2477 : 101010001100 ; -- R:A G:8 B:C
  2478 : 101010001100 ; -- R:A G:8 B:C
  2479 : 101010001100 ; -- R:A G:8 B:C
  2480 : 101010001100 ; -- R:A G:8 B:C
  2481 : 101010001100 ; -- R:A G:8 B:C
  2482 : 110110101100 ; -- R:D G:A B:C
  2483 : 111111011001 ; -- R:F G:D B:9
  2484 : 111111011001 ; -- R:F G:D B:9
  2485 : 111111011001 ; -- R:F G:D B:9
  2486 : 111111011001 ; -- R:F G:D B:9
  2487 : 111111011001 ; -- R:F G:D B:9
  2488 : 111111011001 ; -- R:F G:D B:9
  2489 : 111111011001 ; -- R:F G:D B:9
  2490 : 111111011001 ; -- R:F G:D B:9
  2491 : 111111011001 ; -- R:F G:D B:9
  2492 : 111111011001 ; -- R:F G:D B:9
  2493 : 111111011001 ; -- R:F G:D B:9
  2494 : 101010001100 ; -- R:A G:8 B:C
  2495 : 101010001100 ; -- R:A G:8 B:C
  2496 : 101010001100 ; -- R:A G:8 B:C
  2497 : 101010001100 ; -- R:A G:8 B:C
  2498 : 101010001100 ; -- R:A G:8 B:C
  2499 : 101010001100 ; -- R:A G:8 B:C
  2500 : 101010001100 ; -- R:A G:8 B:C
  2501 : 101010001100 ; -- R:A G:8 B:C
  2502 : 101010001100 ; -- R:A G:8 B:C
  2503 : 101010001100 ; -- R:A G:8 B:C
  2504 : 101010001100 ; -- R:A G:8 B:C
  2505 : 101010001100 ; -- R:A G:8 B:C
  2506 : 101010001100 ; -- R:A G:8 B:C
  2507 : 101010001100 ; -- R:A G:8 B:C
  2508 : 101010001100 ; -- R:A G:8 B:C
  2509 : 101010001100 ; -- R:A G:8 B:C
  2510 : 101010001100 ; -- R:A G:8 B:C
  2511 : 101010001100 ; -- R:A G:8 B:C
  2512 : 101010001100 ; -- R:A G:8 B:C
  2513 : 101010001100 ; -- R:A G:8 B:C
  2514 : 101010001100 ; -- R:A G:8 B:C
  2515 : 101010001100 ; -- R:A G:8 B:C
  2516 : 101010001100 ; -- R:A G:8 B:C
  2517 : 101010001100 ; -- R:A G:8 B:C
  2518 : 101010001100 ; -- R:A G:8 B:C
  2519 : 101010001100 ; -- R:A G:8 B:C
  2520 : 101010001100 ; -- R:A G:8 B:C
  2521 : 101010001100 ; -- R:A G:8 B:C
  2522 : 101010001100 ; -- R:A G:8 B:C
  2523 : 101010001100 ; -- R:A G:8 B:C
  2524 : 110110101100 ; -- R:D G:A B:C
  2525 : 110110101100 ; -- R:D G:A B:C
  2526 : 101010001100 ; -- R:A G:8 B:C
  2527 : 101010001100 ; -- R:A G:8 B:C
  2528 : 101010001100 ; -- R:A G:8 B:C
  2529 : 101010001100 ; -- R:A G:8 B:C
  2530 : 101010001100 ; -- R:A G:8 B:C
  2531 : 101110011100 ; -- R:B G:9 B:C
  2532 : 101010111110 ; -- R:A G:B B:E
  2533 : 110110101100 ; -- R:D G:A B:C
  2534 : 110110101100 ; -- R:D G:A B:C
  2535 : 101110011100 ; -- R:B G:9 B:C
  2536 : 101010001100 ; -- R:A G:8 B:C
  2537 : 101010001100 ; -- R:A G:8 B:C
  2538 : 101110011100 ; -- R:B G:9 B:C
  2539 : 101010001100 ; -- R:A G:8 B:C
  2540 : 101010001100 ; -- R:A G:8 B:C
  2541 : 101010001100 ; -- R:A G:8 B:C
  2542 : 101010001100 ; -- R:A G:8 B:C
  2543 : 101010001100 ; -- R:A G:8 B:C
  2544 : 101010001100 ; -- R:A G:8 B:C
  2545 : 101010001100 ; -- R:A G:8 B:C
  2546 : 101010001100 ; -- R:A G:8 B:C
  2547 : 101010001100 ; -- R:A G:8 B:C
  2548 : 101010001100 ; -- R:A G:8 B:C
  2549 : 101010001100 ; -- R:A G:8 B:C
  2550 : 101010001100 ; -- R:A G:8 B:C
  2551 : 101010001100 ; -- R:A G:8 B:C
  2552 : 101010001100 ; -- R:A G:8 B:C
  2553 : 101010001100 ; -- R:A G:8 B:C
  2554 : 101010001100 ; -- R:A G:8 B:C
  2555 : 101010001100 ; -- R:A G:8 B:C
  2556 : 101010001100 ; -- R:A G:8 B:C
  2557 : 101010001100 ; -- R:A G:8 B:C
  2558 : 101010001100 ; -- R:A G:8 B:C
  2559 : 101110011100 ; -- R:B G:9 B:C
  2560 : 110110101100 ; -- R:D G:A B:C
  2561 : 110110101100 ; -- R:D G:A B:C
  2562 : 101110011100 ; -- R:B G:9 B:C
  2563 : 101010001100 ; -- R:A G:8 B:C
  2564 : 101010001100 ; -- R:A G:8 B:C
  2565 : 101010001100 ; -- R:A G:8 B:C
  2566 : 101010001100 ; -- R:A G:8 B:C
  2567 : 101010001100 ; -- R:A G:8 B:C
  2568 : 101010001100 ; -- R:A G:8 B:C
  2569 : 101010001100 ; -- R:A G:8 B:C
  2570 : 101010001100 ; -- R:A G:8 B:C
  2571 : 101010001100 ; -- R:A G:8 B:C
  2572 : 101010001100 ; -- R:A G:8 B:C
  2573 : 101010001100 ; -- R:A G:8 B:C
  2574 : 101010001100 ; -- R:A G:8 B:C
  2575 : 101010001100 ; -- R:A G:8 B:C
  2576 : 101010001100 ; -- R:A G:8 B:C
  2577 : 101010001100 ; -- R:A G:8 B:C
  2578 : 101010001100 ; -- R:A G:8 B:C
  2579 : 101010001100 ; -- R:A G:8 B:C
  2580 : 101010001100 ; -- R:A G:8 B:C
  2581 : 101010001100 ; -- R:A G:8 B:C
  2582 : 101010001100 ; -- R:A G:8 B:C
  2583 : 101010001100 ; -- R:A G:8 B:C
  2584 : 101010001100 ; -- R:A G:8 B:C
  2585 : 101010001100 ; -- R:A G:8 B:C
  2586 : 101010001100 ; -- R:A G:8 B:C
  2587 : 101010001100 ; -- R:A G:8 B:C
  2588 : 101010001100 ; -- R:A G:8 B:C
  2589 : 101010001100 ; -- R:A G:8 B:C
  2590 : 101010001100 ; -- R:A G:8 B:C
  2591 : 101010001100 ; -- R:A G:8 B:C
  2592 : 101010001100 ; -- R:A G:8 B:C
  2593 : 101010001100 ; -- R:A G:8 B:C
  2594 : 101010001100 ; -- R:A G:8 B:C
  2595 : 101010001100 ; -- R:A G:8 B:C
  2596 : 101010001100 ; -- R:A G:8 B:C
  2597 : 101010001100 ; -- R:A G:8 B:C
  2598 : 101010001100 ; -- R:A G:8 B:C
  2599 : 101010001100 ; -- R:A G:8 B:C
  2600 : 101010001100 ; -- R:A G:8 B:C
  2601 : 101010001100 ; -- R:A G:8 B:C
  2602 : 101010001100 ; -- R:A G:8 B:C
  2603 : 101010001100 ; -- R:A G:8 B:C
  2604 : 101010001100 ; -- R:A G:8 B:C
  2605 : 101010001100 ; -- R:A G:8 B:C
  2606 : 101010001100 ; -- R:A G:8 B:C
  2607 : 101010001100 ; -- R:A G:8 B:C
  2608 : 101010001100 ; -- R:A G:8 B:C
  2609 : 101010001100 ; -- R:A G:8 B:C
  2610 : 101010001100 ; -- R:A G:8 B:C
  2611 : 101010001100 ; -- R:A G:8 B:C
  2612 : 101010001100 ; -- R:A G:8 B:C
  2613 : 101010001100 ; -- R:A G:8 B:C
  2614 : 101010001100 ; -- R:A G:8 B:C
  2615 : 101010001100 ; -- R:A G:8 B:C
  2616 : 101010001100 ; -- R:A G:8 B:C
  2617 : 101010001100 ; -- R:A G:8 B:C
  2618 : 101010001100 ; -- R:A G:8 B:C
  2619 : 101010001100 ; -- R:A G:8 B:C
  2620 : 101010001100 ; -- R:A G:8 B:C
  2621 : 101010001100 ; -- R:A G:8 B:C
  2622 : 101010001100 ; -- R:A G:8 B:C
  2623 : 101010001100 ; -- R:A G:8 B:C
  2624 : 101010001100 ; -- R:A G:8 B:C
  2625 : 101010001100 ; -- R:A G:8 B:C
  2626 : 101010001100 ; -- R:A G:8 B:C
  2627 : 101010001100 ; -- R:A G:8 B:C
  2628 : 101010001100 ; -- R:A G:8 B:C
  2629 : 101010001100 ; -- R:A G:8 B:C
  2630 : 101010001100 ; -- R:A G:8 B:C
  2631 : 101010001100 ; -- R:A G:8 B:C
  2632 : 101010001100 ; -- R:A G:8 B:C
  2633 : 101010001100 ; -- R:A G:8 B:C
  2634 : 101010001100 ; -- R:A G:8 B:C
  2635 : 101010001100 ; -- R:A G:8 B:C
  2636 : 101010001100 ; -- R:A G:8 B:C
  2637 : 101010001100 ; -- R:A G:8 B:C
  2638 : 101010001100 ; -- R:A G:8 B:C
  2639 : 101010001100 ; -- R:A G:8 B:C
  2640 : 101010001100 ; -- R:A G:8 B:C
  2641 : 101010001100 ; -- R:A G:8 B:C
  2642 : 110110101100 ; -- R:D G:A B:C
  2643 : 111111011001 ; -- R:F G:D B:9
  2644 : 111111011001 ; -- R:F G:D B:9
  2645 : 111111011001 ; -- R:F G:D B:9
  2646 : 111111011001 ; -- R:F G:D B:9
  2647 : 111111011001 ; -- R:F G:D B:9
  2648 : 111111011001 ; -- R:F G:D B:9
  2649 : 111111011001 ; -- R:F G:D B:9
  2650 : 111111011001 ; -- R:F G:D B:9
  2651 : 111111011001 ; -- R:F G:D B:9
  2652 : 111111011001 ; -- R:F G:D B:9
  2653 : 111111011001 ; -- R:F G:D B:9
  2654 : 101110011100 ; -- R:B G:9 B:C
  2655 : 101010001100 ; -- R:A G:8 B:C
  2656 : 101010001100 ; -- R:A G:8 B:C
  2657 : 101010001100 ; -- R:A G:8 B:C
  2658 : 101010001100 ; -- R:A G:8 B:C
  2659 : 101010001100 ; -- R:A G:8 B:C
  2660 : 101010001100 ; -- R:A G:8 B:C
  2661 : 101010001100 ; -- R:A G:8 B:C
  2662 : 101010001100 ; -- R:A G:8 B:C
  2663 : 101010001100 ; -- R:A G:8 B:C
  2664 : 101010001100 ; -- R:A G:8 B:C
  2665 : 101010001100 ; -- R:A G:8 B:C
  2666 : 101010001100 ; -- R:A G:8 B:C
  2667 : 101010001100 ; -- R:A G:8 B:C
  2668 : 101010001100 ; -- R:A G:8 B:C
  2669 : 101010001100 ; -- R:A G:8 B:C
  2670 : 101010001100 ; -- R:A G:8 B:C
  2671 : 101010001100 ; -- R:A G:8 B:C
  2672 : 101010001100 ; -- R:A G:8 B:C
  2673 : 101010001100 ; -- R:A G:8 B:C
  2674 : 101010001100 ; -- R:A G:8 B:C
  2675 : 101010001100 ; -- R:A G:8 B:C
  2676 : 101010001100 ; -- R:A G:8 B:C
  2677 : 101010001100 ; -- R:A G:8 B:C
  2678 : 101010001100 ; -- R:A G:8 B:C
  2679 : 101010001100 ; -- R:A G:8 B:C
  2680 : 101010001100 ; -- R:A G:8 B:C
  2681 : 101010001100 ; -- R:A G:8 B:C
  2682 : 101010001100 ; -- R:A G:8 B:C
  2683 : 110110101100 ; -- R:D G:A B:C
  2684 : 110110101100 ; -- R:D G:A B:C
  2685 : 101010001100 ; -- R:A G:8 B:C
  2686 : 101010001100 ; -- R:A G:8 B:C
  2687 : 101010001100 ; -- R:A G:8 B:C
  2688 : 101010001100 ; -- R:A G:8 B:C
  2689 : 101010001100 ; -- R:A G:8 B:C
  2690 : 101010001100 ; -- R:A G:8 B:C
  2691 : 101010001100 ; -- R:A G:8 B:C
  2692 : 101010001100 ; -- R:A G:8 B:C
  2693 : 101010001100 ; -- R:A G:8 B:C
  2694 : 101110011100 ; -- R:B G:9 B:C
  2695 : 110110101100 ; -- R:D G:A B:C
  2696 : 110110101100 ; -- R:D G:A B:C
  2697 : 110110101100 ; -- R:D G:A B:C
  2698 : 101011001111 ; -- R:A G:C B:F
  2699 : 110110101100 ; -- R:D G:A B:C
  2700 : 101110011100 ; -- R:B G:9 B:C
  2701 : 101010001100 ; -- R:A G:8 B:C
  2702 : 101010001100 ; -- R:A G:8 B:C
  2703 : 101010001100 ; -- R:A G:8 B:C
  2704 : 101010001100 ; -- R:A G:8 B:C
  2705 : 101010001100 ; -- R:A G:8 B:C
  2706 : 101010001100 ; -- R:A G:8 B:C
  2707 : 101010001100 ; -- R:A G:8 B:C
  2708 : 101010001100 ; -- R:A G:8 B:C
  2709 : 101010001100 ; -- R:A G:8 B:C
  2710 : 101010001100 ; -- R:A G:8 B:C
  2711 : 101010001100 ; -- R:A G:8 B:C
  2712 : 101010001100 ; -- R:A G:8 B:C
  2713 : 101010001100 ; -- R:A G:8 B:C
  2714 : 101010001100 ; -- R:A G:8 B:C
  2715 : 101010001100 ; -- R:A G:8 B:C
  2716 : 101010001100 ; -- R:A G:8 B:C
  2717 : 101010001100 ; -- R:A G:8 B:C
  2718 : 101010001100 ; -- R:A G:8 B:C
  2719 : 101010001100 ; -- R:A G:8 B:C
  2720 : 101110011100 ; -- R:B G:9 B:C
  2721 : 101010001100 ; -- R:A G:8 B:C
  2722 : 101010001100 ; -- R:A G:8 B:C
  2723 : 101010001100 ; -- R:A G:8 B:C
  2724 : 101010001100 ; -- R:A G:8 B:C
  2725 : 101010001100 ; -- R:A G:8 B:C
  2726 : 101010001100 ; -- R:A G:8 B:C
  2727 : 101010001100 ; -- R:A G:8 B:C
  2728 : 101010001100 ; -- R:A G:8 B:C
  2729 : 101010001100 ; -- R:A G:8 B:C
  2730 : 101010001100 ; -- R:A G:8 B:C
  2731 : 101010001100 ; -- R:A G:8 B:C
  2732 : 101010001100 ; -- R:A G:8 B:C
  2733 : 101010001100 ; -- R:A G:8 B:C
  2734 : 101010001100 ; -- R:A G:8 B:C
  2735 : 101010001100 ; -- R:A G:8 B:C
  2736 : 101010001100 ; -- R:A G:8 B:C
  2737 : 101010001100 ; -- R:A G:8 B:C
  2738 : 101010001100 ; -- R:A G:8 B:C
  2739 : 101010001100 ; -- R:A G:8 B:C
  2740 : 101010001100 ; -- R:A G:8 B:C
  2741 : 101010001100 ; -- R:A G:8 B:C
  2742 : 101010001100 ; -- R:A G:8 B:C
  2743 : 101010001100 ; -- R:A G:8 B:C
  2744 : 101010001100 ; -- R:A G:8 B:C
  2745 : 101010001100 ; -- R:A G:8 B:C
  2746 : 101010001100 ; -- R:A G:8 B:C
  2747 : 101010001100 ; -- R:A G:8 B:C
  2748 : 101010001100 ; -- R:A G:8 B:C
  2749 : 101010001100 ; -- R:A G:8 B:C
  2750 : 101010001100 ; -- R:A G:8 B:C
  2751 : 101010001100 ; -- R:A G:8 B:C
  2752 : 101010001100 ; -- R:A G:8 B:C
  2753 : 101010001100 ; -- R:A G:8 B:C
  2754 : 101010001100 ; -- R:A G:8 B:C
  2755 : 101010001100 ; -- R:A G:8 B:C
  2756 : 101010001100 ; -- R:A G:8 B:C
  2757 : 101010001100 ; -- R:A G:8 B:C
  2758 : 101010001100 ; -- R:A G:8 B:C
  2759 : 101010001100 ; -- R:A G:8 B:C
  2760 : 101010001100 ; -- R:A G:8 B:C
  2761 : 101010001100 ; -- R:A G:8 B:C
  2762 : 101010001100 ; -- R:A G:8 B:C
  2763 : 101010001100 ; -- R:A G:8 B:C
  2764 : 101010001100 ; -- R:A G:8 B:C
  2765 : 101010001100 ; -- R:A G:8 B:C
  2766 : 101010001100 ; -- R:A G:8 B:C
  2767 : 101010001100 ; -- R:A G:8 B:C
  2768 : 101010001100 ; -- R:A G:8 B:C
  2769 : 101010001100 ; -- R:A G:8 B:C
  2770 : 101010001100 ; -- R:A G:8 B:C
  2771 : 101010001100 ; -- R:A G:8 B:C
  2772 : 101010001100 ; -- R:A G:8 B:C
  2773 : 101010001100 ; -- R:A G:8 B:C
  2774 : 101010001100 ; -- R:A G:8 B:C
  2775 : 101010001100 ; -- R:A G:8 B:C
  2776 : 101010001100 ; -- R:A G:8 B:C
  2777 : 101010001100 ; -- R:A G:8 B:C
  2778 : 101010001100 ; -- R:A G:8 B:C
  2779 : 101010001100 ; -- R:A G:8 B:C
  2780 : 101010001100 ; -- R:A G:8 B:C
  2781 : 101010001100 ; -- R:A G:8 B:C
  2782 : 101010001100 ; -- R:A G:8 B:C
  2783 : 101010001100 ; -- R:A G:8 B:C
  2784 : 101010001100 ; -- R:A G:8 B:C
  2785 : 101010001100 ; -- R:A G:8 B:C
  2786 : 101010001100 ; -- R:A G:8 B:C
  2787 : 101010001100 ; -- R:A G:8 B:C
  2788 : 101010001100 ; -- R:A G:8 B:C
  2789 : 101010001100 ; -- R:A G:8 B:C
  2790 : 101010001100 ; -- R:A G:8 B:C
  2791 : 101010001100 ; -- R:A G:8 B:C
  2792 : 101010001100 ; -- R:A G:8 B:C
  2793 : 101010001100 ; -- R:A G:8 B:C
  2794 : 101010001100 ; -- R:A G:8 B:C
  2795 : 101010001100 ; -- R:A G:8 B:C
  2796 : 101010001100 ; -- R:A G:8 B:C
  2797 : 101010001100 ; -- R:A G:8 B:C
  2798 : 101010001100 ; -- R:A G:8 B:C
  2799 : 101010001100 ; -- R:A G:8 B:C
  2800 : 101010001100 ; -- R:A G:8 B:C
  2801 : 101010001100 ; -- R:A G:8 B:C
  2802 : 111111011001 ; -- R:F G:D B:9
  2803 : 111111011001 ; -- R:F G:D B:9
  2804 : 111111011001 ; -- R:F G:D B:9
  2805 : 111111011001 ; -- R:F G:D B:9
  2806 : 111111011001 ; -- R:F G:D B:9
  2807 : 111111011001 ; -- R:F G:D B:9
  2808 : 111111011001 ; -- R:F G:D B:9
  2809 : 111111011001 ; -- R:F G:D B:9
  2810 : 111111011001 ; -- R:F G:D B:9
  2811 : 111111011001 ; -- R:F G:D B:9
  2812 : 111111011001 ; -- R:F G:D B:9
  2813 : 111111011001 ; -- R:F G:D B:9
  2814 : 110010101100 ; -- R:C G:A B:C
  2815 : 101010001100 ; -- R:A G:8 B:C
  2816 : 101010001100 ; -- R:A G:8 B:C
  2817 : 101010001100 ; -- R:A G:8 B:C
  2818 : 101010001100 ; -- R:A G:8 B:C
  2819 : 101010001100 ; -- R:A G:8 B:C
  2820 : 101010001100 ; -- R:A G:8 B:C
  2821 : 101010001100 ; -- R:A G:8 B:C
  2822 : 101010001100 ; -- R:A G:8 B:C
  2823 : 101010001100 ; -- R:A G:8 B:C
  2824 : 101010001100 ; -- R:A G:8 B:C
  2825 : 101010001100 ; -- R:A G:8 B:C
  2826 : 101010001100 ; -- R:A G:8 B:C
  2827 : 101010001100 ; -- R:A G:8 B:C
  2828 : 101010001100 ; -- R:A G:8 B:C
  2829 : 101010001100 ; -- R:A G:8 B:C
  2830 : 101010001100 ; -- R:A G:8 B:C
  2831 : 101010001100 ; -- R:A G:8 B:C
  2832 : 101010001100 ; -- R:A G:8 B:C
  2833 : 101010001100 ; -- R:A G:8 B:C
  2834 : 101010001100 ; -- R:A G:8 B:C
  2835 : 101010001100 ; -- R:A G:8 B:C
  2836 : 101010001100 ; -- R:A G:8 B:C
  2837 : 101010001100 ; -- R:A G:8 B:C
  2838 : 101010001100 ; -- R:A G:8 B:C
  2839 : 101010001100 ; -- R:A G:8 B:C
  2840 : 101010001100 ; -- R:A G:8 B:C
  2841 : 101010001100 ; -- R:A G:8 B:C
  2842 : 110110101100 ; -- R:D G:A B:C
  2843 : 110110101100 ; -- R:D G:A B:C
  2844 : 101010001100 ; -- R:A G:8 B:C
  2845 : 101010001100 ; -- R:A G:8 B:C
  2846 : 101010001100 ; -- R:A G:8 B:C
  2847 : 101010001100 ; -- R:A G:8 B:C
  2848 : 101010001100 ; -- R:A G:8 B:C
  2849 : 101010001100 ; -- R:A G:8 B:C
  2850 : 101010001100 ; -- R:A G:8 B:C
  2851 : 101010001100 ; -- R:A G:8 B:C
  2852 : 101010001100 ; -- R:A G:8 B:C
  2853 : 101010001100 ; -- R:A G:8 B:C
  2854 : 101010001100 ; -- R:A G:8 B:C
  2855 : 101010001100 ; -- R:A G:8 B:C
  2856 : 110010101100 ; -- R:C G:A B:C
  2857 : 101011001111 ; -- R:A G:C B:F
  2858 : 101011001111 ; -- R:A G:C B:F
  2859 : 110110101100 ; -- R:D G:A B:C
  2860 : 101010111110 ; -- R:A G:B B:E
  2861 : 101010001100 ; -- R:A G:8 B:C
  2862 : 101010001100 ; -- R:A G:8 B:C
  2863 : 101010001100 ; -- R:A G:8 B:C
  2864 : 101010001100 ; -- R:A G:8 B:C
  2865 : 101010001100 ; -- R:A G:8 B:C
  2866 : 101010001100 ; -- R:A G:8 B:C
  2867 : 101010001100 ; -- R:A G:8 B:C
  2868 : 101010001100 ; -- R:A G:8 B:C
  2869 : 101010001100 ; -- R:A G:8 B:C
  2870 : 101010001100 ; -- R:A G:8 B:C
  2871 : 101010001100 ; -- R:A G:8 B:C
  2872 : 101010001100 ; -- R:A G:8 B:C
  2873 : 101010001100 ; -- R:A G:8 B:C
  2874 : 101010001100 ; -- R:A G:8 B:C
  2875 : 101010001100 ; -- R:A G:8 B:C
  2876 : 101010001100 ; -- R:A G:8 B:C
  2877 : 101010001100 ; -- R:A G:8 B:C
  2878 : 101010001100 ; -- R:A G:8 B:C
  2879 : 101010001100 ; -- R:A G:8 B:C
  2880 : 101010001100 ; -- R:A G:8 B:C
  2881 : 101010001100 ; -- R:A G:8 B:C
  2882 : 101010001100 ; -- R:A G:8 B:C
  2883 : 101010001100 ; -- R:A G:8 B:C
  2884 : 101010001100 ; -- R:A G:8 B:C
  2885 : 101010001100 ; -- R:A G:8 B:C
  2886 : 101010001100 ; -- R:A G:8 B:C
  2887 : 101010001100 ; -- R:A G:8 B:C
  2888 : 101010001100 ; -- R:A G:8 B:C
  2889 : 101010001100 ; -- R:A G:8 B:C
  2890 : 101010001100 ; -- R:A G:8 B:C
  2891 : 101010001100 ; -- R:A G:8 B:C
  2892 : 101010001100 ; -- R:A G:8 B:C
  2893 : 101010001100 ; -- R:A G:8 B:C
  2894 : 101010001100 ; -- R:A G:8 B:C
  2895 : 101010001100 ; -- R:A G:8 B:C
  2896 : 101010001100 ; -- R:A G:8 B:C
  2897 : 101010001100 ; -- R:A G:8 B:C
  2898 : 101010001100 ; -- R:A G:8 B:C
  2899 : 101010001100 ; -- R:A G:8 B:C
  2900 : 101010001100 ; -- R:A G:8 B:C
  2901 : 101010001100 ; -- R:A G:8 B:C
  2902 : 101010001100 ; -- R:A G:8 B:C
  2903 : 101010001100 ; -- R:A G:8 B:C
  2904 : 101010001100 ; -- R:A G:8 B:C
  2905 : 101010001100 ; -- R:A G:8 B:C
  2906 : 101010001100 ; -- R:A G:8 B:C
  2907 : 101010001100 ; -- R:A G:8 B:C
  2908 : 101010001100 ; -- R:A G:8 B:C
  2909 : 101010001100 ; -- R:A G:8 B:C
  2910 : 101010001100 ; -- R:A G:8 B:C
  2911 : 101010001100 ; -- R:A G:8 B:C
  2912 : 101010001100 ; -- R:A G:8 B:C
  2913 : 101010001100 ; -- R:A G:8 B:C
  2914 : 101010001100 ; -- R:A G:8 B:C
  2915 : 101010001100 ; -- R:A G:8 B:C
  2916 : 101010001100 ; -- R:A G:8 B:C
  2917 : 101010001100 ; -- R:A G:8 B:C
  2918 : 101010001100 ; -- R:A G:8 B:C
  2919 : 101010001100 ; -- R:A G:8 B:C
  2920 : 101010001100 ; -- R:A G:8 B:C
  2921 : 101010001100 ; -- R:A G:8 B:C
  2922 : 101010001100 ; -- R:A G:8 B:C
  2923 : 101010001100 ; -- R:A G:8 B:C
  2924 : 101010001100 ; -- R:A G:8 B:C
  2925 : 101010001100 ; -- R:A G:8 B:C
  2926 : 101010001100 ; -- R:A G:8 B:C
  2927 : 101010001100 ; -- R:A G:8 B:C
  2928 : 101010001100 ; -- R:A G:8 B:C
  2929 : 101010001100 ; -- R:A G:8 B:C
  2930 : 101010001100 ; -- R:A G:8 B:C
  2931 : 101010001100 ; -- R:A G:8 B:C
  2932 : 101010001100 ; -- R:A G:8 B:C
  2933 : 101010001100 ; -- R:A G:8 B:C
  2934 : 101010001100 ; -- R:A G:8 B:C
  2935 : 101010001100 ; -- R:A G:8 B:C
  2936 : 101010001100 ; -- R:A G:8 B:C
  2937 : 101010001100 ; -- R:A G:8 B:C
  2938 : 101010001100 ; -- R:A G:8 B:C
  2939 : 101010001100 ; -- R:A G:8 B:C
  2940 : 101010001100 ; -- R:A G:8 B:C
  2941 : 101010001100 ; -- R:A G:8 B:C
  2942 : 101010001100 ; -- R:A G:8 B:C
  2943 : 101010001100 ; -- R:A G:8 B:C
  2944 : 101010001100 ; -- R:A G:8 B:C
  2945 : 101010001100 ; -- R:A G:8 B:C
  2946 : 101010001100 ; -- R:A G:8 B:C
  2947 : 101010001100 ; -- R:A G:8 B:C
  2948 : 101010001100 ; -- R:A G:8 B:C
  2949 : 101010001100 ; -- R:A G:8 B:C
  2950 : 101010001100 ; -- R:A G:8 B:C
  2951 : 101010001100 ; -- R:A G:8 B:C
  2952 : 101010001100 ; -- R:A G:8 B:C
  2953 : 101010001100 ; -- R:A G:8 B:C
  2954 : 101010001100 ; -- R:A G:8 B:C
  2955 : 101010001100 ; -- R:A G:8 B:C
  2956 : 101010001100 ; -- R:A G:8 B:C
  2957 : 101010001100 ; -- R:A G:8 B:C
  2958 : 101010001100 ; -- R:A G:8 B:C
  2959 : 101010001100 ; -- R:A G:8 B:C
  2960 : 101010001100 ; -- R:A G:8 B:C
  2961 : 110010101100 ; -- R:C G:A B:C
  2962 : 111111011001 ; -- R:F G:D B:9
  2963 : 111111011001 ; -- R:F G:D B:9
  2964 : 111111011001 ; -- R:F G:D B:9
  2965 : 111111011001 ; -- R:F G:D B:9
  2966 : 111111011001 ; -- R:F G:D B:9
  2967 : 111111011001 ; -- R:F G:D B:9
  2968 : 111111011001 ; -- R:F G:D B:9
  2969 : 111111011001 ; -- R:F G:D B:9
  2970 : 111111011001 ; -- R:F G:D B:9
  2971 : 111111011001 ; -- R:F G:D B:9
  2972 : 111111011001 ; -- R:F G:D B:9
  2973 : 111111011001 ; -- R:F G:D B:9
  2974 : 111111011001 ; -- R:F G:D B:9
  2975 : 101010001100 ; -- R:A G:8 B:C
  2976 : 101010001100 ; -- R:A G:8 B:C
  2977 : 101010001100 ; -- R:A G:8 B:C
  2978 : 101010001100 ; -- R:A G:8 B:C
  2979 : 101010001100 ; -- R:A G:8 B:C
  2980 : 101010001100 ; -- R:A G:8 B:C
  2981 : 101010001100 ; -- R:A G:8 B:C
  2982 : 101010001100 ; -- R:A G:8 B:C
  2983 : 101010001100 ; -- R:A G:8 B:C
  2984 : 101010001100 ; -- R:A G:8 B:C
  2985 : 101010001100 ; -- R:A G:8 B:C
  2986 : 101010001100 ; -- R:A G:8 B:C
  2987 : 101010001100 ; -- R:A G:8 B:C
  2988 : 101010001100 ; -- R:A G:8 B:C
  2989 : 101010001100 ; -- R:A G:8 B:C
  2990 : 101010001100 ; -- R:A G:8 B:C
  2991 : 101010001100 ; -- R:A G:8 B:C
  2992 : 101010001100 ; -- R:A G:8 B:C
  2993 : 101010001100 ; -- R:A G:8 B:C
  2994 : 101010001100 ; -- R:A G:8 B:C
  2995 : 101010001100 ; -- R:A G:8 B:C
  2996 : 101010001100 ; -- R:A G:8 B:C
  2997 : 101010001100 ; -- R:A G:8 B:C
  2998 : 101010001100 ; -- R:A G:8 B:C
  2999 : 101010001100 ; -- R:A G:8 B:C
  3000 : 101010001100 ; -- R:A G:8 B:C
  3001 : 110110101100 ; -- R:D G:A B:C
  3002 : 110110101100 ; -- R:D G:A B:C
  3003 : 101010001100 ; -- R:A G:8 B:C
  3004 : 101010001100 ; -- R:A G:8 B:C
  3005 : 101010001100 ; -- R:A G:8 B:C
  3006 : 101010001100 ; -- R:A G:8 B:C
  3007 : 101010001100 ; -- R:A G:8 B:C
  3008 : 101010001100 ; -- R:A G:8 B:C
  3009 : 101010001100 ; -- R:A G:8 B:C
  3010 : 101010001100 ; -- R:A G:8 B:C
  3011 : 101010001100 ; -- R:A G:8 B:C
  3012 : 101010001100 ; -- R:A G:8 B:C
  3013 : 101010001100 ; -- R:A G:8 B:C
  3014 : 101010001100 ; -- R:A G:8 B:C
  3015 : 101010001100 ; -- R:A G:8 B:C
  3016 : 101010001100 ; -- R:A G:8 B:C
  3017 : 101011001111 ; -- R:A G:C B:F
  3018 : 101011001111 ; -- R:A G:C B:F
  3019 : 110110101100 ; -- R:D G:A B:C
  3020 : 101010001100 ; -- R:A G:8 B:C
  3021 : 101010001100 ; -- R:A G:8 B:C
  3022 : 101010001100 ; -- R:A G:8 B:C
  3023 : 101010001100 ; -- R:A G:8 B:C
  3024 : 101010001100 ; -- R:A G:8 B:C
  3025 : 101010001100 ; -- R:A G:8 B:C
  3026 : 101010001100 ; -- R:A G:8 B:C
  3027 : 101010001100 ; -- R:A G:8 B:C
  3028 : 101010001100 ; -- R:A G:8 B:C
  3029 : 101010001100 ; -- R:A G:8 B:C
  3030 : 101010001100 ; -- R:A G:8 B:C
  3031 : 101010001100 ; -- R:A G:8 B:C
  3032 : 101010001100 ; -- R:A G:8 B:C
  3033 : 101010001100 ; -- R:A G:8 B:C
  3034 : 101010001100 ; -- R:A G:8 B:C
  3035 : 101010001100 ; -- R:A G:8 B:C
  3036 : 101010001100 ; -- R:A G:8 B:C
  3037 : 101010001100 ; -- R:A G:8 B:C
  3038 : 101010001100 ; -- R:A G:8 B:C
  3039 : 101010001100 ; -- R:A G:8 B:C
  3040 : 101010001100 ; -- R:A G:8 B:C
  3041 : 101010001100 ; -- R:A G:8 B:C
  3042 : 101010001100 ; -- R:A G:8 B:C
  3043 : 101010001100 ; -- R:A G:8 B:C
  3044 : 101010001100 ; -- R:A G:8 B:C
  3045 : 101010001100 ; -- R:A G:8 B:C
  3046 : 101010001100 ; -- R:A G:8 B:C
  3047 : 101010001100 ; -- R:A G:8 B:C
  3048 : 101010001100 ; -- R:A G:8 B:C
  3049 : 101010001100 ; -- R:A G:8 B:C
  3050 : 101010001100 ; -- R:A G:8 B:C
  3051 : 101010001100 ; -- R:A G:8 B:C
  3052 : 101010001100 ; -- R:A G:8 B:C
  3053 : 101010001100 ; -- R:A G:8 B:C
  3054 : 101010001100 ; -- R:A G:8 B:C
  3055 : 101010001100 ; -- R:A G:8 B:C
  3056 : 101010001100 ; -- R:A G:8 B:C
  3057 : 101010001100 ; -- R:A G:8 B:C
  3058 : 101010001100 ; -- R:A G:8 B:C
  3059 : 101010001100 ; -- R:A G:8 B:C
  3060 : 101010001100 ; -- R:A G:8 B:C
  3061 : 101010001100 ; -- R:A G:8 B:C
  3062 : 101010001100 ; -- R:A G:8 B:C
  3063 : 101010001100 ; -- R:A G:8 B:C
  3064 : 101010001100 ; -- R:A G:8 B:C
  3065 : 101010001100 ; -- R:A G:8 B:C
  3066 : 101010001100 ; -- R:A G:8 B:C
  3067 : 101010001100 ; -- R:A G:8 B:C
  3068 : 101010001100 ; -- R:A G:8 B:C
  3069 : 101010001100 ; -- R:A G:8 B:C
  3070 : 101010001100 ; -- R:A G:8 B:C
  3071 : 101010001100 ; -- R:A G:8 B:C
  3072 : 101010001100 ; -- R:A G:8 B:C
  3073 : 101010001100 ; -- R:A G:8 B:C
  3074 : 101010001100 ; -- R:A G:8 B:C
  3075 : 101010001100 ; -- R:A G:8 B:C
  3076 : 101010001100 ; -- R:A G:8 B:C
  3077 : 101010001100 ; -- R:A G:8 B:C
  3078 : 101010001100 ; -- R:A G:8 B:C
  3079 : 101010001100 ; -- R:A G:8 B:C
  3080 : 101010001100 ; -- R:A G:8 B:C
  3081 : 101010001100 ; -- R:A G:8 B:C
  3082 : 101010001100 ; -- R:A G:8 B:C
  3083 : 101010001100 ; -- R:A G:8 B:C
  3084 : 101010001100 ; -- R:A G:8 B:C
  3085 : 101010001100 ; -- R:A G:8 B:C
  3086 : 101010001100 ; -- R:A G:8 B:C
  3087 : 101010001100 ; -- R:A G:8 B:C
  3088 : 101010001100 ; -- R:A G:8 B:C
  3089 : 101010001100 ; -- R:A G:8 B:C
  3090 : 101010001100 ; -- R:A G:8 B:C
  3091 : 101010001100 ; -- R:A G:8 B:C
  3092 : 101010001100 ; -- R:A G:8 B:C
  3093 : 101010001100 ; -- R:A G:8 B:C
  3094 : 101010001100 ; -- R:A G:8 B:C
  3095 : 101010001100 ; -- R:A G:8 B:C
  3096 : 101010001100 ; -- R:A G:8 B:C
  3097 : 101010001100 ; -- R:A G:8 B:C
  3098 : 101010001100 ; -- R:A G:8 B:C
  3099 : 101010001100 ; -- R:A G:8 B:C
  3100 : 101010001100 ; -- R:A G:8 B:C
  3101 : 101010001100 ; -- R:A G:8 B:C
  3102 : 101010001100 ; -- R:A G:8 B:C
  3103 : 101010001100 ; -- R:A G:8 B:C
  3104 : 101010001100 ; -- R:A G:8 B:C
  3105 : 101010001100 ; -- R:A G:8 B:C
  3106 : 101010001100 ; -- R:A G:8 B:C
  3107 : 101010001100 ; -- R:A G:8 B:C
  3108 : 101010001100 ; -- R:A G:8 B:C
  3109 : 101010001100 ; -- R:A G:8 B:C
  3110 : 101010001100 ; -- R:A G:8 B:C
  3111 : 101010001100 ; -- R:A G:8 B:C
  3112 : 101010001100 ; -- R:A G:8 B:C
  3113 : 101010001100 ; -- R:A G:8 B:C
  3114 : 101010001100 ; -- R:A G:8 B:C
  3115 : 101010001100 ; -- R:A G:8 B:C
  3116 : 101010001100 ; -- R:A G:8 B:C
  3117 : 101010001100 ; -- R:A G:8 B:C
  3118 : 101010001100 ; -- R:A G:8 B:C
  3119 : 101010001100 ; -- R:A G:8 B:C
  3120 : 101110001100 ; -- R:B G:8 B:C
  3121 : 111111011001 ; -- R:F G:D B:9
  3122 : 111111011001 ; -- R:F G:D B:9
  3123 : 111111011001 ; -- R:F G:D B:9
  3124 : 111111011001 ; -- R:F G:D B:9
  3125 : 111111011001 ; -- R:F G:D B:9
  3126 : 111111011001 ; -- R:F G:D B:9
  3127 : 111111011001 ; -- R:F G:D B:9
  3128 : 111111011001 ; -- R:F G:D B:9
  3129 : 111111011001 ; -- R:F G:D B:9
  3130 : 111111011001 ; -- R:F G:D B:9
  3131 : 111111011001 ; -- R:F G:D B:9
  3132 : 111111011001 ; -- R:F G:D B:9
  3133 : 111111011001 ; -- R:F G:D B:9
  3134 : 111111011001 ; -- R:F G:D B:9
  3135 : 101010001100 ; -- R:A G:8 B:C
  3136 : 101010001100 ; -- R:A G:8 B:C
  3137 : 101010001100 ; -- R:A G:8 B:C
  3138 : 101010001100 ; -- R:A G:8 B:C
  3139 : 101010001100 ; -- R:A G:8 B:C
  3140 : 101010001100 ; -- R:A G:8 B:C
  3141 : 101010001100 ; -- R:A G:8 B:C
  3142 : 101010001100 ; -- R:A G:8 B:C
  3143 : 101010001100 ; -- R:A G:8 B:C
  3144 : 101010001100 ; -- R:A G:8 B:C
  3145 : 101010001100 ; -- R:A G:8 B:C
  3146 : 101010001100 ; -- R:A G:8 B:C
  3147 : 101010001100 ; -- R:A G:8 B:C
  3148 : 101010001100 ; -- R:A G:8 B:C
  3149 : 101010001100 ; -- R:A G:8 B:C
  3150 : 101010001100 ; -- R:A G:8 B:C
  3151 : 101010001100 ; -- R:A G:8 B:C
  3152 : 101010001100 ; -- R:A G:8 B:C
  3153 : 101010001100 ; -- R:A G:8 B:C
  3154 : 101010001100 ; -- R:A G:8 B:C
  3155 : 101010001100 ; -- R:A G:8 B:C
  3156 : 101010001100 ; -- R:A G:8 B:C
  3157 : 101010001100 ; -- R:A G:8 B:C
  3158 : 101010001100 ; -- R:A G:8 B:C
  3159 : 101010001100 ; -- R:A G:8 B:C
  3160 : 110110101100 ; -- R:D G:A B:C
  3161 : 110110101100 ; -- R:D G:A B:C
  3162 : 101010001100 ; -- R:A G:8 B:C
  3163 : 101010001100 ; -- R:A G:8 B:C
  3164 : 101010001100 ; -- R:A G:8 B:C
  3165 : 101010001100 ; -- R:A G:8 B:C
  3166 : 101010001100 ; -- R:A G:8 B:C
  3167 : 101010001100 ; -- R:A G:8 B:C
  3168 : 101010001100 ; -- R:A G:8 B:C
  3169 : 101010001100 ; -- R:A G:8 B:C
  3170 : 101010001100 ; -- R:A G:8 B:C
  3171 : 101010001100 ; -- R:A G:8 B:C
  3172 : 101010001100 ; -- R:A G:8 B:C
  3173 : 101010001100 ; -- R:A G:8 B:C
  3174 : 101010001100 ; -- R:A G:8 B:C
  3175 : 101010001100 ; -- R:A G:8 B:C
  3176 : 110110101100 ; -- R:D G:A B:C
  3177 : 110110101100 ; -- R:D G:A B:C
  3178 : 101010001100 ; -- R:A G:8 B:C
  3179 : 101010001100 ; -- R:A G:8 B:C
  3180 : 101010001100 ; -- R:A G:8 B:C
  3181 : 101010001100 ; -- R:A G:8 B:C
  3182 : 101010001100 ; -- R:A G:8 B:C
  3183 : 101010001100 ; -- R:A G:8 B:C
  3184 : 101010001100 ; -- R:A G:8 B:C
  3185 : 101010001100 ; -- R:A G:8 B:C
  3186 : 101010001100 ; -- R:A G:8 B:C
  3187 : 101010001100 ; -- R:A G:8 B:C
  3188 : 101010001100 ; -- R:A G:8 B:C
  3189 : 101010001100 ; -- R:A G:8 B:C
  3190 : 101010001100 ; -- R:A G:8 B:C
  3191 : 101010001100 ; -- R:A G:8 B:C
  3192 : 101010001100 ; -- R:A G:8 B:C
  3193 : 101010001100 ; -- R:A G:8 B:C
  3194 : 101010001100 ; -- R:A G:8 B:C
  3195 : 101010001100 ; -- R:A G:8 B:C
  3196 : 101010001100 ; -- R:A G:8 B:C
  3197 : 101010001100 ; -- R:A G:8 B:C
  3198 : 101010001100 ; -- R:A G:8 B:C
  3199 : 101010001100 ; -- R:A G:8 B:C
  3200 : 101010001100 ; -- R:A G:8 B:C
  3201 : 101010001100 ; -- R:A G:8 B:C
  3202 : 101010001100 ; -- R:A G:8 B:C
  3203 : 101010001100 ; -- R:A G:8 B:C
  3204 : 101010001100 ; -- R:A G:8 B:C
  3205 : 101010001100 ; -- R:A G:8 B:C
  3206 : 101010001100 ; -- R:A G:8 B:C
  3207 : 101010001100 ; -- R:A G:8 B:C
  3208 : 101010001100 ; -- R:A G:8 B:C
  3209 : 101010001100 ; -- R:A G:8 B:C
  3210 : 101010001100 ; -- R:A G:8 B:C
  3211 : 101010001100 ; -- R:A G:8 B:C
  3212 : 101010001100 ; -- R:A G:8 B:C
  3213 : 101010001100 ; -- R:A G:8 B:C
  3214 : 101010001100 ; -- R:A G:8 B:C
  3215 : 101010001100 ; -- R:A G:8 B:C
  3216 : 101010001100 ; -- R:A G:8 B:C
  3217 : 101010001100 ; -- R:A G:8 B:C
  3218 : 101010001100 ; -- R:A G:8 B:C
  3219 : 101010001100 ; -- R:A G:8 B:C
  3220 : 101010001100 ; -- R:A G:8 B:C
  3221 : 101010001100 ; -- R:A G:8 B:C
  3222 : 101010001100 ; -- R:A G:8 B:C
  3223 : 101010001100 ; -- R:A G:8 B:C
  3224 : 101010001100 ; -- R:A G:8 B:C
  3225 : 101010001100 ; -- R:A G:8 B:C
  3226 : 101010001100 ; -- R:A G:8 B:C
  3227 : 101010001100 ; -- R:A G:8 B:C
  3228 : 101010001100 ; -- R:A G:8 B:C
  3229 : 101010001100 ; -- R:A G:8 B:C
  3230 : 101010001100 ; -- R:A G:8 B:C
  3231 : 101010001100 ; -- R:A G:8 B:C
  3232 : 101010001100 ; -- R:A G:8 B:C
  3233 : 101010001100 ; -- R:A G:8 B:C
  3234 : 101010001100 ; -- R:A G:8 B:C
  3235 : 101010001100 ; -- R:A G:8 B:C
  3236 : 101010001100 ; -- R:A G:8 B:C
  3237 : 101010001100 ; -- R:A G:8 B:C
  3238 : 101010001100 ; -- R:A G:8 B:C
  3239 : 101010001100 ; -- R:A G:8 B:C
  3240 : 101010001100 ; -- R:A G:8 B:C
  3241 : 101010001100 ; -- R:A G:8 B:C
  3242 : 101010001100 ; -- R:A G:8 B:C
  3243 : 101010001100 ; -- R:A G:8 B:C
  3244 : 101010001100 ; -- R:A G:8 B:C
  3245 : 101010001100 ; -- R:A G:8 B:C
  3246 : 101010001100 ; -- R:A G:8 B:C
  3247 : 101010001100 ; -- R:A G:8 B:C
  3248 : 101010001100 ; -- R:A G:8 B:C
  3249 : 101010001100 ; -- R:A G:8 B:C
  3250 : 101010001100 ; -- R:A G:8 B:C
  3251 : 101010001100 ; -- R:A G:8 B:C
  3252 : 101010001100 ; -- R:A G:8 B:C
  3253 : 101010001100 ; -- R:A G:8 B:C
  3254 : 101010001100 ; -- R:A G:8 B:C
  3255 : 101010001100 ; -- R:A G:8 B:C
  3256 : 101010001100 ; -- R:A G:8 B:C
  3257 : 101010001100 ; -- R:A G:8 B:C
  3258 : 101010001100 ; -- R:A G:8 B:C
  3259 : 101010001100 ; -- R:A G:8 B:C
  3260 : 101010001100 ; -- R:A G:8 B:C
  3261 : 101010001100 ; -- R:A G:8 B:C
  3262 : 101010001100 ; -- R:A G:8 B:C
  3263 : 101010001100 ; -- R:A G:8 B:C
  3264 : 101010001100 ; -- R:A G:8 B:C
  3265 : 101010001100 ; -- R:A G:8 B:C
  3266 : 101010001100 ; -- R:A G:8 B:C
  3267 : 101010001100 ; -- R:A G:8 B:C
  3268 : 101010001100 ; -- R:A G:8 B:C
  3269 : 101010001100 ; -- R:A G:8 B:C
  3270 : 101010001100 ; -- R:A G:8 B:C
  3271 : 101010001100 ; -- R:A G:8 B:C
  3272 : 101010001100 ; -- R:A G:8 B:C
  3273 : 101010001100 ; -- R:A G:8 B:C
  3274 : 101010001100 ; -- R:A G:8 B:C
  3275 : 101010001100 ; -- R:A G:8 B:C
  3276 : 101010001100 ; -- R:A G:8 B:C
  3277 : 101010001100 ; -- R:A G:8 B:C
  3278 : 101010001100 ; -- R:A G:8 B:C
  3279 : 101010001100 ; -- R:A G:8 B:C
  3280 : 111111011001 ; -- R:F G:D B:9
  3281 : 111111011001 ; -- R:F G:D B:9
  3282 : 111111011001 ; -- R:F G:D B:9
  3283 : 111111011001 ; -- R:F G:D B:9
  3284 : 111111011001 ; -- R:F G:D B:9
  3285 : 111111011001 ; -- R:F G:D B:9
  3286 : 111111011001 ; -- R:F G:D B:9
  3287 : 111111011001 ; -- R:F G:D B:9
  3288 : 111111011001 ; -- R:F G:D B:9
  3289 : 111111011001 ; -- R:F G:D B:9
  3290 : 111111011001 ; -- R:F G:D B:9
  3291 : 111111011001 ; -- R:F G:D B:9
  3292 : 111111011001 ; -- R:F G:D B:9
  3293 : 111111011001 ; -- R:F G:D B:9
  3294 : 111111011001 ; -- R:F G:D B:9
  3295 : 101010001100 ; -- R:A G:8 B:C
  3296 : 101010001100 ; -- R:A G:8 B:C
  3297 : 101010001100 ; -- R:A G:8 B:C
  3298 : 101010001100 ; -- R:A G:8 B:C
  3299 : 101010001100 ; -- R:A G:8 B:C
  3300 : 101010001100 ; -- R:A G:8 B:C
  3301 : 101010001100 ; -- R:A G:8 B:C
  3302 : 101010001100 ; -- R:A G:8 B:C
  3303 : 101010001100 ; -- R:A G:8 B:C
  3304 : 101010001100 ; -- R:A G:8 B:C
  3305 : 101010001100 ; -- R:A G:8 B:C
  3306 : 101010001100 ; -- R:A G:8 B:C
  3307 : 101010001100 ; -- R:A G:8 B:C
  3308 : 101010001100 ; -- R:A G:8 B:C
  3309 : 101010001100 ; -- R:A G:8 B:C
  3310 : 101010001100 ; -- R:A G:8 B:C
  3311 : 101010001100 ; -- R:A G:8 B:C
  3312 : 101010001100 ; -- R:A G:8 B:C
  3313 : 101010001100 ; -- R:A G:8 B:C
  3314 : 101010001100 ; -- R:A G:8 B:C
  3315 : 101010001100 ; -- R:A G:8 B:C
  3316 : 101010001100 ; -- R:A G:8 B:C
  3317 : 101010001100 ; -- R:A G:8 B:C
  3318 : 101010001100 ; -- R:A G:8 B:C
  3319 : 110110101100 ; -- R:D G:A B:C
  3320 : 110110101100 ; -- R:D G:A B:C
  3321 : 101010001100 ; -- R:A G:8 B:C
  3322 : 101010001100 ; -- R:A G:8 B:C
  3323 : 101010001100 ; -- R:A G:8 B:C
  3324 : 101010001100 ; -- R:A G:8 B:C
  3325 : 101010001100 ; -- R:A G:8 B:C
  3326 : 101010001100 ; -- R:A G:8 B:C
  3327 : 101010001100 ; -- R:A G:8 B:C
  3328 : 101010001100 ; -- R:A G:8 B:C
  3329 : 101010001100 ; -- R:A G:8 B:C
  3330 : 101010001100 ; -- R:A G:8 B:C
  3331 : 101010001100 ; -- R:A G:8 B:C
  3332 : 101010001100 ; -- R:A G:8 B:C
  3333 : 101010001100 ; -- R:A G:8 B:C
  3334 : 101010001100 ; -- R:A G:8 B:C
  3335 : 110010101100 ; -- R:C G:A B:C
  3336 : 101011001111 ; -- R:A G:C B:F
  3337 : 101010001100 ; -- R:A G:8 B:C
  3338 : 101010001100 ; -- R:A G:8 B:C
  3339 : 101010001100 ; -- R:A G:8 B:C
  3340 : 101010001100 ; -- R:A G:8 B:C
  3341 : 101010001100 ; -- R:A G:8 B:C
  3342 : 101010001100 ; -- R:A G:8 B:C
  3343 : 101010001100 ; -- R:A G:8 B:C
  3344 : 101010001100 ; -- R:A G:8 B:C
  3345 : 101010001100 ; -- R:A G:8 B:C
  3346 : 101010001100 ; -- R:A G:8 B:C
  3347 : 101010001100 ; -- R:A G:8 B:C
  3348 : 101010001100 ; -- R:A G:8 B:C
  3349 : 101010001100 ; -- R:A G:8 B:C
  3350 : 101010001100 ; -- R:A G:8 B:C
  3351 : 101010001100 ; -- R:A G:8 B:C
  3352 : 101010001100 ; -- R:A G:8 B:C
  3353 : 101010001100 ; -- R:A G:8 B:C
  3354 : 101010001100 ; -- R:A G:8 B:C
  3355 : 101010001100 ; -- R:A G:8 B:C
  3356 : 101010001100 ; -- R:A G:8 B:C
  3357 : 101010001100 ; -- R:A G:8 B:C
  3358 : 101010001100 ; -- R:A G:8 B:C
  3359 : 101010001100 ; -- R:A G:8 B:C
  3360 : 101010001100 ; -- R:A G:8 B:C
  3361 : 101010001100 ; -- R:A G:8 B:C
  3362 : 101010001100 ; -- R:A G:8 B:C
  3363 : 101010001100 ; -- R:A G:8 B:C
  3364 : 101010001100 ; -- R:A G:8 B:C
  3365 : 101010001100 ; -- R:A G:8 B:C
  3366 : 101010001100 ; -- R:A G:8 B:C
  3367 : 101010001100 ; -- R:A G:8 B:C
  3368 : 101010001100 ; -- R:A G:8 B:C
  3369 : 101010001100 ; -- R:A G:8 B:C
  3370 : 101010001100 ; -- R:A G:8 B:C
  3371 : 101010001100 ; -- R:A G:8 B:C
  3372 : 101010001100 ; -- R:A G:8 B:C
  3373 : 101010001100 ; -- R:A G:8 B:C
  3374 : 101010001100 ; -- R:A G:8 B:C
  3375 : 101010001100 ; -- R:A G:8 B:C
  3376 : 101010001100 ; -- R:A G:8 B:C
  3377 : 101010001100 ; -- R:A G:8 B:C
  3378 : 101010001100 ; -- R:A G:8 B:C
  3379 : 101010001100 ; -- R:A G:8 B:C
  3380 : 101010001100 ; -- R:A G:8 B:C
  3381 : 101010001100 ; -- R:A G:8 B:C
  3382 : 101010001100 ; -- R:A G:8 B:C
  3383 : 101010001100 ; -- R:A G:8 B:C
  3384 : 101010001100 ; -- R:A G:8 B:C
  3385 : 101010001100 ; -- R:A G:8 B:C
  3386 : 101010001100 ; -- R:A G:8 B:C
  3387 : 101010001100 ; -- R:A G:8 B:C
  3388 : 101010001100 ; -- R:A G:8 B:C
  3389 : 101010001100 ; -- R:A G:8 B:C
  3390 : 101010001100 ; -- R:A G:8 B:C
  3391 : 101010001100 ; -- R:A G:8 B:C
  3392 : 101010001100 ; -- R:A G:8 B:C
  3393 : 101010001100 ; -- R:A G:8 B:C
  3394 : 101010001100 ; -- R:A G:8 B:C
  3395 : 101010001100 ; -- R:A G:8 B:C
  3396 : 101010001100 ; -- R:A G:8 B:C
  3397 : 101010001100 ; -- R:A G:8 B:C
  3398 : 101010001100 ; -- R:A G:8 B:C
  3399 : 101010001100 ; -- R:A G:8 B:C
  3400 : 101010001100 ; -- R:A G:8 B:C
  3401 : 101010001100 ; -- R:A G:8 B:C
  3402 : 101010001100 ; -- R:A G:8 B:C
  3403 : 101010001100 ; -- R:A G:8 B:C
  3404 : 101010001100 ; -- R:A G:8 B:C
  3405 : 101010001100 ; -- R:A G:8 B:C
  3406 : 101010001100 ; -- R:A G:8 B:C
  3407 : 101010001100 ; -- R:A G:8 B:C
  3408 : 101010001100 ; -- R:A G:8 B:C
  3409 : 101010001100 ; -- R:A G:8 B:C
  3410 : 101010001100 ; -- R:A G:8 B:C
  3411 : 101010001100 ; -- R:A G:8 B:C
  3412 : 101010001100 ; -- R:A G:8 B:C
  3413 : 101010001100 ; -- R:A G:8 B:C
  3414 : 101010001100 ; -- R:A G:8 B:C
  3415 : 101010001100 ; -- R:A G:8 B:C
  3416 : 101010001100 ; -- R:A G:8 B:C
  3417 : 101010001100 ; -- R:A G:8 B:C
  3418 : 101010001100 ; -- R:A G:8 B:C
  3419 : 101010001100 ; -- R:A G:8 B:C
  3420 : 101010001100 ; -- R:A G:8 B:C
  3421 : 101010001100 ; -- R:A G:8 B:C
  3422 : 101010001100 ; -- R:A G:8 B:C
  3423 : 101010001100 ; -- R:A G:8 B:C
  3424 : 101010001100 ; -- R:A G:8 B:C
  3425 : 101010001100 ; -- R:A G:8 B:C
  3426 : 101010001100 ; -- R:A G:8 B:C
  3427 : 101010001100 ; -- R:A G:8 B:C
  3428 : 101010001100 ; -- R:A G:8 B:C
  3429 : 101010001100 ; -- R:A G:8 B:C
  3430 : 101010001100 ; -- R:A G:8 B:C
  3431 : 101010001100 ; -- R:A G:8 B:C
  3432 : 101010001100 ; -- R:A G:8 B:C
  3433 : 101010001100 ; -- R:A G:8 B:C
  3434 : 101010001100 ; -- R:A G:8 B:C
  3435 : 101010001100 ; -- R:A G:8 B:C
  3436 : 101010001100 ; -- R:A G:8 B:C
  3437 : 101010001100 ; -- R:A G:8 B:C
  3438 : 101010001100 ; -- R:A G:8 B:C
  3439 : 111111011001 ; -- R:F G:D B:9
  3440 : 111111011001 ; -- R:F G:D B:9
  3441 : 111111011001 ; -- R:F G:D B:9
  3442 : 111111011001 ; -- R:F G:D B:9
  3443 : 111111011001 ; -- R:F G:D B:9
  3444 : 111111011001 ; -- R:F G:D B:9
  3445 : 111111011001 ; -- R:F G:D B:9
  3446 : 111111011001 ; -- R:F G:D B:9
  3447 : 111111011001 ; -- R:F G:D B:9
  3448 : 111111011001 ; -- R:F G:D B:9
  3449 : 111111011001 ; -- R:F G:D B:9
  3450 : 111111011001 ; -- R:F G:D B:9
  3451 : 111111011001 ; -- R:F G:D B:9
  3452 : 111111011001 ; -- R:F G:D B:9
  3453 : 111111011001 ; -- R:F G:D B:9
  3454 : 110110101100 ; -- R:D G:A B:C
  3455 : 101010001100 ; -- R:A G:8 B:C
  3456 : 101010001100 ; -- R:A G:8 B:C
  3457 : 101010001100 ; -- R:A G:8 B:C
  3458 : 101010001100 ; -- R:A G:8 B:C
  3459 : 101010001100 ; -- R:A G:8 B:C
  3460 : 101010001100 ; -- R:A G:8 B:C
  3461 : 101010001100 ; -- R:A G:8 B:C
  3462 : 101010001100 ; -- R:A G:8 B:C
  3463 : 101010001100 ; -- R:A G:8 B:C
  3464 : 101010001100 ; -- R:A G:8 B:C
  3465 : 101010001100 ; -- R:A G:8 B:C
  3466 : 101010001100 ; -- R:A G:8 B:C
  3467 : 101010001100 ; -- R:A G:8 B:C
  3468 : 101010001100 ; -- R:A G:8 B:C
  3469 : 101010001100 ; -- R:A G:8 B:C
  3470 : 101010001100 ; -- R:A G:8 B:C
  3471 : 101010001100 ; -- R:A G:8 B:C
  3472 : 101010001100 ; -- R:A G:8 B:C
  3473 : 101010001100 ; -- R:A G:8 B:C
  3474 : 101010001100 ; -- R:A G:8 B:C
  3475 : 101010001100 ; -- R:A G:8 B:C
  3476 : 101010001100 ; -- R:A G:8 B:C
  3477 : 101010001100 ; -- R:A G:8 B:C
  3478 : 110110101100 ; -- R:D G:A B:C
  3479 : 110110101100 ; -- R:D G:A B:C
  3480 : 101010001100 ; -- R:A G:8 B:C
  3481 : 101010001100 ; -- R:A G:8 B:C
  3482 : 101010001100 ; -- R:A G:8 B:C
  3483 : 101010001100 ; -- R:A G:8 B:C
  3484 : 101010001100 ; -- R:A G:8 B:C
  3485 : 101010001100 ; -- R:A G:8 B:C
  3486 : 101010001100 ; -- R:A G:8 B:C
  3487 : 101010001100 ; -- R:A G:8 B:C
  3488 : 101010001100 ; -- R:A G:8 B:C
  3489 : 101010001100 ; -- R:A G:8 B:C
  3490 : 101010001100 ; -- R:A G:8 B:C
  3491 : 101010001100 ; -- R:A G:8 B:C
  3492 : 101010001100 ; -- R:A G:8 B:C
  3493 : 101010001100 ; -- R:A G:8 B:C
  3494 : 101110011100 ; -- R:B G:9 B:C
  3495 : 101011001111 ; -- R:A G:C B:F
  3496 : 101110011100 ; -- R:B G:9 B:C
  3497 : 101010001100 ; -- R:A G:8 B:C
  3498 : 101010001100 ; -- R:A G:8 B:C
  3499 : 101010001100 ; -- R:A G:8 B:C
  3500 : 101010001100 ; -- R:A G:8 B:C
  3501 : 101010001100 ; -- R:A G:8 B:C
  3502 : 101010001100 ; -- R:A G:8 B:C
  3503 : 101010001100 ; -- R:A G:8 B:C
  3504 : 101010001100 ; -- R:A G:8 B:C
  3505 : 101010001100 ; -- R:A G:8 B:C
  3506 : 101010001100 ; -- R:A G:8 B:C
  3507 : 101010001100 ; -- R:A G:8 B:C
  3508 : 101010001100 ; -- R:A G:8 B:C
  3509 : 101010001100 ; -- R:A G:8 B:C
  3510 : 101010001100 ; -- R:A G:8 B:C
  3511 : 101010001100 ; -- R:A G:8 B:C
  3512 : 101010001100 ; -- R:A G:8 B:C
  3513 : 101010001100 ; -- R:A G:8 B:C
  3514 : 101010001100 ; -- R:A G:8 B:C
  3515 : 101010001100 ; -- R:A G:8 B:C
  3516 : 101010001100 ; -- R:A G:8 B:C
  3517 : 101010001100 ; -- R:A G:8 B:C
  3518 : 101010001100 ; -- R:A G:8 B:C
  3519 : 101010001100 ; -- R:A G:8 B:C
  3520 : 101010001100 ; -- R:A G:8 B:C
  3521 : 101010001100 ; -- R:A G:8 B:C
  3522 : 101010001100 ; -- R:A G:8 B:C
  3523 : 101010001100 ; -- R:A G:8 B:C
  3524 : 101010001100 ; -- R:A G:8 B:C
  3525 : 101010001100 ; -- R:A G:8 B:C
  3526 : 101010001100 ; -- R:A G:8 B:C
  3527 : 101010001100 ; -- R:A G:8 B:C
  3528 : 101010001100 ; -- R:A G:8 B:C
  3529 : 101010001100 ; -- R:A G:8 B:C
  3530 : 101010001100 ; -- R:A G:8 B:C
  3531 : 101010001100 ; -- R:A G:8 B:C
  3532 : 101010001100 ; -- R:A G:8 B:C
  3533 : 101010001100 ; -- R:A G:8 B:C
  3534 : 101010001100 ; -- R:A G:8 B:C
  3535 : 101010001100 ; -- R:A G:8 B:C
  3536 : 101010001100 ; -- R:A G:8 B:C
  3537 : 101010001100 ; -- R:A G:8 B:C
  3538 : 101010001100 ; -- R:A G:8 B:C
  3539 : 101010001100 ; -- R:A G:8 B:C
  3540 : 101010001100 ; -- R:A G:8 B:C
  3541 : 101010001100 ; -- R:A G:8 B:C
  3542 : 101010001100 ; -- R:A G:8 B:C
  3543 : 101010001100 ; -- R:A G:8 B:C
  3544 : 101010001100 ; -- R:A G:8 B:C
  3545 : 101010001100 ; -- R:A G:8 B:C
  3546 : 101010001100 ; -- R:A G:8 B:C
  3547 : 101010001100 ; -- R:A G:8 B:C
  3548 : 101010001100 ; -- R:A G:8 B:C
  3549 : 101010001100 ; -- R:A G:8 B:C
  3550 : 101010001100 ; -- R:A G:8 B:C
  3551 : 101010001100 ; -- R:A G:8 B:C
  3552 : 101010001100 ; -- R:A G:8 B:C
  3553 : 101010001100 ; -- R:A G:8 B:C
  3554 : 101010001100 ; -- R:A G:8 B:C
  3555 : 101010001100 ; -- R:A G:8 B:C
  3556 : 101010001100 ; -- R:A G:8 B:C
  3557 : 101010001100 ; -- R:A G:8 B:C
  3558 : 101010001100 ; -- R:A G:8 B:C
  3559 : 101010001100 ; -- R:A G:8 B:C
  3560 : 101010001100 ; -- R:A G:8 B:C
  3561 : 101010001100 ; -- R:A G:8 B:C
  3562 : 101010001100 ; -- R:A G:8 B:C
  3563 : 101010001100 ; -- R:A G:8 B:C
  3564 : 101010001100 ; -- R:A G:8 B:C
  3565 : 101010001100 ; -- R:A G:8 B:C
  3566 : 101010001100 ; -- R:A G:8 B:C
  3567 : 101010001100 ; -- R:A G:8 B:C
  3568 : 101010001100 ; -- R:A G:8 B:C
  3569 : 101010001100 ; -- R:A G:8 B:C
  3570 : 101010001100 ; -- R:A G:8 B:C
  3571 : 101010001100 ; -- R:A G:8 B:C
  3572 : 101010001100 ; -- R:A G:8 B:C
  3573 : 101010001100 ; -- R:A G:8 B:C
  3574 : 101010001100 ; -- R:A G:8 B:C
  3575 : 101010001100 ; -- R:A G:8 B:C
  3576 : 101010001100 ; -- R:A G:8 B:C
  3577 : 101010001100 ; -- R:A G:8 B:C
  3578 : 101010001100 ; -- R:A G:8 B:C
  3579 : 101010001100 ; -- R:A G:8 B:C
  3580 : 101010001100 ; -- R:A G:8 B:C
  3581 : 101110011100 ; -- R:B G:9 B:C
  3582 : 101010001100 ; -- R:A G:8 B:C
  3583 : 101010001100 ; -- R:A G:8 B:C
  3584 : 101010001100 ; -- R:A G:8 B:C
  3585 : 101110001100 ; -- R:B G:8 B:C
  3586 : 101110001100 ; -- R:B G:8 B:C
  3587 : 101010001100 ; -- R:A G:8 B:C
  3588 : 101010001100 ; -- R:A G:8 B:C
  3589 : 101010001100 ; -- R:A G:8 B:C
  3590 : 101010001100 ; -- R:A G:8 B:C
  3591 : 101010001100 ; -- R:A G:8 B:C
  3592 : 101110001100 ; -- R:B G:8 B:C
  3593 : 101110001100 ; -- R:B G:8 B:C
  3594 : 101010001100 ; -- R:A G:8 B:C
  3595 : 101010001100 ; -- R:A G:8 B:C
  3596 : 101010001100 ; -- R:A G:8 B:C
  3597 : 110010011100 ; -- R:C G:9 B:C
  3598 : 111111011001 ; -- R:F G:D B:9
  3599 : 111111011001 ; -- R:F G:D B:9
  3600 : 111111011001 ; -- R:F G:D B:9
  3601 : 111111011001 ; -- R:F G:D B:9
  3602 : 111111011001 ; -- R:F G:D B:9
  3603 : 111111011001 ; -- R:F G:D B:9
  3604 : 111111011001 ; -- R:F G:D B:9
  3605 : 111111011001 ; -- R:F G:D B:9
  3606 : 111111011001 ; -- R:F G:D B:9
  3607 : 111111011001 ; -- R:F G:D B:9
  3608 : 111111011001 ; -- R:F G:D B:9
  3609 : 111111011001 ; -- R:F G:D B:9
  3610 : 111111011001 ; -- R:F G:D B:9
  3611 : 111111011001 ; -- R:F G:D B:9
  3612 : 111111011001 ; -- R:F G:D B:9
  3613 : 111111011001 ; -- R:F G:D B:9
  3614 : 110010101100 ; -- R:C G:A B:C
  3615 : 101010001100 ; -- R:A G:8 B:C
  3616 : 101110001100 ; -- R:B G:8 B:C
  3617 : 101010001100 ; -- R:A G:8 B:C
  3618 : 101010001100 ; -- R:A G:8 B:C
  3619 : 101010001100 ; -- R:A G:8 B:C
  3620 : 101010001100 ; -- R:A G:8 B:C
  3621 : 101010001100 ; -- R:A G:8 B:C
  3622 : 101010001100 ; -- R:A G:8 B:C
  3623 : 101010001100 ; -- R:A G:8 B:C
  3624 : 101010001100 ; -- R:A G:8 B:C
  3625 : 101010001100 ; -- R:A G:8 B:C
  3626 : 101010001100 ; -- R:A G:8 B:C
  3627 : 101010001100 ; -- R:A G:8 B:C
  3628 : 101010001100 ; -- R:A G:8 B:C
  3629 : 101010001100 ; -- R:A G:8 B:C
  3630 : 101010001100 ; -- R:A G:8 B:C
  3631 : 101010001100 ; -- R:A G:8 B:C
  3632 : 101010001100 ; -- R:A G:8 B:C
  3633 : 101010001100 ; -- R:A G:8 B:C
  3634 : 101010001100 ; -- R:A G:8 B:C
  3635 : 101110001100 ; -- R:B G:8 B:C
  3636 : 101010001100 ; -- R:A G:8 B:C
  3637 : 101010111110 ; -- R:A G:B B:E
  3638 : 110110101100 ; -- R:D G:A B:C
  3639 : 101010001100 ; -- R:A G:8 B:C
  3640 : 101010001100 ; -- R:A G:8 B:C
  3641 : 101010001100 ; -- R:A G:8 B:C
  3642 : 101010001100 ; -- R:A G:8 B:C
  3643 : 101010001100 ; -- R:A G:8 B:C
  3644 : 101010001100 ; -- R:A G:8 B:C
  3645 : 101010001100 ; -- R:A G:8 B:C
  3646 : 101010001100 ; -- R:A G:8 B:C
  3647 : 101010001100 ; -- R:A G:8 B:C
  3648 : 101010001100 ; -- R:A G:8 B:C
  3649 : 101010001100 ; -- R:A G:8 B:C
  3650 : 101010001100 ; -- R:A G:8 B:C
  3651 : 101010001100 ; -- R:A G:8 B:C
  3652 : 101010001100 ; -- R:A G:8 B:C
  3653 : 101010001100 ; -- R:A G:8 B:C
  3654 : 110110101100 ; -- R:D G:A B:C
  3655 : 101010111110 ; -- R:A G:B B:E
  3656 : 101010001100 ; -- R:A G:8 B:C
  3657 : 101110001100 ; -- R:B G:8 B:C
  3658 : 101010001100 ; -- R:A G:8 B:C
  3659 : 101010001100 ; -- R:A G:8 B:C
  3660 : 101010001100 ; -- R:A G:8 B:C
  3661 : 101010001100 ; -- R:A G:8 B:C
  3662 : 101010001100 ; -- R:A G:8 B:C
  3663 : 101010001100 ; -- R:A G:8 B:C
  3664 : 101010001100 ; -- R:A G:8 B:C
  3665 : 101010001100 ; -- R:A G:8 B:C
  3666 : 101010001100 ; -- R:A G:8 B:C
  3667 : 101010001100 ; -- R:A G:8 B:C
  3668 : 101010001100 ; -- R:A G:8 B:C
  3669 : 101010001100 ; -- R:A G:8 B:C
  3670 : 101010001100 ; -- R:A G:8 B:C
  3671 : 101010001100 ; -- R:A G:8 B:C
  3672 : 101010001100 ; -- R:A G:8 B:C
  3673 : 101010001100 ; -- R:A G:8 B:C
  3674 : 101010001100 ; -- R:A G:8 B:C
  3675 : 101010001100 ; -- R:A G:8 B:C
  3676 : 101010001100 ; -- R:A G:8 B:C
  3677 : 101010001100 ; -- R:A G:8 B:C
  3678 : 101010001100 ; -- R:A G:8 B:C
  3679 : 101010001100 ; -- R:A G:8 B:C
  3680 : 101110001100 ; -- R:B G:8 B:C
  3681 : 101110001100 ; -- R:B G:8 B:C
  3682 : 101110001100 ; -- R:B G:8 B:C
  3683 : 101110001100 ; -- R:B G:8 B:C
  3684 : 101110001100 ; -- R:B G:8 B:C
  3685 : 101110001100 ; -- R:B G:8 B:C
  3686 : 101110001100 ; -- R:B G:8 B:C
  3687 : 101110001100 ; -- R:B G:8 B:C
  3688 : 101110001100 ; -- R:B G:8 B:C
  3689 : 101110001100 ; -- R:B G:8 B:C
  3690 : 101110001100 ; -- R:B G:8 B:C
  3691 : 101110001100 ; -- R:B G:8 B:C
  3692 : 101110001100 ; -- R:B G:8 B:C
  3693 : 101110001100 ; -- R:B G:8 B:C
  3694 : 101110001100 ; -- R:B G:8 B:C
  3695 : 101110001100 ; -- R:B G:8 B:C
  3696 : 101110001100 ; -- R:B G:8 B:C
  3697 : 101110001100 ; -- R:B G:8 B:C
  3698 : 101110001100 ; -- R:B G:8 B:C
  3699 : 101110001100 ; -- R:B G:8 B:C
  3700 : 101110001100 ; -- R:B G:8 B:C
  3701 : 101110001100 ; -- R:B G:8 B:C
  3702 : 101110001100 ; -- R:B G:8 B:C
  3703 : 101110001100 ; -- R:B G:8 B:C
  3704 : 101110001100 ; -- R:B G:8 B:C
  3705 : 101110001100 ; -- R:B G:8 B:C
  3706 : 101110001100 ; -- R:B G:8 B:C
  3707 : 101110001100 ; -- R:B G:8 B:C
  3708 : 101110001100 ; -- R:B G:8 B:C
  3709 : 101010001100 ; -- R:A G:8 B:C
  3710 : 101110011100 ; -- R:B G:9 B:C
  3711 : 101110011100 ; -- R:B G:9 B:C
  3712 : 101010001100 ; -- R:A G:8 B:C
  3713 : 101110001100 ; -- R:B G:8 B:C
  3714 : 101110001100 ; -- R:B G:8 B:C
  3715 : 101110001100 ; -- R:B G:8 B:C
  3716 : 101110001100 ; -- R:B G:8 B:C
  3717 : 101110001100 ; -- R:B G:8 B:C
  3718 : 101110001100 ; -- R:B G:8 B:C
  3719 : 101110001100 ; -- R:B G:8 B:C
  3720 : 101110001100 ; -- R:B G:8 B:C
  3721 : 101110001100 ; -- R:B G:8 B:C
  3722 : 101110001100 ; -- R:B G:8 B:C
  3723 : 101110001100 ; -- R:B G:8 B:C
  3724 : 101110001100 ; -- R:B G:8 B:C
  3725 : 101110001100 ; -- R:B G:8 B:C
  3726 : 101110001100 ; -- R:B G:8 B:C
  3727 : 101110001100 ; -- R:B G:8 B:C
  3728 : 101110001100 ; -- R:B G:8 B:C
  3729 : 101110001100 ; -- R:B G:8 B:C
  3730 : 101110001100 ; -- R:B G:8 B:C
  3731 : 101110001100 ; -- R:B G:8 B:C
  3732 : 101110001100 ; -- R:B G:8 B:C
  3733 : 101110001100 ; -- R:B G:8 B:C
  3734 : 101110001100 ; -- R:B G:8 B:C
  3735 : 101110001100 ; -- R:B G:8 B:C
  3736 : 101110001100 ; -- R:B G:8 B:C
  3737 : 101110001100 ; -- R:B G:8 B:C
  3738 : 101110001100 ; -- R:B G:8 B:C
  3739 : 101110001100 ; -- R:B G:8 B:C
  3740 : 101010001100 ; -- R:A G:8 B:C
  3741 : 110110101100 ; -- R:D G:A B:C
  3742 : 111111011001 ; -- R:F G:D B:9
  3743 : 101110011100 ; -- R:B G:9 B:C
  3744 : 101010001100 ; -- R:A G:8 B:C
  3745 : 101010001100 ; -- R:A G:8 B:C
  3746 : 101010001100 ; -- R:A G:8 B:C
  3747 : 101010001100 ; -- R:A G:8 B:C
  3748 : 101010001100 ; -- R:A G:8 B:C
  3749 : 101010001100 ; -- R:A G:8 B:C
  3750 : 101010001100 ; -- R:A G:8 B:C
  3751 : 101010001100 ; -- R:A G:8 B:C
  3752 : 101010001100 ; -- R:A G:8 B:C
  3753 : 101010001100 ; -- R:A G:8 B:C
  3754 : 101010001100 ; -- R:A G:8 B:C
  3755 : 110010011100 ; -- R:C G:9 B:C
  3756 : 111111011001 ; -- R:F G:D B:9
  3757 : 111111011001 ; -- R:F G:D B:9
  3758 : 111111011001 ; -- R:F G:D B:9
  3759 : 111111011001 ; -- R:F G:D B:9
  3760 : 111111011001 ; -- R:F G:D B:9
  3761 : 111111011001 ; -- R:F G:D B:9
  3762 : 111111011001 ; -- R:F G:D B:9
  3763 : 111111011001 ; -- R:F G:D B:9
  3764 : 111111011001 ; -- R:F G:D B:9
  3765 : 111111011001 ; -- R:F G:D B:9
  3766 : 111111011001 ; -- R:F G:D B:9
  3767 : 111111011001 ; -- R:F G:D B:9
  3768 : 111111011001 ; -- R:F G:D B:9
  3769 : 111111011001 ; -- R:F G:D B:9
  3770 : 111111011001 ; -- R:F G:D B:9
  3771 : 111111011001 ; -- R:F G:D B:9
  3772 : 111111011001 ; -- R:F G:D B:9
  3773 : 111111011001 ; -- R:F G:D B:9
  3774 : 101110011100 ; -- R:B G:9 B:C
  3775 : 101010001100 ; -- R:A G:8 B:C
  3776 : 101110001100 ; -- R:B G:8 B:C
  3777 : 101110001100 ; -- R:B G:8 B:C
  3778 : 101110001100 ; -- R:B G:8 B:C
  3779 : 101110001100 ; -- R:B G:8 B:C
  3780 : 101110001100 ; -- R:B G:8 B:C
  3781 : 101110001100 ; -- R:B G:8 B:C
  3782 : 101110001100 ; -- R:B G:8 B:C
  3783 : 101110001100 ; -- R:B G:8 B:C
  3784 : 101110001100 ; -- R:B G:8 B:C
  3785 : 101110001100 ; -- R:B G:8 B:C
  3786 : 101110001100 ; -- R:B G:8 B:C
  3787 : 101110001100 ; -- R:B G:8 B:C
  3788 : 101110001100 ; -- R:B G:8 B:C
  3789 : 101110001100 ; -- R:B G:8 B:C
  3790 : 101110001100 ; -- R:B G:8 B:C
  3791 : 101110001100 ; -- R:B G:8 B:C
  3792 : 101110001100 ; -- R:B G:8 B:C
  3793 : 101110001100 ; -- R:B G:8 B:C
  3794 : 101110001100 ; -- R:B G:8 B:C
  3795 : 101010001100 ; -- R:A G:8 B:C
  3796 : 101010111110 ; -- R:A G:B B:E
  3797 : 110110101100 ; -- R:D G:A B:C
  3798 : 101110001100 ; -- R:B G:8 B:C
  3799 : 101010001100 ; -- R:A G:8 B:C
  3800 : 101110001100 ; -- R:B G:8 B:C
  3801 : 101010001100 ; -- R:A G:8 B:C
  3802 : 101110001100 ; -- R:B G:8 B:C
  3803 : 101110001100 ; -- R:B G:8 B:C
  3804 : 101110001100 ; -- R:B G:8 B:C
  3805 : 101110001100 ; -- R:B G:8 B:C
  3806 : 101110001100 ; -- R:B G:8 B:C
  3807 : 101110001100 ; -- R:B G:8 B:C
  3808 : 101110001100 ; -- R:B G:8 B:C
  3809 : 101110001100 ; -- R:B G:8 B:C
  3810 : 101010001100 ; -- R:A G:8 B:C
  3811 : 101110011100 ; -- R:B G:9 B:C
  3812 : 110010101100 ; -- R:C G:A B:C
  3813 : 110110101100 ; -- R:D G:A B:C
  3814 : 110110101100 ; -- R:D G:A B:C
  3815 : 101010001100 ; -- R:A G:8 B:C
  3816 : 101110001100 ; -- R:B G:8 B:C
  3817 : 101110001100 ; -- R:B G:8 B:C
  3818 : 101110001100 ; -- R:B G:8 B:C
  3819 : 101110001100 ; -- R:B G:8 B:C
  3820 : 101110001100 ; -- R:B G:8 B:C
  3821 : 101110001100 ; -- R:B G:8 B:C
  3822 : 101110001100 ; -- R:B G:8 B:C
  3823 : 101110001100 ; -- R:B G:8 B:C
  3824 : 101110001100 ; -- R:B G:8 B:C
  3825 : 101110001100 ; -- R:B G:8 B:C
  3826 : 101110001100 ; -- R:B G:8 B:C
  3827 : 101110001100 ; -- R:B G:8 B:C
  3828 : 101110001100 ; -- R:B G:8 B:C
  3829 : 101110001100 ; -- R:B G:8 B:C
  3830 : 101110001100 ; -- R:B G:8 B:C
  3831 : 101110001100 ; -- R:B G:8 B:C
  3832 : 101110001100 ; -- R:B G:8 B:C
  3833 : 101110001100 ; -- R:B G:8 B:C
  3834 : 101110001100 ; -- R:B G:8 B:C
  3835 : 101110001100 ; -- R:B G:8 B:C
  3836 : 101110001100 ; -- R:B G:8 B:C
  3837 : 101110001100 ; -- R:B G:8 B:C
  3838 : 101110001100 ; -- R:B G:8 B:C
  3839 : 101110001100 ; -- R:B G:8 B:C
  3840 : 101110001100 ; -- R:B G:8 B:C
  3841 : 101110001100 ; -- R:B G:8 B:C
  3842 : 101110001100 ; -- R:B G:8 B:C
  3843 : 101110001100 ; -- R:B G:8 B:C
  3844 : 101110001100 ; -- R:B G:8 B:C
  3845 : 101110001100 ; -- R:B G:8 B:C
  3846 : 101110001100 ; -- R:B G:8 B:C
  3847 : 101110001100 ; -- R:B G:8 B:C
  3848 : 101110001100 ; -- R:B G:8 B:C
  3849 : 101110001100 ; -- R:B G:8 B:C
  3850 : 101110001100 ; -- R:B G:8 B:C
  3851 : 101110001100 ; -- R:B G:8 B:C
  3852 : 101110001100 ; -- R:B G:8 B:C
  3853 : 101110001100 ; -- R:B G:8 B:C
  3854 : 101110001100 ; -- R:B G:8 B:C
  3855 : 101110001100 ; -- R:B G:8 B:C
  3856 : 101110001100 ; -- R:B G:8 B:C
  3857 : 101110001100 ; -- R:B G:8 B:C
  3858 : 101110001100 ; -- R:B G:8 B:C
  3859 : 101110001100 ; -- R:B G:8 B:C
  3860 : 101110001100 ; -- R:B G:8 B:C
  3861 : 101110001100 ; -- R:B G:8 B:C
  3862 : 101110001100 ; -- R:B G:8 B:C
  3863 : 101110001100 ; -- R:B G:8 B:C
  3864 : 101110001100 ; -- R:B G:8 B:C
  3865 : 101110001100 ; -- R:B G:8 B:C
  3866 : 101110001100 ; -- R:B G:8 B:C
  3867 : 101110001100 ; -- R:B G:8 B:C
  3868 : 101110001100 ; -- R:B G:8 B:C
  3869 : 101010001100 ; -- R:A G:8 B:C
  3870 : 110110101100 ; -- R:D G:A B:C
  3871 : 110110101100 ; -- R:D G:A B:C
  3872 : 101010001100 ; -- R:A G:8 B:C
  3873 : 101110001100 ; -- R:B G:8 B:C
  3874 : 101110001100 ; -- R:B G:8 B:C
  3875 : 101110001100 ; -- R:B G:8 B:C
  3876 : 101110001100 ; -- R:B G:8 B:C
  3877 : 101110001100 ; -- R:B G:8 B:C
  3878 : 101110001100 ; -- R:B G:8 B:C
  3879 : 101110001100 ; -- R:B G:8 B:C
  3880 : 101110001100 ; -- R:B G:8 B:C
  3881 : 101110001100 ; -- R:B G:8 B:C
  3882 : 101110001100 ; -- R:B G:8 B:C
  3883 : 101110001100 ; -- R:B G:8 B:C
  3884 : 101110001100 ; -- R:B G:8 B:C
  3885 : 101110001100 ; -- R:B G:8 B:C
  3886 : 101110001100 ; -- R:B G:8 B:C
  3887 : 101110001100 ; -- R:B G:8 B:C
  3888 : 101110001100 ; -- R:B G:8 B:C
  3889 : 101110001100 ; -- R:B G:8 B:C
  3890 : 101110001100 ; -- R:B G:8 B:C
  3891 : 101110001100 ; -- R:B G:8 B:C
  3892 : 101110001100 ; -- R:B G:8 B:C
  3893 : 101110001100 ; -- R:B G:8 B:C
  3894 : 101110001100 ; -- R:B G:8 B:C
  3895 : 101110001100 ; -- R:B G:8 B:C
  3896 : 101110001100 ; -- R:B G:8 B:C
  3897 : 101110001100 ; -- R:B G:8 B:C
  3898 : 101110001100 ; -- R:B G:8 B:C
  3899 : 101110001100 ; -- R:B G:8 B:C
  3900 : 101010001100 ; -- R:A G:8 B:C
  3901 : 101110011100 ; -- R:B G:9 B:C
  3902 : 111111011001 ; -- R:F G:D B:9
  3903 : 111111011001 ; -- R:F G:D B:9
  3904 : 111111011001 ; -- R:F G:D B:9
  3905 : 110110101100 ; -- R:D G:A B:C
  3906 : 110010101100 ; -- R:C G:A B:C
  3907 : 110010011100 ; -- R:C G:9 B:C
  3908 : 101110011100 ; -- R:B G:9 B:C
  3909 : 101110011100 ; -- R:B G:9 B:C
  3910 : 101110011100 ; -- R:B G:9 B:C
  3911 : 110010011100 ; -- R:C G:9 B:C
  3912 : 110010101100 ; -- R:C G:A B:C
  3913 : 110110101100 ; -- R:D G:A B:C
  3914 : 111111011001 ; -- R:F G:D B:9
  3915 : 111111011001 ; -- R:F G:D B:9
  3916 : 111111011001 ; -- R:F G:D B:9
  3917 : 111111011001 ; -- R:F G:D B:9
  3918 : 111111011001 ; -- R:F G:D B:9
  3919 : 111111011001 ; -- R:F G:D B:9
  3920 : 111111011001 ; -- R:F G:D B:9
  3921 : 111111011001 ; -- R:F G:D B:9
  3922 : 111111011001 ; -- R:F G:D B:9
  3923 : 111111011001 ; -- R:F G:D B:9
  3924 : 111111011001 ; -- R:F G:D B:9
  3925 : 111111011001 ; -- R:F G:D B:9
  3926 : 111111011001 ; -- R:F G:D B:9
  3927 : 111111011001 ; -- R:F G:D B:9
  3928 : 111111011001 ; -- R:F G:D B:9
  3929 : 111111011001 ; -- R:F G:D B:9
  3930 : 111111011001 ; -- R:F G:D B:9
  3931 : 111111011001 ; -- R:F G:D B:9
  3932 : 111111011001 ; -- R:F G:D B:9
  3933 : 110110101100 ; -- R:D G:A B:C
  3934 : 101010001100 ; -- R:A G:8 B:C
  3935 : 101110001100 ; -- R:B G:8 B:C
  3936 : 101110001100 ; -- R:B G:8 B:C
  3937 : 101110001100 ; -- R:B G:8 B:C
  3938 : 101110001100 ; -- R:B G:8 B:C
  3939 : 101110001100 ; -- R:B G:8 B:C
  3940 : 101110001100 ; -- R:B G:8 B:C
  3941 : 101110001100 ; -- R:B G:8 B:C
  3942 : 101110001100 ; -- R:B G:8 B:C
  3943 : 101110001100 ; -- R:B G:8 B:C
  3944 : 101110001100 ; -- R:B G:8 B:C
  3945 : 101110001100 ; -- R:B G:8 B:C
  3946 : 101110001100 ; -- R:B G:8 B:C
  3947 : 101110001100 ; -- R:B G:8 B:C
  3948 : 101110001100 ; -- R:B G:8 B:C
  3949 : 101110001100 ; -- R:B G:8 B:C
  3950 : 101110001100 ; -- R:B G:8 B:C
  3951 : 101110001100 ; -- R:B G:8 B:C
  3952 : 101110001100 ; -- R:B G:8 B:C
  3953 : 101110001100 ; -- R:B G:8 B:C
  3954 : 101010001100 ; -- R:A G:8 B:C
  3955 : 110010101100 ; -- R:C G:A B:C
  3956 : 101011001111 ; -- R:A G:C B:F
  3957 : 101110011100 ; -- R:B G:9 B:C
  3958 : 101010001100 ; -- R:A G:8 B:C
  3959 : 101110001100 ; -- R:B G:8 B:C
  3960 : 101110001100 ; -- R:B G:8 B:C
  3961 : 101110001100 ; -- R:B G:8 B:C
  3962 : 101110001100 ; -- R:B G:8 B:C
  3963 : 101110001100 ; -- R:B G:8 B:C
  3964 : 101110001100 ; -- R:B G:8 B:C
  3965 : 101110001100 ; -- R:B G:8 B:C
  3966 : 101110001100 ; -- R:B G:8 B:C
  3967 : 101110001100 ; -- R:B G:8 B:C
  3968 : 101110001100 ; -- R:B G:8 B:C
  3969 : 101110001100 ; -- R:B G:8 B:C
  3970 : 101010001100 ; -- R:A G:8 B:C
  3971 : 110110101100 ; -- R:D G:A B:C
  3972 : 101011001111 ; -- R:A G:C B:F
  3973 : 101011001111 ; -- R:A G:C B:F
  3974 : 110110101100 ; -- R:D G:A B:C
  3975 : 101110011100 ; -- R:B G:9 B:C
  3976 : 101010001100 ; -- R:A G:8 B:C
  3977 : 101110001100 ; -- R:B G:8 B:C
  3978 : 101110001100 ; -- R:B G:8 B:C
  3979 : 101110001100 ; -- R:B G:8 B:C
  3980 : 101110001100 ; -- R:B G:8 B:C
  3981 : 101110001100 ; -- R:B G:8 B:C
  3982 : 101110001100 ; -- R:B G:8 B:C
  3983 : 101110001100 ; -- R:B G:8 B:C
  3984 : 101110001100 ; -- R:B G:8 B:C
  3985 : 101110001100 ; -- R:B G:8 B:C
  3986 : 101110001100 ; -- R:B G:8 B:C
  3987 : 101110001100 ; -- R:B G:8 B:C
  3988 : 101110001100 ; -- R:B G:8 B:C
  3989 : 101110001100 ; -- R:B G:8 B:C
  3990 : 101110001100 ; -- R:B G:8 B:C
  3991 : 101110001100 ; -- R:B G:8 B:C
  3992 : 101110001100 ; -- R:B G:8 B:C
  3993 : 101110001100 ; -- R:B G:8 B:C
  3994 : 101110001100 ; -- R:B G:8 B:C
  3995 : 101110001100 ; -- R:B G:8 B:C
  3996 : 101110001100 ; -- R:B G:8 B:C
  3997 : 101110001100 ; -- R:B G:8 B:C
  3998 : 101110001100 ; -- R:B G:8 B:C
  3999 : 101110001100 ; -- R:B G:8 B:C
  4000 : 101110001100 ; -- R:B G:8 B:C
  4001 : 101110001100 ; -- R:B G:8 B:C
  4002 : 101110001100 ; -- R:B G:8 B:C
  4003 : 101110001100 ; -- R:B G:8 B:C
  4004 : 101110001100 ; -- R:B G:8 B:C
  4005 : 101110001100 ; -- R:B G:8 B:C
  4006 : 101110001100 ; -- R:B G:8 B:C
  4007 : 101110001100 ; -- R:B G:8 B:C
  4008 : 101110001100 ; -- R:B G:8 B:C
  4009 : 101110001100 ; -- R:B G:8 B:C
  4010 : 101110001100 ; -- R:B G:8 B:C
  4011 : 101110001100 ; -- R:B G:8 B:C
  4012 : 101110001100 ; -- R:B G:8 B:C
  4013 : 101110001100 ; -- R:B G:8 B:C
  4014 : 101110001100 ; -- R:B G:8 B:C
  4015 : 101110001100 ; -- R:B G:8 B:C
  4016 : 101110001100 ; -- R:B G:8 B:C
  4017 : 101110001100 ; -- R:B G:8 B:C
  4018 : 101110001100 ; -- R:B G:8 B:C
  4019 : 101110001100 ; -- R:B G:8 B:C
  4020 : 101110001100 ; -- R:B G:8 B:C
  4021 : 101110001100 ; -- R:B G:8 B:C
  4022 : 101110001100 ; -- R:B G:8 B:C
  4023 : 101110001100 ; -- R:B G:8 B:C
  4024 : 101110001100 ; -- R:B G:8 B:C
  4025 : 101110001100 ; -- R:B G:8 B:C
  4026 : 101110001100 ; -- R:B G:8 B:C
  4027 : 101110001100 ; -- R:B G:8 B:C
  4028 : 101110001100 ; -- R:B G:8 B:C
  4029 : 101110001100 ; -- R:B G:8 B:C
  4030 : 101110011100 ; -- R:B G:9 B:C
  4031 : 101110011100 ; -- R:B G:9 B:C
  4032 : 101110001100 ; -- R:B G:8 B:C
  4033 : 101110001100 ; -- R:B G:8 B:C
  4034 : 101110001100 ; -- R:B G:8 B:C
  4035 : 101110001100 ; -- R:B G:8 B:C
  4036 : 101110001100 ; -- R:B G:8 B:C
  4037 : 101110001100 ; -- R:B G:8 B:C
  4038 : 101110001100 ; -- R:B G:8 B:C
  4039 : 101110001100 ; -- R:B G:8 B:C
  4040 : 101110001100 ; -- R:B G:8 B:C
  4041 : 101110001100 ; -- R:B G:8 B:C
  4042 : 101110001100 ; -- R:B G:8 B:C
  4043 : 101110001100 ; -- R:B G:8 B:C
  4044 : 101110001100 ; -- R:B G:8 B:C
  4045 : 101110001100 ; -- R:B G:8 B:C
  4046 : 101110001100 ; -- R:B G:8 B:C
  4047 : 101110001100 ; -- R:B G:8 B:C
  4048 : 101110001100 ; -- R:B G:8 B:C
  4049 : 101110001100 ; -- R:B G:8 B:C
  4050 : 101110001100 ; -- R:B G:8 B:C
  4051 : 101110001100 ; -- R:B G:8 B:C
  4052 : 101110001100 ; -- R:B G:8 B:C
  4053 : 101110001100 ; -- R:B G:8 B:C
  4054 : 101110001100 ; -- R:B G:8 B:C
  4055 : 101110001100 ; -- R:B G:8 B:C
  4056 : 101110001100 ; -- R:B G:8 B:C
  4057 : 101110001100 ; -- R:B G:8 B:C
  4058 : 101110001100 ; -- R:B G:8 B:C
  4059 : 101110001100 ; -- R:B G:8 B:C
  4060 : 101110001100 ; -- R:B G:8 B:C
  4061 : 101010001100 ; -- R:A G:8 B:C
  4062 : 110110101100 ; -- R:D G:A B:C
  4063 : 111111011001 ; -- R:F G:D B:9
  4064 : 111111011001 ; -- R:F G:D B:9
  4065 : 111111011001 ; -- R:F G:D B:9
  4066 : 111111011001 ; -- R:F G:D B:9
  4067 : 111111011001 ; -- R:F G:D B:9
  4068 : 111111011001 ; -- R:F G:D B:9
  4069 : 111111011001 ; -- R:F G:D B:9
  4070 : 111111011001 ; -- R:F G:D B:9
  4071 : 111111011001 ; -- R:F G:D B:9
  4072 : 111111011001 ; -- R:F G:D B:9
  4073 : 111111011001 ; -- R:F G:D B:9
  4074 : 111111011001 ; -- R:F G:D B:9
  4075 : 111111011001 ; -- R:F G:D B:9
  4076 : 111111011001 ; -- R:F G:D B:9
  4077 : 111111011001 ; -- R:F G:D B:9
  4078 : 111111011001 ; -- R:F G:D B:9
  4079 : 111111011001 ; -- R:F G:D B:9
  4080 : 111111011001 ; -- R:F G:D B:9
  4081 : 111111011001 ; -- R:F G:D B:9
  4082 : 111111011001 ; -- R:F G:D B:9
  4083 : 111111011001 ; -- R:F G:D B:9
  4084 : 111111011001 ; -- R:F G:D B:9
  4085 : 111111011001 ; -- R:F G:D B:9
  4086 : 111111011001 ; -- R:F G:D B:9
  4087 : 111111011001 ; -- R:F G:D B:9
  4088 : 111111011001 ; -- R:F G:D B:9
  4089 : 111111011001 ; -- R:F G:D B:9
  4090 : 111111011001 ; -- R:F G:D B:9
  4091 : 111111011001 ; -- R:F G:D B:9
  4092 : 111111011001 ; -- R:F G:D B:9
  4093 : 101110011100 ; -- R:B G:9 B:C
  4094 : 101010001100 ; -- R:A G:8 B:C
  4095 : 101110001100 ; -- R:B G:8 B:C
  4096 : 101110001100 ; -- R:B G:8 B:C
  4097 : 101110001100 ; -- R:B G:8 B:C
  4098 : 101110001100 ; -- R:B G:8 B:C
  4099 : 101110001100 ; -- R:B G:8 B:C
  4100 : 101110001100 ; -- R:B G:8 B:C
  4101 : 101110001100 ; -- R:B G:8 B:C
  4102 : 101110001100 ; -- R:B G:8 B:C
  4103 : 101110001100 ; -- R:B G:8 B:C
  4104 : 101110001100 ; -- R:B G:8 B:C
  4105 : 101110001100 ; -- R:B G:8 B:C
  4106 : 101110001100 ; -- R:B G:8 B:C
  4107 : 101110001100 ; -- R:B G:8 B:C
  4108 : 101110001100 ; -- R:B G:8 B:C
  4109 : 101110001100 ; -- R:B G:8 B:C
  4110 : 101110001100 ; -- R:B G:8 B:C
  4111 : 101110001100 ; -- R:B G:8 B:C
  4112 : 101010001100 ; -- R:A G:8 B:C
  4113 : 101010001100 ; -- R:A G:8 B:C
  4114 : 110010101100 ; -- R:C G:A B:C
  4115 : 101011001111 ; -- R:A G:C B:F
  4116 : 101110011100 ; -- R:B G:9 B:C
  4117 : 101010001100 ; -- R:A G:8 B:C
  4118 : 101110001100 ; -- R:B G:8 B:C
  4119 : 101110001100 ; -- R:B G:8 B:C
  4120 : 101110001100 ; -- R:B G:8 B:C
  4121 : 101110001100 ; -- R:B G:8 B:C
  4122 : 101110001100 ; -- R:B G:8 B:C
  4123 : 101110001100 ; -- R:B G:8 B:C
  4124 : 101110001100 ; -- R:B G:8 B:C
  4125 : 101110001100 ; -- R:B G:8 B:C
  4126 : 101110001100 ; -- R:B G:8 B:C
  4127 : 101110001100 ; -- R:B G:8 B:C
  4128 : 101110001100 ; -- R:B G:8 B:C
  4129 : 101110001100 ; -- R:B G:8 B:C
  4130 : 101010001100 ; -- R:A G:8 B:C
  4131 : 110110101100 ; -- R:D G:A B:C
  4132 : 101011001111 ; -- R:A G:C B:F
  4133 : 101011001111 ; -- R:A G:C B:F
  4134 : 110110101100 ; -- R:D G:A B:C
  4135 : 101110001100 ; -- R:B G:8 B:C
  4136 : 101110001100 ; -- R:B G:8 B:C
  4137 : 101110001100 ; -- R:B G:8 B:C
  4138 : 101110001100 ; -- R:B G:8 B:C
  4139 : 101110001100 ; -- R:B G:8 B:C
  4140 : 101110001100 ; -- R:B G:8 B:C
  4141 : 101110001100 ; -- R:B G:8 B:C
  4142 : 101110001100 ; -- R:B G:8 B:C
  4143 : 101110001100 ; -- R:B G:8 B:C
  4144 : 101110001100 ; -- R:B G:8 B:C
  4145 : 101110001100 ; -- R:B G:8 B:C
  4146 : 101110001100 ; -- R:B G:8 B:C
  4147 : 101110001100 ; -- R:B G:8 B:C
  4148 : 101110001100 ; -- R:B G:8 B:C
  4149 : 101110001100 ; -- R:B G:8 B:C
  4150 : 101110001100 ; -- R:B G:8 B:C
  4151 : 101110001100 ; -- R:B G:8 B:C
  4152 : 101110001100 ; -- R:B G:8 B:C
  4153 : 101110001100 ; -- R:B G:8 B:C
  4154 : 101110001100 ; -- R:B G:8 B:C
  4155 : 101110001100 ; -- R:B G:8 B:C
  4156 : 101110001100 ; -- R:B G:8 B:C
  4157 : 101110001100 ; -- R:B G:8 B:C
  4158 : 101110001100 ; -- R:B G:8 B:C
  4159 : 101110001100 ; -- R:B G:8 B:C
  4160 : 101110001100 ; -- R:B G:8 B:C
  4161 : 101110001100 ; -- R:B G:8 B:C
  4162 : 101110001100 ; -- R:B G:8 B:C
  4163 : 101110001100 ; -- R:B G:8 B:C
  4164 : 101110001100 ; -- R:B G:8 B:C
  4165 : 101110001100 ; -- R:B G:8 B:C
  4166 : 101110001100 ; -- R:B G:8 B:C
  4167 : 101110001100 ; -- R:B G:8 B:C
  4168 : 101110001100 ; -- R:B G:8 B:C
  4169 : 101110001100 ; -- R:B G:8 B:C
  4170 : 101110001100 ; -- R:B G:8 B:C
  4171 : 101110001100 ; -- R:B G:8 B:C
  4172 : 101110001100 ; -- R:B G:8 B:C
  4173 : 101110001100 ; -- R:B G:8 B:C
  4174 : 101110001100 ; -- R:B G:8 B:C
  4175 : 101110001100 ; -- R:B G:8 B:C
  4176 : 101110001100 ; -- R:B G:8 B:C
  4177 : 101110001100 ; -- R:B G:8 B:C
  4178 : 101110001100 ; -- R:B G:8 B:C
  4179 : 101110001100 ; -- R:B G:8 B:C
  4180 : 101110001100 ; -- R:B G:8 B:C
  4181 : 101110001100 ; -- R:B G:8 B:C
  4182 : 101110001100 ; -- R:B G:8 B:C
  4183 : 101110001100 ; -- R:B G:8 B:C
  4184 : 101110001100 ; -- R:B G:8 B:C
  4185 : 101110001100 ; -- R:B G:8 B:C
  4186 : 101110001100 ; -- R:B G:8 B:C
  4187 : 101110001100 ; -- R:B G:8 B:C
  4188 : 101110001100 ; -- R:B G:8 B:C
  4189 : 101110001100 ; -- R:B G:8 B:C
  4190 : 101110001100 ; -- R:B G:8 B:C
  4191 : 101110001100 ; -- R:B G:8 B:C
  4192 : 101110001100 ; -- R:B G:8 B:C
  4193 : 101110001100 ; -- R:B G:8 B:C
  4194 : 101110001100 ; -- R:B G:8 B:C
  4195 : 101110001100 ; -- R:B G:8 B:C
  4196 : 101110001100 ; -- R:B G:8 B:C
  4197 : 101110001100 ; -- R:B G:8 B:C
  4198 : 101110001100 ; -- R:B G:8 B:C
  4199 : 101110001100 ; -- R:B G:8 B:C
  4200 : 101110001100 ; -- R:B G:8 B:C
  4201 : 101110001100 ; -- R:B G:8 B:C
  4202 : 101110001100 ; -- R:B G:8 B:C
  4203 : 101110001100 ; -- R:B G:8 B:C
  4204 : 101110001100 ; -- R:B G:8 B:C
  4205 : 101110001100 ; -- R:B G:8 B:C
  4206 : 101110001100 ; -- R:B G:8 B:C
  4207 : 101110001100 ; -- R:B G:8 B:C
  4208 : 101110001100 ; -- R:B G:8 B:C
  4209 : 101110001100 ; -- R:B G:8 B:C
  4210 : 101110001100 ; -- R:B G:8 B:C
  4211 : 101110001100 ; -- R:B G:8 B:C
  4212 : 101110001100 ; -- R:B G:8 B:C
  4213 : 101110001100 ; -- R:B G:8 B:C
  4214 : 101110001100 ; -- R:B G:8 B:C
  4215 : 101110001100 ; -- R:B G:8 B:C
  4216 : 101110001100 ; -- R:B G:8 B:C
  4217 : 101110001100 ; -- R:B G:8 B:C
  4218 : 101110001100 ; -- R:B G:8 B:C
  4219 : 101110001100 ; -- R:B G:8 B:C
  4220 : 101110001100 ; -- R:B G:8 B:C
  4221 : 101110001100 ; -- R:B G:8 B:C
  4222 : 101110001100 ; -- R:B G:8 B:C
  4223 : 111111011001 ; -- R:F G:D B:9
  4224 : 111111011001 ; -- R:F G:D B:9
  4225 : 111111011001 ; -- R:F G:D B:9
  4226 : 111111011001 ; -- R:F G:D B:9
  4227 : 111111011001 ; -- R:F G:D B:9
  4228 : 111111011001 ; -- R:F G:D B:9
  4229 : 111111011001 ; -- R:F G:D B:9
  4230 : 111111011001 ; -- R:F G:D B:9
  4231 : 111111011001 ; -- R:F G:D B:9
  4232 : 111111011001 ; -- R:F G:D B:9
  4233 : 111111011001 ; -- R:F G:D B:9
  4234 : 111111011001 ; -- R:F G:D B:9
  4235 : 111111011001 ; -- R:F G:D B:9
  4236 : 111111011001 ; -- R:F G:D B:9
  4237 : 111111011001 ; -- R:F G:D B:9
  4238 : 111111011001 ; -- R:F G:D B:9
  4239 : 111111011001 ; -- R:F G:D B:9
  4240 : 111111011001 ; -- R:F G:D B:9
  4241 : 111111011001 ; -- R:F G:D B:9
  4242 : 111111011001 ; -- R:F G:D B:9
  4243 : 111111011001 ; -- R:F G:D B:9
  4244 : 111111011001 ; -- R:F G:D B:9
  4245 : 111111011001 ; -- R:F G:D B:9
  4246 : 111111011001 ; -- R:F G:D B:9
  4247 : 111111011001 ; -- R:F G:D B:9
  4248 : 111111011001 ; -- R:F G:D B:9
  4249 : 111111011001 ; -- R:F G:D B:9
  4250 : 111111011001 ; -- R:F G:D B:9
  4251 : 111111011001 ; -- R:F G:D B:9
  4252 : 110010101100 ; -- R:C G:A B:C
  4253 : 101010001100 ; -- R:A G:8 B:C
  4254 : 101110001100 ; -- R:B G:8 B:C
  4255 : 101110001100 ; -- R:B G:8 B:C
  4256 : 101110001100 ; -- R:B G:8 B:C
  4257 : 101110001100 ; -- R:B G:8 B:C
  4258 : 101110001100 ; -- R:B G:8 B:C
  4259 : 101110001100 ; -- R:B G:8 B:C
  4260 : 101110001100 ; -- R:B G:8 B:C
  4261 : 101110001100 ; -- R:B G:8 B:C
  4262 : 101110001100 ; -- R:B G:8 B:C
  4263 : 101110001100 ; -- R:B G:8 B:C
  4264 : 101110001100 ; -- R:B G:8 B:C
  4265 : 101110001100 ; -- R:B G:8 B:C
  4266 : 101110001100 ; -- R:B G:8 B:C
  4267 : 101110001100 ; -- R:B G:8 B:C
  4268 : 101110001100 ; -- R:B G:8 B:C
  4269 : 101110001100 ; -- R:B G:8 B:C
  4270 : 101110001100 ; -- R:B G:8 B:C
  4271 : 101110011100 ; -- R:B G:9 B:C
  4272 : 110010101100 ; -- R:C G:A B:C
  4273 : 110010101100 ; -- R:C G:A B:C
  4274 : 110110101100 ; -- R:D G:A B:C
  4275 : 101110011100 ; -- R:B G:9 B:C
  4276 : 101010001100 ; -- R:A G:8 B:C
  4277 : 101110001100 ; -- R:B G:8 B:C
  4278 : 101110001100 ; -- R:B G:8 B:C
  4279 : 101110001100 ; -- R:B G:8 B:C
  4280 : 101110001100 ; -- R:B G:8 B:C
  4281 : 101110001100 ; -- R:B G:8 B:C
  4282 : 101110001100 ; -- R:B G:8 B:C
  4283 : 101110001100 ; -- R:B G:8 B:C
  4284 : 101110001100 ; -- R:B G:8 B:C
  4285 : 101110001100 ; -- R:B G:8 B:C
  4286 : 101110001100 ; -- R:B G:8 B:C
  4287 : 101110001100 ; -- R:B G:8 B:C
  4288 : 101110001100 ; -- R:B G:8 B:C
  4289 : 101110001100 ; -- R:B G:8 B:C
  4290 : 101110001100 ; -- R:B G:8 B:C
  4291 : 101110001100 ; -- R:B G:8 B:C
  4292 : 110010101100 ; -- R:C G:A B:C
  4293 : 110010101100 ; -- R:C G:A B:C
  4294 : 101110011100 ; -- R:B G:9 B:C
  4295 : 101110001100 ; -- R:B G:8 B:C
  4296 : 101110001100 ; -- R:B G:8 B:C
  4297 : 101110001100 ; -- R:B G:8 B:C
  4298 : 101110001100 ; -- R:B G:8 B:C
  4299 : 101110001100 ; -- R:B G:8 B:C
  4300 : 101110001100 ; -- R:B G:8 B:C
  4301 : 101110001100 ; -- R:B G:8 B:C
  4302 : 101110001100 ; -- R:B G:8 B:C
  4303 : 101110001100 ; -- R:B G:8 B:C
  4304 : 101110001100 ; -- R:B G:8 B:C
  4305 : 101110001100 ; -- R:B G:8 B:C
  4306 : 101110001100 ; -- R:B G:8 B:C
  4307 : 101110001100 ; -- R:B G:8 B:C
  4308 : 101110001100 ; -- R:B G:8 B:C
  4309 : 101110001100 ; -- R:B G:8 B:C
  4310 : 101110001100 ; -- R:B G:8 B:C
  4311 : 101110001100 ; -- R:B G:8 B:C
  4312 : 101110001100 ; -- R:B G:8 B:C
  4313 : 101110001100 ; -- R:B G:8 B:C
  4314 : 101110001100 ; -- R:B G:8 B:C
  4315 : 101110001100 ; -- R:B G:8 B:C
  4316 : 101110001100 ; -- R:B G:8 B:C
  4317 : 101110001100 ; -- R:B G:8 B:C
  4318 : 101110001100 ; -- R:B G:8 B:C
  4319 : 101110001100 ; -- R:B G:8 B:C
  4320 : 101110001100 ; -- R:B G:8 B:C
  4321 : 101110001100 ; -- R:B G:8 B:C
  4322 : 101110001100 ; -- R:B G:8 B:C
  4323 : 101110001100 ; -- R:B G:8 B:C
  4324 : 101110001100 ; -- R:B G:8 B:C
  4325 : 101110001100 ; -- R:B G:8 B:C
  4326 : 101110001100 ; -- R:B G:8 B:C
  4327 : 101110001100 ; -- R:B G:8 B:C
  4328 : 101110001100 ; -- R:B G:8 B:C
  4329 : 101110001100 ; -- R:B G:8 B:C
  4330 : 101110001100 ; -- R:B G:8 B:C
  4331 : 101110001100 ; -- R:B G:8 B:C
  4332 : 101110001100 ; -- R:B G:8 B:C
  4333 : 101110001100 ; -- R:B G:8 B:C
  4334 : 101110001100 ; -- R:B G:8 B:C
  4335 : 101110001100 ; -- R:B G:8 B:C
  4336 : 101110001100 ; -- R:B G:8 B:C
  4337 : 101110001100 ; -- R:B G:8 B:C
  4338 : 101110001100 ; -- R:B G:8 B:C
  4339 : 101110001100 ; -- R:B G:8 B:C
  4340 : 101110001100 ; -- R:B G:8 B:C
  4341 : 101110001100 ; -- R:B G:8 B:C
  4342 : 101110001100 ; -- R:B G:8 B:C
  4343 : 101110001100 ; -- R:B G:8 B:C
  4344 : 101110001100 ; -- R:B G:8 B:C
  4345 : 101110001100 ; -- R:B G:8 B:C
  4346 : 101110001100 ; -- R:B G:8 B:C
  4347 : 101110001100 ; -- R:B G:8 B:C
  4348 : 101110001100 ; -- R:B G:8 B:C
  4349 : 101110001100 ; -- R:B G:8 B:C
  4350 : 101110011100 ; -- R:B G:9 B:C
  4351 : 101110011100 ; -- R:B G:9 B:C
  4352 : 101110001100 ; -- R:B G:8 B:C
  4353 : 101110001100 ; -- R:B G:8 B:C
  4354 : 101110001100 ; -- R:B G:8 B:C
  4355 : 101110001100 ; -- R:B G:8 B:C
  4356 : 101110001100 ; -- R:B G:8 B:C
  4357 : 101110001100 ; -- R:B G:8 B:C
  4358 : 101110001100 ; -- R:B G:8 B:C
  4359 : 101110011100 ; -- R:B G:9 B:C
  4360 : 101110001100 ; -- R:B G:8 B:C
  4361 : 101110001100 ; -- R:B G:8 B:C
  4362 : 101110001100 ; -- R:B G:8 B:C
  4363 : 101110001100 ; -- R:B G:8 B:C
  4364 : 101110001100 ; -- R:B G:8 B:C
  4365 : 101110001100 ; -- R:B G:8 B:C
  4366 : 101110001100 ; -- R:B G:8 B:C
  4367 : 101110001100 ; -- R:B G:8 B:C
  4368 : 101110001100 ; -- R:B G:8 B:C
  4369 : 101110001100 ; -- R:B G:8 B:C
  4370 : 101110001100 ; -- R:B G:8 B:C
  4371 : 101110001100 ; -- R:B G:8 B:C
  4372 : 101110001100 ; -- R:B G:8 B:C
  4373 : 101110001100 ; -- R:B G:8 B:C
  4374 : 101110001100 ; -- R:B G:8 B:C
  4375 : 101110001100 ; -- R:B G:8 B:C
  4376 : 101110001100 ; -- R:B G:8 B:C
  4377 : 101110001100 ; -- R:B G:8 B:C
  4378 : 101110001100 ; -- R:B G:8 B:C
  4379 : 101110001100 ; -- R:B G:8 B:C
  4380 : 101110001100 ; -- R:B G:8 B:C
  4381 : 101110011100 ; -- R:B G:9 B:C
  4382 : 101110001100 ; -- R:B G:8 B:C
  4383 : 101110011100 ; -- R:B G:9 B:C
  4384 : 111111011001 ; -- R:F G:D B:9
  4385 : 111111011001 ; -- R:F G:D B:9
  4386 : 111111011001 ; -- R:F G:D B:9
  4387 : 111111011001 ; -- R:F G:D B:9
  4388 : 111111011001 ; -- R:F G:D B:9
  4389 : 111111011001 ; -- R:F G:D B:9
  4390 : 111111011001 ; -- R:F G:D B:9
  4391 : 111111011001 ; -- R:F G:D B:9
  4392 : 111111011001 ; -- R:F G:D B:9
  4393 : 111111011001 ; -- R:F G:D B:9
  4394 : 111111011001 ; -- R:F G:D B:9
  4395 : 111111011001 ; -- R:F G:D B:9
  4396 : 111111011001 ; -- R:F G:D B:9
  4397 : 111111011001 ; -- R:F G:D B:9
  4398 : 111111011001 ; -- R:F G:D B:9
  4399 : 111111011001 ; -- R:F G:D B:9
  4400 : 111111011001 ; -- R:F G:D B:9
  4401 : 111111011001 ; -- R:F G:D B:9
  4402 : 111111011001 ; -- R:F G:D B:9
  4403 : 111111011001 ; -- R:F G:D B:9
  4404 : 111111011001 ; -- R:F G:D B:9
  4405 : 111111011001 ; -- R:F G:D B:9
  4406 : 111111011001 ; -- R:F G:D B:9
  4407 : 111111011001 ; -- R:F G:D B:9
  4408 : 111111011001 ; -- R:F G:D B:9
  4409 : 111111011001 ; -- R:F G:D B:9
  4410 : 111111011001 ; -- R:F G:D B:9
  4411 : 110110101100 ; -- R:D G:A B:C
  4412 : 101010001100 ; -- R:A G:8 B:C
  4413 : 101110011100 ; -- R:B G:9 B:C
  4414 : 101110001100 ; -- R:B G:8 B:C
  4415 : 101110001100 ; -- R:B G:8 B:C
  4416 : 101110001100 ; -- R:B G:8 B:C
  4417 : 101110001100 ; -- R:B G:8 B:C
  4418 : 101110001100 ; -- R:B G:8 B:C
  4419 : 101110001100 ; -- R:B G:8 B:C
  4420 : 101110001100 ; -- R:B G:8 B:C
  4421 : 101110001100 ; -- R:B G:8 B:C
  4422 : 101110001100 ; -- R:B G:8 B:C
  4423 : 101110001100 ; -- R:B G:8 B:C
  4424 : 101110001100 ; -- R:B G:8 B:C
  4425 : 101110001100 ; -- R:B G:8 B:C
  4426 : 101110001100 ; -- R:B G:8 B:C
  4427 : 101110001100 ; -- R:B G:8 B:C
  4428 : 101110001100 ; -- R:B G:8 B:C
  4429 : 101110001100 ; -- R:B G:8 B:C
  4430 : 101110011100 ; -- R:B G:9 B:C
  4431 : 110110101100 ; -- R:D G:A B:C
  4432 : 101011001111 ; -- R:A G:C B:F
  4433 : 101011001111 ; -- R:A G:C B:F
  4434 : 110110101100 ; -- R:D G:A B:C
  4435 : 101010001100 ; -- R:A G:8 B:C
  4436 : 101110011100 ; -- R:B G:9 B:C
  4437 : 101110001100 ; -- R:B G:8 B:C
  4438 : 101110001100 ; -- R:B G:8 B:C
  4439 : 101110001100 ; -- R:B G:8 B:C
  4440 : 101110001100 ; -- R:B G:8 B:C
  4441 : 101110001100 ; -- R:B G:8 B:C
  4442 : 101110001100 ; -- R:B G:8 B:C
  4443 : 101110001100 ; -- R:B G:8 B:C
  4444 : 101110001100 ; -- R:B G:8 B:C
  4445 : 101110001100 ; -- R:B G:8 B:C
  4446 : 101110001100 ; -- R:B G:8 B:C
  4447 : 101110001100 ; -- R:B G:8 B:C
  4448 : 101110001100 ; -- R:B G:8 B:C
  4449 : 101110001100 ; -- R:B G:8 B:C
  4450 : 101110001100 ; -- R:B G:8 B:C
  4451 : 101110001100 ; -- R:B G:8 B:C
  4452 : 101110001100 ; -- R:B G:8 B:C
  4453 : 101110001100 ; -- R:B G:8 B:C
  4454 : 101110001100 ; -- R:B G:8 B:C
  4455 : 101110001100 ; -- R:B G:8 B:C
  4456 : 101110001100 ; -- R:B G:8 B:C
  4457 : 101110001100 ; -- R:B G:8 B:C
  4458 : 101110001100 ; -- R:B G:8 B:C
  4459 : 101110001100 ; -- R:B G:8 B:C
  4460 : 101110001100 ; -- R:B G:8 B:C
  4461 : 101110001100 ; -- R:B G:8 B:C
  4462 : 101110001100 ; -- R:B G:8 B:C
  4463 : 101110001100 ; -- R:B G:8 B:C
  4464 : 101110001100 ; -- R:B G:8 B:C
  4465 : 101110001100 ; -- R:B G:8 B:C
  4466 : 101110001100 ; -- R:B G:8 B:C
  4467 : 101110001100 ; -- R:B G:8 B:C
  4468 : 101110001100 ; -- R:B G:8 B:C
  4469 : 101110001100 ; -- R:B G:8 B:C
  4470 : 101110001100 ; -- R:B G:8 B:C
  4471 : 101110001100 ; -- R:B G:8 B:C
  4472 : 101110001100 ; -- R:B G:8 B:C
  4473 : 101110001100 ; -- R:B G:8 B:C
  4474 : 101110001100 ; -- R:B G:8 B:C
  4475 : 101110001100 ; -- R:B G:8 B:C
  4476 : 101110001100 ; -- R:B G:8 B:C
  4477 : 101110001100 ; -- R:B G:8 B:C
  4478 : 101110001100 ; -- R:B G:8 B:C
  4479 : 101110001100 ; -- R:B G:8 B:C
  4480 : 101110001100 ; -- R:B G:8 B:C
  4481 : 101110001100 ; -- R:B G:8 B:C
  4482 : 101110001100 ; -- R:B G:8 B:C
  4483 : 101110001100 ; -- R:B G:8 B:C
  4484 : 101110001100 ; -- R:B G:8 B:C
  4485 : 101110001100 ; -- R:B G:8 B:C
  4486 : 101110001100 ; -- R:B G:8 B:C
  4487 : 101110001100 ; -- R:B G:8 B:C
  4488 : 101110001100 ; -- R:B G:8 B:C
  4489 : 101110001100 ; -- R:B G:8 B:C
  4490 : 101110001100 ; -- R:B G:8 B:C
  4491 : 101110001100 ; -- R:B G:8 B:C
  4492 : 101110001100 ; -- R:B G:8 B:C
  4493 : 101110001100 ; -- R:B G:8 B:C
  4494 : 101110001100 ; -- R:B G:8 B:C
  4495 : 101110001100 ; -- R:B G:8 B:C
  4496 : 101110001100 ; -- R:B G:8 B:C
  4497 : 101110001100 ; -- R:B G:8 B:C
  4498 : 101110001100 ; -- R:B G:8 B:C
  4499 : 101110001100 ; -- R:B G:8 B:C
  4500 : 101110001100 ; -- R:B G:8 B:C
  4501 : 101110001100 ; -- R:B G:8 B:C
  4502 : 101110001100 ; -- R:B G:8 B:C
  4503 : 101110001100 ; -- R:B G:8 B:C
  4504 : 101110001100 ; -- R:B G:8 B:C
  4505 : 101110001100 ; -- R:B G:8 B:C
  4506 : 101110001100 ; -- R:B G:8 B:C
  4507 : 101110001100 ; -- R:B G:8 B:C
  4508 : 101110001100 ; -- R:B G:8 B:C
  4509 : 101110001100 ; -- R:B G:8 B:C
  4510 : 101110001100 ; -- R:B G:8 B:C
  4511 : 101110001100 ; -- R:B G:8 B:C
  4512 : 101110001100 ; -- R:B G:8 B:C
  4513 : 101110001100 ; -- R:B G:8 B:C
  4514 : 101110001100 ; -- R:B G:8 B:C
  4515 : 101110001100 ; -- R:B G:8 B:C
  4516 : 101110001100 ; -- R:B G:8 B:C
  4517 : 101110001100 ; -- R:B G:8 B:C
  4518 : 101110001100 ; -- R:B G:8 B:C
  4519 : 101110001100 ; -- R:B G:8 B:C
  4520 : 101110011100 ; -- R:B G:9 B:C
  4521 : 101110001100 ; -- R:B G:8 B:C
  4522 : 101110001100 ; -- R:B G:8 B:C
  4523 : 101110001100 ; -- R:B G:8 B:C
  4524 : 101110001100 ; -- R:B G:8 B:C
  4525 : 101110001100 ; -- R:B G:8 B:C
  4526 : 101110001100 ; -- R:B G:8 B:C
  4527 : 101110001100 ; -- R:B G:8 B:C
  4528 : 101110001100 ; -- R:B G:8 B:C
  4529 : 101110001100 ; -- R:B G:8 B:C
  4530 : 101110001100 ; -- R:B G:8 B:C
  4531 : 101110001100 ; -- R:B G:8 B:C
  4532 : 101110001100 ; -- R:B G:8 B:C
  4533 : 101110001100 ; -- R:B G:8 B:C
  4534 : 101110001100 ; -- R:B G:8 B:C
  4535 : 101110001100 ; -- R:B G:8 B:C
  4536 : 101110001100 ; -- R:B G:8 B:C
  4537 : 101110001100 ; -- R:B G:8 B:C
  4538 : 101110001100 ; -- R:B G:8 B:C
  4539 : 101110001100 ; -- R:B G:8 B:C
  4540 : 101110001100 ; -- R:B G:8 B:C
  4541 : 101110001100 ; -- R:B G:8 B:C
  4542 : 101110011100 ; -- R:B G:9 B:C
  4543 : 101110001100 ; -- R:B G:8 B:C
  4544 : 101110011100 ; -- R:B G:9 B:C
  4545 : 111111011001 ; -- R:F G:D B:9
  4546 : 111111011001 ; -- R:F G:D B:9
  4547 : 111111011001 ; -- R:F G:D B:9
  4548 : 111111011001 ; -- R:F G:D B:9
  4549 : 111111011001 ; -- R:F G:D B:9
  4550 : 111111011001 ; -- R:F G:D B:9
  4551 : 111111011001 ; -- R:F G:D B:9
  4552 : 111111011001 ; -- R:F G:D B:9
  4553 : 111111011001 ; -- R:F G:D B:9
  4554 : 111111011001 ; -- R:F G:D B:9
  4555 : 111111011001 ; -- R:F G:D B:9
  4556 : 111111011001 ; -- R:F G:D B:9
  4557 : 111111011001 ; -- R:F G:D B:9
  4558 : 111111011001 ; -- R:F G:D B:9
  4559 : 111111011001 ; -- R:F G:D B:9
  4560 : 111111011001 ; -- R:F G:D B:9
  4561 : 111111011001 ; -- R:F G:D B:9
  4562 : 111111011001 ; -- R:F G:D B:9
  4563 : 111111011001 ; -- R:F G:D B:9
  4564 : 111111011001 ; -- R:F G:D B:9
  4565 : 111111011001 ; -- R:F G:D B:9
  4566 : 111111011001 ; -- R:F G:D B:9
  4567 : 111111011001 ; -- R:F G:D B:9
  4568 : 111111011001 ; -- R:F G:D B:9
  4569 : 111111011001 ; -- R:F G:D B:9
  4570 : 110110101100 ; -- R:D G:A B:C
  4571 : 101110001100 ; -- R:B G:8 B:C
  4572 : 101110011100 ; -- R:B G:9 B:C
  4573 : 101110001100 ; -- R:B G:8 B:C
  4574 : 101110001100 ; -- R:B G:8 B:C
  4575 : 101110001100 ; -- R:B G:8 B:C
  4576 : 101110001100 ; -- R:B G:8 B:C
  4577 : 101110001100 ; -- R:B G:8 B:C
  4578 : 101110001100 ; -- R:B G:8 B:C
  4579 : 101110001100 ; -- R:B G:8 B:C
  4580 : 101110001100 ; -- R:B G:8 B:C
  4581 : 101110001100 ; -- R:B G:8 B:C
  4582 : 101110001100 ; -- R:B G:8 B:C
  4583 : 101110001100 ; -- R:B G:8 B:C
  4584 : 101110001100 ; -- R:B G:8 B:C
  4585 : 101110001100 ; -- R:B G:8 B:C
  4586 : 101110001100 ; -- R:B G:8 B:C
  4587 : 101110001100 ; -- R:B G:8 B:C
  4588 : 101110011100 ; -- R:B G:9 B:C
  4589 : 101110001100 ; -- R:B G:8 B:C
  4590 : 101110011100 ; -- R:B G:9 B:C
  4591 : 101011001111 ; -- R:A G:C B:F
  4592 : 101011001111 ; -- R:A G:C B:F
  4593 : 101011001111 ; -- R:A G:C B:F
  4594 : 110110101100 ; -- R:D G:A B:C
  4595 : 101110001100 ; -- R:B G:8 B:C
  4596 : 101110011100 ; -- R:B G:9 B:C
  4597 : 101110001100 ; -- R:B G:8 B:C
  4598 : 101110001100 ; -- R:B G:8 B:C
  4599 : 101110001100 ; -- R:B G:8 B:C
  4600 : 101110001100 ; -- R:B G:8 B:C
  4601 : 101110001100 ; -- R:B G:8 B:C
  4602 : 101110001100 ; -- R:B G:8 B:C
  4603 : 101110001100 ; -- R:B G:8 B:C
  4604 : 101110001100 ; -- R:B G:8 B:C
  4605 : 101110001100 ; -- R:B G:8 B:C
  4606 : 101110001100 ; -- R:B G:8 B:C
  4607 : 101110001100 ; -- R:B G:8 B:C
  4608 : 101110001100 ; -- R:B G:8 B:C
  4609 : 101110001100 ; -- R:B G:8 B:C
  4610 : 101110001100 ; -- R:B G:8 B:C
  4611 : 101110001100 ; -- R:B G:8 B:C
  4612 : 101110011100 ; -- R:B G:9 B:C
  4613 : 101110011100 ; -- R:B G:9 B:C
  4614 : 101110001100 ; -- R:B G:8 B:C
  4615 : 101110001100 ; -- R:B G:8 B:C
  4616 : 101110001100 ; -- R:B G:8 B:C
  4617 : 101110001100 ; -- R:B G:8 B:C
  4618 : 101110001100 ; -- R:B G:8 B:C
  4619 : 101110001100 ; -- R:B G:8 B:C
  4620 : 101110001100 ; -- R:B G:8 B:C
  4621 : 101110001100 ; -- R:B G:8 B:C
  4622 : 101110001100 ; -- R:B G:8 B:C
  4623 : 101110001100 ; -- R:B G:8 B:C
  4624 : 101110001100 ; -- R:B G:8 B:C
  4625 : 101110001100 ; -- R:B G:8 B:C
  4626 : 101110001100 ; -- R:B G:8 B:C
  4627 : 101110001100 ; -- R:B G:8 B:C
  4628 : 101110001100 ; -- R:B G:8 B:C
  4629 : 101110001100 ; -- R:B G:8 B:C
  4630 : 101110001100 ; -- R:B G:8 B:C
  4631 : 101110001100 ; -- R:B G:8 B:C
  4632 : 101110001100 ; -- R:B G:8 B:C
  4633 : 101110001100 ; -- R:B G:8 B:C
  4634 : 101110001100 ; -- R:B G:8 B:C
  4635 : 101110001100 ; -- R:B G:8 B:C
  4636 : 101110001100 ; -- R:B G:8 B:C
  4637 : 101110001100 ; -- R:B G:8 B:C
  4638 : 101110001100 ; -- R:B G:8 B:C
  4639 : 101110001100 ; -- R:B G:8 B:C
  4640 : 101110011100 ; -- R:B G:9 B:C
  4641 : 101110011100 ; -- R:B G:9 B:C
  4642 : 101110011100 ; -- R:B G:9 B:C
  4643 : 101110011100 ; -- R:B G:9 B:C
  4644 : 101110011100 ; -- R:B G:9 B:C
  4645 : 101110011100 ; -- R:B G:9 B:C
  4646 : 101110011100 ; -- R:B G:9 B:C
  4647 : 101110011100 ; -- R:B G:9 B:C
  4648 : 101110011100 ; -- R:B G:9 B:C
  4649 : 101110011100 ; -- R:B G:9 B:C
  4650 : 101110011100 ; -- R:B G:9 B:C
  4651 : 101110011100 ; -- R:B G:9 B:C
  4652 : 101110011100 ; -- R:B G:9 B:C
  4653 : 101110011100 ; -- R:B G:9 B:C
  4654 : 101110011100 ; -- R:B G:9 B:C
  4655 : 101110011100 ; -- R:B G:9 B:C
  4656 : 101110011100 ; -- R:B G:9 B:C
  4657 : 101110011100 ; -- R:B G:9 B:C
  4658 : 101110011100 ; -- R:B G:9 B:C
  4659 : 101110011100 ; -- R:B G:9 B:C
  4660 : 101110011100 ; -- R:B G:9 B:C
  4661 : 101110011100 ; -- R:B G:9 B:C
  4662 : 101110011100 ; -- R:B G:9 B:C
  4663 : 101110011100 ; -- R:B G:9 B:C
  4664 : 101110011100 ; -- R:B G:9 B:C
  4665 : 101110011100 ; -- R:B G:9 B:C
  4666 : 101110011100 ; -- R:B G:9 B:C
  4667 : 101110011100 ; -- R:B G:9 B:C
  4668 : 101110011100 ; -- R:B G:9 B:C
  4669 : 101110011100 ; -- R:B G:9 B:C
  4670 : 101110011100 ; -- R:B G:9 B:C
  4671 : 101110011100 ; -- R:B G:9 B:C
  4672 : 101110011100 ; -- R:B G:9 B:C
  4673 : 101110011100 ; -- R:B G:9 B:C
  4674 : 101110011100 ; -- R:B G:9 B:C
  4675 : 101110011100 ; -- R:B G:9 B:C
  4676 : 101110011100 ; -- R:B G:9 B:C
  4677 : 101110011100 ; -- R:B G:9 B:C
  4678 : 101110011100 ; -- R:B G:9 B:C
  4679 : 110010101100 ; -- R:C G:A B:C
  4680 : 101110001100 ; -- R:B G:8 B:C
  4681 : 101110011100 ; -- R:B G:9 B:C
  4682 : 101110011100 ; -- R:B G:9 B:C
  4683 : 101110011100 ; -- R:B G:9 B:C
  4684 : 101110011100 ; -- R:B G:9 B:C
  4685 : 101110011100 ; -- R:B G:9 B:C
  4686 : 101110011100 ; -- R:B G:9 B:C
  4687 : 101110011100 ; -- R:B G:9 B:C
  4688 : 101110011100 ; -- R:B G:9 B:C
  4689 : 101110011100 ; -- R:B G:9 B:C
  4690 : 101110011100 ; -- R:B G:9 B:C
  4691 : 101110011100 ; -- R:B G:9 B:C
  4692 : 101110011100 ; -- R:B G:9 B:C
  4693 : 101110011100 ; -- R:B G:9 B:C
  4694 : 101110011100 ; -- R:B G:9 B:C
  4695 : 101110011100 ; -- R:B G:9 B:C
  4696 : 101110011100 ; -- R:B G:9 B:C
  4697 : 101110011100 ; -- R:B G:9 B:C
  4698 : 101110011100 ; -- R:B G:9 B:C
  4699 : 101110011100 ; -- R:B G:9 B:C
  4700 : 101110011100 ; -- R:B G:9 B:C
  4701 : 101110011100 ; -- R:B G:9 B:C
  4702 : 101110011100 ; -- R:B G:9 B:C
  4703 : 101110011100 ; -- R:B G:9 B:C
  4704 : 101110001100 ; -- R:B G:8 B:C
  4705 : 101110011100 ; -- R:B G:9 B:C
  4706 : 111111011001 ; -- R:F G:D B:9
  4707 : 111111011001 ; -- R:F G:D B:9
  4708 : 111111011001 ; -- R:F G:D B:9
  4709 : 111111011001 ; -- R:F G:D B:9
  4710 : 111111011001 ; -- R:F G:D B:9
  4711 : 111111011001 ; -- R:F G:D B:9
  4712 : 111111011001 ; -- R:F G:D B:9
  4713 : 111111011001 ; -- R:F G:D B:9
  4714 : 111111011001 ; -- R:F G:D B:9
  4715 : 111111011001 ; -- R:F G:D B:9
  4716 : 111111011001 ; -- R:F G:D B:9
  4717 : 111111011001 ; -- R:F G:D B:9
  4718 : 111111011001 ; -- R:F G:D B:9
  4719 : 111111011001 ; -- R:F G:D B:9
  4720 : 111111011001 ; -- R:F G:D B:9
  4721 : 111111011001 ; -- R:F G:D B:9
  4722 : 111111011001 ; -- R:F G:D B:9
  4723 : 111111011001 ; -- R:F G:D B:9
  4724 : 111111011001 ; -- R:F G:D B:9
  4725 : 111111011001 ; -- R:F G:D B:9
  4726 : 111111011001 ; -- R:F G:D B:9
  4727 : 111111011001 ; -- R:F G:D B:9
  4728 : 111111011001 ; -- R:F G:D B:9
  4729 : 110110101100 ; -- R:D G:A B:C
  4730 : 101110001100 ; -- R:B G:8 B:C
  4731 : 101110011100 ; -- R:B G:9 B:C
  4732 : 101110011100 ; -- R:B G:9 B:C
  4733 : 101110011100 ; -- R:B G:9 B:C
  4734 : 101110011100 ; -- R:B G:9 B:C
  4735 : 101110011100 ; -- R:B G:9 B:C
  4736 : 101110011100 ; -- R:B G:9 B:C
  4737 : 101110011100 ; -- R:B G:9 B:C
  4738 : 101110011100 ; -- R:B G:9 B:C
  4739 : 101110011100 ; -- R:B G:9 B:C
  4740 : 101110011100 ; -- R:B G:9 B:C
  4741 : 101110011100 ; -- R:B G:9 B:C
  4742 : 101110011100 ; -- R:B G:9 B:C
  4743 : 101110011100 ; -- R:B G:9 B:C
  4744 : 101110011100 ; -- R:B G:9 B:C
  4745 : 101110011100 ; -- R:B G:9 B:C
  4746 : 101110011100 ; -- R:B G:9 B:C
  4747 : 101110011100 ; -- R:B G:9 B:C
  4748 : 101110011100 ; -- R:B G:9 B:C
  4749 : 101110011100 ; -- R:B G:9 B:C
  4750 : 101110001100 ; -- R:B G:8 B:C
  4751 : 110010101100 ; -- R:C G:A B:C
  4752 : 110110101100 ; -- R:D G:A B:C
  4753 : 110110101100 ; -- R:D G:A B:C
  4754 : 101110011100 ; -- R:B G:9 B:C
  4755 : 101110001100 ; -- R:B G:8 B:C
  4756 : 101110011100 ; -- R:B G:9 B:C
  4757 : 101110011100 ; -- R:B G:9 B:C
  4758 : 101110011100 ; -- R:B G:9 B:C
  4759 : 101110011100 ; -- R:B G:9 B:C
  4760 : 101110011100 ; -- R:B G:9 B:C
  4761 : 101110011100 ; -- R:B G:9 B:C
  4762 : 101110011100 ; -- R:B G:9 B:C
  4763 : 101110011100 ; -- R:B G:9 B:C
  4764 : 101110011100 ; -- R:B G:9 B:C
  4765 : 101110011100 ; -- R:B G:9 B:C
  4766 : 101110011100 ; -- R:B G:9 B:C
  4767 : 101110011100 ; -- R:B G:9 B:C
  4768 : 101110011100 ; -- R:B G:9 B:C
  4769 : 101110011100 ; -- R:B G:9 B:C
  4770 : 101110011100 ; -- R:B G:9 B:C
  4771 : 101110011100 ; -- R:B G:9 B:C
  4772 : 101110011100 ; -- R:B G:9 B:C
  4773 : 101110011100 ; -- R:B G:9 B:C
  4774 : 101110011100 ; -- R:B G:9 B:C
  4775 : 101110011100 ; -- R:B G:9 B:C
  4776 : 101110011100 ; -- R:B G:9 B:C
  4777 : 101110011100 ; -- R:B G:9 B:C
  4778 : 101110011100 ; -- R:B G:9 B:C
  4779 : 101110011100 ; -- R:B G:9 B:C
  4780 : 101110011100 ; -- R:B G:9 B:C
  4781 : 101110011100 ; -- R:B G:9 B:C
  4782 : 101110011100 ; -- R:B G:9 B:C
  4783 : 101110011100 ; -- R:B G:9 B:C
  4784 : 101110011100 ; -- R:B G:9 B:C
  4785 : 101110011100 ; -- R:B G:9 B:C
  4786 : 101110011100 ; -- R:B G:9 B:C
  4787 : 101110011100 ; -- R:B G:9 B:C
  4788 : 101110011100 ; -- R:B G:9 B:C
  4789 : 101110011100 ; -- R:B G:9 B:C
  4790 : 101110011100 ; -- R:B G:9 B:C
  4791 : 101110011100 ; -- R:B G:9 B:C
  4792 : 101110011100 ; -- R:B G:9 B:C
  4793 : 101110011100 ; -- R:B G:9 B:C
  4794 : 101110011100 ; -- R:B G:9 B:C
  4795 : 101110011100 ; -- R:B G:9 B:C
  4796 : 101110011100 ; -- R:B G:9 B:C
  4797 : 101110011100 ; -- R:B G:9 B:C
  4798 : 101110011100 ; -- R:B G:9 B:C
  4799 : 101110011100 ; -- R:B G:9 B:C
  4800 : 101110011100 ; -- R:B G:9 B:C
  4801 : 101110011100 ; -- R:B G:9 B:C
  4802 : 101110011100 ; -- R:B G:9 B:C
  4803 : 101110011100 ; -- R:B G:9 B:C
  4804 : 101110001100 ; -- R:B G:8 B:C
  4805 : 101110001100 ; -- R:B G:8 B:C
  4806 : 101110011100 ; -- R:B G:9 B:C
  4807 : 101110011100 ; -- R:B G:9 B:C
  4808 : 101110011100 ; -- R:B G:9 B:C
  4809 : 101110011100 ; -- R:B G:9 B:C
  4810 : 101110011100 ; -- R:B G:9 B:C
  4811 : 101110011100 ; -- R:B G:9 B:C
  4812 : 101110011100 ; -- R:B G:9 B:C
  4813 : 101110011100 ; -- R:B G:9 B:C
  4814 : 101110011100 ; -- R:B G:9 B:C
  4815 : 101110011100 ; -- R:B G:9 B:C
  4816 : 101110011100 ; -- R:B G:9 B:C
  4817 : 101110011100 ; -- R:B G:9 B:C
  4818 : 101110011100 ; -- R:B G:9 B:C
  4819 : 101110011100 ; -- R:B G:9 B:C
  4820 : 101110011100 ; -- R:B G:9 B:C
  4821 : 101110011100 ; -- R:B G:9 B:C
  4822 : 101110011100 ; -- R:B G:9 B:C
  4823 : 101110011100 ; -- R:B G:9 B:C
  4824 : 101110011100 ; -- R:B G:9 B:C
  4825 : 101110011100 ; -- R:B G:9 B:C
  4826 : 101110011100 ; -- R:B G:9 B:C
  4827 : 101110011100 ; -- R:B G:9 B:C
  4828 : 101110011100 ; -- R:B G:9 B:C
  4829 : 101110011100 ; -- R:B G:9 B:C
  4830 : 101110011100 ; -- R:B G:9 B:C
  4831 : 101110011100 ; -- R:B G:9 B:C
  4832 : 101110011100 ; -- R:B G:9 B:C
  4833 : 101110011100 ; -- R:B G:9 B:C
  4834 : 101110011100 ; -- R:B G:9 B:C
  4835 : 101110011100 ; -- R:B G:9 B:C
  4836 : 101110001100 ; -- R:B G:8 B:C
  4837 : 101010001100 ; -- R:A G:8 B:C
  4838 : 110010101100 ; -- R:C G:A B:C
  4839 : 101011001111 ; -- R:A G:C B:F
  4840 : 101110011100 ; -- R:B G:9 B:C
  4841 : 101010001100 ; -- R:A G:8 B:C
  4842 : 101110001100 ; -- R:B G:8 B:C
  4843 : 101110011100 ; -- R:B G:9 B:C
  4844 : 101110011100 ; -- R:B G:9 B:C
  4845 : 101110011100 ; -- R:B G:9 B:C
  4846 : 101110011100 ; -- R:B G:9 B:C
  4847 : 101110011100 ; -- R:B G:9 B:C
  4848 : 101110011100 ; -- R:B G:9 B:C
  4849 : 101110011100 ; -- R:B G:9 B:C
  4850 : 101110011100 ; -- R:B G:9 B:C
  4851 : 101110011100 ; -- R:B G:9 B:C
  4852 : 101110011100 ; -- R:B G:9 B:C
  4853 : 101110011100 ; -- R:B G:9 B:C
  4854 : 101110011100 ; -- R:B G:9 B:C
  4855 : 101110011100 ; -- R:B G:9 B:C
  4856 : 101110011100 ; -- R:B G:9 B:C
  4857 : 101110011100 ; -- R:B G:9 B:C
  4858 : 101110011100 ; -- R:B G:9 B:C
  4859 : 101110011100 ; -- R:B G:9 B:C
  4860 : 101110011100 ; -- R:B G:9 B:C
  4861 : 101110011100 ; -- R:B G:9 B:C
  4862 : 101110011100 ; -- R:B G:9 B:C
  4863 : 101110011100 ; -- R:B G:9 B:C
  4864 : 101110011100 ; -- R:B G:9 B:C
  4865 : 101110011100 ; -- R:B G:9 B:C
  4866 : 101110001100 ; -- R:B G:8 B:C
  4867 : 110110101100 ; -- R:D G:A B:C
  4868 : 111111011001 ; -- R:F G:D B:9
  4869 : 111111011001 ; -- R:F G:D B:9
  4870 : 111111011001 ; -- R:F G:D B:9
  4871 : 111111011001 ; -- R:F G:D B:9
  4872 : 111111011001 ; -- R:F G:D B:9
  4873 : 111111011001 ; -- R:F G:D B:9
  4874 : 111111011001 ; -- R:F G:D B:9
  4875 : 111111011001 ; -- R:F G:D B:9
  4876 : 111111011001 ; -- R:F G:D B:9
  4877 : 111111011001 ; -- R:F G:D B:9
  4878 : 111111011001 ; -- R:F G:D B:9
  4879 : 111111011001 ; -- R:F G:D B:9
  4880 : 111111011001 ; -- R:F G:D B:9
  4881 : 111111011001 ; -- R:F G:D B:9
  4882 : 111111011001 ; -- R:F G:D B:9
  4883 : 111111011001 ; -- R:F G:D B:9
  4884 : 111111011001 ; -- R:F G:D B:9
  4885 : 111111011001 ; -- R:F G:D B:9
  4886 : 111111011001 ; -- R:F G:D B:9
  4887 : 111111011001 ; -- R:F G:D B:9
  4888 : 101110011100 ; -- R:B G:9 B:C
  4889 : 101110001100 ; -- R:B G:8 B:C
  4890 : 101110011100 ; -- R:B G:9 B:C
  4891 : 101110011100 ; -- R:B G:9 B:C
  4892 : 101110011100 ; -- R:B G:9 B:C
  4893 : 101110011100 ; -- R:B G:9 B:C
  4894 : 101110011100 ; -- R:B G:9 B:C
  4895 : 101110011100 ; -- R:B G:9 B:C
  4896 : 101110011100 ; -- R:B G:9 B:C
  4897 : 101110011100 ; -- R:B G:9 B:C
  4898 : 101110011100 ; -- R:B G:9 B:C
  4899 : 101110011100 ; -- R:B G:9 B:C
  4900 : 101110011100 ; -- R:B G:9 B:C
  4901 : 101110011100 ; -- R:B G:9 B:C
  4902 : 101110011100 ; -- R:B G:9 B:C
  4903 : 101110011100 ; -- R:B G:9 B:C
  4904 : 101110011100 ; -- R:B G:9 B:C
  4905 : 101110011100 ; -- R:B G:9 B:C
  4906 : 101110011100 ; -- R:B G:9 B:C
  4907 : 101110011100 ; -- R:B G:9 B:C
  4908 : 101110011100 ; -- R:B G:9 B:C
  4909 : 101110011100 ; -- R:B G:9 B:C
  4910 : 101110011100 ; -- R:B G:9 B:C
  4911 : 101110001100 ; -- R:B G:8 B:C
  4912 : 101110001100 ; -- R:B G:8 B:C
  4913 : 101110001100 ; -- R:B G:8 B:C
  4914 : 101110001100 ; -- R:B G:8 B:C
  4915 : 101110011100 ; -- R:B G:9 B:C
  4916 : 101110011100 ; -- R:B G:9 B:C
  4917 : 101110011100 ; -- R:B G:9 B:C
  4918 : 101110011100 ; -- R:B G:9 B:C
  4919 : 101110011100 ; -- R:B G:9 B:C
  4920 : 101110011100 ; -- R:B G:9 B:C
  4921 : 101110011100 ; -- R:B G:9 B:C
  4922 : 101110011100 ; -- R:B G:9 B:C
  4923 : 101110011100 ; -- R:B G:9 B:C
  4924 : 101110011100 ; -- R:B G:9 B:C
  4925 : 101110011100 ; -- R:B G:9 B:C
  4926 : 101110011100 ; -- R:B G:9 B:C
  4927 : 101110011100 ; -- R:B G:9 B:C
  4928 : 101110011100 ; -- R:B G:9 B:C
  4929 : 101110011100 ; -- R:B G:9 B:C
  4930 : 101110011100 ; -- R:B G:9 B:C
  4931 : 101110011100 ; -- R:B G:9 B:C
  4932 : 101110011100 ; -- R:B G:9 B:C
  4933 : 101110011100 ; -- R:B G:9 B:C
  4934 : 101110011100 ; -- R:B G:9 B:C
  4935 : 101110011100 ; -- R:B G:9 B:C
  4936 : 101110011100 ; -- R:B G:9 B:C
  4937 : 101110011100 ; -- R:B G:9 B:C
  4938 : 101110011100 ; -- R:B G:9 B:C
  4939 : 101110011100 ; -- R:B G:9 B:C
  4940 : 101110011100 ; -- R:B G:9 B:C
  4941 : 101110011100 ; -- R:B G:9 B:C
  4942 : 101110011100 ; -- R:B G:9 B:C
  4943 : 101110011100 ; -- R:B G:9 B:C
  4944 : 101110011100 ; -- R:B G:9 B:C
  4945 : 101110011100 ; -- R:B G:9 B:C
  4946 : 101110011100 ; -- R:B G:9 B:C
  4947 : 101110011100 ; -- R:B G:9 B:C
  4948 : 101110011100 ; -- R:B G:9 B:C
  4949 : 101110011100 ; -- R:B G:9 B:C
  4950 : 101110011100 ; -- R:B G:9 B:C
  4951 : 101110011100 ; -- R:B G:9 B:C
  4952 : 101110011100 ; -- R:B G:9 B:C
  4953 : 101110011100 ; -- R:B G:9 B:C
  4954 : 101110011100 ; -- R:B G:9 B:C
  4955 : 101110011100 ; -- R:B G:9 B:C
  4956 : 101110011100 ; -- R:B G:9 B:C
  4957 : 101110011100 ; -- R:B G:9 B:C
  4958 : 101110011100 ; -- R:B G:9 B:C
  4959 : 101110011100 ; -- R:B G:9 B:C
  4960 : 101110011100 ; -- R:B G:9 B:C
  4961 : 101110011100 ; -- R:B G:9 B:C
  4962 : 101110011100 ; -- R:B G:9 B:C
  4963 : 101110001100 ; -- R:B G:8 B:C
  4964 : 110010101100 ; -- R:C G:A B:C
  4965 : 101011001111 ; -- R:A G:C B:F
  4966 : 101110011100 ; -- R:B G:9 B:C
  4967 : 101110011100 ; -- R:B G:9 B:C
  4968 : 101110011100 ; -- R:B G:9 B:C
  4969 : 101110011100 ; -- R:B G:9 B:C
  4970 : 101110011100 ; -- R:B G:9 B:C
  4971 : 101110011100 ; -- R:B G:9 B:C
  4972 : 101110011100 ; -- R:B G:9 B:C
  4973 : 101110011100 ; -- R:B G:9 B:C
  4974 : 101110011100 ; -- R:B G:9 B:C
  4975 : 101110011100 ; -- R:B G:9 B:C
  4976 : 101110011100 ; -- R:B G:9 B:C
  4977 : 101110011100 ; -- R:B G:9 B:C
  4978 : 101110011100 ; -- R:B G:9 B:C
  4979 : 101110011100 ; -- R:B G:9 B:C
  4980 : 101110011100 ; -- R:B G:9 B:C
  4981 : 101110011100 ; -- R:B G:9 B:C
  4982 : 101110011100 ; -- R:B G:9 B:C
  4983 : 101110011100 ; -- R:B G:9 B:C
  4984 : 101110011100 ; -- R:B G:9 B:C
  4985 : 101110011100 ; -- R:B G:9 B:C
  4986 : 101110011100 ; -- R:B G:9 B:C
  4987 : 101110011100 ; -- R:B G:9 B:C
  4988 : 101110011100 ; -- R:B G:9 B:C
  4989 : 101110011100 ; -- R:B G:9 B:C
  4990 : 101110011100 ; -- R:B G:9 B:C
  4991 : 101110011100 ; -- R:B G:9 B:C
  4992 : 101110011100 ; -- R:B G:9 B:C
  4993 : 101110011100 ; -- R:B G:9 B:C
  4994 : 101110011100 ; -- R:B G:9 B:C
  4995 : 101110011100 ; -- R:B G:9 B:C
  4996 : 110010101100 ; -- R:C G:A B:C
  4997 : 110110101100 ; -- R:D G:A B:C
  4998 : 101011001111 ; -- R:A G:C B:F
  4999 : 101011001111 ; -- R:A G:C B:F
  5000 : 101011001111 ; -- R:A G:C B:F
  5001 : 110110101100 ; -- R:D G:A B:C
  5002 : 110010101100 ; -- R:C G:A B:C
  5003 : 101110011100 ; -- R:B G:9 B:C
  5004 : 101110011100 ; -- R:B G:9 B:C
  5005 : 101110011100 ; -- R:B G:9 B:C
  5006 : 101110011100 ; -- R:B G:9 B:C
  5007 : 101110011100 ; -- R:B G:9 B:C
  5008 : 101110011100 ; -- R:B G:9 B:C
  5009 : 101110011100 ; -- R:B G:9 B:C
  5010 : 101110011100 ; -- R:B G:9 B:C
  5011 : 101110011100 ; -- R:B G:9 B:C
  5012 : 101110011100 ; -- R:B G:9 B:C
  5013 : 101110011100 ; -- R:B G:9 B:C
  5014 : 101110011100 ; -- R:B G:9 B:C
  5015 : 101110011100 ; -- R:B G:9 B:C
  5016 : 101110011100 ; -- R:B G:9 B:C
  5017 : 101110011100 ; -- R:B G:9 B:C
  5018 : 101110011100 ; -- R:B G:9 B:C
  5019 : 101110011100 ; -- R:B G:9 B:C
  5020 : 101110011100 ; -- R:B G:9 B:C
  5021 : 101110011100 ; -- R:B G:9 B:C
  5022 : 101110011100 ; -- R:B G:9 B:C
  5023 : 101110011100 ; -- R:B G:9 B:C
  5024 : 101110011100 ; -- R:B G:9 B:C
  5025 : 101110011100 ; -- R:B G:9 B:C
  5026 : 101110011100 ; -- R:B G:9 B:C
  5027 : 101110001100 ; -- R:B G:8 B:C
  5028 : 101110011100 ; -- R:B G:9 B:C
  5029 : 110110101100 ; -- R:D G:A B:C
  5030 : 111111011001 ; -- R:F G:D B:9
  5031 : 111111011001 ; -- R:F G:D B:9
  5032 : 111111011001 ; -- R:F G:D B:9
  5033 : 111111011001 ; -- R:F G:D B:9
  5034 : 111111011001 ; -- R:F G:D B:9
  5035 : 111111011001 ; -- R:F G:D B:9
  5036 : 111111011001 ; -- R:F G:D B:9
  5037 : 111111011001 ; -- R:F G:D B:9
  5038 : 111111011001 ; -- R:F G:D B:9
  5039 : 111111011001 ; -- R:F G:D B:9
  5040 : 111111011001 ; -- R:F G:D B:9
  5041 : 111111011001 ; -- R:F G:D B:9
  5042 : 111111011001 ; -- R:F G:D B:9
  5043 : 111111011001 ; -- R:F G:D B:9
  5044 : 111111011001 ; -- R:F G:D B:9
  5045 : 111111011001 ; -- R:F G:D B:9
  5046 : 110010011100 ; -- R:C G:9 B:C
  5047 : 101110001100 ; -- R:B G:8 B:C
  5048 : 101110011100 ; -- R:B G:9 B:C
  5049 : 101110011100 ; -- R:B G:9 B:C
  5050 : 101110011100 ; -- R:B G:9 B:C
  5051 : 101110011100 ; -- R:B G:9 B:C
  5052 : 101110011100 ; -- R:B G:9 B:C
  5053 : 101110011100 ; -- R:B G:9 B:C
  5054 : 101110011100 ; -- R:B G:9 B:C
  5055 : 101110011100 ; -- R:B G:9 B:C
  5056 : 101110011100 ; -- R:B G:9 B:C
  5057 : 101110011100 ; -- R:B G:9 B:C
  5058 : 101110011100 ; -- R:B G:9 B:C
  5059 : 101110011100 ; -- R:B G:9 B:C
  5060 : 101110011100 ; -- R:B G:9 B:C
  5061 : 101110011100 ; -- R:B G:9 B:C
  5062 : 101110011100 ; -- R:B G:9 B:C
  5063 : 101110011100 ; -- R:B G:9 B:C
  5064 : 101110011100 ; -- R:B G:9 B:C
  5065 : 101110011100 ; -- R:B G:9 B:C
  5066 : 101110011100 ; -- R:B G:9 B:C
  5067 : 101110011100 ; -- R:B G:9 B:C
  5068 : 101110011100 ; -- R:B G:9 B:C
  5069 : 101110011100 ; -- R:B G:9 B:C
  5070 : 101110011100 ; -- R:B G:9 B:C
  5071 : 101110011100 ; -- R:B G:9 B:C
  5072 : 101110011100 ; -- R:B G:9 B:C
  5073 : 101110011100 ; -- R:B G:9 B:C
  5074 : 101110011100 ; -- R:B G:9 B:C
  5075 : 101110011100 ; -- R:B G:9 B:C
  5076 : 101110011100 ; -- R:B G:9 B:C
  5077 : 101110011100 ; -- R:B G:9 B:C
  5078 : 101110011100 ; -- R:B G:9 B:C
  5079 : 101110011100 ; -- R:B G:9 B:C
  5080 : 101110011100 ; -- R:B G:9 B:C
  5081 : 101110011100 ; -- R:B G:9 B:C
  5082 : 101110011100 ; -- R:B G:9 B:C
  5083 : 101110011100 ; -- R:B G:9 B:C
  5084 : 101110011100 ; -- R:B G:9 B:C
  5085 : 101110011100 ; -- R:B G:9 B:C
  5086 : 101110011100 ; -- R:B G:9 B:C
  5087 : 101110011100 ; -- R:B G:9 B:C
  5088 : 101110011100 ; -- R:B G:9 B:C
  5089 : 101110011100 ; -- R:B G:9 B:C
  5090 : 101110011100 ; -- R:B G:9 B:C
  5091 : 101110011100 ; -- R:B G:9 B:C
  5092 : 101110011100 ; -- R:B G:9 B:C
  5093 : 101110011100 ; -- R:B G:9 B:C
  5094 : 101110011100 ; -- R:B G:9 B:C
  5095 : 101110011100 ; -- R:B G:9 B:C
  5096 : 101110011100 ; -- R:B G:9 B:C
  5097 : 101110011100 ; -- R:B G:9 B:C
  5098 : 101110011100 ; -- R:B G:9 B:C
  5099 : 101110011100 ; -- R:B G:9 B:C
  5100 : 101110011100 ; -- R:B G:9 B:C
  5101 : 101110011100 ; -- R:B G:9 B:C
  5102 : 101110011100 ; -- R:B G:9 B:C
  5103 : 101110011100 ; -- R:B G:9 B:C
  5104 : 101110011100 ; -- R:B G:9 B:C
  5105 : 101110011100 ; -- R:B G:9 B:C
  5106 : 101110011100 ; -- R:B G:9 B:C
  5107 : 101110011100 ; -- R:B G:9 B:C
  5108 : 101110011100 ; -- R:B G:9 B:C
  5109 : 101110011100 ; -- R:B G:9 B:C
  5110 : 101110011100 ; -- R:B G:9 B:C
  5111 : 101110011100 ; -- R:B G:9 B:C
  5112 : 101110011100 ; -- R:B G:9 B:C
  5113 : 101110011100 ; -- R:B G:9 B:C
  5114 : 101110011100 ; -- R:B G:9 B:C
  5115 : 101110011100 ; -- R:B G:9 B:C
  5116 : 101110011100 ; -- R:B G:9 B:C
  5117 : 101110011100 ; -- R:B G:9 B:C
  5118 : 101110011100 ; -- R:B G:9 B:C
  5119 : 101110011100 ; -- R:B G:9 B:C
  5120 : 101110011100 ; -- R:B G:9 B:C
  5121 : 101110011100 ; -- R:B G:9 B:C
  5122 : 101110011100 ; -- R:B G:9 B:C
  5123 : 101110001100 ; -- R:B G:8 B:C
  5124 : 110010101100 ; -- R:C G:A B:C
  5125 : 110110101100 ; -- R:D G:A B:C
  5126 : 101110011100 ; -- R:B G:9 B:C
  5127 : 101110011100 ; -- R:B G:9 B:C
  5128 : 101110011100 ; -- R:B G:9 B:C
  5129 : 101110011100 ; -- R:B G:9 B:C
  5130 : 101110011100 ; -- R:B G:9 B:C
  5131 : 101110011100 ; -- R:B G:9 B:C
  5132 : 101110011100 ; -- R:B G:9 B:C
  5133 : 101110011100 ; -- R:B G:9 B:C
  5134 : 101110011100 ; -- R:B G:9 B:C
  5135 : 101110011100 ; -- R:B G:9 B:C
  5136 : 101110011100 ; -- R:B G:9 B:C
  5137 : 101110011100 ; -- R:B G:9 B:C
  5138 : 101110011100 ; -- R:B G:9 B:C
  5139 : 101110011100 ; -- R:B G:9 B:C
  5140 : 101110011100 ; -- R:B G:9 B:C
  5141 : 101110011100 ; -- R:B G:9 B:C
  5142 : 101110011100 ; -- R:B G:9 B:C
  5143 : 101110011100 ; -- R:B G:9 B:C
  5144 : 101110011100 ; -- R:B G:9 B:C
  5145 : 101110011100 ; -- R:B G:9 B:C
  5146 : 101110011100 ; -- R:B G:9 B:C
  5147 : 101110011100 ; -- R:B G:9 B:C
  5148 : 101110011100 ; -- R:B G:9 B:C
  5149 : 101110011100 ; -- R:B G:9 B:C
  5150 : 101110011100 ; -- R:B G:9 B:C
  5151 : 101110011100 ; -- R:B G:9 B:C
  5152 : 101110011100 ; -- R:B G:9 B:C
  5153 : 101110011100 ; -- R:B G:9 B:C
  5154 : 101110011100 ; -- R:B G:9 B:C
  5155 : 101110011100 ; -- R:B G:9 B:C
  5156 : 110010101100 ; -- R:C G:A B:C
  5157 : 110110101100 ; -- R:D G:A B:C
  5158 : 101011001111 ; -- R:A G:C B:F
  5159 : 101011001111 ; -- R:A G:C B:F
  5160 : 110110101100 ; -- R:D G:A B:C
  5161 : 110110101100 ; -- R:D G:A B:C
  5162 : 110010011100 ; -- R:C G:9 B:C
  5163 : 101110011100 ; -- R:B G:9 B:C
  5164 : 101110011100 ; -- R:B G:9 B:C
  5165 : 101110011100 ; -- R:B G:9 B:C
  5166 : 101110011100 ; -- R:B G:9 B:C
  5167 : 101110011100 ; -- R:B G:9 B:C
  5168 : 101110011100 ; -- R:B G:9 B:C
  5169 : 101110011100 ; -- R:B G:9 B:C
  5170 : 101110011100 ; -- R:B G:9 B:C
  5171 : 101110011100 ; -- R:B G:9 B:C
  5172 : 101110011100 ; -- R:B G:9 B:C
  5173 : 101110011100 ; -- R:B G:9 B:C
  5174 : 101110011100 ; -- R:B G:9 B:C
  5175 : 101110011100 ; -- R:B G:9 B:C
  5176 : 101110011100 ; -- R:B G:9 B:C
  5177 : 101110011100 ; -- R:B G:9 B:C
  5178 : 101110011100 ; -- R:B G:9 B:C
  5179 : 101110011100 ; -- R:B G:9 B:C
  5180 : 101110011100 ; -- R:B G:9 B:C
  5181 : 101110011100 ; -- R:B G:9 B:C
  5182 : 101110011100 ; -- R:B G:9 B:C
  5183 : 101110011100 ; -- R:B G:9 B:C
  5184 : 101110011100 ; -- R:B G:9 B:C
  5185 : 101110011100 ; -- R:B G:9 B:C
  5186 : 101110011100 ; -- R:B G:9 B:C
  5187 : 101110011100 ; -- R:B G:9 B:C
  5188 : 101110011100 ; -- R:B G:9 B:C
  5189 : 101110001100 ; -- R:B G:8 B:C
  5190 : 101110011100 ; -- R:B G:9 B:C
  5191 : 110010011100 ; -- R:C G:9 B:C
  5192 : 110110101100 ; -- R:D G:A B:C
  5193 : 111111011001 ; -- R:F G:D B:9
  5194 : 111111011001 ; -- R:F G:D B:9
  5195 : 111111011001 ; -- R:F G:D B:9
  5196 : 111111011001 ; -- R:F G:D B:9
  5197 : 111111011001 ; -- R:F G:D B:9
  5198 : 111111011001 ; -- R:F G:D B:9
  5199 : 111111011001 ; -- R:F G:D B:9
  5200 : 111111011001 ; -- R:F G:D B:9
  5201 : 111111011001 ; -- R:F G:D B:9
  5202 : 111111011001 ; -- R:F G:D B:9
  5203 : 110110101100 ; -- R:D G:A B:C
  5204 : 101110011100 ; -- R:B G:9 B:C
  5205 : 101110001100 ; -- R:B G:8 B:C
  5206 : 101110001100 ; -- R:B G:8 B:C
  5207 : 101110011100 ; -- R:B G:9 B:C
  5208 : 101110011100 ; -- R:B G:9 B:C
  5209 : 101110011100 ; -- R:B G:9 B:C
  5210 : 101110011100 ; -- R:B G:9 B:C
  5211 : 101110011100 ; -- R:B G:9 B:C
  5212 : 101110011100 ; -- R:B G:9 B:C
  5213 : 101110011100 ; -- R:B G:9 B:C
  5214 : 101110011100 ; -- R:B G:9 B:C
  5215 : 101110011100 ; -- R:B G:9 B:C
  5216 : 101110011100 ; -- R:B G:9 B:C
  5217 : 101110011100 ; -- R:B G:9 B:C
  5218 : 101110011100 ; -- R:B G:9 B:C
  5219 : 101110011100 ; -- R:B G:9 B:C
  5220 : 101110011100 ; -- R:B G:9 B:C
  5221 : 101110011100 ; -- R:B G:9 B:C
  5222 : 101110011100 ; -- R:B G:9 B:C
  5223 : 101110011100 ; -- R:B G:9 B:C
  5224 : 101110011100 ; -- R:B G:9 B:C
  5225 : 101110011100 ; -- R:B G:9 B:C
  5226 : 101110011100 ; -- R:B G:9 B:C
  5227 : 101110011100 ; -- R:B G:9 B:C
  5228 : 101110011100 ; -- R:B G:9 B:C
  5229 : 101110011100 ; -- R:B G:9 B:C
  5230 : 101110011100 ; -- R:B G:9 B:C
  5231 : 101110011100 ; -- R:B G:9 B:C
  5232 : 101110011100 ; -- R:B G:9 B:C
  5233 : 101110011100 ; -- R:B G:9 B:C
  5234 : 101110011100 ; -- R:B G:9 B:C
  5235 : 101110011100 ; -- R:B G:9 B:C
  5236 : 101110011100 ; -- R:B G:9 B:C
  5237 : 101110011100 ; -- R:B G:9 B:C
  5238 : 101110011100 ; -- R:B G:9 B:C
  5239 : 101110011100 ; -- R:B G:9 B:C
  5240 : 101110011100 ; -- R:B G:9 B:C
  5241 : 101110011100 ; -- R:B G:9 B:C
  5242 : 101110011100 ; -- R:B G:9 B:C
  5243 : 101110011100 ; -- R:B G:9 B:C
  5244 : 101110011100 ; -- R:B G:9 B:C
  5245 : 101110011100 ; -- R:B G:9 B:C
  5246 : 101110011100 ; -- R:B G:9 B:C
  5247 : 101110011100 ; -- R:B G:9 B:C
  5248 : 101110011100 ; -- R:B G:9 B:C
  5249 : 101110011100 ; -- R:B G:9 B:C
  5250 : 101110011100 ; -- R:B G:9 B:C
  5251 : 101110011100 ; -- R:B G:9 B:C
  5252 : 101110011100 ; -- R:B G:9 B:C
  5253 : 101110011100 ; -- R:B G:9 B:C
  5254 : 101110011100 ; -- R:B G:9 B:C
  5255 : 101110011100 ; -- R:B G:9 B:C
  5256 : 101110011100 ; -- R:B G:9 B:C
  5257 : 101110011100 ; -- R:B G:9 B:C
  5258 : 101110011100 ; -- R:B G:9 B:C
  5259 : 101110011100 ; -- R:B G:9 B:C
  5260 : 101110011100 ; -- R:B G:9 B:C
  5261 : 101110011100 ; -- R:B G:9 B:C
  5262 : 101110011100 ; -- R:B G:9 B:C
  5263 : 101110011100 ; -- R:B G:9 B:C
  5264 : 101110011100 ; -- R:B G:9 B:C
  5265 : 101110011100 ; -- R:B G:9 B:C
  5266 : 101110011100 ; -- R:B G:9 B:C
  5267 : 101110011100 ; -- R:B G:9 B:C
  5268 : 101110011100 ; -- R:B G:9 B:C
  5269 : 101110011100 ; -- R:B G:9 B:C
  5270 : 101110011100 ; -- R:B G:9 B:C
  5271 : 101110011100 ; -- R:B G:9 B:C
  5272 : 101110011100 ; -- R:B G:9 B:C
  5273 : 101110011100 ; -- R:B G:9 B:C
  5274 : 101110011100 ; -- R:B G:9 B:C
  5275 : 101110011100 ; -- R:B G:9 B:C
  5276 : 101110011100 ; -- R:B G:9 B:C
  5277 : 101110011100 ; -- R:B G:9 B:C
  5278 : 101110011100 ; -- R:B G:9 B:C
  5279 : 101110011100 ; -- R:B G:9 B:C
  5280 : 101110011100 ; -- R:B G:9 B:C
  5281 : 101110011100 ; -- R:B G:9 B:C
  5282 : 101110011100 ; -- R:B G:9 B:C
  5283 : 101110011100 ; -- R:B G:9 B:C
  5284 : 101110001100 ; -- R:B G:8 B:C
  5285 : 101110001100 ; -- R:B G:8 B:C
  5286 : 101110011100 ; -- R:B G:9 B:C
  5287 : 101110011100 ; -- R:B G:9 B:C
  5288 : 101110011100 ; -- R:B G:9 B:C
  5289 : 101110011100 ; -- R:B G:9 B:C
  5290 : 101110011100 ; -- R:B G:9 B:C
  5291 : 101110011100 ; -- R:B G:9 B:C
  5292 : 101110011100 ; -- R:B G:9 B:C
  5293 : 101110011100 ; -- R:B G:9 B:C
  5294 : 101110011100 ; -- R:B G:9 B:C
  5295 : 101110011100 ; -- R:B G:9 B:C
  5296 : 101110011100 ; -- R:B G:9 B:C
  5297 : 101110011100 ; -- R:B G:9 B:C
  5298 : 101110011100 ; -- R:B G:9 B:C
  5299 : 101110011100 ; -- R:B G:9 B:C
  5300 : 101110011100 ; -- R:B G:9 B:C
  5301 : 101110011100 ; -- R:B G:9 B:C
  5302 : 101110011100 ; -- R:B G:9 B:C
  5303 : 101110011100 ; -- R:B G:9 B:C
  5304 : 101110011100 ; -- R:B G:9 B:C
  5305 : 101110011100 ; -- R:B G:9 B:C
  5306 : 101110011100 ; -- R:B G:9 B:C
  5307 : 101110011100 ; -- R:B G:9 B:C
  5308 : 101110011100 ; -- R:B G:9 B:C
  5309 : 101110011100 ; -- R:B G:9 B:C
  5310 : 101110011100 ; -- R:B G:9 B:C
  5311 : 101110011100 ; -- R:B G:9 B:C
  5312 : 101110011100 ; -- R:B G:9 B:C
  5313 : 101110011100 ; -- R:B G:9 B:C
  5314 : 101110011100 ; -- R:B G:9 B:C
  5315 : 101110011100 ; -- R:B G:9 B:C
  5316 : 101110001100 ; -- R:B G:8 B:C
  5317 : 101010001100 ; -- R:A G:8 B:C
  5318 : 110010101100 ; -- R:C G:A B:C
  5319 : 101011001111 ; -- R:A G:C B:F
  5320 : 101110011100 ; -- R:B G:9 B:C
  5321 : 101110001100 ; -- R:B G:8 B:C
  5322 : 101110011100 ; -- R:B G:9 B:C
  5323 : 101110011100 ; -- R:B G:9 B:C
  5324 : 101110011100 ; -- R:B G:9 B:C
  5325 : 101110011100 ; -- R:B G:9 B:C
  5326 : 101110011100 ; -- R:B G:9 B:C
  5327 : 101110011100 ; -- R:B G:9 B:C
  5328 : 101110011100 ; -- R:B G:9 B:C
  5329 : 101110011100 ; -- R:B G:9 B:C
  5330 : 101110011100 ; -- R:B G:9 B:C
  5331 : 101110011100 ; -- R:B G:9 B:C
  5332 : 101110011100 ; -- R:B G:9 B:C
  5333 : 101110011100 ; -- R:B G:9 B:C
  5334 : 101110011100 ; -- R:B G:9 B:C
  5335 : 101110011100 ; -- R:B G:9 B:C
  5336 : 101110011100 ; -- R:B G:9 B:C
  5337 : 101110011100 ; -- R:B G:9 B:C
  5338 : 101110011100 ; -- R:B G:9 B:C
  5339 : 101110011100 ; -- R:B G:9 B:C
  5340 : 101110011100 ; -- R:B G:9 B:C
  5341 : 101110011100 ; -- R:B G:9 B:C
  5342 : 101110011100 ; -- R:B G:9 B:C
  5343 : 101110011100 ; -- R:B G:9 B:C
  5344 : 101110011100 ; -- R:B G:9 B:C
  5345 : 101110011100 ; -- R:B G:9 B:C
  5346 : 101110011100 ; -- R:B G:9 B:C
  5347 : 101110011100 ; -- R:B G:9 B:C
  5348 : 101110011100 ; -- R:B G:9 B:C
  5349 : 101110011100 ; -- R:B G:9 B:C
  5350 : 101110011100 ; -- R:B G:9 B:C
  5351 : 101110011100 ; -- R:B G:9 B:C
  5352 : 101110001100 ; -- R:B G:8 B:C
  5353 : 101110001100 ; -- R:B G:8 B:C
  5354 : 101110011100 ; -- R:B G:9 B:C
  5355 : 101110011100 ; -- R:B G:9 B:C
  5356 : 110010011100 ; -- R:C G:9 B:C
  5357 : 110010011100 ; -- R:C G:9 B:C
  5358 : 110010011100 ; -- R:C G:9 B:C
  5359 : 101110011100 ; -- R:B G:9 B:C
  5360 : 101110011100 ; -- R:B G:9 B:C
  5361 : 101110011100 ; -- R:B G:9 B:C
  5362 : 101110001100 ; -- R:B G:8 B:C
  5363 : 101110001100 ; -- R:B G:8 B:C
  5364 : 101110011100 ; -- R:B G:9 B:C
  5365 : 101110011100 ; -- R:B G:9 B:C
  5366 : 101110011100 ; -- R:B G:9 B:C
  5367 : 101110011100 ; -- R:B G:9 B:C
  5368 : 101110011100 ; -- R:B G:9 B:C
  5369 : 101110011100 ; -- R:B G:9 B:C
  5370 : 101110011100 ; -- R:B G:9 B:C
  5371 : 101110011100 ; -- R:B G:9 B:C
  5372 : 101110011100 ; -- R:B G:9 B:C
  5373 : 101110011100 ; -- R:B G:9 B:C
  5374 : 101110011100 ; -- R:B G:9 B:C
  5375 : 101110011100 ; -- R:B G:9 B:C
  5376 : 101110011100 ; -- R:B G:9 B:C
  5377 : 101110011100 ; -- R:B G:9 B:C
  5378 : 101110011100 ; -- R:B G:9 B:C
  5379 : 101110011100 ; -- R:B G:9 B:C
  5380 : 101110011100 ; -- R:B G:9 B:C
  5381 : 101110011100 ; -- R:B G:9 B:C
  5382 : 101110011100 ; -- R:B G:9 B:C
  5383 : 101110011100 ; -- R:B G:9 B:C
  5384 : 101110011100 ; -- R:B G:9 B:C
  5385 : 101110011100 ; -- R:B G:9 B:C
  5386 : 101110011100 ; -- R:B G:9 B:C
  5387 : 101110011100 ; -- R:B G:9 B:C
  5388 : 101110011100 ; -- R:B G:9 B:C
  5389 : 101110011100 ; -- R:B G:9 B:C
  5390 : 101110011100 ; -- R:B G:9 B:C
  5391 : 101110011100 ; -- R:B G:9 B:C
  5392 : 101110011100 ; -- R:B G:9 B:C
  5393 : 101110011100 ; -- R:B G:9 B:C
  5394 : 101110011100 ; -- R:B G:9 B:C
  5395 : 101110011100 ; -- R:B G:9 B:C
  5396 : 101110011100 ; -- R:B G:9 B:C
  5397 : 101110011100 ; -- R:B G:9 B:C
  5398 : 101110011100 ; -- R:B G:9 B:C
  5399 : 101110011100 ; -- R:B G:9 B:C
  5400 : 101110011100 ; -- R:B G:9 B:C
  5401 : 101110011100 ; -- R:B G:9 B:C
  5402 : 101110011100 ; -- R:B G:9 B:C
  5403 : 101110011100 ; -- R:B G:9 B:C
  5404 : 101110011100 ; -- R:B G:9 B:C
  5405 : 101110011100 ; -- R:B G:9 B:C
  5406 : 101110011100 ; -- R:B G:9 B:C
  5407 : 101110011100 ; -- R:B G:9 B:C
  5408 : 101110011100 ; -- R:B G:9 B:C
  5409 : 101110011100 ; -- R:B G:9 B:C
  5410 : 101110011100 ; -- R:B G:9 B:C
  5411 : 101110011100 ; -- R:B G:9 B:C
  5412 : 101110011100 ; -- R:B G:9 B:C
  5413 : 101110011100 ; -- R:B G:9 B:C
  5414 : 101110011100 ; -- R:B G:9 B:C
  5415 : 101110011100 ; -- R:B G:9 B:C
  5416 : 101110011100 ; -- R:B G:9 B:C
  5417 : 101110011100 ; -- R:B G:9 B:C
  5418 : 101110011100 ; -- R:B G:9 B:C
  5419 : 101110011100 ; -- R:B G:9 B:C
  5420 : 101110011100 ; -- R:B G:9 B:C
  5421 : 101110011100 ; -- R:B G:9 B:C
  5422 : 101110011100 ; -- R:B G:9 B:C
  5423 : 101110011100 ; -- R:B G:9 B:C
  5424 : 101110011100 ; -- R:B G:9 B:C
  5425 : 101110011100 ; -- R:B G:9 B:C
  5426 : 101110011100 ; -- R:B G:9 B:C
  5427 : 101110011100 ; -- R:B G:9 B:C
  5428 : 101110011100 ; -- R:B G:9 B:C
  5429 : 101110011100 ; -- R:B G:9 B:C
  5430 : 101110011100 ; -- R:B G:9 B:C
  5431 : 101110011100 ; -- R:B G:9 B:C
  5432 : 101110011100 ; -- R:B G:9 B:C
  5433 : 101110011100 ; -- R:B G:9 B:C
  5434 : 101110011100 ; -- R:B G:9 B:C
  5435 : 101110011100 ; -- R:B G:9 B:C
  5436 : 101110011100 ; -- R:B G:9 B:C
  5437 : 101110011100 ; -- R:B G:9 B:C
  5438 : 101110011100 ; -- R:B G:9 B:C
  5439 : 101110011100 ; -- R:B G:9 B:C
  5440 : 101110011100 ; -- R:B G:9 B:C
  5441 : 101110011100 ; -- R:B G:9 B:C
  5442 : 101110011100 ; -- R:B G:9 B:C
  5443 : 101110011100 ; -- R:B G:9 B:C
  5444 : 101110011100 ; -- R:B G:9 B:C
  5445 : 101110011100 ; -- R:B G:9 B:C
  5446 : 101110011100 ; -- R:B G:9 B:C
  5447 : 101110011100 ; -- R:B G:9 B:C
  5448 : 101110011100 ; -- R:B G:9 B:C
  5449 : 101110011100 ; -- R:B G:9 B:C
  5450 : 101110011100 ; -- R:B G:9 B:C
  5451 : 101110011100 ; -- R:B G:9 B:C
  5452 : 101110011100 ; -- R:B G:9 B:C
  5453 : 101110011100 ; -- R:B G:9 B:C
  5454 : 101110011100 ; -- R:B G:9 B:C
  5455 : 101110011100 ; -- R:B G:9 B:C
  5456 : 101110011100 ; -- R:B G:9 B:C
  5457 : 101110011100 ; -- R:B G:9 B:C
  5458 : 101110011100 ; -- R:B G:9 B:C
  5459 : 101110011100 ; -- R:B G:9 B:C
  5460 : 101110011100 ; -- R:B G:9 B:C
  5461 : 101110011100 ; -- R:B G:9 B:C
  5462 : 101110011100 ; -- R:B G:9 B:C
  5463 : 101110011100 ; -- R:B G:9 B:C
  5464 : 101110011100 ; -- R:B G:9 B:C
  5465 : 101110011100 ; -- R:B G:9 B:C
  5466 : 101110011100 ; -- R:B G:9 B:C
  5467 : 101110011100 ; -- R:B G:9 B:C
  5468 : 101110011100 ; -- R:B G:9 B:C
  5469 : 101110011100 ; -- R:B G:9 B:C
  5470 : 101110011100 ; -- R:B G:9 B:C
  5471 : 101110011100 ; -- R:B G:9 B:C
  5472 : 101110011100 ; -- R:B G:9 B:C
  5473 : 101110011100 ; -- R:B G:9 B:C
  5474 : 101110011100 ; -- R:B G:9 B:C
  5475 : 101110011100 ; -- R:B G:9 B:C
  5476 : 101110011100 ; -- R:B G:9 B:C
  5477 : 101110011100 ; -- R:B G:9 B:C
  5478 : 101110011100 ; -- R:B G:9 B:C
  5479 : 110010101100 ; -- R:C G:A B:C
  5480 : 101110011100 ; -- R:B G:9 B:C
  5481 : 101110011100 ; -- R:B G:9 B:C
  5482 : 101110011100 ; -- R:B G:9 B:C
  5483 : 101110011100 ; -- R:B G:9 B:C
  5484 : 101110011100 ; -- R:B G:9 B:C
  5485 : 101110011100 ; -- R:B G:9 B:C
  5486 : 101110011100 ; -- R:B G:9 B:C
  5487 : 101110011100 ; -- R:B G:9 B:C
  5488 : 101110011100 ; -- R:B G:9 B:C
  5489 : 101110011100 ; -- R:B G:9 B:C
  5490 : 101110011100 ; -- R:B G:9 B:C
  5491 : 101110011100 ; -- R:B G:9 B:C
  5492 : 101110011100 ; -- R:B G:9 B:C
  5493 : 101110011100 ; -- R:B G:9 B:C
  5494 : 101110011100 ; -- R:B G:9 B:C
  5495 : 101110011100 ; -- R:B G:9 B:C
  5496 : 101110011100 ; -- R:B G:9 B:C
  5497 : 101110011100 ; -- R:B G:9 B:C
  5498 : 101110011100 ; -- R:B G:9 B:C
  5499 : 101110011100 ; -- R:B G:9 B:C
  5500 : 101110011100 ; -- R:B G:9 B:C
  5501 : 101110011100 ; -- R:B G:9 B:C
  5502 : 101110011100 ; -- R:B G:9 B:C
  5503 : 101110011100 ; -- R:B G:9 B:C
  5504 : 101110011100 ; -- R:B G:9 B:C
  5505 : 101110011100 ; -- R:B G:9 B:C
  5506 : 101110011100 ; -- R:B G:9 B:C
  5507 : 101110011100 ; -- R:B G:9 B:C
  5508 : 101110011100 ; -- R:B G:9 B:C
  5509 : 101110011100 ; -- R:B G:9 B:C
  5510 : 101110011100 ; -- R:B G:9 B:C
  5511 : 101110011100 ; -- R:B G:9 B:C
  5512 : 101110011100 ; -- R:B G:9 B:C
  5513 : 101110011100 ; -- R:B G:9 B:C
  5514 : 101110011100 ; -- R:B G:9 B:C
  5515 : 101110011100 ; -- R:B G:9 B:C
  5516 : 101110011100 ; -- R:B G:9 B:C
  5517 : 101110011100 ; -- R:B G:9 B:C
  5518 : 101110011100 ; -- R:B G:9 B:C
  5519 : 101110011100 ; -- R:B G:9 B:C
  5520 : 101110011100 ; -- R:B G:9 B:C
  5521 : 101110011100 ; -- R:B G:9 B:C
  5522 : 101110011100 ; -- R:B G:9 B:C
  5523 : 101110011100 ; -- R:B G:9 B:C
  5524 : 101110011100 ; -- R:B G:9 B:C
  5525 : 101110011100 ; -- R:B G:9 B:C
  5526 : 101110011100 ; -- R:B G:9 B:C
  5527 : 101110011100 ; -- R:B G:9 B:C
  5528 : 101110011100 ; -- R:B G:9 B:C
  5529 : 101110011100 ; -- R:B G:9 B:C
  5530 : 101110011100 ; -- R:B G:9 B:C
  5531 : 101110011100 ; -- R:B G:9 B:C
  5532 : 101110011100 ; -- R:B G:9 B:C
  5533 : 101110011100 ; -- R:B G:9 B:C
  5534 : 101110011100 ; -- R:B G:9 B:C
  5535 : 101110011100 ; -- R:B G:9 B:C
  5536 : 101110011100 ; -- R:B G:9 B:C
  5537 : 101110011100 ; -- R:B G:9 B:C
  5538 : 101110011100 ; -- R:B G:9 B:C
  5539 : 101110011100 ; -- R:B G:9 B:C
  5540 : 101110011100 ; -- R:B G:9 B:C
  5541 : 101110011100 ; -- R:B G:9 B:C
  5542 : 101110011100 ; -- R:B G:9 B:C
  5543 : 101110011100 ; -- R:B G:9 B:C
  5544 : 101110011100 ; -- R:B G:9 B:C
  5545 : 101110011100 ; -- R:B G:9 B:C
  5546 : 101110011100 ; -- R:B G:9 B:C
  5547 : 101110011100 ; -- R:B G:9 B:C
  5548 : 101110011100 ; -- R:B G:9 B:C
  5549 : 101110011100 ; -- R:B G:9 B:C
  5550 : 101110011100 ; -- R:B G:9 B:C
  5551 : 101110011100 ; -- R:B G:9 B:C
  5552 : 101110011100 ; -- R:B G:9 B:C
  5553 : 101110011100 ; -- R:B G:9 B:C
  5554 : 101110011100 ; -- R:B G:9 B:C
  5555 : 101110011100 ; -- R:B G:9 B:C
  5556 : 101110011100 ; -- R:B G:9 B:C
  5557 : 101110011100 ; -- R:B G:9 B:C
  5558 : 101110011100 ; -- R:B G:9 B:C
  5559 : 101110011100 ; -- R:B G:9 B:C
  5560 : 101110011100 ; -- R:B G:9 B:C
  5561 : 101110011100 ; -- R:B G:9 B:C
  5562 : 101110011100 ; -- R:B G:9 B:C
  5563 : 101110011100 ; -- R:B G:9 B:C
  5564 : 101110011100 ; -- R:B G:9 B:C
  5565 : 101110011100 ; -- R:B G:9 B:C
  5566 : 101110011100 ; -- R:B G:9 B:C
  5567 : 101110011100 ; -- R:B G:9 B:C
  5568 : 101110011100 ; -- R:B G:9 B:C
  5569 : 101110011100 ; -- R:B G:9 B:C
  5570 : 101110011100 ; -- R:B G:9 B:C
  5571 : 101110011100 ; -- R:B G:9 B:C
  5572 : 101110011100 ; -- R:B G:9 B:C
  5573 : 101110011100 ; -- R:B G:9 B:C
  5574 : 101110011100 ; -- R:B G:9 B:C
  5575 : 101110011100 ; -- R:B G:9 B:C
  5576 : 101110011100 ; -- R:B G:9 B:C
  5577 : 101110011100 ; -- R:B G:9 B:C
  5578 : 101110011100 ; -- R:B G:9 B:C
  5579 : 101110011100 ; -- R:B G:9 B:C
  5580 : 101110011100 ; -- R:B G:9 B:C
  5581 : 101110011100 ; -- R:B G:9 B:C
  5582 : 101110011100 ; -- R:B G:9 B:C
  5583 : 101110011100 ; -- R:B G:9 B:C
  5584 : 101110011100 ; -- R:B G:9 B:C
  5585 : 101110011100 ; -- R:B G:9 B:C
  5586 : 101110011100 ; -- R:B G:9 B:C
  5587 : 101110011100 ; -- R:B G:9 B:C
  5588 : 101110011100 ; -- R:B G:9 B:C
  5589 : 101110011100 ; -- R:B G:9 B:C
  5590 : 101110011100 ; -- R:B G:9 B:C
  5591 : 101110011100 ; -- R:B G:9 B:C
  5592 : 101110011100 ; -- R:B G:9 B:C
  5593 : 101110011100 ; -- R:B G:9 B:C
  5594 : 101110011100 ; -- R:B G:9 B:C
  5595 : 101110011100 ; -- R:B G:9 B:C
  5596 : 101110011100 ; -- R:B G:9 B:C
  5597 : 101110011100 ; -- R:B G:9 B:C
  5598 : 101110011100 ; -- R:B G:9 B:C
  5599 : 101110011100 ; -- R:B G:9 B:C
  5600 : 101110011100 ; -- R:B G:9 B:C
  5601 : 101110011100 ; -- R:B G:9 B:C
  5602 : 101110011100 ; -- R:B G:9 B:C
  5603 : 101110011100 ; -- R:B G:9 B:C
  5604 : 101110011100 ; -- R:B G:9 B:C
  5605 : 101110011100 ; -- R:B G:9 B:C
  5606 : 101110011100 ; -- R:B G:9 B:C
  5607 : 101110011100 ; -- R:B G:9 B:C
  5608 : 101110011100 ; -- R:B G:9 B:C
  5609 : 101110011100 ; -- R:B G:9 B:C
  5610 : 101110011100 ; -- R:B G:9 B:C
  5611 : 101110011100 ; -- R:B G:9 B:C
  5612 : 101110011100 ; -- R:B G:9 B:C
  5613 : 101110011100 ; -- R:B G:9 B:C
  5614 : 101110011100 ; -- R:B G:9 B:C
  5615 : 101110011100 ; -- R:B G:9 B:C
  5616 : 101110011100 ; -- R:B G:9 B:C
  5617 : 101110011100 ; -- R:B G:9 B:C
  5618 : 101110011100 ; -- R:B G:9 B:C
  5619 : 101110011100 ; -- R:B G:9 B:C
  5620 : 101110011100 ; -- R:B G:9 B:C
  5621 : 101110011100 ; -- R:B G:9 B:C
  5622 : 101110011100 ; -- R:B G:9 B:C
  5623 : 101110011100 ; -- R:B G:9 B:C
  5624 : 101110011100 ; -- R:B G:9 B:C
  5625 : 101110011100 ; -- R:B G:9 B:C
  5626 : 101110011100 ; -- R:B G:9 B:C
  5627 : 101110011100 ; -- R:B G:9 B:C
  5628 : 101110011100 ; -- R:B G:9 B:C
  5629 : 101110011100 ; -- R:B G:9 B:C
  5630 : 101110011100 ; -- R:B G:9 B:C
  5631 : 101110011100 ; -- R:B G:9 B:C
  5632 : 101110011100 ; -- R:B G:9 B:C
  5633 : 101110011100 ; -- R:B G:9 B:C
  5634 : 101110011100 ; -- R:B G:9 B:C
  5635 : 101110011100 ; -- R:B G:9 B:C
  5636 : 101110011100 ; -- R:B G:9 B:C
  5637 : 101110011100 ; -- R:B G:9 B:C
  5638 : 101110011100 ; -- R:B G:9 B:C
  5639 : 101110011100 ; -- R:B G:9 B:C
  5640 : 101110011100 ; -- R:B G:9 B:C
  5641 : 101110011100 ; -- R:B G:9 B:C
  5642 : 101110011100 ; -- R:B G:9 B:C
  5643 : 101110011100 ; -- R:B G:9 B:C
  5644 : 101110011100 ; -- R:B G:9 B:C
  5645 : 101110011100 ; -- R:B G:9 B:C
  5646 : 101110011100 ; -- R:B G:9 B:C
  5647 : 101110011100 ; -- R:B G:9 B:C
  5648 : 101110011100 ; -- R:B G:9 B:C
  5649 : 101110011100 ; -- R:B G:9 B:C
  5650 : 101110011100 ; -- R:B G:9 B:C
  5651 : 101110011100 ; -- R:B G:9 B:C
  5652 : 101110011100 ; -- R:B G:9 B:C
  5653 : 101110011100 ; -- R:B G:9 B:C
  5654 : 101110011100 ; -- R:B G:9 B:C
  5655 : 101110011100 ; -- R:B G:9 B:C
  5656 : 101110011100 ; -- R:B G:9 B:C
  5657 : 101110011100 ; -- R:B G:9 B:C
  5658 : 101110011100 ; -- R:B G:9 B:C
  5659 : 101110011100 ; -- R:B G:9 B:C
  5660 : 101110011100 ; -- R:B G:9 B:C
  5661 : 101110011100 ; -- R:B G:9 B:C
  5662 : 101110011100 ; -- R:B G:9 B:C
  5663 : 101110011100 ; -- R:B G:9 B:C
  5664 : 101110011100 ; -- R:B G:9 B:C
  5665 : 101110011100 ; -- R:B G:9 B:C
  5666 : 101110011100 ; -- R:B G:9 B:C
  5667 : 101110011100 ; -- R:B G:9 B:C
  5668 : 101110011100 ; -- R:B G:9 B:C
  5669 : 101110011100 ; -- R:B G:9 B:C
  5670 : 101110011100 ; -- R:B G:9 B:C
  5671 : 101110011100 ; -- R:B G:9 B:C
  5672 : 101110011100 ; -- R:B G:9 B:C
  5673 : 101110011100 ; -- R:B G:9 B:C
  5674 : 101110011100 ; -- R:B G:9 B:C
  5675 : 101110011100 ; -- R:B G:9 B:C
  5676 : 101110011100 ; -- R:B G:9 B:C
  5677 : 101110011100 ; -- R:B G:9 B:C
  5678 : 101110011100 ; -- R:B G:9 B:C
  5679 : 101110011100 ; -- R:B G:9 B:C
  5680 : 101110011100 ; -- R:B G:9 B:C
  5681 : 101110011100 ; -- R:B G:9 B:C
  5682 : 101110011100 ; -- R:B G:9 B:C
  5683 : 101110011100 ; -- R:B G:9 B:C
  5684 : 101110011100 ; -- R:B G:9 B:C
  5685 : 101110011100 ; -- R:B G:9 B:C
  5686 : 101110011100 ; -- R:B G:9 B:C
  5687 : 101110011100 ; -- R:B G:9 B:C
  5688 : 101110011100 ; -- R:B G:9 B:C
  5689 : 101110011100 ; -- R:B G:9 B:C
  5690 : 101110011100 ; -- R:B G:9 B:C
  5691 : 101110011100 ; -- R:B G:9 B:C
  5692 : 101110011100 ; -- R:B G:9 B:C
  5693 : 101110011100 ; -- R:B G:9 B:C
  5694 : 101110011100 ; -- R:B G:9 B:C
  5695 : 101110011100 ; -- R:B G:9 B:C
  5696 : 101110011100 ; -- R:B G:9 B:C
  5697 : 101110011100 ; -- R:B G:9 B:C
  5698 : 101110011100 ; -- R:B G:9 B:C
  5699 : 101110011100 ; -- R:B G:9 B:C
  5700 : 101110011100 ; -- R:B G:9 B:C
  5701 : 101110011100 ; -- R:B G:9 B:C
  5702 : 101110011100 ; -- R:B G:9 B:C
  5703 : 101110011100 ; -- R:B G:9 B:C
  5704 : 101110011100 ; -- R:B G:9 B:C
  5705 : 101110011100 ; -- R:B G:9 B:C
  5706 : 101110011100 ; -- R:B G:9 B:C
  5707 : 101110011100 ; -- R:B G:9 B:C
  5708 : 101110011100 ; -- R:B G:9 B:C
  5709 : 101110011100 ; -- R:B G:9 B:C
  5710 : 101110011100 ; -- R:B G:9 B:C
  5711 : 101110011100 ; -- R:B G:9 B:C
  5712 : 101110011100 ; -- R:B G:9 B:C
  5713 : 101110011100 ; -- R:B G:9 B:C
  5714 : 101110011100 ; -- R:B G:9 B:C
  5715 : 101110011100 ; -- R:B G:9 B:C
  5716 : 101110011100 ; -- R:B G:9 B:C
  5717 : 101110011100 ; -- R:B G:9 B:C
  5718 : 101110011100 ; -- R:B G:9 B:C
  5719 : 101110011100 ; -- R:B G:9 B:C
  5720 : 101110011100 ; -- R:B G:9 B:C
  5721 : 101110011100 ; -- R:B G:9 B:C
  5722 : 101110011100 ; -- R:B G:9 B:C
  5723 : 101110011100 ; -- R:B G:9 B:C
  5724 : 101110011100 ; -- R:B G:9 B:C
  5725 : 101110011100 ; -- R:B G:9 B:C
  5726 : 101110011100 ; -- R:B G:9 B:C
  5727 : 101110011100 ; -- R:B G:9 B:C
  5728 : 101110011100 ; -- R:B G:9 B:C
  5729 : 101110011100 ; -- R:B G:9 B:C
  5730 : 101110011100 ; -- R:B G:9 B:C
  5731 : 101110011100 ; -- R:B G:9 B:C
  5732 : 101110011100 ; -- R:B G:9 B:C
  5733 : 101110011100 ; -- R:B G:9 B:C
  5734 : 101110011100 ; -- R:B G:9 B:C
  5735 : 101110011100 ; -- R:B G:9 B:C
  5736 : 101110011100 ; -- R:B G:9 B:C
  5737 : 101110011100 ; -- R:B G:9 B:C
  5738 : 101110011100 ; -- R:B G:9 B:C
  5739 : 101110011100 ; -- R:B G:9 B:C
  5740 : 101110011100 ; -- R:B G:9 B:C
  5741 : 101110011100 ; -- R:B G:9 B:C
  5742 : 101110011100 ; -- R:B G:9 B:C
  5743 : 101110011100 ; -- R:B G:9 B:C
  5744 : 101110011100 ; -- R:B G:9 B:C
  5745 : 101110011100 ; -- R:B G:9 B:C
  5746 : 101110011100 ; -- R:B G:9 B:C
  5747 : 101110011100 ; -- R:B G:9 B:C
  5748 : 101110011100 ; -- R:B G:9 B:C
  5749 : 101110011100 ; -- R:B G:9 B:C
  5750 : 101110011100 ; -- R:B G:9 B:C
  5751 : 101110011100 ; -- R:B G:9 B:C
  5752 : 101110011100 ; -- R:B G:9 B:C
  5753 : 101110011100 ; -- R:B G:9 B:C
  5754 : 101110011100 ; -- R:B G:9 B:C
  5755 : 101110011100 ; -- R:B G:9 B:C
  5756 : 101110011100 ; -- R:B G:9 B:C
  5757 : 101110011100 ; -- R:B G:9 B:C
  5758 : 101110011100 ; -- R:B G:9 B:C
  5759 : 101110011100 ; -- R:B G:9 B:C
  5760 : 101110011100 ; -- R:B G:9 B:C
  5761 : 101110011100 ; -- R:B G:9 B:C
  5762 : 101110011100 ; -- R:B G:9 B:C
  5763 : 101110011100 ; -- R:B G:9 B:C
  5764 : 101110011100 ; -- R:B G:9 B:C
  5765 : 101110011100 ; -- R:B G:9 B:C
  5766 : 101110011100 ; -- R:B G:9 B:C
  5767 : 101110011100 ; -- R:B G:9 B:C
  5768 : 101110011100 ; -- R:B G:9 B:C
  5769 : 101110011100 ; -- R:B G:9 B:C
  5770 : 101110011100 ; -- R:B G:9 B:C
  5771 : 101110011100 ; -- R:B G:9 B:C
  5772 : 101110011100 ; -- R:B G:9 B:C
  5773 : 101110011100 ; -- R:B G:9 B:C
  5774 : 101110011100 ; -- R:B G:9 B:C
  5775 : 101110011100 ; -- R:B G:9 B:C
  5776 : 101110011100 ; -- R:B G:9 B:C
  5777 : 101110011100 ; -- R:B G:9 B:C
  5778 : 101110011100 ; -- R:B G:9 B:C
  5779 : 101110011100 ; -- R:B G:9 B:C
  5780 : 101110011100 ; -- R:B G:9 B:C
  5781 : 101110011100 ; -- R:B G:9 B:C
  5782 : 101110011100 ; -- R:B G:9 B:C
  5783 : 101110011100 ; -- R:B G:9 B:C
  5784 : 101110011100 ; -- R:B G:9 B:C
  5785 : 101110011100 ; -- R:B G:9 B:C
  5786 : 101110011100 ; -- R:B G:9 B:C
  5787 : 101110011100 ; -- R:B G:9 B:C
  5788 : 101110011100 ; -- R:B G:9 B:C
  5789 : 101110011100 ; -- R:B G:9 B:C
  5790 : 101110011100 ; -- R:B G:9 B:C
  5791 : 101110011100 ; -- R:B G:9 B:C
  5792 : 101110011100 ; -- R:B G:9 B:C
  5793 : 101110011100 ; -- R:B G:9 B:C
  5794 : 101110011100 ; -- R:B G:9 B:C
  5795 : 101110011100 ; -- R:B G:9 B:C
  5796 : 101110011100 ; -- R:B G:9 B:C
  5797 : 101110011100 ; -- R:B G:9 B:C
  5798 : 101110011100 ; -- R:B G:9 B:C
  5799 : 101110011100 ; -- R:B G:9 B:C
  5800 : 101110011100 ; -- R:B G:9 B:C
  5801 : 101110011100 ; -- R:B G:9 B:C
  5802 : 101110011100 ; -- R:B G:9 B:C
  5803 : 101110011100 ; -- R:B G:9 B:C
  5804 : 101110011100 ; -- R:B G:9 B:C
  5805 : 101110011100 ; -- R:B G:9 B:C
  5806 : 101110011100 ; -- R:B G:9 B:C
  5807 : 101110011100 ; -- R:B G:9 B:C
  5808 : 101110011100 ; -- R:B G:9 B:C
  5809 : 101110011100 ; -- R:B G:9 B:C
  5810 : 101110011100 ; -- R:B G:9 B:C
  5811 : 101110011100 ; -- R:B G:9 B:C
  5812 : 101110011100 ; -- R:B G:9 B:C
  5813 : 101110011100 ; -- R:B G:9 B:C
  5814 : 101110011100 ; -- R:B G:9 B:C
  5815 : 101110011100 ; -- R:B G:9 B:C
  5816 : 101110011100 ; -- R:B G:9 B:C
  5817 : 101110011100 ; -- R:B G:9 B:C
  5818 : 101110011100 ; -- R:B G:9 B:C
  5819 : 101110011100 ; -- R:B G:9 B:C
  5820 : 101110011100 ; -- R:B G:9 B:C
  5821 : 101110011100 ; -- R:B G:9 B:C
  5822 : 101110011100 ; -- R:B G:9 B:C
  5823 : 101110011100 ; -- R:B G:9 B:C
  5824 : 101110011100 ; -- R:B G:9 B:C
  5825 : 101110011100 ; -- R:B G:9 B:C
  5826 : 101110011100 ; -- R:B G:9 B:C
  5827 : 101110011100 ; -- R:B G:9 B:C
  5828 : 101110011100 ; -- R:B G:9 B:C
  5829 : 101110011100 ; -- R:B G:9 B:C
  5830 : 101110011100 ; -- R:B G:9 B:C
  5831 : 101110011100 ; -- R:B G:9 B:C
  5832 : 101110011100 ; -- R:B G:9 B:C
  5833 : 101110011100 ; -- R:B G:9 B:C
  5834 : 101110011100 ; -- R:B G:9 B:C
  5835 : 101110011100 ; -- R:B G:9 B:C
  5836 : 101110011100 ; -- R:B G:9 B:C
  5837 : 101110011100 ; -- R:B G:9 B:C
  5838 : 101110011100 ; -- R:B G:9 B:C
  5839 : 101110011100 ; -- R:B G:9 B:C
  5840 : 101110011100 ; -- R:B G:9 B:C
  5841 : 101110011100 ; -- R:B G:9 B:C
  5842 : 101110011100 ; -- R:B G:9 B:C
  5843 : 101110011100 ; -- R:B G:9 B:C
  5844 : 101110011100 ; -- R:B G:9 B:C
  5845 : 101110011100 ; -- R:B G:9 B:C
  5846 : 101110011100 ; -- R:B G:9 B:C
  5847 : 101110011100 ; -- R:B G:9 B:C
  5848 : 101110011100 ; -- R:B G:9 B:C
  5849 : 101110011100 ; -- R:B G:9 B:C
  5850 : 101110011100 ; -- R:B G:9 B:C
  5851 : 101110011100 ; -- R:B G:9 B:C
  5852 : 101110011100 ; -- R:B G:9 B:C
  5853 : 101110011100 ; -- R:B G:9 B:C
  5854 : 101110011100 ; -- R:B G:9 B:C
  5855 : 101110011100 ; -- R:B G:9 B:C
  5856 : 101110011100 ; -- R:B G:9 B:C
  5857 : 101110011100 ; -- R:B G:9 B:C
  5858 : 101110011100 ; -- R:B G:9 B:C
  5859 : 101110011100 ; -- R:B G:9 B:C
  5860 : 101110011100 ; -- R:B G:9 B:C
  5861 : 101110011100 ; -- R:B G:9 B:C
  5862 : 101110011100 ; -- R:B G:9 B:C
  5863 : 101110011100 ; -- R:B G:9 B:C
  5864 : 101110011100 ; -- R:B G:9 B:C
  5865 : 101110011100 ; -- R:B G:9 B:C
  5866 : 101110011100 ; -- R:B G:9 B:C
  5867 : 101110011100 ; -- R:B G:9 B:C
  5868 : 101110011100 ; -- R:B G:9 B:C
  5869 : 101110011100 ; -- R:B G:9 B:C
  5870 : 101110011100 ; -- R:B G:9 B:C
  5871 : 101110011100 ; -- R:B G:9 B:C
  5872 : 101110011100 ; -- R:B G:9 B:C
  5873 : 101110011100 ; -- R:B G:9 B:C
  5874 : 101110011100 ; -- R:B G:9 B:C
  5875 : 101110011100 ; -- R:B G:9 B:C
  5876 : 101110011100 ; -- R:B G:9 B:C
  5877 : 101110011100 ; -- R:B G:9 B:C
  5878 : 101110011100 ; -- R:B G:9 B:C
  5879 : 101110011100 ; -- R:B G:9 B:C
  5880 : 101110011100 ; -- R:B G:9 B:C
  5881 : 101110011100 ; -- R:B G:9 B:C
  5882 : 101110011100 ; -- R:B G:9 B:C
  5883 : 101110011100 ; -- R:B G:9 B:C
  5884 : 101110011100 ; -- R:B G:9 B:C
  5885 : 101110011100 ; -- R:B G:9 B:C
  5886 : 101110011100 ; -- R:B G:9 B:C
  5887 : 101110011100 ; -- R:B G:9 B:C
  5888 : 101110011100 ; -- R:B G:9 B:C
  5889 : 101110011100 ; -- R:B G:9 B:C
  5890 : 101110011100 ; -- R:B G:9 B:C
  5891 : 101110011100 ; -- R:B G:9 B:C
  5892 : 101110011100 ; -- R:B G:9 B:C
  5893 : 101110011100 ; -- R:B G:9 B:C
  5894 : 101110011100 ; -- R:B G:9 B:C
  5895 : 101110011100 ; -- R:B G:9 B:C
  5896 : 101110011100 ; -- R:B G:9 B:C
  5897 : 101110011100 ; -- R:B G:9 B:C
  5898 : 101110011100 ; -- R:B G:9 B:C
  5899 : 101110011100 ; -- R:B G:9 B:C
  5900 : 101110011100 ; -- R:B G:9 B:C
  5901 : 101110011100 ; -- R:B G:9 B:C
  5902 : 101110011100 ; -- R:B G:9 B:C
  5903 : 101110011100 ; -- R:B G:9 B:C
  5904 : 101110011100 ; -- R:B G:9 B:C
  5905 : 101110011100 ; -- R:B G:9 B:C
  5906 : 101110011100 ; -- R:B G:9 B:C
  5907 : 101110011100 ; -- R:B G:9 B:C
  5908 : 101110011100 ; -- R:B G:9 B:C
  5909 : 101110011100 ; -- R:B G:9 B:C
  5910 : 101110011100 ; -- R:B G:9 B:C
  5911 : 101110011100 ; -- R:B G:9 B:C
  5912 : 101110011100 ; -- R:B G:9 B:C
  5913 : 101110011100 ; -- R:B G:9 B:C
  5914 : 101110011100 ; -- R:B G:9 B:C
  5915 : 101110011100 ; -- R:B G:9 B:C
  5916 : 101110011100 ; -- R:B G:9 B:C
  5917 : 101110011100 ; -- R:B G:9 B:C
  5918 : 101110011100 ; -- R:B G:9 B:C
  5919 : 101110011100 ; -- R:B G:9 B:C
  5920 : 101110011100 ; -- R:B G:9 B:C
  5921 : 101110011100 ; -- R:B G:9 B:C
  5922 : 101110011100 ; -- R:B G:9 B:C
  5923 : 101110011100 ; -- R:B G:9 B:C
  5924 : 101110011100 ; -- R:B G:9 B:C
  5925 : 101110011100 ; -- R:B G:9 B:C
  5926 : 101110011100 ; -- R:B G:9 B:C
  5927 : 101110011100 ; -- R:B G:9 B:C
  5928 : 101110011100 ; -- R:B G:9 B:C
  5929 : 101110011100 ; -- R:B G:9 B:C
  5930 : 101110011100 ; -- R:B G:9 B:C
  5931 : 101110011100 ; -- R:B G:9 B:C
  5932 : 101110011100 ; -- R:B G:9 B:C
  5933 : 101110011100 ; -- R:B G:9 B:C
  5934 : 101110011100 ; -- R:B G:9 B:C
  5935 : 101110011100 ; -- R:B G:9 B:C
  5936 : 101110011100 ; -- R:B G:9 B:C
  5937 : 101110011100 ; -- R:B G:9 B:C
  5938 : 101110011100 ; -- R:B G:9 B:C
  5939 : 101110011100 ; -- R:B G:9 B:C
  5940 : 101110011100 ; -- R:B G:9 B:C
  5941 : 101110011100 ; -- R:B G:9 B:C
  5942 : 101110011100 ; -- R:B G:9 B:C
  5943 : 101110011100 ; -- R:B G:9 B:C
  5944 : 101110011100 ; -- R:B G:9 B:C
  5945 : 101110011100 ; -- R:B G:9 B:C
  5946 : 101110011100 ; -- R:B G:9 B:C
  5947 : 101110011100 ; -- R:B G:9 B:C
  5948 : 101110011100 ; -- R:B G:9 B:C
  5949 : 101110011100 ; -- R:B G:9 B:C
  5950 : 101110011100 ; -- R:B G:9 B:C
  5951 : 101110011100 ; -- R:B G:9 B:C
  5952 : 101110011100 ; -- R:B G:9 B:C
  5953 : 101110011100 ; -- R:B G:9 B:C
  5954 : 101110011100 ; -- R:B G:9 B:C
  5955 : 101110011100 ; -- R:B G:9 B:C
  5956 : 101110011100 ; -- R:B G:9 B:C
  5957 : 101110011100 ; -- R:B G:9 B:C
  5958 : 101110011100 ; -- R:B G:9 B:C
  5959 : 101110011100 ; -- R:B G:9 B:C
  5960 : 101110011100 ; -- R:B G:9 B:C
  5961 : 101110011100 ; -- R:B G:9 B:C
  5962 : 101110011100 ; -- R:B G:9 B:C
  5963 : 101110011100 ; -- R:B G:9 B:C
  5964 : 101110011100 ; -- R:B G:9 B:C
  5965 : 101110011100 ; -- R:B G:9 B:C
  5966 : 101110011100 ; -- R:B G:9 B:C
  5967 : 101110011100 ; -- R:B G:9 B:C
  5968 : 101110011100 ; -- R:B G:9 B:C
  5969 : 101110011100 ; -- R:B G:9 B:C
  5970 : 101110011100 ; -- R:B G:9 B:C
  5971 : 101110011100 ; -- R:B G:9 B:C
  5972 : 101110011100 ; -- R:B G:9 B:C
  5973 : 101110011100 ; -- R:B G:9 B:C
  5974 : 101110011100 ; -- R:B G:9 B:C
  5975 : 101110011100 ; -- R:B G:9 B:C
  5976 : 101110011100 ; -- R:B G:9 B:C
  5977 : 101110011100 ; -- R:B G:9 B:C
  5978 : 101110011100 ; -- R:B G:9 B:C
  5979 : 101110011100 ; -- R:B G:9 B:C
  5980 : 101110011100 ; -- R:B G:9 B:C
  5981 : 101110011100 ; -- R:B G:9 B:C
  5982 : 101110011100 ; -- R:B G:9 B:C
  5983 : 101110011100 ; -- R:B G:9 B:C
  5984 : 101110011100 ; -- R:B G:9 B:C
  5985 : 101110011100 ; -- R:B G:9 B:C
  5986 : 101110011100 ; -- R:B G:9 B:C
  5987 : 101110011100 ; -- R:B G:9 B:C
  5988 : 101110011100 ; -- R:B G:9 B:C
  5989 : 101110011100 ; -- R:B G:9 B:C
  5990 : 101110011100 ; -- R:B G:9 B:C
  5991 : 101110011100 ; -- R:B G:9 B:C
  5992 : 101110011100 ; -- R:B G:9 B:C
  5993 : 101110011100 ; -- R:B G:9 B:C
  5994 : 101110011100 ; -- R:B G:9 B:C
  5995 : 101110011100 ; -- R:B G:9 B:C
  5996 : 101110011100 ; -- R:B G:9 B:C
  5997 : 101110011100 ; -- R:B G:9 B:C
  5998 : 101110011100 ; -- R:B G:9 B:C
  5999 : 101110011100 ; -- R:B G:9 B:C
  6000 : 101110011100 ; -- R:B G:9 B:C
  6001 : 101110011100 ; -- R:B G:9 B:C
  6002 : 101110011100 ; -- R:B G:9 B:C
  6003 : 101110011100 ; -- R:B G:9 B:C
  6004 : 101110011100 ; -- R:B G:9 B:C
  6005 : 101110011100 ; -- R:B G:9 B:C
  6006 : 101110011100 ; -- R:B G:9 B:C
  6007 : 101110011100 ; -- R:B G:9 B:C
  6008 : 101110011100 ; -- R:B G:9 B:C
  6009 : 101110011100 ; -- R:B G:9 B:C
  6010 : 101110011100 ; -- R:B G:9 B:C
  6011 : 101110011100 ; -- R:B G:9 B:C
  6012 : 101110011100 ; -- R:B G:9 B:C
  6013 : 101110011100 ; -- R:B G:9 B:C
  6014 : 101110011100 ; -- R:B G:9 B:C
  6015 : 101110011100 ; -- R:B G:9 B:C
  6016 : 101110011100 ; -- R:B G:9 B:C
  6017 : 101110011100 ; -- R:B G:9 B:C
  6018 : 101110011100 ; -- R:B G:9 B:C
  6019 : 101110011100 ; -- R:B G:9 B:C
  6020 : 101110011100 ; -- R:B G:9 B:C
  6021 : 101110011100 ; -- R:B G:9 B:C
  6022 : 101110011100 ; -- R:B G:9 B:C
  6023 : 101110011100 ; -- R:B G:9 B:C
  6024 : 101110011100 ; -- R:B G:9 B:C
  6025 : 101110011100 ; -- R:B G:9 B:C
  6026 : 101110011100 ; -- R:B G:9 B:C
  6027 : 101110011100 ; -- R:B G:9 B:C
  6028 : 101110011100 ; -- R:B G:9 B:C
  6029 : 101110011100 ; -- R:B G:9 B:C
  6030 : 101110011100 ; -- R:B G:9 B:C
  6031 : 110010011100 ; -- R:C G:9 B:C
  6032 : 110010011100 ; -- R:C G:9 B:C
  6033 : 110010011100 ; -- R:C G:9 B:C
  6034 : 110010011100 ; -- R:C G:9 B:C
  6035 : 110010011100 ; -- R:C G:9 B:C
  6036 : 110010011100 ; -- R:C G:9 B:C
  6037 : 110010011100 ; -- R:C G:9 B:C
  6038 : 110010011100 ; -- R:C G:9 B:C
  6039 : 110010011100 ; -- R:C G:9 B:C
  6040 : 110010011100 ; -- R:C G:9 B:C
  6041 : 110010011100 ; -- R:C G:9 B:C
  6042 : 101110011100 ; -- R:B G:9 B:C
  6043 : 101110011100 ; -- R:B G:9 B:C
  6044 : 101110011100 ; -- R:B G:9 B:C
  6045 : 101110011100 ; -- R:B G:9 B:C
  6046 : 101110011100 ; -- R:B G:9 B:C
  6047 : 101110011100 ; -- R:B G:9 B:C
  6048 : 101110011100 ; -- R:B G:9 B:C
  6049 : 101110011100 ; -- R:B G:9 B:C
  6050 : 101110011100 ; -- R:B G:9 B:C
  6051 : 101110011100 ; -- R:B G:9 B:C
  6052 : 101110011100 ; -- R:B G:9 B:C
  6053 : 101110011100 ; -- R:B G:9 B:C
  6054 : 101110011100 ; -- R:B G:9 B:C
  6055 : 101110011100 ; -- R:B G:9 B:C
  6056 : 101110011100 ; -- R:B G:9 B:C
  6057 : 101110011100 ; -- R:B G:9 B:C
  6058 : 101110011100 ; -- R:B G:9 B:C
  6059 : 101110011100 ; -- R:B G:9 B:C
  6060 : 101110011100 ; -- R:B G:9 B:C
  6061 : 101110011100 ; -- R:B G:9 B:C
  6062 : 101110011100 ; -- R:B G:9 B:C
  6063 : 101110011100 ; -- R:B G:9 B:C
  6064 : 101110011100 ; -- R:B G:9 B:C
  6065 : 101110011100 ; -- R:B G:9 B:C
  6066 : 101110011100 ; -- R:B G:9 B:C
  6067 : 101110011100 ; -- R:B G:9 B:C
  6068 : 101110011100 ; -- R:B G:9 B:C
  6069 : 101110011100 ; -- R:B G:9 B:C
  6070 : 101110011100 ; -- R:B G:9 B:C
  6071 : 101110011100 ; -- R:B G:9 B:C
  6072 : 101110011100 ; -- R:B G:9 B:C
  6073 : 101110011100 ; -- R:B G:9 B:C
  6074 : 101110011100 ; -- R:B G:9 B:C
  6075 : 101110011100 ; -- R:B G:9 B:C
  6076 : 101110011100 ; -- R:B G:9 B:C
  6077 : 101110011100 ; -- R:B G:9 B:C
  6078 : 101110011100 ; -- R:B G:9 B:C
  6079 : 101110011100 ; -- R:B G:9 B:C
  6080 : 101110011100 ; -- R:B G:9 B:C
  6081 : 101110011100 ; -- R:B G:9 B:C
  6082 : 101110011100 ; -- R:B G:9 B:C
  6083 : 101110011100 ; -- R:B G:9 B:C
  6084 : 101110011100 ; -- R:B G:9 B:C
  6085 : 101110011100 ; -- R:B G:9 B:C
  6086 : 101110011100 ; -- R:B G:9 B:C
  6087 : 101110011100 ; -- R:B G:9 B:C
  6088 : 101110011100 ; -- R:B G:9 B:C
  6089 : 101110011100 ; -- R:B G:9 B:C
  6090 : 101110011100 ; -- R:B G:9 B:C
  6091 : 101110011100 ; -- R:B G:9 B:C
  6092 : 101110011100 ; -- R:B G:9 B:C
  6093 : 101110011100 ; -- R:B G:9 B:C
  6094 : 101110011100 ; -- R:B G:9 B:C
  6095 : 101110011100 ; -- R:B G:9 B:C
  6096 : 101110011100 ; -- R:B G:9 B:C
  6097 : 101110011100 ; -- R:B G:9 B:C
  6098 : 101110011100 ; -- R:B G:9 B:C
  6099 : 101110011100 ; -- R:B G:9 B:C
  6100 : 101110011100 ; -- R:B G:9 B:C
  6101 : 101110011100 ; -- R:B G:9 B:C
  6102 : 101110011100 ; -- R:B G:9 B:C
  6103 : 101110011100 ; -- R:B G:9 B:C
  6104 : 101110011100 ; -- R:B G:9 B:C
  6105 : 101110011100 ; -- R:B G:9 B:C
  6106 : 101110011100 ; -- R:B G:9 B:C
  6107 : 101110011100 ; -- R:B G:9 B:C
  6108 : 101110011100 ; -- R:B G:9 B:C
  6109 : 101110011100 ; -- R:B G:9 B:C
  6110 : 101110011100 ; -- R:B G:9 B:C
  6111 : 101110011100 ; -- R:B G:9 B:C
  6112 : 101110011100 ; -- R:B G:9 B:C
  6113 : 101110011100 ; -- R:B G:9 B:C
  6114 : 101110011100 ; -- R:B G:9 B:C
  6115 : 101110011100 ; -- R:B G:9 B:C
  6116 : 101110011100 ; -- R:B G:9 B:C
  6117 : 101110011100 ; -- R:B G:9 B:C
  6118 : 101110011100 ; -- R:B G:9 B:C
  6119 : 101110011100 ; -- R:B G:9 B:C
  6120 : 101110011100 ; -- R:B G:9 B:C
  6121 : 101110011100 ; -- R:B G:9 B:C
  6122 : 101110011100 ; -- R:B G:9 B:C
  6123 : 101110011100 ; -- R:B G:9 B:C
  6124 : 101110011100 ; -- R:B G:9 B:C
  6125 : 101110011100 ; -- R:B G:9 B:C
  6126 : 101110011100 ; -- R:B G:9 B:C
  6127 : 101110011100 ; -- R:B G:9 B:C
  6128 : 101110011100 ; -- R:B G:9 B:C
  6129 : 101110011100 ; -- R:B G:9 B:C
  6130 : 101110011100 ; -- R:B G:9 B:C
  6131 : 101110011100 ; -- R:B G:9 B:C
  6132 : 101110011100 ; -- R:B G:9 B:C
  6133 : 101110011100 ; -- R:B G:9 B:C
  6134 : 101110011100 ; -- R:B G:9 B:C
  6135 : 101110011100 ; -- R:B G:9 B:C
  6136 : 101110011100 ; -- R:B G:9 B:C
  6137 : 101110011100 ; -- R:B G:9 B:C
  6138 : 101110011100 ; -- R:B G:9 B:C
  6139 : 101110011100 ; -- R:B G:9 B:C
  6140 : 101110011100 ; -- R:B G:9 B:C
  6141 : 101110011100 ; -- R:B G:9 B:C
  6142 : 101110011100 ; -- R:B G:9 B:C
  6143 : 101110011100 ; -- R:B G:9 B:C
  6144 : 101110011100 ; -- R:B G:9 B:C
  6145 : 101110011100 ; -- R:B G:9 B:C
  6146 : 101110011100 ; -- R:B G:9 B:C
  6147 : 101110011100 ; -- R:B G:9 B:C
  6148 : 101110011100 ; -- R:B G:9 B:C
  6149 : 101110011100 ; -- R:B G:9 B:C
  6150 : 101110011100 ; -- R:B G:9 B:C
  6151 : 101110011100 ; -- R:B G:9 B:C
  6152 : 101110011100 ; -- R:B G:9 B:C
  6153 : 101110011100 ; -- R:B G:9 B:C
  6154 : 101110011100 ; -- R:B G:9 B:C
  6155 : 101110011100 ; -- R:B G:9 B:C
  6156 : 101110011100 ; -- R:B G:9 B:C
  6157 : 101110011100 ; -- R:B G:9 B:C
  6158 : 101110011100 ; -- R:B G:9 B:C
  6159 : 101110011100 ; -- R:B G:9 B:C
  6160 : 101110011100 ; -- R:B G:9 B:C
  6161 : 101110011100 ; -- R:B G:9 B:C
  6162 : 101110011100 ; -- R:B G:9 B:C
  6163 : 101110011100 ; -- R:B G:9 B:C
  6164 : 101110011100 ; -- R:B G:9 B:C
  6165 : 101110011100 ; -- R:B G:9 B:C
  6166 : 101110011100 ; -- R:B G:9 B:C
  6167 : 101110011100 ; -- R:B G:9 B:C
  6168 : 101110011100 ; -- R:B G:9 B:C
  6169 : 101110011100 ; -- R:B G:9 B:C
  6170 : 101110011100 ; -- R:B G:9 B:C
  6171 : 101110011100 ; -- R:B G:9 B:C
  6172 : 101110011100 ; -- R:B G:9 B:C
  6173 : 101110011100 ; -- R:B G:9 B:C
  6174 : 101110011100 ; -- R:B G:9 B:C
  6175 : 101110011100 ; -- R:B G:9 B:C
  6176 : 101110011100 ; -- R:B G:9 B:C
  6177 : 101110011100 ; -- R:B G:9 B:C
  6178 : 101110011100 ; -- R:B G:9 B:C
  6179 : 101110011100 ; -- R:B G:9 B:C
  6180 : 101110011100 ; -- R:B G:9 B:C
  6181 : 101110011100 ; -- R:B G:9 B:C
  6182 : 101110011100 ; -- R:B G:9 B:C
  6183 : 101110011100 ; -- R:B G:9 B:C
  6184 : 101110011100 ; -- R:B G:9 B:C
  6185 : 101110011100 ; -- R:B G:9 B:C
  6186 : 101110011100 ; -- R:B G:9 B:C
  6187 : 101110011100 ; -- R:B G:9 B:C
  6188 : 110010011100 ; -- R:C G:9 B:C
  6189 : 110010011100 ; -- R:C G:9 B:C
  6190 : 110010011100 ; -- R:C G:9 B:C
  6191 : 101110011100 ; -- R:B G:9 B:C
  6192 : 101010001100 ; -- R:A G:8 B:C
  6193 : 100110001100 ; -- R:9 G:8 B:C
  6194 : 100110001100 ; -- R:9 G:8 B:C
  6195 : 100110001100 ; -- R:9 G:8 B:C
  6196 : 100010011100 ; -- R:8 G:9 B:C
  6197 : 100110001100 ; -- R:9 G:8 B:C
  6198 : 100110001100 ; -- R:9 G:8 B:C
  6199 : 100110001100 ; -- R:9 G:8 B:C
  6200 : 101010001100 ; -- R:A G:8 B:C
  6201 : 101110011100 ; -- R:B G:9 B:C
  6202 : 110010011100 ; -- R:C G:9 B:C
  6203 : 110010011100 ; -- R:C G:9 B:C
  6204 : 110010011100 ; -- R:C G:9 B:C
  6205 : 101110011100 ; -- R:B G:9 B:C
  6206 : 101110011100 ; -- R:B G:9 B:C
  6207 : 101110011100 ; -- R:B G:9 B:C
  6208 : 101110011100 ; -- R:B G:9 B:C
  6209 : 101110011100 ; -- R:B G:9 B:C
  6210 : 101110011100 ; -- R:B G:9 B:C
  6211 : 101110011100 ; -- R:B G:9 B:C
  6212 : 101110011100 ; -- R:B G:9 B:C
  6213 : 101110011100 ; -- R:B G:9 B:C
  6214 : 101110011100 ; -- R:B G:9 B:C
  6215 : 101110011100 ; -- R:B G:9 B:C
  6216 : 101110011100 ; -- R:B G:9 B:C
  6217 : 101110011100 ; -- R:B G:9 B:C
  6218 : 101110011100 ; -- R:B G:9 B:C
  6219 : 101110011100 ; -- R:B G:9 B:C
  6220 : 101110011100 ; -- R:B G:9 B:C
  6221 : 101110011100 ; -- R:B G:9 B:C
  6222 : 101110011100 ; -- R:B G:9 B:C
  6223 : 101110011100 ; -- R:B G:9 B:C
  6224 : 101110011100 ; -- R:B G:9 B:C
  6225 : 101110011100 ; -- R:B G:9 B:C
  6226 : 101110011100 ; -- R:B G:9 B:C
  6227 : 101110011100 ; -- R:B G:9 B:C
  6228 : 101110011100 ; -- R:B G:9 B:C
  6229 : 101110011100 ; -- R:B G:9 B:C
  6230 : 101110011100 ; -- R:B G:9 B:C
  6231 : 101110011100 ; -- R:B G:9 B:C
  6232 : 101110011100 ; -- R:B G:9 B:C
  6233 : 101110011100 ; -- R:B G:9 B:C
  6234 : 101110011100 ; -- R:B G:9 B:C
  6235 : 101110011100 ; -- R:B G:9 B:C
  6236 : 101110011100 ; -- R:B G:9 B:C
  6237 : 101110011100 ; -- R:B G:9 B:C
  6238 : 101110011100 ; -- R:B G:9 B:C
  6239 : 101110011100 ; -- R:B G:9 B:C
  6240 : 110010011100 ; -- R:C G:9 B:C
  6241 : 110010011100 ; -- R:C G:9 B:C
  6242 : 110010011100 ; -- R:C G:9 B:C
  6243 : 110010011100 ; -- R:C G:9 B:C
  6244 : 110010011100 ; -- R:C G:9 B:C
  6245 : 110010011100 ; -- R:C G:9 B:C
  6246 : 110010011100 ; -- R:C G:9 B:C
  6247 : 110010011100 ; -- R:C G:9 B:C
  6248 : 110010011100 ; -- R:C G:9 B:C
  6249 : 110010011100 ; -- R:C G:9 B:C
  6250 : 110010011100 ; -- R:C G:9 B:C
  6251 : 110010011100 ; -- R:C G:9 B:C
  6252 : 110010011100 ; -- R:C G:9 B:C
  6253 : 110010011100 ; -- R:C G:9 B:C
  6254 : 110010011100 ; -- R:C G:9 B:C
  6255 : 110010011100 ; -- R:C G:9 B:C
  6256 : 110010011100 ; -- R:C G:9 B:C
  6257 : 110010011100 ; -- R:C G:9 B:C
  6258 : 110010011100 ; -- R:C G:9 B:C
  6259 : 110010011100 ; -- R:C G:9 B:C
  6260 : 110010011100 ; -- R:C G:9 B:C
  6261 : 110010011100 ; -- R:C G:9 B:C
  6262 : 110010011100 ; -- R:C G:9 B:C
  6263 : 110010011100 ; -- R:C G:9 B:C
  6264 : 110010011100 ; -- R:C G:9 B:C
  6265 : 110010011100 ; -- R:C G:9 B:C
  6266 : 110010011100 ; -- R:C G:9 B:C
  6267 : 110010011100 ; -- R:C G:9 B:C
  6268 : 110010011100 ; -- R:C G:9 B:C
  6269 : 110010011100 ; -- R:C G:9 B:C
  6270 : 110010011100 ; -- R:C G:9 B:C
  6271 : 110010011100 ; -- R:C G:9 B:C
  6272 : 110010011100 ; -- R:C G:9 B:C
  6273 : 110010011100 ; -- R:C G:9 B:C
  6274 : 110010011100 ; -- R:C G:9 B:C
  6275 : 110010011100 ; -- R:C G:9 B:C
  6276 : 110010011100 ; -- R:C G:9 B:C
  6277 : 110010011100 ; -- R:C G:9 B:C
  6278 : 110010011100 ; -- R:C G:9 B:C
  6279 : 110010011100 ; -- R:C G:9 B:C
  6280 : 110010011100 ; -- R:C G:9 B:C
  6281 : 110010011100 ; -- R:C G:9 B:C
  6282 : 110010011100 ; -- R:C G:9 B:C
  6283 : 110010011100 ; -- R:C G:9 B:C
  6284 : 110010011100 ; -- R:C G:9 B:C
  6285 : 110010011100 ; -- R:C G:9 B:C
  6286 : 110010011100 ; -- R:C G:9 B:C
  6287 : 110010011100 ; -- R:C G:9 B:C
  6288 : 110010011100 ; -- R:C G:9 B:C
  6289 : 110010011100 ; -- R:C G:9 B:C
  6290 : 110010011100 ; -- R:C G:9 B:C
  6291 : 110010011100 ; -- R:C G:9 B:C
  6292 : 110010011100 ; -- R:C G:9 B:C
  6293 : 110010011100 ; -- R:C G:9 B:C
  6294 : 110010011100 ; -- R:C G:9 B:C
  6295 : 110010011100 ; -- R:C G:9 B:C
  6296 : 110010011100 ; -- R:C G:9 B:C
  6297 : 110010011100 ; -- R:C G:9 B:C
  6298 : 110010011100 ; -- R:C G:9 B:C
  6299 : 110010011100 ; -- R:C G:9 B:C
  6300 : 110010011100 ; -- R:C G:9 B:C
  6301 : 110010011100 ; -- R:C G:9 B:C
  6302 : 110010011100 ; -- R:C G:9 B:C
  6303 : 110010011100 ; -- R:C G:9 B:C
  6304 : 110010011100 ; -- R:C G:9 B:C
  6305 : 110010011100 ; -- R:C G:9 B:C
  6306 : 110010011100 ; -- R:C G:9 B:C
  6307 : 110010011100 ; -- R:C G:9 B:C
  6308 : 110010011100 ; -- R:C G:9 B:C
  6309 : 110010011100 ; -- R:C G:9 B:C
  6310 : 110010011100 ; -- R:C G:9 B:C
  6311 : 110010011100 ; -- R:C G:9 B:C
  6312 : 110010011100 ; -- R:C G:9 B:C
  6313 : 110010011100 ; -- R:C G:9 B:C
  6314 : 110010011100 ; -- R:C G:9 B:C
  6315 : 110010011100 ; -- R:C G:9 B:C
  6316 : 110010011100 ; -- R:C G:9 B:C
  6317 : 110010011100 ; -- R:C G:9 B:C
  6318 : 110010011100 ; -- R:C G:9 B:C
  6319 : 110010011100 ; -- R:C G:9 B:C
  6320 : 110010011100 ; -- R:C G:9 B:C
  6321 : 110010011100 ; -- R:C G:9 B:C
  6322 : 110010011100 ; -- R:C G:9 B:C
  6323 : 110010011100 ; -- R:C G:9 B:C
  6324 : 110010011100 ; -- R:C G:9 B:C
  6325 : 110010011100 ; -- R:C G:9 B:C
  6326 : 110010011100 ; -- R:C G:9 B:C
  6327 : 110010011100 ; -- R:C G:9 B:C
  6328 : 110010011100 ; -- R:C G:9 B:C
  6329 : 110010011100 ; -- R:C G:9 B:C
  6330 : 110010011100 ; -- R:C G:9 B:C
  6331 : 110010011100 ; -- R:C G:9 B:C
  6332 : 110010011100 ; -- R:C G:9 B:C
  6333 : 110010011100 ; -- R:C G:9 B:C
  6334 : 110010011100 ; -- R:C G:9 B:C
  6335 : 110010011100 ; -- R:C G:9 B:C
  6336 : 110010011100 ; -- R:C G:9 B:C
  6337 : 110010011100 ; -- R:C G:9 B:C
  6338 : 110010011100 ; -- R:C G:9 B:C
  6339 : 110010011100 ; -- R:C G:9 B:C
  6340 : 110010011100 ; -- R:C G:9 B:C
  6341 : 110010011100 ; -- R:C G:9 B:C
  6342 : 110010011100 ; -- R:C G:9 B:C
  6343 : 110010011100 ; -- R:C G:9 B:C
  6344 : 101110011100 ; -- R:B G:9 B:C
  6345 : 101110011100 ; -- R:B G:9 B:C
  6346 : 110010011100 ; -- R:C G:9 B:C
  6347 : 110010011100 ; -- R:C G:9 B:C
  6348 : 101110011100 ; -- R:B G:9 B:C
  6349 : 100110001100 ; -- R:9 G:8 B:C
  6350 : 100010011100 ; -- R:8 G:9 B:C
  6351 : 011110011100 ; -- R:7 G:9 B:C
  6352 : 011010011100 ; -- R:6 G:9 B:C
  6353 : 011010011100 ; -- R:6 G:9 B:C
  6354 : 011010011100 ; -- R:6 G:9 B:C
  6355 : 011010011100 ; -- R:6 G:9 B:C
  6356 : 011010011100 ; -- R:6 G:9 B:C
  6357 : 011010011100 ; -- R:6 G:9 B:C
  6358 : 011010011100 ; -- R:6 G:9 B:C
  6359 : 011010011100 ; -- R:6 G:9 B:C
  6360 : 011010011100 ; -- R:6 G:9 B:C
  6361 : 011110011100 ; -- R:7 G:9 B:C
  6362 : 100010011100 ; -- R:8 G:9 B:C
  6363 : 100110001100 ; -- R:9 G:8 B:C
  6364 : 101110011100 ; -- R:B G:9 B:C
  6365 : 110010011100 ; -- R:C G:9 B:C
  6366 : 110010011100 ; -- R:C G:9 B:C
  6367 : 101110011100 ; -- R:B G:9 B:C
  6368 : 101110011100 ; -- R:B G:9 B:C
  6369 : 110010011100 ; -- R:C G:9 B:C
  6370 : 110010011100 ; -- R:C G:9 B:C
  6371 : 110010011100 ; -- R:C G:9 B:C
  6372 : 110010011100 ; -- R:C G:9 B:C
  6373 : 110010011100 ; -- R:C G:9 B:C
  6374 : 110010011100 ; -- R:C G:9 B:C
  6375 : 110010011100 ; -- R:C G:9 B:C
  6376 : 110010011100 ; -- R:C G:9 B:C
  6377 : 110010011100 ; -- R:C G:9 B:C
  6378 : 110010011100 ; -- R:C G:9 B:C
  6379 : 110010011100 ; -- R:C G:9 B:C
  6380 : 110010011100 ; -- R:C G:9 B:C
  6381 : 110010011100 ; -- R:C G:9 B:C
  6382 : 110010011100 ; -- R:C G:9 B:C
  6383 : 110010011100 ; -- R:C G:9 B:C
  6384 : 110010011100 ; -- R:C G:9 B:C
  6385 : 110010011100 ; -- R:C G:9 B:C
  6386 : 110010011100 ; -- R:C G:9 B:C
  6387 : 110010011100 ; -- R:C G:9 B:C
  6388 : 110010011100 ; -- R:C G:9 B:C
  6389 : 110010011100 ; -- R:C G:9 B:C
  6390 : 110010011100 ; -- R:C G:9 B:C
  6391 : 110010011100 ; -- R:C G:9 B:C
  6392 : 110010011100 ; -- R:C G:9 B:C
  6393 : 110010011100 ; -- R:C G:9 B:C
  6394 : 110010011100 ; -- R:C G:9 B:C
  6395 : 110010011100 ; -- R:C G:9 B:C
  6396 : 110010011100 ; -- R:C G:9 B:C
  6397 : 110010011100 ; -- R:C G:9 B:C
  6398 : 110010011100 ; -- R:C G:9 B:C
  6399 : 110010011100 ; -- R:C G:9 B:C
  6400 : 110010011100 ; -- R:C G:9 B:C
  6401 : 110010011100 ; -- R:C G:9 B:C
  6402 : 110010011100 ; -- R:C G:9 B:C
  6403 : 110010011100 ; -- R:C G:9 B:C
  6404 : 110010011100 ; -- R:C G:9 B:C
  6405 : 110010011100 ; -- R:C G:9 B:C
  6406 : 110010011100 ; -- R:C G:9 B:C
  6407 : 110010011100 ; -- R:C G:9 B:C
  6408 : 110010011100 ; -- R:C G:9 B:C
  6409 : 110010011100 ; -- R:C G:9 B:C
  6410 : 110010011100 ; -- R:C G:9 B:C
  6411 : 110010011100 ; -- R:C G:9 B:C
  6412 : 110010011100 ; -- R:C G:9 B:C
  6413 : 110010011100 ; -- R:C G:9 B:C
  6414 : 110010011100 ; -- R:C G:9 B:C
  6415 : 110010011100 ; -- R:C G:9 B:C
  6416 : 110010011100 ; -- R:C G:9 B:C
  6417 : 110010011100 ; -- R:C G:9 B:C
  6418 : 110010011100 ; -- R:C G:9 B:C
  6419 : 110010011100 ; -- R:C G:9 B:C
  6420 : 110010011100 ; -- R:C G:9 B:C
  6421 : 110010011100 ; -- R:C G:9 B:C
  6422 : 110010011100 ; -- R:C G:9 B:C
  6423 : 110010011100 ; -- R:C G:9 B:C
  6424 : 110010011100 ; -- R:C G:9 B:C
  6425 : 110010011100 ; -- R:C G:9 B:C
  6426 : 110010011100 ; -- R:C G:9 B:C
  6427 : 110010011100 ; -- R:C G:9 B:C
  6428 : 110010011100 ; -- R:C G:9 B:C
  6429 : 110010011100 ; -- R:C G:9 B:C
  6430 : 110010011100 ; -- R:C G:9 B:C
  6431 : 110010011100 ; -- R:C G:9 B:C
  6432 : 110010011100 ; -- R:C G:9 B:C
  6433 : 110010011100 ; -- R:C G:9 B:C
  6434 : 110010011100 ; -- R:C G:9 B:C
  6435 : 110010011100 ; -- R:C G:9 B:C
  6436 : 110010011100 ; -- R:C G:9 B:C
  6437 : 110010011100 ; -- R:C G:9 B:C
  6438 : 110010011100 ; -- R:C G:9 B:C
  6439 : 110010011100 ; -- R:C G:9 B:C
  6440 : 110010011100 ; -- R:C G:9 B:C
  6441 : 110010011100 ; -- R:C G:9 B:C
  6442 : 110010011100 ; -- R:C G:9 B:C
  6443 : 110010011100 ; -- R:C G:9 B:C
  6444 : 110010011100 ; -- R:C G:9 B:C
  6445 : 110010011100 ; -- R:C G:9 B:C
  6446 : 110010011100 ; -- R:C G:9 B:C
  6447 : 110010011100 ; -- R:C G:9 B:C
  6448 : 110010011100 ; -- R:C G:9 B:C
  6449 : 110010011100 ; -- R:C G:9 B:C
  6450 : 110010011100 ; -- R:C G:9 B:C
  6451 : 110010011100 ; -- R:C G:9 B:C
  6452 : 110010011100 ; -- R:C G:9 B:C
  6453 : 110010011100 ; -- R:C G:9 B:C
  6454 : 110010011100 ; -- R:C G:9 B:C
  6455 : 110010011100 ; -- R:C G:9 B:C
  6456 : 110010011100 ; -- R:C G:9 B:C
  6457 : 110010011100 ; -- R:C G:9 B:C
  6458 : 110010011100 ; -- R:C G:9 B:C
  6459 : 110010011100 ; -- R:C G:9 B:C
  6460 : 110010011100 ; -- R:C G:9 B:C
  6461 : 110010011100 ; -- R:C G:9 B:C
  6462 : 110010011100 ; -- R:C G:9 B:C
  6463 : 110010011100 ; -- R:C G:9 B:C
  6464 : 110010011100 ; -- R:C G:9 B:C
  6465 : 110010011100 ; -- R:C G:9 B:C
  6466 : 110010011100 ; -- R:C G:9 B:C
  6467 : 110010011100 ; -- R:C G:9 B:C
  6468 : 110010011100 ; -- R:C G:9 B:C
  6469 : 110010011100 ; -- R:C G:9 B:C
  6470 : 110010011100 ; -- R:C G:9 B:C
  6471 : 110010011100 ; -- R:C G:9 B:C
  6472 : 110010011100 ; -- R:C G:9 B:C
  6473 : 110010011100 ; -- R:C G:9 B:C
  6474 : 110010011100 ; -- R:C G:9 B:C
  6475 : 110010011100 ; -- R:C G:9 B:C
  6476 : 110010011100 ; -- R:C G:9 B:C
  6477 : 110010011100 ; -- R:C G:9 B:C
  6478 : 110010011100 ; -- R:C G:9 B:C
  6479 : 110010011100 ; -- R:C G:9 B:C
  6480 : 110010011100 ; -- R:C G:9 B:C
  6481 : 110010011100 ; -- R:C G:9 B:C
  6482 : 110010011100 ; -- R:C G:9 B:C
  6483 : 110010011100 ; -- R:C G:9 B:C
  6484 : 110010011100 ; -- R:C G:9 B:C
  6485 : 110010011100 ; -- R:C G:9 B:C
  6486 : 110010011100 ; -- R:C G:9 B:C
  6487 : 110010011100 ; -- R:C G:9 B:C
  6488 : 110010011100 ; -- R:C G:9 B:C
  6489 : 110010011100 ; -- R:C G:9 B:C
  6490 : 110010011100 ; -- R:C G:9 B:C
  6491 : 110010011100 ; -- R:C G:9 B:C
  6492 : 110010011100 ; -- R:C G:9 B:C
  6493 : 110010011100 ; -- R:C G:9 B:C
  6494 : 110010011100 ; -- R:C G:9 B:C
  6495 : 110010011100 ; -- R:C G:9 B:C
  6496 : 110010011100 ; -- R:C G:9 B:C
  6497 : 110010011100 ; -- R:C G:9 B:C
  6498 : 110010011100 ; -- R:C G:9 B:C
  6499 : 110010011100 ; -- R:C G:9 B:C
  6500 : 110010011100 ; -- R:C G:9 B:C
  6501 : 110010011100 ; -- R:C G:9 B:C
  6502 : 110010011100 ; -- R:C G:9 B:C
  6503 : 110010011100 ; -- R:C G:9 B:C
  6504 : 110010011100 ; -- R:C G:9 B:C
  6505 : 110010011100 ; -- R:C G:9 B:C
  6506 : 101010001100 ; -- R:A G:8 B:C
  6507 : 100010011100 ; -- R:8 G:9 B:C
  6508 : 011110011100 ; -- R:7 G:9 B:C
  6509 : 011010011100 ; -- R:6 G:9 B:C
  6510 : 011010011100 ; -- R:6 G:9 B:C
  6511 : 011110011100 ; -- R:7 G:9 B:C
  6512 : 011110011100 ; -- R:7 G:9 B:C
  6513 : 011110011100 ; -- R:7 G:9 B:C
  6514 : 011110011100 ; -- R:7 G:9 B:C
  6515 : 011110011100 ; -- R:7 G:9 B:C
  6516 : 011110011100 ; -- R:7 G:9 B:C
  6517 : 011110011100 ; -- R:7 G:9 B:C
  6518 : 011110011100 ; -- R:7 G:9 B:C
  6519 : 011110011100 ; -- R:7 G:9 B:C
  6520 : 011110011100 ; -- R:7 G:9 B:C
  6521 : 011110011100 ; -- R:7 G:9 B:C
  6522 : 011010011100 ; -- R:6 G:9 B:C
  6523 : 011010011100 ; -- R:6 G:9 B:C
  6524 : 011110011100 ; -- R:7 G:9 B:C
  6525 : 100010011100 ; -- R:8 G:9 B:C
  6526 : 101010001100 ; -- R:A G:8 B:C
  6527 : 110010011100 ; -- R:C G:9 B:C
  6528 : 110010011100 ; -- R:C G:9 B:C
  6529 : 110010011100 ; -- R:C G:9 B:C
  6530 : 110010011100 ; -- R:C G:9 B:C
  6531 : 110010011100 ; -- R:C G:9 B:C
  6532 : 110010011100 ; -- R:C G:9 B:C
  6533 : 110010011100 ; -- R:C G:9 B:C
  6534 : 110010011100 ; -- R:C G:9 B:C
  6535 : 110010011100 ; -- R:C G:9 B:C
  6536 : 110010011100 ; -- R:C G:9 B:C
  6537 : 110010011100 ; -- R:C G:9 B:C
  6538 : 110010011100 ; -- R:C G:9 B:C
  6539 : 110010011100 ; -- R:C G:9 B:C
  6540 : 110010011100 ; -- R:C G:9 B:C
  6541 : 110010011100 ; -- R:C G:9 B:C
  6542 : 110010011100 ; -- R:C G:9 B:C
  6543 : 110010011100 ; -- R:C G:9 B:C
  6544 : 110010011100 ; -- R:C G:9 B:C
  6545 : 110010011100 ; -- R:C G:9 B:C
  6546 : 110010011100 ; -- R:C G:9 B:C
  6547 : 110010011100 ; -- R:C G:9 B:C
  6548 : 110010011100 ; -- R:C G:9 B:C
  6549 : 110010011100 ; -- R:C G:9 B:C
  6550 : 110010011100 ; -- R:C G:9 B:C
  6551 : 110010011100 ; -- R:C G:9 B:C
  6552 : 110010011100 ; -- R:C G:9 B:C
  6553 : 110010011100 ; -- R:C G:9 B:C
  6554 : 110010011100 ; -- R:C G:9 B:C
  6555 : 110010011100 ; -- R:C G:9 B:C
  6556 : 110010011100 ; -- R:C G:9 B:C
  6557 : 110010011100 ; -- R:C G:9 B:C
  6558 : 110010011100 ; -- R:C G:9 B:C
  6559 : 110010011100 ; -- R:C G:9 B:C
  6560 : 110010011100 ; -- R:C G:9 B:C
  6561 : 110010011100 ; -- R:C G:9 B:C
  6562 : 110010011100 ; -- R:C G:9 B:C
  6563 : 110010011100 ; -- R:C G:9 B:C
  6564 : 110010011100 ; -- R:C G:9 B:C
  6565 : 110010011100 ; -- R:C G:9 B:C
  6566 : 110010011100 ; -- R:C G:9 B:C
  6567 : 110010011100 ; -- R:C G:9 B:C
  6568 : 110010011100 ; -- R:C G:9 B:C
  6569 : 110010011100 ; -- R:C G:9 B:C
  6570 : 110010011100 ; -- R:C G:9 B:C
  6571 : 110010011100 ; -- R:C G:9 B:C
  6572 : 110010011100 ; -- R:C G:9 B:C
  6573 : 110010011100 ; -- R:C G:9 B:C
  6574 : 110010011100 ; -- R:C G:9 B:C
  6575 : 110010011100 ; -- R:C G:9 B:C
  6576 : 110010011100 ; -- R:C G:9 B:C
  6577 : 110010011100 ; -- R:C G:9 B:C
  6578 : 110010011100 ; -- R:C G:9 B:C
  6579 : 110010011100 ; -- R:C G:9 B:C
  6580 : 110010011100 ; -- R:C G:9 B:C
  6581 : 110010011100 ; -- R:C G:9 B:C
  6582 : 110010011100 ; -- R:C G:9 B:C
  6583 : 110010011100 ; -- R:C G:9 B:C
  6584 : 110010011100 ; -- R:C G:9 B:C
  6585 : 110010011100 ; -- R:C G:9 B:C
  6586 : 110010011100 ; -- R:C G:9 B:C
  6587 : 110010011100 ; -- R:C G:9 B:C
  6588 : 110010011100 ; -- R:C G:9 B:C
  6589 : 110010011100 ; -- R:C G:9 B:C
  6590 : 110010011100 ; -- R:C G:9 B:C
  6591 : 110010011100 ; -- R:C G:9 B:C
  6592 : 110010011100 ; -- R:C G:9 B:C
  6593 : 110010011100 ; -- R:C G:9 B:C
  6594 : 110010011100 ; -- R:C G:9 B:C
  6595 : 110010011100 ; -- R:C G:9 B:C
  6596 : 110010011100 ; -- R:C G:9 B:C
  6597 : 110010011100 ; -- R:C G:9 B:C
  6598 : 110010011100 ; -- R:C G:9 B:C
  6599 : 110010011100 ; -- R:C G:9 B:C
  6600 : 110010011100 ; -- R:C G:9 B:C
  6601 : 110010011100 ; -- R:C G:9 B:C
  6602 : 110010011100 ; -- R:C G:9 B:C
  6603 : 110010011100 ; -- R:C G:9 B:C
  6604 : 110010011100 ; -- R:C G:9 B:C
  6605 : 110010011100 ; -- R:C G:9 B:C
  6606 : 110010011100 ; -- R:C G:9 B:C
  6607 : 110010011100 ; -- R:C G:9 B:C
  6608 : 110010011100 ; -- R:C G:9 B:C
  6609 : 110010011100 ; -- R:C G:9 B:C
  6610 : 110010011100 ; -- R:C G:9 B:C
  6611 : 110010011100 ; -- R:C G:9 B:C
  6612 : 110010011100 ; -- R:C G:9 B:C
  6613 : 110010011100 ; -- R:C G:9 B:C
  6614 : 110010011100 ; -- R:C G:9 B:C
  6615 : 110010011100 ; -- R:C G:9 B:C
  6616 : 110010011100 ; -- R:C G:9 B:C
  6617 : 110010011100 ; -- R:C G:9 B:C
  6618 : 110010011100 ; -- R:C G:9 B:C
  6619 : 110010011100 ; -- R:C G:9 B:C
  6620 : 110010011100 ; -- R:C G:9 B:C
  6621 : 110010011100 ; -- R:C G:9 B:C
  6622 : 110010011100 ; -- R:C G:9 B:C
  6623 : 110010011100 ; -- R:C G:9 B:C
  6624 : 110010011100 ; -- R:C G:9 B:C
  6625 : 110010011100 ; -- R:C G:9 B:C
  6626 : 110010011100 ; -- R:C G:9 B:C
  6627 : 110010011100 ; -- R:C G:9 B:C
  6628 : 110010011100 ; -- R:C G:9 B:C
  6629 : 110010011100 ; -- R:C G:9 B:C
  6630 : 110010011100 ; -- R:C G:9 B:C
  6631 : 110010011100 ; -- R:C G:9 B:C
  6632 : 110010011100 ; -- R:C G:9 B:C
  6633 : 110010011100 ; -- R:C G:9 B:C
  6634 : 110010011100 ; -- R:C G:9 B:C
  6635 : 110010011100 ; -- R:C G:9 B:C
  6636 : 110010011100 ; -- R:C G:9 B:C
  6637 : 110010011100 ; -- R:C G:9 B:C
  6638 : 110010011100 ; -- R:C G:9 B:C
  6639 : 110010011100 ; -- R:C G:9 B:C
  6640 : 110010011100 ; -- R:C G:9 B:C
  6641 : 110010011100 ; -- R:C G:9 B:C
  6642 : 110010011100 ; -- R:C G:9 B:C
  6643 : 110010011100 ; -- R:C G:9 B:C
  6644 : 110010011100 ; -- R:C G:9 B:C
  6645 : 110010011100 ; -- R:C G:9 B:C
  6646 : 110010011100 ; -- R:C G:9 B:C
  6647 : 110010011100 ; -- R:C G:9 B:C
  6648 : 110010011100 ; -- R:C G:9 B:C
  6649 : 110010011100 ; -- R:C G:9 B:C
  6650 : 110010011100 ; -- R:C G:9 B:C
  6651 : 110010011100 ; -- R:C G:9 B:C
  6652 : 110010011100 ; -- R:C G:9 B:C
  6653 : 110010011100 ; -- R:C G:9 B:C
  6654 : 110010011100 ; -- R:C G:9 B:C
  6655 : 110010011100 ; -- R:C G:9 B:C
  6656 : 110010011100 ; -- R:C G:9 B:C
  6657 : 110010011100 ; -- R:C G:9 B:C
  6658 : 110010011100 ; -- R:C G:9 B:C
  6659 : 110010011100 ; -- R:C G:9 B:C
  6660 : 110010011100 ; -- R:C G:9 B:C
  6661 : 110010011100 ; -- R:C G:9 B:C
  6662 : 110010011100 ; -- R:C G:9 B:C
  6663 : 110010011100 ; -- R:C G:9 B:C
  6664 : 101110011100 ; -- R:B G:9 B:C
  6665 : 100010011100 ; -- R:8 G:9 B:C
  6666 : 011010011100 ; -- R:6 G:9 B:C
  6667 : 011010011100 ; -- R:6 G:9 B:C
  6668 : 011110011100 ; -- R:7 G:9 B:C
  6669 : 011110011100 ; -- R:7 G:9 B:C
  6670 : 011110011100 ; -- R:7 G:9 B:C
  6671 : 011110011100 ; -- R:7 G:9 B:C
  6672 : 011110011100 ; -- R:7 G:9 B:C
  6673 : 011110011100 ; -- R:7 G:9 B:C
  6674 : 011110011100 ; -- R:7 G:9 B:C
  6675 : 011110011100 ; -- R:7 G:9 B:C
  6676 : 011110011100 ; -- R:7 G:9 B:C
  6677 : 011110011100 ; -- R:7 G:9 B:C
  6678 : 011110011100 ; -- R:7 G:9 B:C
  6679 : 011110011100 ; -- R:7 G:9 B:C
  6680 : 011110011100 ; -- R:7 G:9 B:C
  6681 : 011110011100 ; -- R:7 G:9 B:C
  6682 : 011110011100 ; -- R:7 G:9 B:C
  6683 : 011110011100 ; -- R:7 G:9 B:C
  6684 : 011110011100 ; -- R:7 G:9 B:C
  6685 : 011010011100 ; -- R:6 G:9 B:C
  6686 : 011010011100 ; -- R:6 G:9 B:C
  6687 : 100010011100 ; -- R:8 G:9 B:C
  6688 : 101110011100 ; -- R:B G:9 B:C
  6689 : 110010011100 ; -- R:C G:9 B:C
  6690 : 110010011100 ; -- R:C G:9 B:C
  6691 : 110010011100 ; -- R:C G:9 B:C
  6692 : 110010011100 ; -- R:C G:9 B:C
  6693 : 110010011100 ; -- R:C G:9 B:C
  6694 : 110010011100 ; -- R:C G:9 B:C
  6695 : 110010011100 ; -- R:C G:9 B:C
  6696 : 110010011100 ; -- R:C G:9 B:C
  6697 : 110010011100 ; -- R:C G:9 B:C
  6698 : 110010011100 ; -- R:C G:9 B:C
  6699 : 110010011100 ; -- R:C G:9 B:C
  6700 : 110010011100 ; -- R:C G:9 B:C
  6701 : 110010011100 ; -- R:C G:9 B:C
  6702 : 110010011100 ; -- R:C G:9 B:C
  6703 : 110010011100 ; -- R:C G:9 B:C
  6704 : 110010011100 ; -- R:C G:9 B:C
  6705 : 110010011100 ; -- R:C G:9 B:C
  6706 : 110010011100 ; -- R:C G:9 B:C
  6707 : 110010011100 ; -- R:C G:9 B:C
  6708 : 110010011100 ; -- R:C G:9 B:C
  6709 : 110010011100 ; -- R:C G:9 B:C
  6710 : 110010011100 ; -- R:C G:9 B:C
  6711 : 110010011100 ; -- R:C G:9 B:C
  6712 : 110010011100 ; -- R:C G:9 B:C
  6713 : 110010011100 ; -- R:C G:9 B:C
  6714 : 110010011100 ; -- R:C G:9 B:C
  6715 : 110010011100 ; -- R:C G:9 B:C
  6716 : 110010011100 ; -- R:C G:9 B:C
  6717 : 110010011100 ; -- R:C G:9 B:C
  6718 : 110010011100 ; -- R:C G:9 B:C
  6719 : 110010011100 ; -- R:C G:9 B:C
  6720 : 110010011100 ; -- R:C G:9 B:C
  6721 : 110010011100 ; -- R:C G:9 B:C
  6722 : 110010011100 ; -- R:C G:9 B:C
  6723 : 110010011100 ; -- R:C G:9 B:C
  6724 : 110010011100 ; -- R:C G:9 B:C
  6725 : 110010011100 ; -- R:C G:9 B:C
  6726 : 110010011100 ; -- R:C G:9 B:C
  6727 : 110010011100 ; -- R:C G:9 B:C
  6728 : 110010011100 ; -- R:C G:9 B:C
  6729 : 110010011100 ; -- R:C G:9 B:C
  6730 : 110010011100 ; -- R:C G:9 B:C
  6731 : 110010011100 ; -- R:C G:9 B:C
  6732 : 110010011100 ; -- R:C G:9 B:C
  6733 : 110010011100 ; -- R:C G:9 B:C
  6734 : 110010011100 ; -- R:C G:9 B:C
  6735 : 110010011100 ; -- R:C G:9 B:C
  6736 : 110010011100 ; -- R:C G:9 B:C
  6737 : 110010011100 ; -- R:C G:9 B:C
  6738 : 110010011100 ; -- R:C G:9 B:C
  6739 : 110010011100 ; -- R:C G:9 B:C
  6740 : 110010011100 ; -- R:C G:9 B:C
  6741 : 110010011100 ; -- R:C G:9 B:C
  6742 : 110010011100 ; -- R:C G:9 B:C
  6743 : 110010011100 ; -- R:C G:9 B:C
  6744 : 110010011100 ; -- R:C G:9 B:C
  6745 : 110010011100 ; -- R:C G:9 B:C
  6746 : 110010011100 ; -- R:C G:9 B:C
  6747 : 110010011100 ; -- R:C G:9 B:C
  6748 : 110010011100 ; -- R:C G:9 B:C
  6749 : 110010011100 ; -- R:C G:9 B:C
  6750 : 110010011100 ; -- R:C G:9 B:C
  6751 : 110010011100 ; -- R:C G:9 B:C
  6752 : 110010011100 ; -- R:C G:9 B:C
  6753 : 110010011100 ; -- R:C G:9 B:C
  6754 : 110010011100 ; -- R:C G:9 B:C
  6755 : 110010011100 ; -- R:C G:9 B:C
  6756 : 110010011100 ; -- R:C G:9 B:C
  6757 : 110010011100 ; -- R:C G:9 B:C
  6758 : 110010011100 ; -- R:C G:9 B:C
  6759 : 110010011100 ; -- R:C G:9 B:C
  6760 : 110010011100 ; -- R:C G:9 B:C
  6761 : 110010011100 ; -- R:C G:9 B:C
  6762 : 110010011100 ; -- R:C G:9 B:C
  6763 : 110010011100 ; -- R:C G:9 B:C
  6764 : 110010011100 ; -- R:C G:9 B:C
  6765 : 110010011100 ; -- R:C G:9 B:C
  6766 : 110010011100 ; -- R:C G:9 B:C
  6767 : 110010011100 ; -- R:C G:9 B:C
  6768 : 110010011100 ; -- R:C G:9 B:C
  6769 : 110010011100 ; -- R:C G:9 B:C
  6770 : 110010011100 ; -- R:C G:9 B:C
  6771 : 110010011100 ; -- R:C G:9 B:C
  6772 : 110010011100 ; -- R:C G:9 B:C
  6773 : 110010011100 ; -- R:C G:9 B:C
  6774 : 110010011100 ; -- R:C G:9 B:C
  6775 : 110010011100 ; -- R:C G:9 B:C
  6776 : 110010011100 ; -- R:C G:9 B:C
  6777 : 110010011100 ; -- R:C G:9 B:C
  6778 : 110010011100 ; -- R:C G:9 B:C
  6779 : 110010011100 ; -- R:C G:9 B:C
  6780 : 110010011100 ; -- R:C G:9 B:C
  6781 : 110010011100 ; -- R:C G:9 B:C
  6782 : 110010011100 ; -- R:C G:9 B:C
  6783 : 110010011100 ; -- R:C G:9 B:C
  6784 : 110010011100 ; -- R:C G:9 B:C
  6785 : 110010011100 ; -- R:C G:9 B:C
  6786 : 110010011100 ; -- R:C G:9 B:C
  6787 : 110010011100 ; -- R:C G:9 B:C
  6788 : 110010011100 ; -- R:C G:9 B:C
  6789 : 110010011100 ; -- R:C G:9 B:C
  6790 : 110010011100 ; -- R:C G:9 B:C
  6791 : 110010011100 ; -- R:C G:9 B:C
  6792 : 110010011100 ; -- R:C G:9 B:C
  6793 : 110010011100 ; -- R:C G:9 B:C
  6794 : 110010011100 ; -- R:C G:9 B:C
  6795 : 110010011100 ; -- R:C G:9 B:C
  6796 : 110010011100 ; -- R:C G:9 B:C
  6797 : 110010011100 ; -- R:C G:9 B:C
  6798 : 110010011100 ; -- R:C G:9 B:C
  6799 : 110010011100 ; -- R:C G:9 B:C
  6800 : 110010011100 ; -- R:C G:9 B:C
  6801 : 110010011100 ; -- R:C G:9 B:C
  6802 : 110010011100 ; -- R:C G:9 B:C
  6803 : 110010011100 ; -- R:C G:9 B:C
  6804 : 110010011100 ; -- R:C G:9 B:C
  6805 : 110010011100 ; -- R:C G:9 B:C
  6806 : 110010011100 ; -- R:C G:9 B:C
  6807 : 110010011100 ; -- R:C G:9 B:C
  6808 : 110010011100 ; -- R:C G:9 B:C
  6809 : 110010011100 ; -- R:C G:9 B:C
  6810 : 110010011100 ; -- R:C G:9 B:C
  6811 : 110010011100 ; -- R:C G:9 B:C
  6812 : 110010011100 ; -- R:C G:9 B:C
  6813 : 110010011100 ; -- R:C G:9 B:C
  6814 : 110010011100 ; -- R:C G:9 B:C
  6815 : 110010011100 ; -- R:C G:9 B:C
  6816 : 110010011100 ; -- R:C G:9 B:C
  6817 : 110010011100 ; -- R:C G:9 B:C
  6818 : 110010011100 ; -- R:C G:9 B:C
  6819 : 110010011100 ; -- R:C G:9 B:C
  6820 : 110010011100 ; -- R:C G:9 B:C
  6821 : 110010011100 ; -- R:C G:9 B:C
  6822 : 110010011100 ; -- R:C G:9 B:C
  6823 : 100110001100 ; -- R:9 G:8 B:C
  6824 : 011110011100 ; -- R:7 G:9 B:C
  6825 : 011010011100 ; -- R:6 G:9 B:C
  6826 : 011110011100 ; -- R:7 G:9 B:C
  6827 : 011110011100 ; -- R:7 G:9 B:C
  6828 : 011110011100 ; -- R:7 G:9 B:C
  6829 : 011110011100 ; -- R:7 G:9 B:C
  6830 : 011110011100 ; -- R:7 G:9 B:C
  6831 : 011110011100 ; -- R:7 G:9 B:C
  6832 : 011110011100 ; -- R:7 G:9 B:C
  6833 : 011110011100 ; -- R:7 G:9 B:C
  6834 : 011110011100 ; -- R:7 G:9 B:C
  6835 : 011110011100 ; -- R:7 G:9 B:C
  6836 : 011110011100 ; -- R:7 G:9 B:C
  6837 : 011110011100 ; -- R:7 G:9 B:C
  6838 : 011110011100 ; -- R:7 G:9 B:C
  6839 : 011110011100 ; -- R:7 G:9 B:C
  6840 : 011110011100 ; -- R:7 G:9 B:C
  6841 : 011110011100 ; -- R:7 G:9 B:C
  6842 : 011110011100 ; -- R:7 G:9 B:C
  6843 : 011110011100 ; -- R:7 G:9 B:C
  6844 : 011110011100 ; -- R:7 G:9 B:C
  6845 : 011110011100 ; -- R:7 G:9 B:C
  6846 : 011110011100 ; -- R:7 G:9 B:C
  6847 : 011010011100 ; -- R:6 G:9 B:C
  6848 : 011110011100 ; -- R:7 G:9 B:C
  6849 : 100110001100 ; -- R:9 G:8 B:C
  6850 : 110010011100 ; -- R:C G:9 B:C
  6851 : 110010011100 ; -- R:C G:9 B:C
  6852 : 110010011100 ; -- R:C G:9 B:C
  6853 : 110010011100 ; -- R:C G:9 B:C
  6854 : 110010011100 ; -- R:C G:9 B:C
  6855 : 110010011100 ; -- R:C G:9 B:C
  6856 : 110010011100 ; -- R:C G:9 B:C
  6857 : 110010011100 ; -- R:C G:9 B:C
  6858 : 110010011100 ; -- R:C G:9 B:C
  6859 : 110010011100 ; -- R:C G:9 B:C
  6860 : 110010011100 ; -- R:C G:9 B:C
  6861 : 110010011100 ; -- R:C G:9 B:C
  6862 : 110010011100 ; -- R:C G:9 B:C
  6863 : 110010011100 ; -- R:C G:9 B:C
  6864 : 110010011100 ; -- R:C G:9 B:C
  6865 : 110010011100 ; -- R:C G:9 B:C
  6866 : 110010011100 ; -- R:C G:9 B:C
  6867 : 110010011100 ; -- R:C G:9 B:C
  6868 : 110010011100 ; -- R:C G:9 B:C
  6869 : 110010011100 ; -- R:C G:9 B:C
  6870 : 110010011100 ; -- R:C G:9 B:C
  6871 : 110010011100 ; -- R:C G:9 B:C
  6872 : 110010011100 ; -- R:C G:9 B:C
  6873 : 110010011100 ; -- R:C G:9 B:C
  6874 : 110010011100 ; -- R:C G:9 B:C
  6875 : 110010011100 ; -- R:C G:9 B:C
  6876 : 110010011100 ; -- R:C G:9 B:C
  6877 : 110010011100 ; -- R:C G:9 B:C
  6878 : 110010011100 ; -- R:C G:9 B:C
  6879 : 110010011100 ; -- R:C G:9 B:C
  6880 : 110010011100 ; -- R:C G:9 B:C
  6881 : 110010011100 ; -- R:C G:9 B:C
  6882 : 110010011100 ; -- R:C G:9 B:C
  6883 : 110010011100 ; -- R:C G:9 B:C
  6884 : 110010011100 ; -- R:C G:9 B:C
  6885 : 110010011100 ; -- R:C G:9 B:C
  6886 : 110010011100 ; -- R:C G:9 B:C
  6887 : 110010011100 ; -- R:C G:9 B:C
  6888 : 110010011100 ; -- R:C G:9 B:C
  6889 : 110010011100 ; -- R:C G:9 B:C
  6890 : 110010011100 ; -- R:C G:9 B:C
  6891 : 110010011100 ; -- R:C G:9 B:C
  6892 : 110010011100 ; -- R:C G:9 B:C
  6893 : 110010011100 ; -- R:C G:9 B:C
  6894 : 110010011100 ; -- R:C G:9 B:C
  6895 : 110010011100 ; -- R:C G:9 B:C
  6896 : 110010011100 ; -- R:C G:9 B:C
  6897 : 110010011100 ; -- R:C G:9 B:C
  6898 : 110010011100 ; -- R:C G:9 B:C
  6899 : 110010011100 ; -- R:C G:9 B:C
  6900 : 110010011100 ; -- R:C G:9 B:C
  6901 : 110010011100 ; -- R:C G:9 B:C
  6902 : 110010011100 ; -- R:C G:9 B:C
  6903 : 110010011100 ; -- R:C G:9 B:C
  6904 : 110010011100 ; -- R:C G:9 B:C
  6905 : 110010011100 ; -- R:C G:9 B:C
  6906 : 110010011100 ; -- R:C G:9 B:C
  6907 : 110010011100 ; -- R:C G:9 B:C
  6908 : 110010011100 ; -- R:C G:9 B:C
  6909 : 110010011100 ; -- R:C G:9 B:C
  6910 : 110010011100 ; -- R:C G:9 B:C
  6911 : 110010011100 ; -- R:C G:9 B:C
  6912 : 110010011100 ; -- R:C G:9 B:C
  6913 : 110010011100 ; -- R:C G:9 B:C
  6914 : 110010011100 ; -- R:C G:9 B:C
  6915 : 110010011100 ; -- R:C G:9 B:C
  6916 : 110010011100 ; -- R:C G:9 B:C
  6917 : 110010011100 ; -- R:C G:9 B:C
  6918 : 110010011100 ; -- R:C G:9 B:C
  6919 : 110010011100 ; -- R:C G:9 B:C
  6920 : 110010011100 ; -- R:C G:9 B:C
  6921 : 110010011100 ; -- R:C G:9 B:C
  6922 : 110010011100 ; -- R:C G:9 B:C
  6923 : 110010011100 ; -- R:C G:9 B:C
  6924 : 110010011100 ; -- R:C G:9 B:C
  6925 : 110010011100 ; -- R:C G:9 B:C
  6926 : 110010011100 ; -- R:C G:9 B:C
  6927 : 110010011100 ; -- R:C G:9 B:C
  6928 : 110010011100 ; -- R:C G:9 B:C
  6929 : 110010011100 ; -- R:C G:9 B:C
  6930 : 110010011100 ; -- R:C G:9 B:C
  6931 : 110010011100 ; -- R:C G:9 B:C
  6932 : 110010011100 ; -- R:C G:9 B:C
  6933 : 110010011100 ; -- R:C G:9 B:C
  6934 : 110010011100 ; -- R:C G:9 B:C
  6935 : 110010011100 ; -- R:C G:9 B:C
  6936 : 110010011100 ; -- R:C G:9 B:C
  6937 : 110010011100 ; -- R:C G:9 B:C
  6938 : 110010011100 ; -- R:C G:9 B:C
  6939 : 110010011100 ; -- R:C G:9 B:C
  6940 : 110010011100 ; -- R:C G:9 B:C
  6941 : 110010011100 ; -- R:C G:9 B:C
  6942 : 110010011100 ; -- R:C G:9 B:C
  6943 : 110010011100 ; -- R:C G:9 B:C
  6944 : 110010011100 ; -- R:C G:9 B:C
  6945 : 110010011100 ; -- R:C G:9 B:C
  6946 : 110010011100 ; -- R:C G:9 B:C
  6947 : 110010011100 ; -- R:C G:9 B:C
  6948 : 110010011100 ; -- R:C G:9 B:C
  6949 : 110010011100 ; -- R:C G:9 B:C
  6950 : 110010011100 ; -- R:C G:9 B:C
  6951 : 110010011100 ; -- R:C G:9 B:C
  6952 : 110010011100 ; -- R:C G:9 B:C
  6953 : 110010011100 ; -- R:C G:9 B:C
  6954 : 110010011100 ; -- R:C G:9 B:C
  6955 : 110010011100 ; -- R:C G:9 B:C
  6956 : 110010011100 ; -- R:C G:9 B:C
  6957 : 110010011100 ; -- R:C G:9 B:C
  6958 : 110010011100 ; -- R:C G:9 B:C
  6959 : 110010011100 ; -- R:C G:9 B:C
  6960 : 110010011100 ; -- R:C G:9 B:C
  6961 : 110010011100 ; -- R:C G:9 B:C
  6962 : 110010011100 ; -- R:C G:9 B:C
  6963 : 110010011100 ; -- R:C G:9 B:C
  6964 : 110010011100 ; -- R:C G:9 B:C
  6965 : 110010011100 ; -- R:C G:9 B:C
  6966 : 110010011100 ; -- R:C G:9 B:C
  6967 : 110010011100 ; -- R:C G:9 B:C
  6968 : 110010011100 ; -- R:C G:9 B:C
  6969 : 110010011100 ; -- R:C G:9 B:C
  6970 : 110010011100 ; -- R:C G:9 B:C
  6971 : 110010011100 ; -- R:C G:9 B:C
  6972 : 110010011100 ; -- R:C G:9 B:C
  6973 : 110010011100 ; -- R:C G:9 B:C
  6974 : 110010011100 ; -- R:C G:9 B:C
  6975 : 110010011100 ; -- R:C G:9 B:C
  6976 : 110010011100 ; -- R:C G:9 B:C
  6977 : 110010011100 ; -- R:C G:9 B:C
  6978 : 110010011100 ; -- R:C G:9 B:C
  6979 : 110010011100 ; -- R:C G:9 B:C
  6980 : 110010011100 ; -- R:C G:9 B:C
  6981 : 110010011100 ; -- R:C G:9 B:C
  6982 : 100010011100 ; -- R:8 G:9 B:C
  6983 : 011010011100 ; -- R:6 G:9 B:C
  6984 : 011110011100 ; -- R:7 G:9 B:C
  6985 : 011110011100 ; -- R:7 G:9 B:C
  6986 : 011110011100 ; -- R:7 G:9 B:C
  6987 : 011110011100 ; -- R:7 G:9 B:C
  6988 : 011110011100 ; -- R:7 G:9 B:C
  6989 : 011110011100 ; -- R:7 G:9 B:C
  6990 : 011110011100 ; -- R:7 G:9 B:C
  6991 : 011110011100 ; -- R:7 G:9 B:C
  6992 : 011110011100 ; -- R:7 G:9 B:C
  6993 : 011110011100 ; -- R:7 G:9 B:C
  6994 : 011110011100 ; -- R:7 G:9 B:C
  6995 : 011110011100 ; -- R:7 G:9 B:C
  6996 : 011110011100 ; -- R:7 G:9 B:C
  6997 : 011110011100 ; -- R:7 G:9 B:C
  6998 : 011110011100 ; -- R:7 G:9 B:C
  6999 : 011110011100 ; -- R:7 G:9 B:C
  7000 : 011110011100 ; -- R:7 G:9 B:C
  7001 : 011110011100 ; -- R:7 G:9 B:C
  7002 : 011110011100 ; -- R:7 G:9 B:C
  7003 : 011110011100 ; -- R:7 G:9 B:C
  7004 : 011110011100 ; -- R:7 G:9 B:C
  7005 : 011110011100 ; -- R:7 G:9 B:C
  7006 : 011110011100 ; -- R:7 G:9 B:C
  7007 : 011110011100 ; -- R:7 G:9 B:C
  7008 : 011110011100 ; -- R:7 G:9 B:C
  7009 : 011010011100 ; -- R:6 G:9 B:C
  7010 : 100010011100 ; -- R:8 G:9 B:C
  7011 : 110010011100 ; -- R:C G:9 B:C
  7012 : 110010011100 ; -- R:C G:9 B:C
  7013 : 110010011100 ; -- R:C G:9 B:C
  7014 : 110010011100 ; -- R:C G:9 B:C
  7015 : 110010011100 ; -- R:C G:9 B:C
  7016 : 110010011100 ; -- R:C G:9 B:C
  7017 : 110010011100 ; -- R:C G:9 B:C
  7018 : 110010011100 ; -- R:C G:9 B:C
  7019 : 110010011100 ; -- R:C G:9 B:C
  7020 : 110010011100 ; -- R:C G:9 B:C
  7021 : 110010011100 ; -- R:C G:9 B:C
  7022 : 110010011100 ; -- R:C G:9 B:C
  7023 : 110010011100 ; -- R:C G:9 B:C
  7024 : 110010011100 ; -- R:C G:9 B:C
  7025 : 110010011100 ; -- R:C G:9 B:C
  7026 : 110010011100 ; -- R:C G:9 B:C
  7027 : 110010011100 ; -- R:C G:9 B:C
  7028 : 110010011100 ; -- R:C G:9 B:C
  7029 : 110010011100 ; -- R:C G:9 B:C
  7030 : 110010011100 ; -- R:C G:9 B:C
  7031 : 110010011100 ; -- R:C G:9 B:C
  7032 : 110010011100 ; -- R:C G:9 B:C
  7033 : 110010011100 ; -- R:C G:9 B:C
  7034 : 110010011100 ; -- R:C G:9 B:C
  7035 : 110010011100 ; -- R:C G:9 B:C
  7036 : 110010011100 ; -- R:C G:9 B:C
  7037 : 110010011100 ; -- R:C G:9 B:C
  7038 : 110010011100 ; -- R:C G:9 B:C
  7039 : 110010011100 ; -- R:C G:9 B:C
  7040 : 110010011100 ; -- R:C G:9 B:C
  7041 : 110010011100 ; -- R:C G:9 B:C
  7042 : 110010011100 ; -- R:C G:9 B:C
  7043 : 110010011100 ; -- R:C G:9 B:C
  7044 : 110010011100 ; -- R:C G:9 B:C
  7045 : 110010011100 ; -- R:C G:9 B:C
  7046 : 110010011100 ; -- R:C G:9 B:C
  7047 : 110010011100 ; -- R:C G:9 B:C
  7048 : 110010011100 ; -- R:C G:9 B:C
  7049 : 110010011100 ; -- R:C G:9 B:C
  7050 : 110010011100 ; -- R:C G:9 B:C
  7051 : 110010011100 ; -- R:C G:9 B:C
  7052 : 110010011100 ; -- R:C G:9 B:C
  7053 : 110010011100 ; -- R:C G:9 B:C
  7054 : 110010011100 ; -- R:C G:9 B:C
  7055 : 110010011100 ; -- R:C G:9 B:C
  7056 : 110010011100 ; -- R:C G:9 B:C
  7057 : 110010011100 ; -- R:C G:9 B:C
  7058 : 110010011100 ; -- R:C G:9 B:C
  7059 : 110010011100 ; -- R:C G:9 B:C
  7060 : 110010011100 ; -- R:C G:9 B:C
  7061 : 110010011100 ; -- R:C G:9 B:C
  7062 : 110010011100 ; -- R:C G:9 B:C
  7063 : 110010011100 ; -- R:C G:9 B:C
  7064 : 110010011100 ; -- R:C G:9 B:C
  7065 : 101110011100 ; -- R:B G:9 B:C
  7066 : 101010001100 ; -- R:A G:8 B:C
  7067 : 100110001100 ; -- R:9 G:8 B:C
  7068 : 100110001100 ; -- R:9 G:8 B:C
  7069 : 100010011100 ; -- R:8 G:9 B:C
  7070 : 100010011100 ; -- R:8 G:9 B:C
  7071 : 100010011100 ; -- R:8 G:9 B:C
  7072 : 100110001100 ; -- R:9 G:8 B:C
  7073 : 101010001100 ; -- R:A G:8 B:C
  7074 : 101110011100 ; -- R:B G:9 B:C
  7075 : 110010011100 ; -- R:C G:9 B:C
  7076 : 110010011100 ; -- R:C G:9 B:C
  7077 : 110010011100 ; -- R:C G:9 B:C
  7078 : 110010011100 ; -- R:C G:9 B:C
  7079 : 110010011100 ; -- R:C G:9 B:C
  7080 : 110010011100 ; -- R:C G:9 B:C
  7081 : 110010011100 ; -- R:C G:9 B:C
  7082 : 110010011100 ; -- R:C G:9 B:C
  7083 : 110010011100 ; -- R:C G:9 B:C
  7084 : 110010011100 ; -- R:C G:9 B:C
  7085 : 110010011100 ; -- R:C G:9 B:C
  7086 : 110010011100 ; -- R:C G:9 B:C
  7087 : 110010011100 ; -- R:C G:9 B:C
  7088 : 110010011100 ; -- R:C G:9 B:C
  7089 : 110010011100 ; -- R:C G:9 B:C
  7090 : 110010011100 ; -- R:C G:9 B:C
  7091 : 110010011100 ; -- R:C G:9 B:C
  7092 : 110010011100 ; -- R:C G:9 B:C
  7093 : 110010011100 ; -- R:C G:9 B:C
  7094 : 110010011100 ; -- R:C G:9 B:C
  7095 : 110010011100 ; -- R:C G:9 B:C
  7096 : 110010011100 ; -- R:C G:9 B:C
  7097 : 110010011100 ; -- R:C G:9 B:C
  7098 : 110010011100 ; -- R:C G:9 B:C
  7099 : 110010011100 ; -- R:C G:9 B:C
  7100 : 110010011100 ; -- R:C G:9 B:C
  7101 : 110010011100 ; -- R:C G:9 B:C
  7102 : 110010011100 ; -- R:C G:9 B:C
  7103 : 110010011100 ; -- R:C G:9 B:C
  7104 : 110010011100 ; -- R:C G:9 B:C
  7105 : 110010011100 ; -- R:C G:9 B:C
  7106 : 110010011100 ; -- R:C G:9 B:C
  7107 : 110010011100 ; -- R:C G:9 B:C
  7108 : 110010011100 ; -- R:C G:9 B:C
  7109 : 110010011100 ; -- R:C G:9 B:C
  7110 : 110010011100 ; -- R:C G:9 B:C
  7111 : 110010011100 ; -- R:C G:9 B:C
  7112 : 110010011100 ; -- R:C G:9 B:C
  7113 : 110010011100 ; -- R:C G:9 B:C
  7114 : 110010011100 ; -- R:C G:9 B:C
  7115 : 110010011100 ; -- R:C G:9 B:C
  7116 : 110010011100 ; -- R:C G:9 B:C
  7117 : 110010011100 ; -- R:C G:9 B:C
  7118 : 110010011100 ; -- R:C G:9 B:C
  7119 : 110010011100 ; -- R:C G:9 B:C
  7120 : 110010011100 ; -- R:C G:9 B:C
  7121 : 110010011100 ; -- R:C G:9 B:C
  7122 : 110010011100 ; -- R:C G:9 B:C
  7123 : 110010011100 ; -- R:C G:9 B:C
  7124 : 110010011100 ; -- R:C G:9 B:C
  7125 : 110010011100 ; -- R:C G:9 B:C
  7126 : 110010011100 ; -- R:C G:9 B:C
  7127 : 110010011100 ; -- R:C G:9 B:C
  7128 : 110010011100 ; -- R:C G:9 B:C
  7129 : 110010011100 ; -- R:C G:9 B:C
  7130 : 110010011100 ; -- R:C G:9 B:C
  7131 : 110010011100 ; -- R:C G:9 B:C
  7132 : 110010011100 ; -- R:C G:9 B:C
  7133 : 110010011100 ; -- R:C G:9 B:C
  7134 : 110010011100 ; -- R:C G:9 B:C
  7135 : 110010011100 ; -- R:C G:9 B:C
  7136 : 110010011100 ; -- R:C G:9 B:C
  7137 : 110010011100 ; -- R:C G:9 B:C
  7138 : 110010011100 ; -- R:C G:9 B:C
  7139 : 110010011100 ; -- R:C G:9 B:C
  7140 : 101110011100 ; -- R:B G:9 B:C
  7141 : 011110011100 ; -- R:7 G:9 B:C
  7142 : 011010011100 ; -- R:6 G:9 B:C
  7143 : 011110011100 ; -- R:7 G:9 B:C
  7144 : 011110011100 ; -- R:7 G:9 B:C
  7145 : 011110011100 ; -- R:7 G:9 B:C
  7146 : 011110011100 ; -- R:7 G:9 B:C
  7147 : 011110011100 ; -- R:7 G:9 B:C
  7148 : 011110011100 ; -- R:7 G:9 B:C
  7149 : 011110011100 ; -- R:7 G:9 B:C
  7150 : 011110011100 ; -- R:7 G:9 B:C
  7151 : 011110011100 ; -- R:7 G:9 B:C
  7152 : 011110011100 ; -- R:7 G:9 B:C
  7153 : 011110011100 ; -- R:7 G:9 B:C
  7154 : 011110011100 ; -- R:7 G:9 B:C
  7155 : 011110011100 ; -- R:7 G:9 B:C
  7156 : 011110011100 ; -- R:7 G:9 B:C
  7157 : 011110011100 ; -- R:7 G:9 B:C
  7158 : 011110011100 ; -- R:7 G:9 B:C
  7159 : 011110011100 ; -- R:7 G:9 B:C
  7160 : 011110011100 ; -- R:7 G:9 B:C
  7161 : 011110011100 ; -- R:7 G:9 B:C
  7162 : 011110011100 ; -- R:7 G:9 B:C
  7163 : 011110011100 ; -- R:7 G:9 B:C
  7164 : 011110011100 ; -- R:7 G:9 B:C
  7165 : 011110011100 ; -- R:7 G:9 B:C
  7166 : 011110011100 ; -- R:7 G:9 B:C
  7167 : 011110011100 ; -- R:7 G:9 B:C
  7168 : 011110011100 ; -- R:7 G:9 B:C
  7169 : 011110011100 ; -- R:7 G:9 B:C
  7170 : 011010011100 ; -- R:6 G:9 B:C
  7171 : 011110011100 ; -- R:7 G:9 B:C
  7172 : 101110011100 ; -- R:B G:9 B:C
  7173 : 110010011100 ; -- R:C G:9 B:C
  7174 : 110010011100 ; -- R:C G:9 B:C
  7175 : 110010011100 ; -- R:C G:9 B:C
  7176 : 110010011100 ; -- R:C G:9 B:C
  7177 : 110010011100 ; -- R:C G:9 B:C
  7178 : 110010011100 ; -- R:C G:9 B:C
  7179 : 110010011100 ; -- R:C G:9 B:C
  7180 : 110010011100 ; -- R:C G:9 B:C
  7181 : 110010011100 ; -- R:C G:9 B:C
  7182 : 110010011100 ; -- R:C G:9 B:C
  7183 : 110010011100 ; -- R:C G:9 B:C
  7184 : 110010011100 ; -- R:C G:9 B:C
  7185 : 110010011100 ; -- R:C G:9 B:C
  7186 : 110010011100 ; -- R:C G:9 B:C
  7187 : 110010011100 ; -- R:C G:9 B:C
  7188 : 110010011100 ; -- R:C G:9 B:C
  7189 : 110010011100 ; -- R:C G:9 B:C
  7190 : 110010011100 ; -- R:C G:9 B:C
  7191 : 110010011100 ; -- R:C G:9 B:C
  7192 : 110010011100 ; -- R:C G:9 B:C
  7193 : 110010011100 ; -- R:C G:9 B:C
  7194 : 110010011100 ; -- R:C G:9 B:C
  7195 : 110010011100 ; -- R:C G:9 B:C
  7196 : 110010011100 ; -- R:C G:9 B:C
  7197 : 110010011100 ; -- R:C G:9 B:C
  7198 : 110010011100 ; -- R:C G:9 B:C
  7199 : 110010011100 ; -- R:C G:9 B:C
  7200 : 110010011100 ; -- R:C G:9 B:C
  7201 : 110010011100 ; -- R:C G:9 B:C
  7202 : 110010011100 ; -- R:C G:9 B:C
  7203 : 110010011100 ; -- R:C G:9 B:C
  7204 : 110010011100 ; -- R:C G:9 B:C
  7205 : 110010011100 ; -- R:C G:9 B:C
  7206 : 110010011100 ; -- R:C G:9 B:C
  7207 : 110010011100 ; -- R:C G:9 B:C
  7208 : 110010011100 ; -- R:C G:9 B:C
  7209 : 110010011100 ; -- R:C G:9 B:C
  7210 : 110010011100 ; -- R:C G:9 B:C
  7211 : 110010011100 ; -- R:C G:9 B:C
  7212 : 110010011100 ; -- R:C G:9 B:C
  7213 : 110010011100 ; -- R:C G:9 B:C
  7214 : 110010011100 ; -- R:C G:9 B:C
  7215 : 110010011100 ; -- R:C G:9 B:C
  7216 : 110010011100 ; -- R:C G:9 B:C
  7217 : 110010011100 ; -- R:C G:9 B:C
  7218 : 110010011100 ; -- R:C G:9 B:C
  7219 : 110010011100 ; -- R:C G:9 B:C
  7220 : 110010011100 ; -- R:C G:9 B:C
  7221 : 110010011100 ; -- R:C G:9 B:C
  7222 : 110010011100 ; -- R:C G:9 B:C
  7223 : 101010001100 ; -- R:A G:8 B:C
  7224 : 100010011100 ; -- R:8 G:9 B:C
  7225 : 011110011100 ; -- R:7 G:9 B:C
  7226 : 011010011100 ; -- R:6 G:9 B:C
  7227 : 011010011100 ; -- R:6 G:9 B:C
  7228 : 011010011100 ; -- R:6 G:9 B:C
  7229 : 011010011100 ; -- R:6 G:9 B:C
  7230 : 011010011100 ; -- R:6 G:9 B:C
  7231 : 011010011100 ; -- R:6 G:9 B:C
  7232 : 011010011100 ; -- R:6 G:9 B:C
  7233 : 011010011100 ; -- R:6 G:9 B:C
  7234 : 011010011100 ; -- R:6 G:9 B:C
  7235 : 011110011100 ; -- R:7 G:9 B:C
  7236 : 100010011100 ; -- R:8 G:9 B:C
  7237 : 101010001100 ; -- R:A G:8 B:C
  7238 : 110010011100 ; -- R:C G:9 B:C
  7239 : 110010011100 ; -- R:C G:9 B:C
  7240 : 110010011100 ; -- R:C G:9 B:C
  7241 : 110010011100 ; -- R:C G:9 B:C
  7242 : 110010011100 ; -- R:C G:9 B:C
  7243 : 110010011100 ; -- R:C G:9 B:C
  7244 : 110010011100 ; -- R:C G:9 B:C
  7245 : 110010011100 ; -- R:C G:9 B:C
  7246 : 110010011100 ; -- R:C G:9 B:C
  7247 : 110010011100 ; -- R:C G:9 B:C
  7248 : 110010011100 ; -- R:C G:9 B:C
  7249 : 110010011100 ; -- R:C G:9 B:C
  7250 : 110010011100 ; -- R:C G:9 B:C
  7251 : 110010011100 ; -- R:C G:9 B:C
  7252 : 110010011100 ; -- R:C G:9 B:C
  7253 : 110010011100 ; -- R:C G:9 B:C
  7254 : 110010011100 ; -- R:C G:9 B:C
  7255 : 110010011100 ; -- R:C G:9 B:C
  7256 : 110010011100 ; -- R:C G:9 B:C
  7257 : 110010011100 ; -- R:C G:9 B:C
  7258 : 110010011100 ; -- R:C G:9 B:C
  7259 : 110010011100 ; -- R:C G:9 B:C
  7260 : 110010011100 ; -- R:C G:9 B:C
  7261 : 110010011100 ; -- R:C G:9 B:C
  7262 : 110010011100 ; -- R:C G:9 B:C
  7263 : 110010011100 ; -- R:C G:9 B:C
  7264 : 110010011100 ; -- R:C G:9 B:C
  7265 : 110010011100 ; -- R:C G:9 B:C
  7266 : 110010011100 ; -- R:C G:9 B:C
  7267 : 110010011100 ; -- R:C G:9 B:C
  7268 : 110010011100 ; -- R:C G:9 B:C
  7269 : 110010011100 ; -- R:C G:9 B:C
  7270 : 110010011100 ; -- R:C G:9 B:C
  7271 : 110010011100 ; -- R:C G:9 B:C
  7272 : 110010011100 ; -- R:C G:9 B:C
  7273 : 110010011100 ; -- R:C G:9 B:C
  7274 : 110010011100 ; -- R:C G:9 B:C
  7275 : 110010011100 ; -- R:C G:9 B:C
  7276 : 110010011100 ; -- R:C G:9 B:C
  7277 : 110010011100 ; -- R:C G:9 B:C
  7278 : 110010011100 ; -- R:C G:9 B:C
  7279 : 110010011100 ; -- R:C G:9 B:C
  7280 : 110010011100 ; -- R:C G:9 B:C
  7281 : 110010011100 ; -- R:C G:9 B:C
  7282 : 110010011100 ; -- R:C G:9 B:C
  7283 : 110010011100 ; -- R:C G:9 B:C
  7284 : 110010011100 ; -- R:C G:9 B:C
  7285 : 110010011100 ; -- R:C G:9 B:C
  7286 : 110010011100 ; -- R:C G:9 B:C
  7287 : 110010011100 ; -- R:C G:9 B:C
  7288 : 110010011100 ; -- R:C G:9 B:C
  7289 : 110010011100 ; -- R:C G:9 B:C
  7290 : 110010011100 ; -- R:C G:9 B:C
  7291 : 110010011100 ; -- R:C G:9 B:C
  7292 : 110010011100 ; -- R:C G:9 B:C
  7293 : 110010011100 ; -- R:C G:9 B:C
  7294 : 110010011100 ; -- R:C G:9 B:C
  7295 : 110010011100 ; -- R:C G:9 B:C
  7296 : 110010011100 ; -- R:C G:9 B:C
  7297 : 110010011100 ; -- R:C G:9 B:C
  7298 : 110010011100 ; -- R:C G:9 B:C
  7299 : 101110011100 ; -- R:B G:9 B:C
  7300 : 011110011100 ; -- R:7 G:9 B:C
  7301 : 011010011100 ; -- R:6 G:9 B:C
  7302 : 011110011100 ; -- R:7 G:9 B:C
  7303 : 011110011100 ; -- R:7 G:9 B:C
  7304 : 011110011100 ; -- R:7 G:9 B:C
  7305 : 011110011100 ; -- R:7 G:9 B:C
  7306 : 011110011100 ; -- R:7 G:9 B:C
  7307 : 011110011100 ; -- R:7 G:9 B:C
  7308 : 011110011100 ; -- R:7 G:9 B:C
  7309 : 011110011100 ; -- R:7 G:9 B:C
  7310 : 011110011100 ; -- R:7 G:9 B:C
  7311 : 011110011100 ; -- R:7 G:9 B:C
  7312 : 011110011100 ; -- R:7 G:9 B:C
  7313 : 011110011100 ; -- R:7 G:9 B:C
  7314 : 011110011100 ; -- R:7 G:9 B:C
  7315 : 011110011100 ; -- R:7 G:9 B:C
  7316 : 011110011100 ; -- R:7 G:9 B:C
  7317 : 011110011100 ; -- R:7 G:9 B:C
  7318 : 011110011100 ; -- R:7 G:9 B:C
  7319 : 011110011100 ; -- R:7 G:9 B:C
  7320 : 011110011100 ; -- R:7 G:9 B:C
  7321 : 011110011100 ; -- R:7 G:9 B:C
  7322 : 011110011100 ; -- R:7 G:9 B:C
  7323 : 011110011100 ; -- R:7 G:9 B:C
  7324 : 011110011100 ; -- R:7 G:9 B:C
  7325 : 011110011100 ; -- R:7 G:9 B:C
  7326 : 011110011100 ; -- R:7 G:9 B:C
  7327 : 011110011100 ; -- R:7 G:9 B:C
  7328 : 011110011100 ; -- R:7 G:9 B:C
  7329 : 011110011100 ; -- R:7 G:9 B:C
  7330 : 011110011100 ; -- R:7 G:9 B:C
  7331 : 011010011100 ; -- R:6 G:9 B:C
  7332 : 011110011100 ; -- R:7 G:9 B:C
  7333 : 101110011100 ; -- R:B G:9 B:C
  7334 : 110010011100 ; -- R:C G:9 B:C
  7335 : 110010011100 ; -- R:C G:9 B:C
  7336 : 110010011100 ; -- R:C G:9 B:C
  7337 : 110010011100 ; -- R:C G:9 B:C
  7338 : 110010011100 ; -- R:C G:9 B:C
  7339 : 110010011100 ; -- R:C G:9 B:C
  7340 : 110010011100 ; -- R:C G:9 B:C
  7341 : 110010011100 ; -- R:C G:9 B:C
  7342 : 110010011100 ; -- R:C G:9 B:C
  7343 : 110010011100 ; -- R:C G:9 B:C
  7344 : 110010011100 ; -- R:C G:9 B:C
  7345 : 110010011100 ; -- R:C G:9 B:C
  7346 : 110010011100 ; -- R:C G:9 B:C
  7347 : 110010011100 ; -- R:C G:9 B:C
  7348 : 110010011100 ; -- R:C G:9 B:C
  7349 : 110010011100 ; -- R:C G:9 B:C
  7350 : 110010011100 ; -- R:C G:9 B:C
  7351 : 110010011100 ; -- R:C G:9 B:C
  7352 : 110010011100 ; -- R:C G:9 B:C
  7353 : 110010011100 ; -- R:C G:9 B:C
  7354 : 110010011100 ; -- R:C G:9 B:C
  7355 : 110010011100 ; -- R:C G:9 B:C
  7356 : 110010011100 ; -- R:C G:9 B:C
  7357 : 110010011100 ; -- R:C G:9 B:C
  7358 : 110010011100 ; -- R:C G:9 B:C
  7359 : 110010011100 ; -- R:C G:9 B:C
  7360 : 110010011100 ; -- R:C G:9 B:C
  7361 : 110010011100 ; -- R:C G:9 B:C
  7362 : 110010011100 ; -- R:C G:9 B:C
  7363 : 110010011100 ; -- R:C G:9 B:C
  7364 : 110010011100 ; -- R:C G:9 B:C
  7365 : 110010011100 ; -- R:C G:9 B:C
  7366 : 110010011100 ; -- R:C G:9 B:C
  7367 : 110010011100 ; -- R:C G:9 B:C
  7368 : 110010011100 ; -- R:C G:9 B:C
  7369 : 110010011100 ; -- R:C G:9 B:C
  7370 : 110010011100 ; -- R:C G:9 B:C
  7371 : 110010011100 ; -- R:C G:9 B:C
  7372 : 110010011100 ; -- R:C G:9 B:C
  7373 : 110010011100 ; -- R:C G:9 B:C
  7374 : 110010011100 ; -- R:C G:9 B:C
  7375 : 110010011100 ; -- R:C G:9 B:C
  7376 : 110010011100 ; -- R:C G:9 B:C
  7377 : 110010011100 ; -- R:C G:9 B:C
  7378 : 110010011100 ; -- R:C G:9 B:C
  7379 : 110110101100 ; -- R:D G:A B:C
  7380 : 110010011100 ; -- R:C G:9 B:C
  7381 : 100110001100 ; -- R:9 G:8 B:C
  7382 : 011110011100 ; -- R:7 G:9 B:C
  7383 : 011010011100 ; -- R:6 G:9 B:C
  7384 : 011010011100 ; -- R:6 G:9 B:C
  7385 : 011110011100 ; -- R:7 G:9 B:C
  7386 : 011110011100 ; -- R:7 G:9 B:C
  7387 : 011110011100 ; -- R:7 G:9 B:C
  7388 : 011110011100 ; -- R:7 G:9 B:C
  7389 : 011110011100 ; -- R:7 G:9 B:C
  7390 : 011110011100 ; -- R:7 G:9 B:C
  7391 : 011110011100 ; -- R:7 G:9 B:C
  7392 : 011110011100 ; -- R:7 G:9 B:C
  7393 : 011110011100 ; -- R:7 G:9 B:C
  7394 : 011110011100 ; -- R:7 G:9 B:C
  7395 : 011010011100 ; -- R:6 G:9 B:C
  7396 : 011010011100 ; -- R:6 G:9 B:C
  7397 : 011010011100 ; -- R:6 G:9 B:C
  7398 : 011110011100 ; -- R:7 G:9 B:C
  7399 : 101010001100 ; -- R:A G:8 B:C
  7400 : 110010011100 ; -- R:C G:9 B:C
  7401 : 110010101100 ; -- R:C G:A B:C
  7402 : 110010011100 ; -- R:C G:9 B:C
  7403 : 110010011100 ; -- R:C G:9 B:C
  7404 : 110010011100 ; -- R:C G:9 B:C
  7405 : 110010011100 ; -- R:C G:9 B:C
  7406 : 110010011100 ; -- R:C G:9 B:C
  7407 : 110010011100 ; -- R:C G:9 B:C
  7408 : 110010011100 ; -- R:C G:9 B:C
  7409 : 110010011100 ; -- R:C G:9 B:C
  7410 : 110010011100 ; -- R:C G:9 B:C
  7411 : 110010011100 ; -- R:C G:9 B:C
  7412 : 110010011100 ; -- R:C G:9 B:C
  7413 : 110010011100 ; -- R:C G:9 B:C
  7414 : 110010011100 ; -- R:C G:9 B:C
  7415 : 110010011100 ; -- R:C G:9 B:C
  7416 : 110010011100 ; -- R:C G:9 B:C
  7417 : 110010011100 ; -- R:C G:9 B:C
  7418 : 110010101100 ; -- R:C G:A B:C
  7419 : 110110101100 ; -- R:D G:A B:C
  7420 : 110010101100 ; -- R:C G:A B:C
  7421 : 110010011100 ; -- R:C G:9 B:C
  7422 : 110010011100 ; -- R:C G:9 B:C
  7423 : 110010011100 ; -- R:C G:9 B:C
  7424 : 110010011100 ; -- R:C G:9 B:C
  7425 : 110010011100 ; -- R:C G:9 B:C
  7426 : 110010101100 ; -- R:C G:A B:C
  7427 : 110110101100 ; -- R:D G:A B:C
  7428 : 110010101100 ; -- R:C G:A B:C
  7429 : 110010011100 ; -- R:C G:9 B:C
  7430 : 110010011100 ; -- R:C G:9 B:C
  7431 : 110010011100 ; -- R:C G:9 B:C
  7432 : 110010011100 ; -- R:C G:9 B:C
  7433 : 110010011100 ; -- R:C G:9 B:C
  7434 : 110010011100 ; -- R:C G:9 B:C
  7435 : 110010011100 ; -- R:C G:9 B:C
  7436 : 110010011100 ; -- R:C G:9 B:C
  7437 : 110010011100 ; -- R:C G:9 B:C
  7438 : 110010011100 ; -- R:C G:9 B:C
  7439 : 110010011100 ; -- R:C G:9 B:C
  7440 : 110010011100 ; -- R:C G:9 B:C
  7441 : 110010011100 ; -- R:C G:9 B:C
  7442 : 110010011100 ; -- R:C G:9 B:C
  7443 : 110010011100 ; -- R:C G:9 B:C
  7444 : 110010011100 ; -- R:C G:9 B:C
  7445 : 110010011100 ; -- R:C G:9 B:C
  7446 : 110010011100 ; -- R:C G:9 B:C
  7447 : 110010011100 ; -- R:C G:9 B:C
  7448 : 110010011100 ; -- R:C G:9 B:C
  7449 : 110010011100 ; -- R:C G:9 B:C
  7450 : 110010011100 ; -- R:C G:9 B:C
  7451 : 110010011100 ; -- R:C G:9 B:C
  7452 : 110010011100 ; -- R:C G:9 B:C
  7453 : 110010011100 ; -- R:C G:9 B:C
  7454 : 110010011100 ; -- R:C G:9 B:C
  7455 : 110010011100 ; -- R:C G:9 B:C
  7456 : 110010011100 ; -- R:C G:9 B:C
  7457 : 110110101100 ; -- R:D G:A B:C
  7458 : 101110011100 ; -- R:B G:9 B:C
  7459 : 011110011100 ; -- R:7 G:9 B:C
  7460 : 011010011100 ; -- R:6 G:9 B:C
  7461 : 011110011100 ; -- R:7 G:9 B:C
  7462 : 011110011100 ; -- R:7 G:9 B:C
  7463 : 011110011100 ; -- R:7 G:9 B:C
  7464 : 011110011100 ; -- R:7 G:9 B:C
  7465 : 011110011100 ; -- R:7 G:9 B:C
  7466 : 011110011100 ; -- R:7 G:9 B:C
  7467 : 011110011100 ; -- R:7 G:9 B:C
  7468 : 011110011100 ; -- R:7 G:9 B:C
  7469 : 011110011100 ; -- R:7 G:9 B:C
  7470 : 011110011100 ; -- R:7 G:9 B:C
  7471 : 011110011100 ; -- R:7 G:9 B:C
  7472 : 011110011100 ; -- R:7 G:9 B:C
  7473 : 011110011100 ; -- R:7 G:9 B:C
  7474 : 011110011100 ; -- R:7 G:9 B:C
  7475 : 011110011100 ; -- R:7 G:9 B:C
  7476 : 011110011100 ; -- R:7 G:9 B:C
  7477 : 011110011100 ; -- R:7 G:9 B:C
  7478 : 011110011100 ; -- R:7 G:9 B:C
  7479 : 011110011100 ; -- R:7 G:9 B:C
  7480 : 011110011100 ; -- R:7 G:9 B:C
  7481 : 011110011100 ; -- R:7 G:9 B:C
  7482 : 011110011100 ; -- R:7 G:9 B:C
  7483 : 011110011100 ; -- R:7 G:9 B:C
  7484 : 011110011100 ; -- R:7 G:9 B:C
  7485 : 011110011100 ; -- R:7 G:9 B:C
  7486 : 011110011100 ; -- R:7 G:9 B:C
  7487 : 011110011100 ; -- R:7 G:9 B:C
  7488 : 011110011100 ; -- R:7 G:9 B:C
  7489 : 011110011100 ; -- R:7 G:9 B:C
  7490 : 011110011100 ; -- R:7 G:9 B:C
  7491 : 011110011100 ; -- R:7 G:9 B:C
  7492 : 011010011100 ; -- R:6 G:9 B:C
  7493 : 011110011100 ; -- R:7 G:9 B:C
  7494 : 101110011100 ; -- R:B G:9 B:C
  7495 : 110010101100 ; -- R:C G:A B:C
  7496 : 110010011100 ; -- R:C G:9 B:C
  7497 : 110010011100 ; -- R:C G:9 B:C
  7498 : 110010011100 ; -- R:C G:9 B:C
  7499 : 110010011100 ; -- R:C G:9 B:C
  7500 : 110010011100 ; -- R:C G:9 B:C
  7501 : 110010011100 ; -- R:C G:9 B:C
  7502 : 110010011100 ; -- R:C G:9 B:C
  7503 : 110010011100 ; -- R:C G:9 B:C
  7504 : 110010011100 ; -- R:C G:9 B:C
  7505 : 110010011100 ; -- R:C G:9 B:C
  7506 : 110010011100 ; -- R:C G:9 B:C
  7507 : 110010011100 ; -- R:C G:9 B:C
  7508 : 110010011100 ; -- R:C G:9 B:C
  7509 : 110010011100 ; -- R:C G:9 B:C
  7510 : 110010011100 ; -- R:C G:9 B:C
  7511 : 110010011100 ; -- R:C G:9 B:C
  7512 : 110010011100 ; -- R:C G:9 B:C
  7513 : 110010011100 ; -- R:C G:9 B:C
  7514 : 110010011100 ; -- R:C G:9 B:C
  7515 : 110010011100 ; -- R:C G:9 B:C
  7516 : 110010011100 ; -- R:C G:9 B:C
  7517 : 110010011100 ; -- R:C G:9 B:C
  7518 : 110010011100 ; -- R:C G:9 B:C
  7519 : 110010011100 ; -- R:C G:9 B:C
  7520 : 110010101100 ; -- R:C G:A B:C
  7521 : 110010101100 ; -- R:C G:A B:C
  7522 : 110010101100 ; -- R:C G:A B:C
  7523 : 110010101100 ; -- R:C G:A B:C
  7524 : 110010101100 ; -- R:C G:A B:C
  7525 : 110010101100 ; -- R:C G:A B:C
  7526 : 110010101100 ; -- R:C G:A B:C
  7527 : 110010101100 ; -- R:C G:A B:C
  7528 : 110010101100 ; -- R:C G:A B:C
  7529 : 110010101100 ; -- R:C G:A B:C
  7530 : 110010101100 ; -- R:C G:A B:C
  7531 : 110010101100 ; -- R:C G:A B:C
  7532 : 110010101100 ; -- R:C G:A B:C
  7533 : 110010101100 ; -- R:C G:A B:C
  7534 : 110010101100 ; -- R:C G:A B:C
  7535 : 110010101100 ; -- R:C G:A B:C
  7536 : 110010101100 ; -- R:C G:A B:C
  7537 : 110010101100 ; -- R:C G:A B:C
  7538 : 110010101100 ; -- R:C G:A B:C
  7539 : 101010001100 ; -- R:A G:8 B:C
  7540 : 011110011100 ; -- R:7 G:9 B:C
  7541 : 011010011100 ; -- R:6 G:9 B:C
  7542 : 011010011100 ; -- R:6 G:9 B:C
  7543 : 011110011100 ; -- R:7 G:9 B:C
  7544 : 011110011100 ; -- R:7 G:9 B:C
  7545 : 011110011100 ; -- R:7 G:9 B:C
  7546 : 011110011100 ; -- R:7 G:9 B:C
  7547 : 011110011100 ; -- R:7 G:9 B:C
  7548 : 011110011100 ; -- R:7 G:9 B:C
  7549 : 011110011100 ; -- R:7 G:9 B:C
  7550 : 011110011100 ; -- R:7 G:9 B:C
  7551 : 011110011100 ; -- R:7 G:9 B:C
  7552 : 011110011100 ; -- R:7 G:9 B:C
  7553 : 011110011100 ; -- R:7 G:9 B:C
  7554 : 011110011100 ; -- R:7 G:9 B:C
  7555 : 011110011100 ; -- R:7 G:9 B:C
  7556 : 011110011100 ; -- R:7 G:9 B:C
  7557 : 011110011100 ; -- R:7 G:9 B:C
  7558 : 011010011100 ; -- R:6 G:9 B:C
  7559 : 011010011100 ; -- R:6 G:9 B:C
  7560 : 011110011100 ; -- R:7 G:9 B:C
  7561 : 101110011100 ; -- R:B G:9 B:C
  7562 : 110110101100 ; -- R:D G:A B:C
  7563 : 110010101100 ; -- R:C G:A B:C
  7564 : 110010101100 ; -- R:C G:A B:C
  7565 : 110010101100 ; -- R:C G:A B:C
  7566 : 110010101100 ; -- R:C G:A B:C
  7567 : 110010101100 ; -- R:C G:A B:C
  7568 : 110010101100 ; -- R:C G:A B:C
  7569 : 110010101100 ; -- R:C G:A B:C
  7570 : 110010101100 ; -- R:C G:A B:C
  7571 : 110010101100 ; -- R:C G:A B:C
  7572 : 110010101100 ; -- R:C G:A B:C
  7573 : 110010101100 ; -- R:C G:A B:C
  7574 : 110010101100 ; -- R:C G:A B:C
  7575 : 110010101100 ; -- R:C G:A B:C
  7576 : 110110101100 ; -- R:D G:A B:C
  7577 : 110010101100 ; -- R:C G:A B:C
  7578 : 101110011100 ; -- R:B G:9 B:C
  7579 : 101010001100 ; -- R:A G:8 B:C
  7580 : 100010011100 ; -- R:8 G:9 B:C
  7581 : 100010011100 ; -- R:8 G:9 B:C
  7582 : 011110011100 ; -- R:7 G:9 B:C
  7583 : 011110011100 ; -- R:7 G:9 B:C
  7584 : 011110011100 ; -- R:7 G:9 B:C
  7585 : 100010011100 ; -- R:8 G:9 B:C
  7586 : 100010011100 ; -- R:8 G:9 B:C
  7587 : 101010001100 ; -- R:A G:8 B:C
  7588 : 101110011100 ; -- R:B G:9 B:C
  7589 : 110010101100 ; -- R:C G:A B:C
  7590 : 110110101100 ; -- R:D G:A B:C
  7591 : 110010101100 ; -- R:C G:A B:C
  7592 : 110010101100 ; -- R:C G:A B:C
  7593 : 110010101100 ; -- R:C G:A B:C
  7594 : 110010101100 ; -- R:C G:A B:C
  7595 : 110010101100 ; -- R:C G:A B:C
  7596 : 110010101100 ; -- R:C G:A B:C
  7597 : 110010101100 ; -- R:C G:A B:C
  7598 : 110010101100 ; -- R:C G:A B:C
  7599 : 110010101100 ; -- R:C G:A B:C
  7600 : 110010101100 ; -- R:C G:A B:C
  7601 : 110010101100 ; -- R:C G:A B:C
  7602 : 110010101100 ; -- R:C G:A B:C
  7603 : 110010101100 ; -- R:C G:A B:C
  7604 : 110010101100 ; -- R:C G:A B:C
  7605 : 110010101100 ; -- R:C G:A B:C
  7606 : 110010101100 ; -- R:C G:A B:C
  7607 : 110010101100 ; -- R:C G:A B:C
  7608 : 110010101100 ; -- R:C G:A B:C
  7609 : 110010101100 ; -- R:C G:A B:C
  7610 : 110010101100 ; -- R:C G:A B:C
  7611 : 110010101100 ; -- R:C G:A B:C
  7612 : 110010101100 ; -- R:C G:A B:C
  7613 : 110010101100 ; -- R:C G:A B:C
  7614 : 110010101100 ; -- R:C G:A B:C
  7615 : 110010101100 ; -- R:C G:A B:C
  7616 : 110110101100 ; -- R:D G:A B:C
  7617 : 101110011100 ; -- R:B G:9 B:C
  7618 : 011110011100 ; -- R:7 G:9 B:C
  7619 : 011110011100 ; -- R:7 G:9 B:C
  7620 : 011110011100 ; -- R:7 G:9 B:C
  7621 : 011110011100 ; -- R:7 G:9 B:C
  7622 : 011110011100 ; -- R:7 G:9 B:C
  7623 : 011110011100 ; -- R:7 G:9 B:C
  7624 : 011110011100 ; -- R:7 G:9 B:C
  7625 : 011110011100 ; -- R:7 G:9 B:C
  7626 : 011110011100 ; -- R:7 G:9 B:C
  7627 : 011110011100 ; -- R:7 G:9 B:C
  7628 : 011110011100 ; -- R:7 G:9 B:C
  7629 : 011110011100 ; -- R:7 G:9 B:C
  7630 : 011110011100 ; -- R:7 G:9 B:C
  7631 : 011110011100 ; -- R:7 G:9 B:C
  7632 : 011110011100 ; -- R:7 G:9 B:C
  7633 : 011110011100 ; -- R:7 G:9 B:C
  7634 : 011110011100 ; -- R:7 G:9 B:C
  7635 : 011110011100 ; -- R:7 G:9 B:C
  7636 : 011110011100 ; -- R:7 G:9 B:C
  7637 : 011110011100 ; -- R:7 G:9 B:C
  7638 : 011110011100 ; -- R:7 G:9 B:C
  7639 : 011110011100 ; -- R:7 G:9 B:C
  7640 : 011110011100 ; -- R:7 G:9 B:C
  7641 : 011110011100 ; -- R:7 G:9 B:C
  7642 : 011110011100 ; -- R:7 G:9 B:C
  7643 : 011110011100 ; -- R:7 G:9 B:C
  7644 : 011110011100 ; -- R:7 G:9 B:C
  7645 : 011110011100 ; -- R:7 G:9 B:C
  7646 : 011110011100 ; -- R:7 G:9 B:C
  7647 : 011110011100 ; -- R:7 G:9 B:C
  7648 : 011110011100 ; -- R:7 G:9 B:C
  7649 : 011110011100 ; -- R:7 G:9 B:C
  7650 : 011110011100 ; -- R:7 G:9 B:C
  7651 : 011110011100 ; -- R:7 G:9 B:C
  7652 : 011110011100 ; -- R:7 G:9 B:C
  7653 : 011110011100 ; -- R:7 G:9 B:C
  7654 : 011110011100 ; -- R:7 G:9 B:C
  7655 : 101110011100 ; -- R:B G:9 B:C
  7656 : 110110101100 ; -- R:D G:A B:C
  7657 : 110010101100 ; -- R:C G:A B:C
  7658 : 110010101100 ; -- R:C G:A B:C
  7659 : 110010101100 ; -- R:C G:A B:C
  7660 : 110010101100 ; -- R:C G:A B:C
  7661 : 110010101100 ; -- R:C G:A B:C
  7662 : 110010101100 ; -- R:C G:A B:C
  7663 : 110010101100 ; -- R:C G:A B:C
  7664 : 110010101100 ; -- R:C G:A B:C
  7665 : 110010101100 ; -- R:C G:A B:C
  7666 : 110010101100 ; -- R:C G:A B:C
  7667 : 110010101100 ; -- R:C G:A B:C
  7668 : 110010101100 ; -- R:C G:A B:C
  7669 : 110010101100 ; -- R:C G:A B:C
  7670 : 110010101100 ; -- R:C G:A B:C
  7671 : 110010101100 ; -- R:C G:A B:C
  7672 : 110010101100 ; -- R:C G:A B:C
  7673 : 110010101100 ; -- R:C G:A B:C
  7674 : 110010101100 ; -- R:C G:A B:C
  7675 : 110010101100 ; -- R:C G:A B:C
  7676 : 110010101100 ; -- R:C G:A B:C
  7677 : 110010101100 ; -- R:C G:A B:C
  7678 : 110010101100 ; -- R:C G:A B:C
  7679 : 110010101100 ; -- R:C G:A B:C
  7680 : 110010101100 ; -- R:C G:A B:C
  7681 : 110010101100 ; -- R:C G:A B:C
  7682 : 110010101100 ; -- R:C G:A B:C
  7683 : 110010101100 ; -- R:C G:A B:C
  7684 : 110010101100 ; -- R:C G:A B:C
  7685 : 110010101100 ; -- R:C G:A B:C
  7686 : 110010101100 ; -- R:C G:A B:C
  7687 : 110010101100 ; -- R:C G:A B:C
  7688 : 110010101100 ; -- R:C G:A B:C
  7689 : 110010101100 ; -- R:C G:A B:C
  7690 : 110010101100 ; -- R:C G:A B:C
  7691 : 110010101100 ; -- R:C G:A B:C
  7692 : 110010101100 ; -- R:C G:A B:C
  7693 : 110010101100 ; -- R:C G:A B:C
  7694 : 110010101100 ; -- R:C G:A B:C
  7695 : 110010101100 ; -- R:C G:A B:C
  7696 : 110110101100 ; -- R:D G:A B:C
  7697 : 110010101100 ; -- R:C G:A B:C
  7698 : 100010011100 ; -- R:8 G:9 B:C
  7699 : 011010011100 ; -- R:6 G:9 B:C
  7700 : 011010011100 ; -- R:6 G:9 B:C
  7701 : 011110011100 ; -- R:7 G:9 B:C
  7702 : 011110011100 ; -- R:7 G:9 B:C
  7703 : 011110011100 ; -- R:7 G:9 B:C
  7704 : 011110011100 ; -- R:7 G:9 B:C
  7705 : 011110011100 ; -- R:7 G:9 B:C
  7706 : 011110011100 ; -- R:7 G:9 B:C
  7707 : 011110011100 ; -- R:7 G:9 B:C
  7708 : 011110011100 ; -- R:7 G:9 B:C
  7709 : 011110011100 ; -- R:7 G:9 B:C
  7710 : 011110011100 ; -- R:7 G:9 B:C
  7711 : 011110011100 ; -- R:7 G:9 B:C
  7712 : 011110011100 ; -- R:7 G:9 B:C
  7713 : 011110011100 ; -- R:7 G:9 B:C
  7714 : 011110011100 ; -- R:7 G:9 B:C
  7715 : 011110011100 ; -- R:7 G:9 B:C
  7716 : 011110011100 ; -- R:7 G:9 B:C
  7717 : 011110011100 ; -- R:7 G:9 B:C
  7718 : 011110011100 ; -- R:7 G:9 B:C
  7719 : 011110011100 ; -- R:7 G:9 B:C
  7720 : 011010011100 ; -- R:6 G:9 B:C
  7721 : 011010011100 ; -- R:6 G:9 B:C
  7722 : 100110001100 ; -- R:9 G:8 B:C
  7723 : 110010101100 ; -- R:C G:A B:C
  7724 : 110110101100 ; -- R:D G:A B:C
  7725 : 110010101100 ; -- R:C G:A B:C
  7726 : 110010101100 ; -- R:C G:A B:C
  7727 : 110010101100 ; -- R:C G:A B:C
  7728 : 110010101100 ; -- R:C G:A B:C
  7729 : 110010101100 ; -- R:C G:A B:C
  7730 : 110010101100 ; -- R:C G:A B:C
  7731 : 110010101100 ; -- R:C G:A B:C
  7732 : 110010101100 ; -- R:C G:A B:C
  7733 : 110010101100 ; -- R:C G:A B:C
  7734 : 110110101100 ; -- R:D G:A B:C
  7735 : 110010101100 ; -- R:C G:A B:C
  7736 : 101010001100 ; -- R:A G:8 B:C
  7737 : 011110011100 ; -- R:7 G:9 B:C
  7738 : 011010011100 ; -- R:6 G:9 B:C
  7739 : 011010011100 ; -- R:6 G:9 B:C
  7740 : 011010011100 ; -- R:6 G:9 B:C
  7741 : 011010011100 ; -- R:6 G:9 B:C
  7742 : 011010011100 ; -- R:6 G:9 B:C
  7743 : 011010011100 ; -- R:6 G:9 B:C
  7744 : 011010011100 ; -- R:6 G:9 B:C
  7745 : 011010011100 ; -- R:6 G:9 B:C
  7746 : 011010011100 ; -- R:6 G:9 B:C
  7747 : 011010011100 ; -- R:6 G:9 B:C
  7748 : 011010011100 ; -- R:6 G:9 B:C
  7749 : 100010011100 ; -- R:8 G:9 B:C
  7750 : 101010001100 ; -- R:A G:8 B:C
  7751 : 110010101100 ; -- R:C G:A B:C
  7752 : 110110101100 ; -- R:D G:A B:C
  7753 : 110010101100 ; -- R:C G:A B:C
  7754 : 110010101100 ; -- R:C G:A B:C
  7755 : 110010101100 ; -- R:C G:A B:C
  7756 : 110010101100 ; -- R:C G:A B:C
  7757 : 110010101100 ; -- R:C G:A B:C
  7758 : 110010101100 ; -- R:C G:A B:C
  7759 : 110010101100 ; -- R:C G:A B:C
  7760 : 110010101100 ; -- R:C G:A B:C
  7761 : 110010101100 ; -- R:C G:A B:C
  7762 : 110010101100 ; -- R:C G:A B:C
  7763 : 110010101100 ; -- R:C G:A B:C
  7764 : 110010101100 ; -- R:C G:A B:C
  7765 : 110010101100 ; -- R:C G:A B:C
  7766 : 110010101100 ; -- R:C G:A B:C
  7767 : 110010101100 ; -- R:C G:A B:C
  7768 : 110010101100 ; -- R:C G:A B:C
  7769 : 110010101100 ; -- R:C G:A B:C
  7770 : 110010101100 ; -- R:C G:A B:C
  7771 : 110010101100 ; -- R:C G:A B:C
  7772 : 110010101100 ; -- R:C G:A B:C
  7773 : 110010101100 ; -- R:C G:A B:C
  7774 : 110010101100 ; -- R:C G:A B:C
  7775 : 110110101100 ; -- R:D G:A B:C
  7776 : 101110011100 ; -- R:B G:9 B:C
  7777 : 011110011100 ; -- R:7 G:9 B:C
  7778 : 011010011100 ; -- R:6 G:9 B:C
  7779 : 011110011100 ; -- R:7 G:9 B:C
  7780 : 011110011100 ; -- R:7 G:9 B:C
  7781 : 011110011100 ; -- R:7 G:9 B:C
  7782 : 011110011100 ; -- R:7 G:9 B:C
  7783 : 011110011100 ; -- R:7 G:9 B:C
  7784 : 011110011100 ; -- R:7 G:9 B:C
  7785 : 011110011100 ; -- R:7 G:9 B:C
  7786 : 011110011100 ; -- R:7 G:9 B:C
  7787 : 011110011100 ; -- R:7 G:9 B:C
  7788 : 011110011100 ; -- R:7 G:9 B:C
  7789 : 011110011100 ; -- R:7 G:9 B:C
  7790 : 011110011100 ; -- R:7 G:9 B:C
  7791 : 011110011100 ; -- R:7 G:9 B:C
  7792 : 011110011100 ; -- R:7 G:9 B:C
  7793 : 011110011100 ; -- R:7 G:9 B:C
  7794 : 011110011100 ; -- R:7 G:9 B:C
  7795 : 011110011100 ; -- R:7 G:9 B:C
  7796 : 011110011100 ; -- R:7 G:9 B:C
  7797 : 011110011100 ; -- R:7 G:9 B:C
  7798 : 011110011100 ; -- R:7 G:9 B:C
  7799 : 011110011100 ; -- R:7 G:9 B:C
  7800 : 011110011100 ; -- R:7 G:9 B:C
  7801 : 011110011100 ; -- R:7 G:9 B:C
  7802 : 011110011100 ; -- R:7 G:9 B:C
  7803 : 011110011100 ; -- R:7 G:9 B:C
  7804 : 011110011100 ; -- R:7 G:9 B:C
  7805 : 011110011100 ; -- R:7 G:9 B:C
  7806 : 011110011100 ; -- R:7 G:9 B:C
  7807 : 011110011100 ; -- R:7 G:9 B:C
  7808 : 011110011100 ; -- R:7 G:9 B:C
  7809 : 011110011100 ; -- R:7 G:9 B:C
  7810 : 011110011100 ; -- R:7 G:9 B:C
  7811 : 011110011100 ; -- R:7 G:9 B:C
  7812 : 011110011100 ; -- R:7 G:9 B:C
  7813 : 011110011100 ; -- R:7 G:9 B:C
  7814 : 011110011100 ; -- R:7 G:9 B:C
  7815 : 011110011100 ; -- R:7 G:9 B:C
  7816 : 101110011100 ; -- R:B G:9 B:C
  7817 : 110110101100 ; -- R:D G:A B:C
  7818 : 110010101100 ; -- R:C G:A B:C
  7819 : 110010101100 ; -- R:C G:A B:C
  7820 : 110010101100 ; -- R:C G:A B:C
  7821 : 110010101100 ; -- R:C G:A B:C
  7822 : 110010101100 ; -- R:C G:A B:C
  7823 : 110010101100 ; -- R:C G:A B:C
  7824 : 110010101100 ; -- R:C G:A B:C
  7825 : 110010101100 ; -- R:C G:A B:C
  7826 : 110010101100 ; -- R:C G:A B:C
  7827 : 110010101100 ; -- R:C G:A B:C
  7828 : 110010101100 ; -- R:C G:A B:C
  7829 : 110010101100 ; -- R:C G:A B:C
  7830 : 110010101100 ; -- R:C G:A B:C
  7831 : 110010101100 ; -- R:C G:A B:C
  7832 : 110010101100 ; -- R:C G:A B:C
  7833 : 110010101100 ; -- R:C G:A B:C
  7834 : 110010101100 ; -- R:C G:A B:C
  7835 : 110010101100 ; -- R:C G:A B:C
  7836 : 110010101100 ; -- R:C G:A B:C
  7837 : 110010101100 ; -- R:C G:A B:C
  7838 : 110010101100 ; -- R:C G:A B:C
  7839 : 110010101100 ; -- R:C G:A B:C
  7840 : 110010101100 ; -- R:C G:A B:C
  7841 : 110010101100 ; -- R:C G:A B:C
  7842 : 110010101100 ; -- R:C G:A B:C
  7843 : 110010101100 ; -- R:C G:A B:C
  7844 : 110010101100 ; -- R:C G:A B:C
  7845 : 110010101100 ; -- R:C G:A B:C
  7846 : 110010101100 ; -- R:C G:A B:C
  7847 : 110010101100 ; -- R:C G:A B:C
  7848 : 110010101100 ; -- R:C G:A B:C
  7849 : 110010101100 ; -- R:C G:A B:C
  7850 : 110010101100 ; -- R:C G:A B:C
  7851 : 110010101100 ; -- R:C G:A B:C
  7852 : 110010101100 ; -- R:C G:A B:C
  7853 : 110010101100 ; -- R:C G:A B:C
  7854 : 110010101100 ; -- R:C G:A B:C
  7855 : 110110101100 ; -- R:D G:A B:C
  7856 : 101110011100 ; -- R:B G:9 B:C
  7857 : 011110011100 ; -- R:7 G:9 B:C
  7858 : 011010011100 ; -- R:6 G:9 B:C
  7859 : 011110011100 ; -- R:7 G:9 B:C
  7860 : 011110011100 ; -- R:7 G:9 B:C
  7861 : 011110011100 ; -- R:7 G:9 B:C
  7862 : 011110011100 ; -- R:7 G:9 B:C
  7863 : 011110011100 ; -- R:7 G:9 B:C
  7864 : 011110011100 ; -- R:7 G:9 B:C
  7865 : 011110011100 ; -- R:7 G:9 B:C
  7866 : 011110011100 ; -- R:7 G:9 B:C
  7867 : 011110011100 ; -- R:7 G:9 B:C
  7868 : 011110011100 ; -- R:7 G:9 B:C
  7869 : 011110011100 ; -- R:7 G:9 B:C
  7870 : 011110011100 ; -- R:7 G:9 B:C
  7871 : 011110011100 ; -- R:7 G:9 B:C
  7872 : 011110011100 ; -- R:7 G:9 B:C
  7873 : 011110011100 ; -- R:7 G:9 B:C
  7874 : 011110011100 ; -- R:7 G:9 B:C
  7875 : 011110011100 ; -- R:7 G:9 B:C
  7876 : 011110011100 ; -- R:7 G:9 B:C
  7877 : 011110011100 ; -- R:7 G:9 B:C
  7878 : 011110011100 ; -- R:7 G:9 B:C
  7879 : 011110011100 ; -- R:7 G:9 B:C
  7880 : 011110011100 ; -- R:7 G:9 B:C
  7881 : 011110011100 ; -- R:7 G:9 B:C
  7882 : 011010011100 ; -- R:6 G:9 B:C
  7883 : 100010011100 ; -- R:8 G:9 B:C
  7884 : 110010101100 ; -- R:C G:A B:C
  7885 : 110110101100 ; -- R:D G:A B:C
  7886 : 110010101100 ; -- R:C G:A B:C
  7887 : 110010101100 ; -- R:C G:A B:C
  7888 : 110010101100 ; -- R:C G:A B:C
  7889 : 110010101100 ; -- R:C G:A B:C
  7890 : 110010101100 ; -- R:C G:A B:C
  7891 : 110010101100 ; -- R:C G:A B:C
  7892 : 110010101100 ; -- R:C G:A B:C
  7893 : 110110101100 ; -- R:D G:A B:C
  7894 : 101010001100 ; -- R:A G:8 B:C
  7895 : 011110011100 ; -- R:7 G:9 B:C
  7896 : 011010011100 ; -- R:6 G:9 B:C
  7897 : 011010011100 ; -- R:6 G:9 B:C
  7898 : 011110011100 ; -- R:7 G:9 B:C
  7899 : 011110011100 ; -- R:7 G:9 B:C
  7900 : 011110011100 ; -- R:7 G:9 B:C
  7901 : 011110011100 ; -- R:7 G:9 B:C
  7902 : 011110011100 ; -- R:7 G:9 B:C
  7903 : 011110011100 ; -- R:7 G:9 B:C
  7904 : 011110011100 ; -- R:7 G:9 B:C
  7905 : 011110011100 ; -- R:7 G:9 B:C
  7906 : 011110011100 ; -- R:7 G:9 B:C
  7907 : 011110011100 ; -- R:7 G:9 B:C
  7908 : 011110011100 ; -- R:7 G:9 B:C
  7909 : 011010011100 ; -- R:6 G:9 B:C
  7910 : 011010011100 ; -- R:6 G:9 B:C
  7911 : 011110011100 ; -- R:7 G:9 B:C
  7912 : 101010001100 ; -- R:A G:8 B:C
  7913 : 110110101100 ; -- R:D G:A B:C
  7914 : 110110101100 ; -- R:D G:A B:C
  7915 : 110010101100 ; -- R:C G:A B:C
  7916 : 110010101100 ; -- R:C G:A B:C
  7917 : 110010101100 ; -- R:C G:A B:C
  7918 : 110010101100 ; -- R:C G:A B:C
  7919 : 110010101100 ; -- R:C G:A B:C
  7920 : 110010101100 ; -- R:C G:A B:C
  7921 : 110010101100 ; -- R:C G:A B:C
  7922 : 110010101100 ; -- R:C G:A B:C
  7923 : 110010101100 ; -- R:C G:A B:C
  7924 : 110010101100 ; -- R:C G:A B:C
  7925 : 110010101100 ; -- R:C G:A B:C
  7926 : 110010101100 ; -- R:C G:A B:C
  7927 : 110010101100 ; -- R:C G:A B:C
  7928 : 110010101100 ; -- R:C G:A B:C
  7929 : 110010101100 ; -- R:C G:A B:C
  7930 : 110010101100 ; -- R:C G:A B:C
  7931 : 110010101100 ; -- R:C G:A B:C
  7932 : 110010101100 ; -- R:C G:A B:C
  7933 : 110010101100 ; -- R:C G:A B:C
  7934 : 110110101100 ; -- R:D G:A B:C
  7935 : 110010101100 ; -- R:C G:A B:C
  7936 : 011110011100 ; -- R:7 G:9 B:C
  7937 : 011010011100 ; -- R:6 G:9 B:C
  7938 : 011110011100 ; -- R:7 G:9 B:C
  7939 : 011110011100 ; -- R:7 G:9 B:C
  7940 : 011110011100 ; -- R:7 G:9 B:C
  7941 : 011110011100 ; -- R:7 G:9 B:C
  7942 : 011110011100 ; -- R:7 G:9 B:C
  7943 : 011110011100 ; -- R:7 G:9 B:C
  7944 : 011110011100 ; -- R:7 G:9 B:C
  7945 : 011110011100 ; -- R:7 G:9 B:C
  7946 : 011110011100 ; -- R:7 G:9 B:C
  7947 : 011110011100 ; -- R:7 G:9 B:C
  7948 : 011110011100 ; -- R:7 G:9 B:C
  7949 : 011110011100 ; -- R:7 G:9 B:C
  7950 : 011110011100 ; -- R:7 G:9 B:C
  7951 : 011110011100 ; -- R:7 G:9 B:C
  7952 : 011110011100 ; -- R:7 G:9 B:C
  7953 : 011110011100 ; -- R:7 G:9 B:C
  7954 : 011110011100 ; -- R:7 G:9 B:C
  7955 : 011110011100 ; -- R:7 G:9 B:C
  7956 : 011110011100 ; -- R:7 G:9 B:C
  7957 : 011110011100 ; -- R:7 G:9 B:C
  7958 : 011110011100 ; -- R:7 G:9 B:C
  7959 : 011110011100 ; -- R:7 G:9 B:C
  7960 : 011110011100 ; -- R:7 G:9 B:C
  7961 : 011110011100 ; -- R:7 G:9 B:C
  7962 : 011110011100 ; -- R:7 G:9 B:C
  7963 : 011110011100 ; -- R:7 G:9 B:C
  7964 : 011110011100 ; -- R:7 G:9 B:C
  7965 : 011110011100 ; -- R:7 G:9 B:C
  7966 : 011110011100 ; -- R:7 G:9 B:C
  7967 : 011110011100 ; -- R:7 G:9 B:C
  7968 : 011110011100 ; -- R:7 G:9 B:C
  7969 : 011110011100 ; -- R:7 G:9 B:C
  7970 : 011110011100 ; -- R:7 G:9 B:C
  7971 : 011110011100 ; -- R:7 G:9 B:C
  7972 : 011110011100 ; -- R:7 G:9 B:C
  7973 : 011110011100 ; -- R:7 G:9 B:C
  7974 : 011110011100 ; -- R:7 G:9 B:C
  7975 : 011010011100 ; -- R:6 G:9 B:C
  7976 : 011110011100 ; -- R:7 G:9 B:C
  7977 : 101110011100 ; -- R:B G:9 B:C
  7978 : 110110101100 ; -- R:D G:A B:C
  7979 : 110010101100 ; -- R:C G:A B:C
  7980 : 110010101100 ; -- R:C G:A B:C
  7981 : 110010101100 ; -- R:C G:A B:C
  7982 : 110010101100 ; -- R:C G:A B:C
  7983 : 110010101100 ; -- R:C G:A B:C
  7984 : 110010101100 ; -- R:C G:A B:C
  7985 : 110010101100 ; -- R:C G:A B:C
  7986 : 110010101100 ; -- R:C G:A B:C
  7987 : 110010101100 ; -- R:C G:A B:C
  7988 : 110010101100 ; -- R:C G:A B:C
  7989 : 110010101100 ; -- R:C G:A B:C
  7990 : 110010101100 ; -- R:C G:A B:C
  7991 : 110010101100 ; -- R:C G:A B:C
  7992 : 110010101100 ; -- R:C G:A B:C
  7993 : 110010101100 ; -- R:C G:A B:C
  7994 : 110010101100 ; -- R:C G:A B:C
  7995 : 110010101100 ; -- R:C G:A B:C
  7996 : 110010101100 ; -- R:C G:A B:C
  7997 : 110010101100 ; -- R:C G:A B:C
  7998 : 110010101100 ; -- R:C G:A B:C
  7999 : 110010101100 ; -- R:C G:A B:C
  8000 : 110010101100 ; -- R:C G:A B:C
  8001 : 110010101100 ; -- R:C G:A B:C
  8002 : 110010101100 ; -- R:C G:A B:C
  8003 : 110010101100 ; -- R:C G:A B:C
  8004 : 110010101100 ; -- R:C G:A B:C
  8005 : 110010101100 ; -- R:C G:A B:C
  8006 : 110010101100 ; -- R:C G:A B:C
  8007 : 110010101100 ; -- R:C G:A B:C
  8008 : 110010101100 ; -- R:C G:A B:C
  8009 : 110010101100 ; -- R:C G:A B:C
  8010 : 110010101100 ; -- R:C G:A B:C
  8011 : 110010101100 ; -- R:C G:A B:C
  8012 : 110010101100 ; -- R:C G:A B:C
  8013 : 110010101100 ; -- R:C G:A B:C
  8014 : 110110101100 ; -- R:D G:A B:C
  8015 : 101010001100 ; -- R:A G:8 B:C
  8016 : 011010011100 ; -- R:6 G:9 B:C
  8017 : 011010011100 ; -- R:6 G:9 B:C
  8018 : 011110011100 ; -- R:7 G:9 B:C
  8019 : 011110011100 ; -- R:7 G:9 B:C
  8020 : 011110011100 ; -- R:7 G:9 B:C
  8021 : 011110011100 ; -- R:7 G:9 B:C
  8022 : 011110011100 ; -- R:7 G:9 B:C
  8023 : 011110011100 ; -- R:7 G:9 B:C
  8024 : 011110011100 ; -- R:7 G:9 B:C
  8025 : 011110011100 ; -- R:7 G:9 B:C
  8026 : 011110011100 ; -- R:7 G:9 B:C
  8027 : 011110011100 ; -- R:7 G:9 B:C
  8028 : 011110011100 ; -- R:7 G:9 B:C
  8029 : 011110011100 ; -- R:7 G:9 B:C
  8030 : 011110011100 ; -- R:7 G:9 B:C
  8031 : 011110011100 ; -- R:7 G:9 B:C
  8032 : 011110011100 ; -- R:7 G:9 B:C
  8033 : 011110011100 ; -- R:7 G:9 B:C
  8034 : 011110011100 ; -- R:7 G:9 B:C
  8035 : 011110011100 ; -- R:7 G:9 B:C
  8036 : 011110011100 ; -- R:7 G:9 B:C
  8037 : 011110011100 ; -- R:7 G:9 B:C
  8038 : 011110011100 ; -- R:7 G:9 B:C
  8039 : 011110011100 ; -- R:7 G:9 B:C
  8040 : 011110011100 ; -- R:7 G:9 B:C
  8041 : 011110011100 ; -- R:7 G:9 B:C
  8042 : 011110011100 ; -- R:7 G:9 B:C
  8043 : 011010011100 ; -- R:6 G:9 B:C
  8044 : 011110011100 ; -- R:7 G:9 B:C
  8045 : 101110011100 ; -- R:B G:9 B:C
  8046 : 110110101100 ; -- R:D G:A B:C
  8047 : 110010101100 ; -- R:C G:A B:C
  8048 : 110010101100 ; -- R:C G:A B:C
  8049 : 110010101100 ; -- R:C G:A B:C
  8050 : 110010101100 ; -- R:C G:A B:C
  8051 : 110010101100 ; -- R:C G:A B:C
  8052 : 110110101100 ; -- R:D G:A B:C
  8053 : 101010001100 ; -- R:A G:8 B:C
  8054 : 011010011100 ; -- R:6 G:9 B:C
  8055 : 011010011100 ; -- R:6 G:9 B:C
  8056 : 011110011100 ; -- R:7 G:9 B:C
  8057 : 011110011100 ; -- R:7 G:9 B:C
  8058 : 011110011100 ; -- R:7 G:9 B:C
  8059 : 011110011100 ; -- R:7 G:9 B:C
  8060 : 011110011100 ; -- R:7 G:9 B:C
  8061 : 011110011100 ; -- R:7 G:9 B:C
  8062 : 011110011100 ; -- R:7 G:9 B:C
  8063 : 011110011100 ; -- R:7 G:9 B:C
  8064 : 011110011100 ; -- R:7 G:9 B:C
  8065 : 011110011100 ; -- R:7 G:9 B:C
  8066 : 011110011100 ; -- R:7 G:9 B:C
  8067 : 011110011100 ; -- R:7 G:9 B:C
  8068 : 011110011100 ; -- R:7 G:9 B:C
  8069 : 011110011100 ; -- R:7 G:9 B:C
  8070 : 011110011100 ; -- R:7 G:9 B:C
  8071 : 011010011100 ; -- R:6 G:9 B:C
  8072 : 011010011100 ; -- R:6 G:9 B:C
  8073 : 100010011100 ; -- R:8 G:9 B:C
  8074 : 110010101100 ; -- R:C G:A B:C
  8075 : 110110101100 ; -- R:D G:A B:C
  8076 : 110010101100 ; -- R:C G:A B:C
  8077 : 110110101100 ; -- R:D G:A B:C
  8078 : 110010101100 ; -- R:C G:A B:C
  8079 : 110010101100 ; -- R:C G:A B:C
  8080 : 110010101100 ; -- R:C G:A B:C
  8081 : 110010101100 ; -- R:C G:A B:C
  8082 : 110010101100 ; -- R:C G:A B:C
  8083 : 110010101100 ; -- R:C G:A B:C
  8084 : 110010101100 ; -- R:C G:A B:C
  8085 : 110010101100 ; -- R:C G:A B:C
  8086 : 110010101100 ; -- R:C G:A B:C
  8087 : 110010101100 ; -- R:C G:A B:C
  8088 : 110010101100 ; -- R:C G:A B:C
  8089 : 110010101100 ; -- R:C G:A B:C
  8090 : 110010101100 ; -- R:C G:A B:C
  8091 : 110010101100 ; -- R:C G:A B:C
  8092 : 110010101100 ; -- R:C G:A B:C
  8093 : 110110101100 ; -- R:D G:A B:C
  8094 : 110010101100 ; -- R:C G:A B:C
  8095 : 100010011100 ; -- R:8 G:9 B:C
  8096 : 011010011100 ; -- R:6 G:9 B:C
  8097 : 011110011100 ; -- R:7 G:9 B:C
  8098 : 011110011100 ; -- R:7 G:9 B:C
  8099 : 011110011100 ; -- R:7 G:9 B:C
  8100 : 011110011100 ; -- R:7 G:9 B:C
  8101 : 011110011100 ; -- R:7 G:9 B:C
  8102 : 011110011100 ; -- R:7 G:9 B:C
  8103 : 011110011100 ; -- R:7 G:9 B:C
  8104 : 011110011100 ; -- R:7 G:9 B:C
  8105 : 011110011100 ; -- R:7 G:9 B:C
  8106 : 011110011100 ; -- R:7 G:9 B:C
  8107 : 011110011100 ; -- R:7 G:9 B:C
  8108 : 011110011100 ; -- R:7 G:9 B:C
  8109 : 011110011100 ; -- R:7 G:9 B:C
  8110 : 011110011100 ; -- R:7 G:9 B:C
  8111 : 011110011100 ; -- R:7 G:9 B:C
  8112 : 011110011100 ; -- R:7 G:9 B:C
  8113 : 011110011100 ; -- R:7 G:9 B:C
  8114 : 011110011100 ; -- R:7 G:9 B:C
  8115 : 011110011100 ; -- R:7 G:9 B:C
  8116 : 011110011100 ; -- R:7 G:9 B:C
  8117 : 011110011100 ; -- R:7 G:9 B:C
  8118 : 011110011100 ; -- R:7 G:9 B:C
  8119 : 011110011100 ; -- R:7 G:9 B:C
  8120 : 011110011100 ; -- R:7 G:9 B:C
  8121 : 011110011100 ; -- R:7 G:9 B:C
  8122 : 011110011100 ; -- R:7 G:9 B:C
  8123 : 011110011100 ; -- R:7 G:9 B:C
  8124 : 011110011100 ; -- R:7 G:9 B:C
  8125 : 011110011100 ; -- R:7 G:9 B:C
  8126 : 011110011100 ; -- R:7 G:9 B:C
  8127 : 011110011100 ; -- R:7 G:9 B:C
  8128 : 011110011100 ; -- R:7 G:9 B:C
  8129 : 011110011100 ; -- R:7 G:9 B:C
  8130 : 011110011100 ; -- R:7 G:9 B:C
  8131 : 011110011100 ; -- R:7 G:9 B:C
  8132 : 011110011100 ; -- R:7 G:9 B:C
  8133 : 011110011100 ; -- R:7 G:9 B:C
  8134 : 011110011100 ; -- R:7 G:9 B:C
  8135 : 011110011100 ; -- R:7 G:9 B:C
  8136 : 011010011100 ; -- R:6 G:9 B:C
  8137 : 011110011100 ; -- R:7 G:9 B:C
  8138 : 110010101100 ; -- R:C G:A B:C
  8139 : 110110101100 ; -- R:D G:A B:C
  8140 : 110010101100 ; -- R:C G:A B:C
  8141 : 110110101100 ; -- R:D G:A B:C
  8142 : 110010101100 ; -- R:C G:A B:C
  8143 : 110010101100 ; -- R:C G:A B:C
  8144 : 110010101100 ; -- R:C G:A B:C
  8145 : 110010101100 ; -- R:C G:A B:C
  8146 : 110010101100 ; -- R:C G:A B:C
  8147 : 110010101100 ; -- R:C G:A B:C
  8148 : 110010101100 ; -- R:C G:A B:C
  8149 : 110010101100 ; -- R:C G:A B:C
  8150 : 110010101100 ; -- R:C G:A B:C
  8151 : 110010101100 ; -- R:C G:A B:C
  8152 : 110010101100 ; -- R:C G:A B:C
  8153 : 110010101100 ; -- R:C G:A B:C
  8154 : 110010101100 ; -- R:C G:A B:C
  8155 : 110010101100 ; -- R:C G:A B:C
  8156 : 110010101100 ; -- R:C G:A B:C
  8157 : 110010101100 ; -- R:C G:A B:C
  8158 : 110010101100 ; -- R:C G:A B:C
  8159 : 110010101100 ; -- R:C G:A B:C
  8160 : 110110101100 ; -- R:D G:A B:C
  8161 : 110110101100 ; -- R:D G:A B:C
  8162 : 110110101100 ; -- R:D G:A B:C
  8163 : 110110101100 ; -- R:D G:A B:C
  8164 : 110110101100 ; -- R:D G:A B:C
  8165 : 110110101100 ; -- R:D G:A B:C
  8166 : 110110101100 ; -- R:D G:A B:C
  8167 : 110110101100 ; -- R:D G:A B:C
  8168 : 110110101100 ; -- R:D G:A B:C
  8169 : 110110101100 ; -- R:D G:A B:C
  8170 : 110110101100 ; -- R:D G:A B:C
  8171 : 110110101100 ; -- R:D G:A B:C
  8172 : 110110101100 ; -- R:D G:A B:C
  8173 : 110110101100 ; -- R:D G:A B:C
  8174 : 101010001100 ; -- R:A G:8 B:C
  8175 : 011010011100 ; -- R:6 G:9 B:C
  8176 : 011110011100 ; -- R:7 G:9 B:C
  8177 : 011110011100 ; -- R:7 G:9 B:C
  8178 : 011110011100 ; -- R:7 G:9 B:C
  8179 : 011110011100 ; -- R:7 G:9 B:C
  8180 : 011110011100 ; -- R:7 G:9 B:C
  8181 : 011110011100 ; -- R:7 G:9 B:C
  8182 : 011110011100 ; -- R:7 G:9 B:C
  8183 : 011110011100 ; -- R:7 G:9 B:C
  8184 : 011110011100 ; -- R:7 G:9 B:C
  8185 : 011110011100 ; -- R:7 G:9 B:C
  8186 : 011110011100 ; -- R:7 G:9 B:C
  8187 : 011110011100 ; -- R:7 G:9 B:C
  8188 : 011110011100 ; -- R:7 G:9 B:C
  8189 : 011110011100 ; -- R:7 G:9 B:C
  8190 : 011110011100 ; -- R:7 G:9 B:C
  8191 : 011110011100 ; -- R:7 G:9 B:C
  8192 : 011110011100 ; -- R:7 G:9 B:C
  8193 : 011110011100 ; -- R:7 G:9 B:C
  8194 : 011110011100 ; -- R:7 G:9 B:C
  8195 : 011110011100 ; -- R:7 G:9 B:C
  8196 : 011110011100 ; -- R:7 G:9 B:C
  8197 : 011110011100 ; -- R:7 G:9 B:C
  8198 : 011110011100 ; -- R:7 G:9 B:C
  8199 : 011110011100 ; -- R:7 G:9 B:C
  8200 : 011110011100 ; -- R:7 G:9 B:C
  8201 : 011110011100 ; -- R:7 G:9 B:C
  8202 : 011110011100 ; -- R:7 G:9 B:C
  8203 : 011110011100 ; -- R:7 G:9 B:C
  8204 : 011010011100 ; -- R:6 G:9 B:C
  8205 : 011110011100 ; -- R:7 G:9 B:C
  8206 : 101110011100 ; -- R:B G:9 B:C
  8207 : 110110101100 ; -- R:D G:A B:C
  8208 : 110010101100 ; -- R:C G:A B:C
  8209 : 110110101100 ; -- R:D G:A B:C
  8210 : 110010101100 ; -- R:C G:A B:C
  8211 : 110110101100 ; -- R:D G:A B:C
  8212 : 100110001100 ; -- R:9 G:8 B:C
  8213 : 011010011100 ; -- R:6 G:9 B:C
  8214 : 011110011100 ; -- R:7 G:9 B:C
  8215 : 011110011100 ; -- R:7 G:9 B:C
  8216 : 011110011100 ; -- R:7 G:9 B:C
  8217 : 011110011100 ; -- R:7 G:9 B:C
  8218 : 011110011100 ; -- R:7 G:9 B:C
  8219 : 011110011100 ; -- R:7 G:9 B:C
  8220 : 011110011100 ; -- R:7 G:9 B:C
  8221 : 011110011100 ; -- R:7 G:9 B:C
  8222 : 011110011100 ; -- R:7 G:9 B:C
  8223 : 011110011100 ; -- R:7 G:9 B:C
  8224 : 011110011100 ; -- R:7 G:9 B:C
  8225 : 011110011100 ; -- R:7 G:9 B:C
  8226 : 011110011100 ; -- R:7 G:9 B:C
  8227 : 011110011100 ; -- R:7 G:9 B:C
  8228 : 011110011100 ; -- R:7 G:9 B:C
  8229 : 011110011100 ; -- R:7 G:9 B:C
  8230 : 011110011100 ; -- R:7 G:9 B:C
  8231 : 011110011100 ; -- R:7 G:9 B:C
  8232 : 011110011100 ; -- R:7 G:9 B:C
  8233 : 011010011100 ; -- R:6 G:9 B:C
  8234 : 011110011100 ; -- R:7 G:9 B:C
  8235 : 110010101100 ; -- R:C G:A B:C
  8236 : 110110101100 ; -- R:D G:A B:C
  8237 : 110010101100 ; -- R:C G:A B:C
  8238 : 110110101100 ; -- R:D G:A B:C
  8239 : 110110101100 ; -- R:D G:A B:C
  8240 : 110110101100 ; -- R:D G:A B:C
  8241 : 110110101100 ; -- R:D G:A B:C
  8242 : 110110101100 ; -- R:D G:A B:C
  8243 : 110110101100 ; -- R:D G:A B:C
  8244 : 110110101100 ; -- R:D G:A B:C
  8245 : 110110101100 ; -- R:D G:A B:C
  8246 : 110110101100 ; -- R:D G:A B:C
  8247 : 110110101100 ; -- R:D G:A B:C
  8248 : 110110101100 ; -- R:D G:A B:C
  8249 : 110110101100 ; -- R:D G:A B:C
  8250 : 110110101100 ; -- R:D G:A B:C
  8251 : 110110101100 ; -- R:D G:A B:C
  8252 : 110110101100 ; -- R:D G:A B:C
  8253 : 110110101100 ; -- R:D G:A B:C
  8254 : 100010011100 ; -- R:8 G:9 B:C
  8255 : 011010011100 ; -- R:6 G:9 B:C
  8256 : 011110011100 ; -- R:7 G:9 B:C
  8257 : 011110011100 ; -- R:7 G:9 B:C
  8258 : 011110011100 ; -- R:7 G:9 B:C
  8259 : 011110011100 ; -- R:7 G:9 B:C
  8260 : 011110011100 ; -- R:7 G:9 B:C
  8261 : 011110011100 ; -- R:7 G:9 B:C
  8262 : 011110011100 ; -- R:7 G:9 B:C
  8263 : 011110011100 ; -- R:7 G:9 B:C
  8264 : 011110011100 ; -- R:7 G:9 B:C
  8265 : 011110011100 ; -- R:7 G:9 B:C
  8266 : 011110011100 ; -- R:7 G:9 B:C
  8267 : 011110011100 ; -- R:7 G:9 B:C
  8268 : 011110011100 ; -- R:7 G:9 B:C
  8269 : 011110011100 ; -- R:7 G:9 B:C
  8270 : 011110011100 ; -- R:7 G:9 B:C
  8271 : 011110011100 ; -- R:7 G:9 B:C
  8272 : 011110011100 ; -- R:7 G:9 B:C
  8273 : 011110011100 ; -- R:7 G:9 B:C
  8274 : 011110011100 ; -- R:7 G:9 B:C
  8275 : 011110011100 ; -- R:7 G:9 B:C
  8276 : 011110011100 ; -- R:7 G:9 B:C
  8277 : 011110011100 ; -- R:7 G:9 B:C
  8278 : 011110011100 ; -- R:7 G:9 B:C
  8279 : 011110011100 ; -- R:7 G:9 B:C
  8280 : 011110011100 ; -- R:7 G:9 B:C
  8281 : 011110011100 ; -- R:7 G:9 B:C
  8282 : 011110011100 ; -- R:7 G:9 B:C
  8283 : 011110011100 ; -- R:7 G:9 B:C
  8284 : 011110011100 ; -- R:7 G:9 B:C
  8285 : 011110011100 ; -- R:7 G:9 B:C
  8286 : 011110011100 ; -- R:7 G:9 B:C
  8287 : 011110011100 ; -- R:7 G:9 B:C
  8288 : 011110011100 ; -- R:7 G:9 B:C
  8289 : 011110011100 ; -- R:7 G:9 B:C
  8290 : 011110011100 ; -- R:7 G:9 B:C
  8291 : 011110011100 ; -- R:7 G:9 B:C
  8292 : 011110011100 ; -- R:7 G:9 B:C
  8293 : 011110011100 ; -- R:7 G:9 B:C
  8294 : 011110011100 ; -- R:7 G:9 B:C
  8295 : 011110011100 ; -- R:7 G:9 B:C
  8296 : 011110011100 ; -- R:7 G:9 B:C
  8297 : 011010011100 ; -- R:6 G:9 B:C
  8298 : 011110011100 ; -- R:7 G:9 B:C
  8299 : 110010101100 ; -- R:C G:A B:C
  8300 : 110110101100 ; -- R:D G:A B:C
  8301 : 110110101100 ; -- R:D G:A B:C
  8302 : 110110101100 ; -- R:D G:A B:C
  8303 : 110110101100 ; -- R:D G:A B:C
  8304 : 110010101100 ; -- R:C G:A B:C
  8305 : 110110101100 ; -- R:D G:A B:C
  8306 : 110110101100 ; -- R:D G:A B:C
  8307 : 110110101100 ; -- R:D G:A B:C
  8308 : 110110101100 ; -- R:D G:A B:C
  8309 : 110110101100 ; -- R:D G:A B:C
  8310 : 110110101100 ; -- R:D G:A B:C
  8311 : 110110101100 ; -- R:D G:A B:C
  8312 : 110110101100 ; -- R:D G:A B:C
  8313 : 110110101100 ; -- R:D G:A B:C
  8314 : 110010101100 ; -- R:C G:A B:C
  8315 : 110110101100 ; -- R:D G:A B:C
  8316 : 110110101100 ; -- R:D G:A B:C
  8317 : 110110101100 ; -- R:D G:A B:C
  8318 : 110110101100 ; -- R:D G:A B:C
  8319 : 110110101100 ; -- R:D G:A B:C
  8320 : 110110101100 ; -- R:D G:A B:C
  8321 : 110110101100 ; -- R:D G:A B:C
  8322 : 110110101100 ; -- R:D G:A B:C
  8323 : 110110101100 ; -- R:D G:A B:C
  8324 : 110110101100 ; -- R:D G:A B:C
  8325 : 110110101100 ; -- R:D G:A B:C
  8326 : 110110101100 ; -- R:D G:A B:C
  8327 : 110110101100 ; -- R:D G:A B:C
  8328 : 110110101100 ; -- R:D G:A B:C
  8329 : 110110101100 ; -- R:D G:A B:C
  8330 : 110110101100 ; -- R:D G:A B:C
  8331 : 110110101100 ; -- R:D G:A B:C
  8332 : 110110101100 ; -- R:D G:A B:C
  8333 : 100110001100 ; -- R:9 G:8 B:C
  8334 : 011010011100 ; -- R:6 G:9 B:C
  8335 : 011110011100 ; -- R:7 G:9 B:C
  8336 : 011110011100 ; -- R:7 G:9 B:C
  8337 : 011110011100 ; -- R:7 G:9 B:C
  8338 : 011110011100 ; -- R:7 G:9 B:C
  8339 : 011110011100 ; -- R:7 G:9 B:C
  8340 : 011110011100 ; -- R:7 G:9 B:C
  8341 : 011110011100 ; -- R:7 G:9 B:C
  8342 : 011110011100 ; -- R:7 G:9 B:C
  8343 : 011110011100 ; -- R:7 G:9 B:C
  8344 : 011110011100 ; -- R:7 G:9 B:C
  8345 : 011110011100 ; -- R:7 G:9 B:C
  8346 : 011110011100 ; -- R:7 G:9 B:C
  8347 : 011110011100 ; -- R:7 G:9 B:C
  8348 : 011110011100 ; -- R:7 G:9 B:C
  8349 : 011110011100 ; -- R:7 G:9 B:C
  8350 : 011110011100 ; -- R:7 G:9 B:C
  8351 : 011110011100 ; -- R:7 G:9 B:C
  8352 : 011110011100 ; -- R:7 G:9 B:C
  8353 : 011110011100 ; -- R:7 G:9 B:C
  8354 : 011110011100 ; -- R:7 G:9 B:C
  8355 : 011110011100 ; -- R:7 G:9 B:C
  8356 : 011110011100 ; -- R:7 G:9 B:C
  8357 : 011110011100 ; -- R:7 G:9 B:C
  8358 : 011110011100 ; -- R:7 G:9 B:C
  8359 : 011110011100 ; -- R:7 G:9 B:C
  8360 : 011110011100 ; -- R:7 G:9 B:C
  8361 : 011110011100 ; -- R:7 G:9 B:C
  8362 : 011110011100 ; -- R:7 G:9 B:C
  8363 : 011110011100 ; -- R:7 G:9 B:C
  8364 : 011110011100 ; -- R:7 G:9 B:C
  8365 : 011010011100 ; -- R:6 G:9 B:C
  8366 : 011110011100 ; -- R:7 G:9 B:C
  8367 : 101110011100 ; -- R:B G:9 B:C
  8368 : 110110101100 ; -- R:D G:A B:C
  8369 : 110010101100 ; -- R:C G:A B:C
  8370 : 110110101100 ; -- R:D G:A B:C
  8371 : 101010001100 ; -- R:A G:8 B:C
  8372 : 011010011100 ; -- R:6 G:9 B:C
  8373 : 011110011100 ; -- R:7 G:9 B:C
  8374 : 011110011100 ; -- R:7 G:9 B:C
  8375 : 011110011100 ; -- R:7 G:9 B:C
  8376 : 011110011100 ; -- R:7 G:9 B:C
  8377 : 011110011100 ; -- R:7 G:9 B:C
  8378 : 011110011100 ; -- R:7 G:9 B:C
  8379 : 011110011100 ; -- R:7 G:9 B:C
  8380 : 011110011100 ; -- R:7 G:9 B:C
  8381 : 011110011100 ; -- R:7 G:9 B:C
  8382 : 011110011100 ; -- R:7 G:9 B:C
  8383 : 011110011100 ; -- R:7 G:9 B:C
  8384 : 011110011100 ; -- R:7 G:9 B:C
  8385 : 011110011100 ; -- R:7 G:9 B:C
  8386 : 011110011100 ; -- R:7 G:9 B:C
  8387 : 011110011100 ; -- R:7 G:9 B:C
  8388 : 011110011100 ; -- R:7 G:9 B:C
  8389 : 011110011100 ; -- R:7 G:9 B:C
  8390 : 011110011100 ; -- R:7 G:9 B:C
  8391 : 011110011100 ; -- R:7 G:9 B:C
  8392 : 011110011100 ; -- R:7 G:9 B:C
  8393 : 011110011100 ; -- R:7 G:9 B:C
  8394 : 011010011100 ; -- R:6 G:9 B:C
  8395 : 011110011100 ; -- R:7 G:9 B:C
  8396 : 110010101100 ; -- R:C G:A B:C
  8397 : 110110101100 ; -- R:D G:A B:C
  8398 : 110110101100 ; -- R:D G:A B:C
  8399 : 110110101100 ; -- R:D G:A B:C
  8400 : 110110101100 ; -- R:D G:A B:C
  8401 : 110110101100 ; -- R:D G:A B:C
  8402 : 110110101100 ; -- R:D G:A B:C
  8403 : 110110101100 ; -- R:D G:A B:C
  8404 : 110110101100 ; -- R:D G:A B:C
  8405 : 110110101100 ; -- R:D G:A B:C
  8406 : 110110101100 ; -- R:D G:A B:C
  8407 : 110110101100 ; -- R:D G:A B:C
  8408 : 110110101100 ; -- R:D G:A B:C
  8409 : 110110101100 ; -- R:D G:A B:C
  8410 : 110110101100 ; -- R:D G:A B:C
  8411 : 110110101100 ; -- R:D G:A B:C
  8412 : 110110101100 ; -- R:D G:A B:C
  8413 : 100110001100 ; -- R:9 G:8 B:C
  8414 : 011010011100 ; -- R:6 G:9 B:C
  8415 : 011110011100 ; -- R:7 G:9 B:C
  8416 : 011110011100 ; -- R:7 G:9 B:C
  8417 : 011110011100 ; -- R:7 G:9 B:C
  8418 : 011110011100 ; -- R:7 G:9 B:C
  8419 : 011110011100 ; -- R:7 G:9 B:C
  8420 : 011110011100 ; -- R:7 G:9 B:C
  8421 : 011110011100 ; -- R:7 G:9 B:C
  8422 : 011110011100 ; -- R:7 G:9 B:C
  8423 : 011110011100 ; -- R:7 G:9 B:C
  8424 : 011110011100 ; -- R:7 G:9 B:C
  8425 : 011110011100 ; -- R:7 G:9 B:C
  8426 : 011110011100 ; -- R:7 G:9 B:C
  8427 : 011110011100 ; -- R:7 G:9 B:C
  8428 : 011110011100 ; -- R:7 G:9 B:C
  8429 : 011110011100 ; -- R:7 G:9 B:C
  8430 : 011110011100 ; -- R:7 G:9 B:C
  8431 : 011110011100 ; -- R:7 G:9 B:C
  8432 : 011110011100 ; -- R:7 G:9 B:C
  8433 : 011110011100 ; -- R:7 G:9 B:C
  8434 : 011110011100 ; -- R:7 G:9 B:C
  8435 : 011110011100 ; -- R:7 G:9 B:C
  8436 : 011110011100 ; -- R:7 G:9 B:C
  8437 : 011110011100 ; -- R:7 G:9 B:C
  8438 : 011110011100 ; -- R:7 G:9 B:C
  8439 : 011110011100 ; -- R:7 G:9 B:C
  8440 : 011110011100 ; -- R:7 G:9 B:C
  8441 : 011110011100 ; -- R:7 G:9 B:C
  8442 : 011110011100 ; -- R:7 G:9 B:C
  8443 : 011110011100 ; -- R:7 G:9 B:C
  8444 : 011110011100 ; -- R:7 G:9 B:C
  8445 : 011110011100 ; -- R:7 G:9 B:C
  8446 : 011110011100 ; -- R:7 G:9 B:C
  8447 : 011110011100 ; -- R:7 G:9 B:C
  8448 : 011110011100 ; -- R:7 G:9 B:C
  8449 : 011110011100 ; -- R:7 G:9 B:C
  8450 : 011110011100 ; -- R:7 G:9 B:C
  8451 : 011110011100 ; -- R:7 G:9 B:C
  8452 : 011110011100 ; -- R:7 G:9 B:C
  8453 : 011110011100 ; -- R:7 G:9 B:C
  8454 : 011110011100 ; -- R:7 G:9 B:C
  8455 : 011110011100 ; -- R:7 G:9 B:C
  8456 : 011110011100 ; -- R:7 G:9 B:C
  8457 : 011110011100 ; -- R:7 G:9 B:C
  8458 : 011010011100 ; -- R:6 G:9 B:C
  8459 : 100010011100 ; -- R:8 G:9 B:C
  8460 : 110110101100 ; -- R:D G:A B:C
  8461 : 110110101100 ; -- R:D G:A B:C
  8462 : 110110101100 ; -- R:D G:A B:C
  8463 : 110110101100 ; -- R:D G:A B:C
  8464 : 110110101100 ; -- R:D G:A B:C
  8465 : 110010101100 ; -- R:C G:A B:C
  8466 : 101110011100 ; -- R:B G:9 B:C
  8467 : 101010001100 ; -- R:A G:8 B:C
  8468 : 100110001100 ; -- R:9 G:8 B:C
  8469 : 100110001100 ; -- R:9 G:8 B:C
  8470 : 100110001100 ; -- R:9 G:8 B:C
  8471 : 101010001100 ; -- R:A G:8 B:C
  8472 : 101110011100 ; -- R:B G:9 B:C
  8473 : 110010101100 ; -- R:C G:A B:C
  8474 : 110110101100 ; -- R:D G:A B:C
  8475 : 110110101100 ; -- R:D G:A B:C
  8476 : 110110101100 ; -- R:D G:A B:C
  8477 : 110110101100 ; -- R:D G:A B:C
  8478 : 110110101100 ; -- R:D G:A B:C
  8479 : 110110101100 ; -- R:D G:A B:C
  8480 : 110110101100 ; -- R:D G:A B:C
  8481 : 110110101100 ; -- R:D G:A B:C
  8482 : 110110101100 ; -- R:D G:A B:C
  8483 : 110110101100 ; -- R:D G:A B:C
  8484 : 110110101100 ; -- R:D G:A B:C
  8485 : 110110101100 ; -- R:D G:A B:C
  8486 : 110110101100 ; -- R:D G:A B:C
  8487 : 110110101100 ; -- R:D G:A B:C
  8488 : 110110101100 ; -- R:D G:A B:C
  8489 : 110110101100 ; -- R:D G:A B:C
  8490 : 110110101100 ; -- R:D G:A B:C
  8491 : 110110101100 ; -- R:D G:A B:C
  8492 : 101010001100 ; -- R:A G:8 B:C
  8493 : 011010011100 ; -- R:6 G:9 B:C
  8494 : 011110011100 ; -- R:7 G:9 B:C
  8495 : 011110011100 ; -- R:7 G:9 B:C
  8496 : 011110011100 ; -- R:7 G:9 B:C
  8497 : 011110011100 ; -- R:7 G:9 B:C
  8498 : 011110011100 ; -- R:7 G:9 B:C
  8499 : 011110011100 ; -- R:7 G:9 B:C
  8500 : 011110011100 ; -- R:7 G:9 B:C
  8501 : 011110011100 ; -- R:7 G:9 B:C
  8502 : 011110011100 ; -- R:7 G:9 B:C
  8503 : 011110011100 ; -- R:7 G:9 B:C
  8504 : 011110011100 ; -- R:7 G:9 B:C
  8505 : 011110011100 ; -- R:7 G:9 B:C
  8506 : 011110011100 ; -- R:7 G:9 B:C
  8507 : 011110011100 ; -- R:7 G:9 B:C
  8508 : 011110011100 ; -- R:7 G:9 B:C
  8509 : 011110011100 ; -- R:7 G:9 B:C
  8510 : 011110011100 ; -- R:7 G:9 B:C
  8511 : 011110011100 ; -- R:7 G:9 B:C
  8512 : 011110011100 ; -- R:7 G:9 B:C
  8513 : 011110011100 ; -- R:7 G:9 B:C
  8514 : 011110011100 ; -- R:7 G:9 B:C
  8515 : 011110011100 ; -- R:7 G:9 B:C
  8516 : 011110011100 ; -- R:7 G:9 B:C
  8517 : 011110011100 ; -- R:7 G:9 B:C
  8518 : 011110011100 ; -- R:7 G:9 B:C
  8519 : 011110011100 ; -- R:7 G:9 B:C
  8520 : 011110011100 ; -- R:7 G:9 B:C
  8521 : 011110011100 ; -- R:7 G:9 B:C
  8522 : 011110011100 ; -- R:7 G:9 B:C
  8523 : 011110011100 ; -- R:7 G:9 B:C
  8524 : 011110011100 ; -- R:7 G:9 B:C
  8525 : 011110011100 ; -- R:7 G:9 B:C
  8526 : 011010011100 ; -- R:6 G:9 B:C
  8527 : 011110011100 ; -- R:7 G:9 B:C
  8528 : 110010101100 ; -- R:C G:A B:C
  8529 : 110110101100 ; -- R:D G:A B:C
  8530 : 101110011100 ; -- R:B G:9 B:C
  8531 : 011010011100 ; -- R:6 G:9 B:C
  8532 : 011110011100 ; -- R:7 G:9 B:C
  8533 : 011110011100 ; -- R:7 G:9 B:C
  8534 : 011110011100 ; -- R:7 G:9 B:C
  8535 : 011110011100 ; -- R:7 G:9 B:C
  8536 : 011110011100 ; -- R:7 G:9 B:C
  8537 : 011110011100 ; -- R:7 G:9 B:C
  8538 : 011110011100 ; -- R:7 G:9 B:C
  8539 : 011110011100 ; -- R:7 G:9 B:C
  8540 : 011110011100 ; -- R:7 G:9 B:C
  8541 : 011110011100 ; -- R:7 G:9 B:C
  8542 : 011110011100 ; -- R:7 G:9 B:C
  8543 : 011110011100 ; -- R:7 G:9 B:C
  8544 : 011110011100 ; -- R:7 G:9 B:C
  8545 : 011110011100 ; -- R:7 G:9 B:C
  8546 : 011110011100 ; -- R:7 G:9 B:C
  8547 : 011110011100 ; -- R:7 G:9 B:C
  8548 : 011110011100 ; -- R:7 G:9 B:C
  8549 : 011110011100 ; -- R:7 G:9 B:C
  8550 : 011110011100 ; -- R:7 G:9 B:C
  8551 : 011110011100 ; -- R:7 G:9 B:C
  8552 : 011110011100 ; -- R:7 G:9 B:C
  8553 : 011110011100 ; -- R:7 G:9 B:C
  8554 : 011110011100 ; -- R:7 G:9 B:C
  8555 : 011010011100 ; -- R:6 G:9 B:C
  8556 : 011110011100 ; -- R:7 G:9 B:C
  8557 : 110010101100 ; -- R:C G:A B:C
  8558 : 110110101100 ; -- R:D G:A B:C
  8559 : 110110101100 ; -- R:D G:A B:C
  8560 : 110110101100 ; -- R:D G:A B:C
  8561 : 110110101100 ; -- R:D G:A B:C
  8562 : 110110101100 ; -- R:D G:A B:C
  8563 : 110110101100 ; -- R:D G:A B:C
  8564 : 110110101100 ; -- R:D G:A B:C
  8565 : 110110101100 ; -- R:D G:A B:C
  8566 : 110110101100 ; -- R:D G:A B:C
  8567 : 110110101100 ; -- R:D G:A B:C
  8568 : 110110101100 ; -- R:D G:A B:C
  8569 : 110110101100 ; -- R:D G:A B:C
  8570 : 110110101100 ; -- R:D G:A B:C
  8571 : 110110101100 ; -- R:D G:A B:C
  8572 : 101110011100 ; -- R:B G:9 B:C
  8573 : 011010011100 ; -- R:6 G:9 B:C
  8574 : 011110011100 ; -- R:7 G:9 B:C
  8575 : 011110011100 ; -- R:7 G:9 B:C
  8576 : 011110011100 ; -- R:7 G:9 B:C
  8577 : 011110011100 ; -- R:7 G:9 B:C
  8578 : 011110011100 ; -- R:7 G:9 B:C
  8579 : 011110011100 ; -- R:7 G:9 B:C
  8580 : 011110011100 ; -- R:7 G:9 B:C
  8581 : 011110011100 ; -- R:7 G:9 B:C
  8582 : 011110011100 ; -- R:7 G:9 B:C
  8583 : 011110011100 ; -- R:7 G:9 B:C
  8584 : 011110011100 ; -- R:7 G:9 B:C
  8585 : 011110011100 ; -- R:7 G:9 B:C
  8586 : 011110011100 ; -- R:7 G:9 B:C
  8587 : 011110011100 ; -- R:7 G:9 B:C
  8588 : 011110011100 ; -- R:7 G:9 B:C
  8589 : 011110011100 ; -- R:7 G:9 B:C
  8590 : 011110011100 ; -- R:7 G:9 B:C
  8591 : 011110011100 ; -- R:7 G:9 B:C
  8592 : 011110011100 ; -- R:7 G:9 B:C
  8593 : 011110011100 ; -- R:7 G:9 B:C
  8594 : 011110011100 ; -- R:7 G:9 B:C
  8595 : 011110011100 ; -- R:7 G:9 B:C
  8596 : 011110011100 ; -- R:7 G:9 B:C
  8597 : 011110011100 ; -- R:7 G:9 B:C
  8598 : 011110011100 ; -- R:7 G:9 B:C
  8599 : 011110011100 ; -- R:7 G:9 B:C
  8600 : 011110011100 ; -- R:7 G:9 B:C
  8601 : 011110011100 ; -- R:7 G:9 B:C
  8602 : 011110011100 ; -- R:7 G:9 B:C
  8603 : 011110011100 ; -- R:7 G:9 B:C
  8604 : 011110011100 ; -- R:7 G:9 B:C
  8605 : 011110011100 ; -- R:7 G:9 B:C
  8606 : 011110011100 ; -- R:7 G:9 B:C
  8607 : 011110011100 ; -- R:7 G:9 B:C
  8608 : 011110011100 ; -- R:7 G:9 B:C
  8609 : 011110011100 ; -- R:7 G:9 B:C
  8610 : 011110011100 ; -- R:7 G:9 B:C
  8611 : 011110011100 ; -- R:7 G:9 B:C
  8612 : 011110011100 ; -- R:7 G:9 B:C
  8613 : 011110011100 ; -- R:7 G:9 B:C
  8614 : 011110011100 ; -- R:7 G:9 B:C
  8615 : 011110011100 ; -- R:7 G:9 B:C
  8616 : 011110011100 ; -- R:7 G:9 B:C
  8617 : 011110011100 ; -- R:7 G:9 B:C
  8618 : 011110011100 ; -- R:7 G:9 B:C
  8619 : 011010011100 ; -- R:6 G:9 B:C
  8620 : 100010011100 ; -- R:8 G:9 B:C
  8621 : 110110101100 ; -- R:D G:A B:C
  8622 : 110110101100 ; -- R:D G:A B:C
  8623 : 101110011100 ; -- R:B G:9 B:C
  8624 : 100110001100 ; -- R:9 G:8 B:C
  8625 : 011110011100 ; -- R:7 G:9 B:C
  8626 : 011010011100 ; -- R:6 G:9 B:C
  8627 : 011010011100 ; -- R:6 G:9 B:C
  8628 : 011010011100 ; -- R:6 G:9 B:C
  8629 : 011010011100 ; -- R:6 G:9 B:C
  8630 : 011010011100 ; -- R:6 G:9 B:C
  8631 : 011010011100 ; -- R:6 G:9 B:C
  8632 : 011010011100 ; -- R:6 G:9 B:C
  8633 : 011110011100 ; -- R:7 G:9 B:C
  8634 : 100110001100 ; -- R:9 G:8 B:C
  8635 : 110010101100 ; -- R:C G:A B:C
  8636 : 110110101100 ; -- R:D G:A B:C
  8637 : 110110101100 ; -- R:D G:A B:C
  8638 : 110110101100 ; -- R:D G:A B:C
  8639 : 110110101100 ; -- R:D G:A B:C
  8640 : 110110101100 ; -- R:D G:A B:C
  8641 : 110110101100 ; -- R:D G:A B:C
  8642 : 110110101100 ; -- R:D G:A B:C
  8643 : 110110101100 ; -- R:D G:A B:C
  8644 : 110110101100 ; -- R:D G:A B:C
  8645 : 110110101100 ; -- R:D G:A B:C
  8646 : 110110101100 ; -- R:D G:A B:C
  8647 : 110110101100 ; -- R:D G:A B:C
  8648 : 110110101100 ; -- R:D G:A B:C
  8649 : 110110101100 ; -- R:D G:A B:C
  8650 : 110110101100 ; -- R:D G:A B:C
  8651 : 101010001100 ; -- R:A G:8 B:C
  8652 : 011010011100 ; -- R:6 G:9 B:C
  8653 : 011110011100 ; -- R:7 G:9 B:C
  8654 : 011110011100 ; -- R:7 G:9 B:C
  8655 : 011110011100 ; -- R:7 G:9 B:C
  8656 : 011110011100 ; -- R:7 G:9 B:C
  8657 : 011110011100 ; -- R:7 G:9 B:C
  8658 : 011110011100 ; -- R:7 G:9 B:C
  8659 : 011110011100 ; -- R:7 G:9 B:C
  8660 : 011110011100 ; -- R:7 G:9 B:C
  8661 : 011110011100 ; -- R:7 G:9 B:C
  8662 : 011110011100 ; -- R:7 G:9 B:C
  8663 : 011110011100 ; -- R:7 G:9 B:C
  8664 : 011110011100 ; -- R:7 G:9 B:C
  8665 : 011110011100 ; -- R:7 G:9 B:C
  8666 : 011110011100 ; -- R:7 G:9 B:C
  8667 : 011110011100 ; -- R:7 G:9 B:C
  8668 : 011110011100 ; -- R:7 G:9 B:C
  8669 : 011110011100 ; -- R:7 G:9 B:C
  8670 : 011110011100 ; -- R:7 G:9 B:C
  8671 : 011110011100 ; -- R:7 G:9 B:C
  8672 : 011110011100 ; -- R:7 G:9 B:C
  8673 : 011110011100 ; -- R:7 G:9 B:C
  8674 : 011110011100 ; -- R:7 G:9 B:C
  8675 : 011110011100 ; -- R:7 G:9 B:C
  8676 : 011110011100 ; -- R:7 G:9 B:C
  8677 : 011110011100 ; -- R:7 G:9 B:C
  8678 : 011110011100 ; -- R:7 G:9 B:C
  8679 : 011110011100 ; -- R:7 G:9 B:C
  8680 : 011110011100 ; -- R:7 G:9 B:C
  8681 : 011110011100 ; -- R:7 G:9 B:C
  8682 : 011110011100 ; -- R:7 G:9 B:C
  8683 : 011110011100 ; -- R:7 G:9 B:C
  8684 : 011110011100 ; -- R:7 G:9 B:C
  8685 : 011110011100 ; -- R:7 G:9 B:C
  8686 : 011110011100 ; -- R:7 G:9 B:C
  8687 : 011010011100 ; -- R:6 G:9 B:C
  8688 : 011110011100 ; -- R:7 G:9 B:C
  8689 : 101110011100 ; -- R:B G:9 B:C
  8690 : 011110011100 ; -- R:7 G:9 B:C
  8691 : 011010011100 ; -- R:6 G:9 B:C
  8692 : 011110011100 ; -- R:7 G:9 B:C
  8693 : 011110011100 ; -- R:7 G:9 B:C
  8694 : 011110011100 ; -- R:7 G:9 B:C
  8695 : 011110011100 ; -- R:7 G:9 B:C
  8696 : 011110011100 ; -- R:7 G:9 B:C
  8697 : 011110011100 ; -- R:7 G:9 B:C
  8698 : 011110011100 ; -- R:7 G:9 B:C
  8699 : 011110011100 ; -- R:7 G:9 B:C
  8700 : 011110011100 ; -- R:7 G:9 B:C
  8701 : 011110011100 ; -- R:7 G:9 B:C
  8702 : 011110011100 ; -- R:7 G:9 B:C
  8703 : 011110011100 ; -- R:7 G:9 B:C
  8704 : 011110011100 ; -- R:7 G:9 B:C
  8705 : 011110011100 ; -- R:7 G:9 B:C
  8706 : 011110011100 ; -- R:7 G:9 B:C
  8707 : 011110011100 ; -- R:7 G:9 B:C
  8708 : 011110011100 ; -- R:7 G:9 B:C
  8709 : 011110011100 ; -- R:7 G:9 B:C
  8710 : 011110011100 ; -- R:7 G:9 B:C
  8711 : 011110011100 ; -- R:7 G:9 B:C
  8712 : 011110011100 ; -- R:7 G:9 B:C
  8713 : 011110011100 ; -- R:7 G:9 B:C
  8714 : 011110011100 ; -- R:7 G:9 B:C
  8715 : 011110011100 ; -- R:7 G:9 B:C
  8716 : 011010011100 ; -- R:6 G:9 B:C
  8717 : 011110011100 ; -- R:7 G:9 B:C
  8718 : 110010101100 ; -- R:C G:A B:C
  8719 : 110110101100 ; -- R:D G:A B:C
  8720 : 110110101100 ; -- R:D G:A B:C
  8721 : 110110101100 ; -- R:D G:A B:C
  8722 : 110110101100 ; -- R:D G:A B:C
  8723 : 110110101100 ; -- R:D G:A B:C
  8724 : 110110101100 ; -- R:D G:A B:C
  8725 : 110110101100 ; -- R:D G:A B:C
  8726 : 110110101100 ; -- R:D G:A B:C
  8727 : 110110101100 ; -- R:D G:A B:C
  8728 : 110110101100 ; -- R:D G:A B:C
  8729 : 110110101100 ; -- R:D G:A B:C
  8730 : 110110101100 ; -- R:D G:A B:C
  8731 : 110010101100 ; -- R:C G:A B:C
  8732 : 011110011100 ; -- R:7 G:9 B:C
  8733 : 011110011100 ; -- R:7 G:9 B:C
  8734 : 011110011100 ; -- R:7 G:9 B:C
  8735 : 011110011100 ; -- R:7 G:9 B:C
  8736 : 011110011100 ; -- R:7 G:9 B:C
  8737 : 011110011100 ; -- R:7 G:9 B:C
  8738 : 011110011100 ; -- R:7 G:9 B:C
  8739 : 011110011100 ; -- R:7 G:9 B:C
  8740 : 011110011100 ; -- R:7 G:9 B:C
  8741 : 011110011100 ; -- R:7 G:9 B:C
  8742 : 011110011100 ; -- R:7 G:9 B:C
  8743 : 011110011100 ; -- R:7 G:9 B:C
  8744 : 011110011100 ; -- R:7 G:9 B:C
  8745 : 011110011100 ; -- R:7 G:9 B:C
  8746 : 011110011100 ; -- R:7 G:9 B:C
  8747 : 011110011100 ; -- R:7 G:9 B:C
  8748 : 011110011100 ; -- R:7 G:9 B:C
  8749 : 011110011100 ; -- R:7 G:9 B:C
  8750 : 011110011100 ; -- R:7 G:9 B:C
  8751 : 011110011100 ; -- R:7 G:9 B:C
  8752 : 011110011100 ; -- R:7 G:9 B:C
  8753 : 011110011100 ; -- R:7 G:9 B:C
  8754 : 011110011100 ; -- R:7 G:9 B:C
  8755 : 011110011100 ; -- R:7 G:9 B:C
  8756 : 011110011100 ; -- R:7 G:9 B:C
  8757 : 011110011100 ; -- R:7 G:9 B:C
  8758 : 011110011100 ; -- R:7 G:9 B:C
  8759 : 011110011100 ; -- R:7 G:9 B:C
  8760 : 011110011100 ; -- R:7 G:9 B:C
  8761 : 011110011100 ; -- R:7 G:9 B:C
  8762 : 011110011100 ; -- R:7 G:9 B:C
  8763 : 011110011100 ; -- R:7 G:9 B:C
  8764 : 011110011100 ; -- R:7 G:9 B:C
  8765 : 011110011100 ; -- R:7 G:9 B:C
  8766 : 011110011100 ; -- R:7 G:9 B:C
  8767 : 011110011100 ; -- R:7 G:9 B:C
  8768 : 011110011100 ; -- R:7 G:9 B:C
  8769 : 011110011100 ; -- R:7 G:9 B:C
  8770 : 011110011100 ; -- R:7 G:9 B:C
  8771 : 011110011100 ; -- R:7 G:9 B:C
  8772 : 011110011100 ; -- R:7 G:9 B:C
  8773 : 011110011100 ; -- R:7 G:9 B:C
  8774 : 011110011100 ; -- R:7 G:9 B:C
  8775 : 011110011100 ; -- R:7 G:9 B:C
  8776 : 011110011100 ; -- R:7 G:9 B:C
  8777 : 011110011100 ; -- R:7 G:9 B:C
  8778 : 011110011100 ; -- R:7 G:9 B:C
  8779 : 011110011100 ; -- R:7 G:9 B:C
  8780 : 011010011100 ; -- R:6 G:9 B:C
  8781 : 100110001100 ; -- R:9 G:8 B:C
  8782 : 100110001100 ; -- R:9 G:8 B:C
  8783 : 011010011100 ; -- R:6 G:9 B:C
  8784 : 011010011100 ; -- R:6 G:9 B:C
  8785 : 011010011100 ; -- R:6 G:9 B:C
  8786 : 011110011100 ; -- R:7 G:9 B:C
  8787 : 011110011100 ; -- R:7 G:9 B:C
  8788 : 011110011100 ; -- R:7 G:9 B:C
  8789 : 011110011100 ; -- R:7 G:9 B:C
  8790 : 011110011100 ; -- R:7 G:9 B:C
  8791 : 011110011100 ; -- R:7 G:9 B:C
  8792 : 011110011100 ; -- R:7 G:9 B:C
  8793 : 011010011100 ; -- R:6 G:9 B:C
  8794 : 011010011100 ; -- R:6 G:9 B:C
  8795 : 011110011100 ; -- R:7 G:9 B:C
  8796 : 100110001100 ; -- R:9 G:8 B:C
  8797 : 110010101100 ; -- R:C G:A B:C
  8798 : 110110101100 ; -- R:D G:A B:C
  8799 : 110110101100 ; -- R:D G:A B:C
  8800 : 110110101100 ; -- R:D G:A B:C
  8801 : 110110101100 ; -- R:D G:A B:C
  8802 : 110110101100 ; -- R:D G:A B:C
  8803 : 110110101100 ; -- R:D G:A B:C
  8804 : 110110101100 ; -- R:D G:A B:C
  8805 : 110110101100 ; -- R:D G:A B:C
  8806 : 110110101100 ; -- R:D G:A B:C
  8807 : 110110101100 ; -- R:D G:A B:C
  8808 : 110110101100 ; -- R:D G:A B:C
  8809 : 110110101100 ; -- R:D G:A B:C
  8810 : 101110011100 ; -- R:B G:9 B:C
  8811 : 011010011100 ; -- R:6 G:9 B:C
  8812 : 011110011100 ; -- R:7 G:9 B:C
  8813 : 011110011100 ; -- R:7 G:9 B:C
  8814 : 011110011100 ; -- R:7 G:9 B:C
  8815 : 011110011100 ; -- R:7 G:9 B:C
  8816 : 011110011100 ; -- R:7 G:9 B:C
  8817 : 011110011100 ; -- R:7 G:9 B:C
  8818 : 011110011100 ; -- R:7 G:9 B:C
  8819 : 011110011100 ; -- R:7 G:9 B:C
  8820 : 011110011100 ; -- R:7 G:9 B:C
  8821 : 011110011100 ; -- R:7 G:9 B:C
  8822 : 011110011100 ; -- R:7 G:9 B:C
  8823 : 011110011100 ; -- R:7 G:9 B:C
  8824 : 011110011100 ; -- R:7 G:9 B:C
  8825 : 011110011100 ; -- R:7 G:9 B:C
  8826 : 011110011100 ; -- R:7 G:9 B:C
  8827 : 011110011100 ; -- R:7 G:9 B:C
  8828 : 011110011100 ; -- R:7 G:9 B:C
  8829 : 011110011100 ; -- R:7 G:9 B:C
  8830 : 011110011100 ; -- R:7 G:9 B:C
  8831 : 011110011100 ; -- R:7 G:9 B:C
  8832 : 011110011100 ; -- R:7 G:9 B:C
  8833 : 011110011100 ; -- R:7 G:9 B:C
  8834 : 011110011100 ; -- R:7 G:9 B:C
  8835 : 011110011100 ; -- R:7 G:9 B:C
  8836 : 011110011100 ; -- R:7 G:9 B:C
  8837 : 011110011100 ; -- R:7 G:9 B:C
  8838 : 011110011100 ; -- R:7 G:9 B:C
  8839 : 011110011100 ; -- R:7 G:9 B:C
  8840 : 011110011100 ; -- R:7 G:9 B:C
  8841 : 011110011100 ; -- R:7 G:9 B:C
  8842 : 011110011100 ; -- R:7 G:9 B:C
  8843 : 011110011100 ; -- R:7 G:9 B:C
  8844 : 011110011100 ; -- R:7 G:9 B:C
  8845 : 011110011100 ; -- R:7 G:9 B:C
  8846 : 011110011100 ; -- R:7 G:9 B:C
  8847 : 011110011100 ; -- R:7 G:9 B:C
  8848 : 011110011100 ; -- R:7 G:9 B:C
  8849 : 011010011100 ; -- R:6 G:9 B:C
  8850 : 011110011100 ; -- R:7 G:9 B:C
  8851 : 011110011100 ; -- R:7 G:9 B:C
  8852 : 011110011100 ; -- R:7 G:9 B:C
  8853 : 011110011100 ; -- R:7 G:9 B:C
  8854 : 011110011100 ; -- R:7 G:9 B:C
  8855 : 011110011100 ; -- R:7 G:9 B:C
  8856 : 011110011100 ; -- R:7 G:9 B:C
  8857 : 011110011100 ; -- R:7 G:9 B:C
  8858 : 011110011100 ; -- R:7 G:9 B:C
  8859 : 011110011100 ; -- R:7 G:9 B:C
  8860 : 011110011100 ; -- R:7 G:9 B:C
  8861 : 011110011100 ; -- R:7 G:9 B:C
  8862 : 011110011100 ; -- R:7 G:9 B:C
  8863 : 011110011100 ; -- R:7 G:9 B:C
  8864 : 011110011100 ; -- R:7 G:9 B:C
  8865 : 011110011100 ; -- R:7 G:9 B:C
  8866 : 011110011100 ; -- R:7 G:9 B:C
  8867 : 011110011100 ; -- R:7 G:9 B:C
  8868 : 011110011100 ; -- R:7 G:9 B:C
  8869 : 011110011100 ; -- R:7 G:9 B:C
  8870 : 011110011100 ; -- R:7 G:9 B:C
  8871 : 011110011100 ; -- R:7 G:9 B:C
  8872 : 011110011100 ; -- R:7 G:9 B:C
  8873 : 011110011100 ; -- R:7 G:9 B:C
  8874 : 011110011100 ; -- R:7 G:9 B:C
  8875 : 011110011100 ; -- R:7 G:9 B:C
  8876 : 011110011100 ; -- R:7 G:9 B:C
  8877 : 011010011100 ; -- R:6 G:9 B:C
  8878 : 100010011100 ; -- R:8 G:9 B:C
  8879 : 110110101100 ; -- R:D G:A B:C
  8880 : 110110101100 ; -- R:D G:A B:C
  8881 : 110110101100 ; -- R:D G:A B:C
  8882 : 110110101100 ; -- R:D G:A B:C
  8883 : 110110101100 ; -- R:D G:A B:C
  8884 : 110110101100 ; -- R:D G:A B:C
  8885 : 110110101100 ; -- R:D G:A B:C
  8886 : 110110101100 ; -- R:D G:A B:C
  8887 : 110110101100 ; -- R:D G:A B:C
  8888 : 110110101100 ; -- R:D G:A B:C
  8889 : 110110101100 ; -- R:D G:A B:C
  8890 : 110110101100 ; -- R:D G:A B:C
  8891 : 100010011100 ; -- R:8 G:9 B:C
  8892 : 011010011100 ; -- R:6 G:9 B:C
  8893 : 011110011100 ; -- R:7 G:9 B:C
  8894 : 011110011100 ; -- R:7 G:9 B:C
  8895 : 011110011100 ; -- R:7 G:9 B:C
  8896 : 011110011100 ; -- R:7 G:9 B:C
  8897 : 011110011100 ; -- R:7 G:9 B:C
  8898 : 011110011100 ; -- R:7 G:9 B:C
  8899 : 011110011100 ; -- R:7 G:9 B:C
  8900 : 011110011100 ; -- R:7 G:9 B:C
  8901 : 011110011100 ; -- R:7 G:9 B:C
  8902 : 011110011100 ; -- R:7 G:9 B:C
  8903 : 011110011100 ; -- R:7 G:9 B:C
  8904 : 011110011100 ; -- R:7 G:9 B:C
  8905 : 011110011100 ; -- R:7 G:9 B:C
  8906 : 011110011100 ; -- R:7 G:9 B:C
  8907 : 011110011100 ; -- R:7 G:9 B:C
  8908 : 011110011100 ; -- R:7 G:9 B:C
  8909 : 011110011100 ; -- R:7 G:9 B:C
  8910 : 011110011100 ; -- R:7 G:9 B:C
  8911 : 011110011100 ; -- R:7 G:9 B:C
  8912 : 011110011100 ; -- R:7 G:9 B:C
  8913 : 011110011100 ; -- R:7 G:9 B:C
  8914 : 011110011100 ; -- R:7 G:9 B:C
  8915 : 011110011100 ; -- R:7 G:9 B:C
  8916 : 011110011100 ; -- R:7 G:9 B:C
  8917 : 011110011100 ; -- R:7 G:9 B:C
  8918 : 011110011100 ; -- R:7 G:9 B:C
  8919 : 011110011100 ; -- R:7 G:9 B:C
  8920 : 011110011100 ; -- R:7 G:9 B:C
  8921 : 011110011100 ; -- R:7 G:9 B:C
  8922 : 011110011100 ; -- R:7 G:9 B:C
  8923 : 011110011100 ; -- R:7 G:9 B:C
  8924 : 011110011100 ; -- R:7 G:9 B:C
  8925 : 011110011100 ; -- R:7 G:9 B:C
  8926 : 011110011100 ; -- R:7 G:9 B:C
  8927 : 011110011100 ; -- R:7 G:9 B:C
  8928 : 011110011100 ; -- R:7 G:9 B:C
  8929 : 011110011100 ; -- R:7 G:9 B:C
  8930 : 011110011100 ; -- R:7 G:9 B:C
  8931 : 011110011100 ; -- R:7 G:9 B:C
  8932 : 011110011100 ; -- R:7 G:9 B:C
  8933 : 011110011100 ; -- R:7 G:9 B:C
  8934 : 011110011100 ; -- R:7 G:9 B:C
  8935 : 011110011100 ; -- R:7 G:9 B:C
  8936 : 011110011100 ; -- R:7 G:9 B:C
  8937 : 011110011100 ; -- R:7 G:9 B:C
  8938 : 011110011100 ; -- R:7 G:9 B:C
  8939 : 011110011100 ; -- R:7 G:9 B:C
  8940 : 011110011100 ; -- R:7 G:9 B:C
  8941 : 011010011100 ; -- R:6 G:9 B:C
  8942 : 011010011100 ; -- R:6 G:9 B:C
  8943 : 011110011100 ; -- R:7 G:9 B:C
  8944 : 011110011100 ; -- R:7 G:9 B:C
  8945 : 011110011100 ; -- R:7 G:9 B:C
  8946 : 011110011100 ; -- R:7 G:9 B:C
  8947 : 011110011100 ; -- R:7 G:9 B:C
  8948 : 011110011100 ; -- R:7 G:9 B:C
  8949 : 011110011100 ; -- R:7 G:9 B:C
  8950 : 011110011100 ; -- R:7 G:9 B:C
  8951 : 011110011100 ; -- R:7 G:9 B:C
  8952 : 011110011100 ; -- R:7 G:9 B:C
  8953 : 011110011100 ; -- R:7 G:9 B:C
  8954 : 011110011100 ; -- R:7 G:9 B:C
  8955 : 011110011100 ; -- R:7 G:9 B:C
  8956 : 011010011100 ; -- R:6 G:9 B:C
  8957 : 011110011100 ; -- R:7 G:9 B:C
  8958 : 101110011100 ; -- R:B G:9 B:C
  8959 : 110110101100 ; -- R:D G:A B:C
  8960 : 110110101100 ; -- R:D G:A B:C
  8961 : 110110101100 ; -- R:D G:A B:C
  8962 : 110110101100 ; -- R:D G:A B:C
  8963 : 110110101100 ; -- R:D G:A B:C
  8964 : 110110101100 ; -- R:D G:A B:C
  8965 : 110110101100 ; -- R:D G:A B:C
  8966 : 110110101100 ; -- R:D G:A B:C
  8967 : 110110101100 ; -- R:D G:A B:C
  8968 : 110110101100 ; -- R:D G:A B:C
  8969 : 110010101100 ; -- R:C G:A B:C
  8970 : 011110011100 ; -- R:7 G:9 B:C
  8971 : 011010011100 ; -- R:6 G:9 B:C
  8972 : 011110011100 ; -- R:7 G:9 B:C
  8973 : 011110011100 ; -- R:7 G:9 B:C
  8974 : 011110011100 ; -- R:7 G:9 B:C
  8975 : 011110011100 ; -- R:7 G:9 B:C
  8976 : 011110011100 ; -- R:7 G:9 B:C
  8977 : 011110011100 ; -- R:7 G:9 B:C
  8978 : 011110011100 ; -- R:7 G:9 B:C
  8979 : 011110011100 ; -- R:7 G:9 B:C
  8980 : 011110011100 ; -- R:7 G:9 B:C
  8981 : 011110011100 ; -- R:7 G:9 B:C
  8982 : 011110011100 ; -- R:7 G:9 B:C
  8983 : 011110011100 ; -- R:7 G:9 B:C
  8984 : 011110011100 ; -- R:7 G:9 B:C
  8985 : 011110011100 ; -- R:7 G:9 B:C
  8986 : 011110011100 ; -- R:7 G:9 B:C
  8987 : 011110011100 ; -- R:7 G:9 B:C
  8988 : 011110011100 ; -- R:7 G:9 B:C
  8989 : 011110011100 ; -- R:7 G:9 B:C
  8990 : 011110011100 ; -- R:7 G:9 B:C
  8991 : 011110011100 ; -- R:7 G:9 B:C
  8992 : 011110011100 ; -- R:7 G:9 B:C
  8993 : 011110011100 ; -- R:7 G:9 B:C
  8994 : 011110011100 ; -- R:7 G:9 B:C
  8995 : 011110011100 ; -- R:7 G:9 B:C
  8996 : 011110011100 ; -- R:7 G:9 B:C
  8997 : 011110011100 ; -- R:7 G:9 B:C
  8998 : 011110011100 ; -- R:7 G:9 B:C
  8999 : 011110011100 ; -- R:7 G:9 B:C
  9000 : 011110011100 ; -- R:7 G:9 B:C
  9001 : 011110011100 ; -- R:7 G:9 B:C
  9002 : 011110011100 ; -- R:7 G:9 B:C
  9003 : 011110011100 ; -- R:7 G:9 B:C
  9004 : 011110011100 ; -- R:7 G:9 B:C
  9005 : 011110011100 ; -- R:7 G:9 B:C
  9006 : 011110011100 ; -- R:7 G:9 B:C
  9007 : 011110011100 ; -- R:7 G:9 B:C
  9008 : 011110011100 ; -- R:7 G:9 B:C
  9009 : 011110011100 ; -- R:7 G:9 B:C
  9010 : 011110011100 ; -- R:7 G:9 B:C
  9011 : 011110011100 ; -- R:7 G:9 B:C
  9012 : 011110011100 ; -- R:7 G:9 B:C
  9013 : 011110011100 ; -- R:7 G:9 B:C
  9014 : 011110011100 ; -- R:7 G:9 B:C
  9015 : 011110011100 ; -- R:7 G:9 B:C
  9016 : 011110011100 ; -- R:7 G:9 B:C
  9017 : 011110011100 ; -- R:7 G:9 B:C
  9018 : 011110011100 ; -- R:7 G:9 B:C
  9019 : 011110011100 ; -- R:7 G:9 B:C
  9020 : 011110011100 ; -- R:7 G:9 B:C
  9021 : 011110011100 ; -- R:7 G:9 B:C
  9022 : 011110011100 ; -- R:7 G:9 B:C
  9023 : 011110011100 ; -- R:7 G:9 B:C
  9024 : 011110011100 ; -- R:7 G:9 B:C
  9025 : 011110011100 ; -- R:7 G:9 B:C
  9026 : 011110011100 ; -- R:7 G:9 B:C
  9027 : 011110011100 ; -- R:7 G:9 B:C
  9028 : 011110011100 ; -- R:7 G:9 B:C
  9029 : 011110011100 ; -- R:7 G:9 B:C
  9030 : 011110011100 ; -- R:7 G:9 B:C
  9031 : 011110011100 ; -- R:7 G:9 B:C
  9032 : 011110011100 ; -- R:7 G:9 B:C
  9033 : 011110011100 ; -- R:7 G:9 B:C
  9034 : 011110011100 ; -- R:7 G:9 B:C
  9035 : 011110011100 ; -- R:7 G:9 B:C
  9036 : 011110011100 ; -- R:7 G:9 B:C
  9037 : 011110011100 ; -- R:7 G:9 B:C
  9038 : 011010011100 ; -- R:6 G:9 B:C
  9039 : 100010011100 ; -- R:8 G:9 B:C
  9040 : 110110101100 ; -- R:D G:A B:C
  9041 : 110110101100 ; -- R:D G:A B:C
  9042 : 110110101100 ; -- R:D G:A B:C
  9043 : 110110101100 ; -- R:D G:A B:C
  9044 : 110110101100 ; -- R:D G:A B:C
  9045 : 110110101100 ; -- R:D G:A B:C
  9046 : 110110101100 ; -- R:D G:A B:C
  9047 : 110110101100 ; -- R:D G:A B:C
  9048 : 110110101100 ; -- R:D G:A B:C
  9049 : 110110101100 ; -- R:D G:A B:C
  9050 : 100110001100 ; -- R:9 G:8 B:C
  9051 : 011010011100 ; -- R:6 G:9 B:C
  9052 : 011110011100 ; -- R:7 G:9 B:C
  9053 : 011110011100 ; -- R:7 G:9 B:C
  9054 : 011110011100 ; -- R:7 G:9 B:C
  9055 : 011110011100 ; -- R:7 G:9 B:C
  9056 : 011110011100 ; -- R:7 G:9 B:C
  9057 : 011110011100 ; -- R:7 G:9 B:C
  9058 : 011110011100 ; -- R:7 G:9 B:C
  9059 : 011110011100 ; -- R:7 G:9 B:C
  9060 : 011110011100 ; -- R:7 G:9 B:C
  9061 : 011110011100 ; -- R:7 G:9 B:C
  9062 : 011110011100 ; -- R:7 G:9 B:C
  9063 : 011110011100 ; -- R:7 G:9 B:C
  9064 : 011110011100 ; -- R:7 G:9 B:C
  9065 : 011110011100 ; -- R:7 G:9 B:C
  9066 : 011110011100 ; -- R:7 G:9 B:C
  9067 : 011110011100 ; -- R:7 G:9 B:C
  9068 : 011110011100 ; -- R:7 G:9 B:C
  9069 : 011110011100 ; -- R:7 G:9 B:C
  9070 : 011110011100 ; -- R:7 G:9 B:C
  9071 : 011110011100 ; -- R:7 G:9 B:C
  9072 : 011110011100 ; -- R:7 G:9 B:C
  9073 : 011110011100 ; -- R:7 G:9 B:C
  9074 : 011110011100 ; -- R:7 G:9 B:C
  9075 : 011110011100 ; -- R:7 G:9 B:C
  9076 : 011110011100 ; -- R:7 G:9 B:C
  9077 : 011110011100 ; -- R:7 G:9 B:C
  9078 : 011110011100 ; -- R:7 G:9 B:C
  9079 : 011110011100 ; -- R:7 G:9 B:C
  9080 : 011110011100 ; -- R:7 G:9 B:C
  9081 : 011110011100 ; -- R:7 G:9 B:C
  9082 : 011110011100 ; -- R:7 G:9 B:C
  9083 : 011110011100 ; -- R:7 G:9 B:C
  9084 : 011110011100 ; -- R:7 G:9 B:C
  9085 : 011110011100 ; -- R:7 G:9 B:C
  9086 : 011110011100 ; -- R:7 G:9 B:C
  9087 : 011110011100 ; -- R:7 G:9 B:C
  9088 : 011110011100 ; -- R:7 G:9 B:C
  9089 : 011110011100 ; -- R:7 G:9 B:C
  9090 : 011110011100 ; -- R:7 G:9 B:C
  9091 : 011110011100 ; -- R:7 G:9 B:C
  9092 : 011110011100 ; -- R:7 G:9 B:C
  9093 : 011110011100 ; -- R:7 G:9 B:C
  9094 : 011110011100 ; -- R:7 G:9 B:C
  9095 : 011110011100 ; -- R:7 G:9 B:C
  9096 : 011110011100 ; -- R:7 G:9 B:C
  9097 : 011110011100 ; -- R:7 G:9 B:C
  9098 : 011110011100 ; -- R:7 G:9 B:C
  9099 : 011110011100 ; -- R:7 G:9 B:C
  9100 : 011110011100 ; -- R:7 G:9 B:C
  9101 : 011110011100 ; -- R:7 G:9 B:C
  9102 : 011110011100 ; -- R:7 G:9 B:C
  9103 : 011110011100 ; -- R:7 G:9 B:C
  9104 : 011110011100 ; -- R:7 G:9 B:C
  9105 : 011110011100 ; -- R:7 G:9 B:C
  9106 : 011110011100 ; -- R:7 G:9 B:C
  9107 : 011110011100 ; -- R:7 G:9 B:C
  9108 : 011110011100 ; -- R:7 G:9 B:C
  9109 : 011110011100 ; -- R:7 G:9 B:C
  9110 : 011110011100 ; -- R:7 G:9 B:C
  9111 : 011110011100 ; -- R:7 G:9 B:C
  9112 : 011110011100 ; -- R:7 G:9 B:C
  9113 : 011110011100 ; -- R:7 G:9 B:C
  9114 : 011110011100 ; -- R:7 G:9 B:C
  9115 : 011110011100 ; -- R:7 G:9 B:C
  9116 : 011110011100 ; -- R:7 G:9 B:C
  9117 : 011010011100 ; -- R:6 G:9 B:C
  9118 : 011010011100 ; -- R:6 G:9 B:C
  9119 : 100110001100 ; -- R:9 G:8 B:C
  9120 : 110110101100 ; -- R:D G:A B:C
  9121 : 110110101100 ; -- R:D G:A B:C
  9122 : 110110101100 ; -- R:D G:A B:C
  9123 : 110110101100 ; -- R:D G:A B:C
  9124 : 110110101100 ; -- R:D G:A B:C
  9125 : 110110101100 ; -- R:D G:A B:C
  9126 : 110110101100 ; -- R:D G:A B:C
  9127 : 110110101100 ; -- R:D G:A B:C
  9128 : 110110101100 ; -- R:D G:A B:C
  9129 : 011110011100 ; -- R:7 G:9 B:C
  9130 : 011010011100 ; -- R:6 G:9 B:C
  9131 : 011110011100 ; -- R:7 G:9 B:C
  9132 : 011110011100 ; -- R:7 G:9 B:C
  9133 : 011110011100 ; -- R:7 G:9 B:C
  9134 : 011110011100 ; -- R:7 G:9 B:C
  9135 : 011110011100 ; -- R:7 G:9 B:C
  9136 : 011110011100 ; -- R:7 G:9 B:C
  9137 : 011110011100 ; -- R:7 G:9 B:C
  9138 : 011110011100 ; -- R:7 G:9 B:C
  9139 : 011110011100 ; -- R:7 G:9 B:C
  9140 : 011110011100 ; -- R:7 G:9 B:C
  9141 : 011110011100 ; -- R:7 G:9 B:C
  9142 : 011110011100 ; -- R:7 G:9 B:C
  9143 : 011110011100 ; -- R:7 G:9 B:C
  9144 : 011110011100 ; -- R:7 G:9 B:C
  9145 : 011110011100 ; -- R:7 G:9 B:C
  9146 : 011110011100 ; -- R:7 G:9 B:C
  9147 : 011110011100 ; -- R:7 G:9 B:C
  9148 : 011110011100 ; -- R:7 G:9 B:C
  9149 : 011110011100 ; -- R:7 G:9 B:C
  9150 : 011110011100 ; -- R:7 G:9 B:C
  9151 : 011110011100 ; -- R:7 G:9 B:C
  9152 : 011110011100 ; -- R:7 G:9 B:C
  9153 : 011110011100 ; -- R:7 G:9 B:C
  9154 : 011110011100 ; -- R:7 G:9 B:C
  9155 : 011110011100 ; -- R:7 G:9 B:C
  9156 : 011110011100 ; -- R:7 G:9 B:C
  9157 : 011110011100 ; -- R:7 G:9 B:C
  9158 : 011110011100 ; -- R:7 G:9 B:C
  9159 : 011110011100 ; -- R:7 G:9 B:C
  9160 : 011110011100 ; -- R:7 G:9 B:C
  9161 : 011110011100 ; -- R:7 G:9 B:C
  9162 : 011110011100 ; -- R:7 G:9 B:C
  9163 : 011110011100 ; -- R:7 G:9 B:C
  9164 : 011110011100 ; -- R:7 G:9 B:C
  9165 : 011110011100 ; -- R:7 G:9 B:C
  9166 : 011110011100 ; -- R:7 G:9 B:C
  9167 : 011110011100 ; -- R:7 G:9 B:C
  9168 : 011110011100 ; -- R:7 G:9 B:C
  9169 : 011110011100 ; -- R:7 G:9 B:C
  9170 : 011110011100 ; -- R:7 G:9 B:C
  9171 : 011110011100 ; -- R:7 G:9 B:C
  9172 : 011110011100 ; -- R:7 G:9 B:C
  9173 : 011110011100 ; -- R:7 G:9 B:C
  9174 : 011110011100 ; -- R:7 G:9 B:C
  9175 : 011110011100 ; -- R:7 G:9 B:C
  9176 : 011110011100 ; -- R:7 G:9 B:C
  9177 : 011110011100 ; -- R:7 G:9 B:C
  9178 : 011110011100 ; -- R:7 G:9 B:C
  9179 : 011110011100 ; -- R:7 G:9 B:C
  9180 : 011110011100 ; -- R:7 G:9 B:C
  9181 : 011110011100 ; -- R:7 G:9 B:C
  9182 : 011110011100 ; -- R:7 G:9 B:C
  9183 : 011110011100 ; -- R:7 G:9 B:C
  9184 : 011110011100 ; -- R:7 G:9 B:C
  9185 : 011110011100 ; -- R:7 G:9 B:C
  9186 : 011110011100 ; -- R:7 G:9 B:C
  9187 : 011110011100 ; -- R:7 G:9 B:C
  9188 : 011110011100 ; -- R:7 G:9 B:C
  9189 : 011110011100 ; -- R:7 G:9 B:C
  9190 : 011110011100 ; -- R:7 G:9 B:C
  9191 : 011110011100 ; -- R:7 G:9 B:C
  9192 : 011110011100 ; -- R:7 G:9 B:C
  9193 : 011110011100 ; -- R:7 G:9 B:C
  9194 : 011110011100 ; -- R:7 G:9 B:C
  9195 : 011110011100 ; -- R:7 G:9 B:C
  9196 : 011110011100 ; -- R:7 G:9 B:C
  9197 : 011110011100 ; -- R:7 G:9 B:C
  9198 : 011110011100 ; -- R:7 G:9 B:C
  9199 : 011010011100 ; -- R:6 G:9 B:C
  9200 : 100010011100 ; -- R:8 G:9 B:C
  9201 : 110110101100 ; -- R:D G:A B:C
  9202 : 110110101100 ; -- R:D G:A B:C
  9203 : 110110101100 ; -- R:D G:A B:C
  9204 : 110110101100 ; -- R:D G:A B:C
  9205 : 110110101100 ; -- R:D G:A B:C
  9206 : 110110101100 ; -- R:D G:A B:C
  9207 : 110110101100 ; -- R:D G:A B:C
  9208 : 110110101100 ; -- R:D G:A B:C
  9209 : 101110011100 ; -- R:B G:9 B:C
  9210 : 011010011100 ; -- R:6 G:9 B:C
  9211 : 011110011100 ; -- R:7 G:9 B:C
  9212 : 011110011100 ; -- R:7 G:9 B:C
  9213 : 011110011100 ; -- R:7 G:9 B:C
  9214 : 011110011100 ; -- R:7 G:9 B:C
  9215 : 011110011100 ; -- R:7 G:9 B:C
  9216 : 011110011100 ; -- R:7 G:9 B:C
  9217 : 011110011100 ; -- R:7 G:9 B:C
  9218 : 011110011100 ; -- R:7 G:9 B:C
  9219 : 011110011100 ; -- R:7 G:9 B:C
  9220 : 011110011100 ; -- R:7 G:9 B:C
  9221 : 011110011100 ; -- R:7 G:9 B:C
  9222 : 011110011100 ; -- R:7 G:9 B:C
  9223 : 011110011100 ; -- R:7 G:9 B:C
  9224 : 011110011100 ; -- R:7 G:9 B:C
  9225 : 011110011100 ; -- R:7 G:9 B:C
  9226 : 011110011100 ; -- R:7 G:9 B:C
  9227 : 011110011100 ; -- R:7 G:9 B:C
  9228 : 011110011100 ; -- R:7 G:9 B:C
  9229 : 011110011100 ; -- R:7 G:9 B:C
  9230 : 011110011100 ; -- R:7 G:9 B:C
  9231 : 011110011100 ; -- R:7 G:9 B:C
  9232 : 011110011100 ; -- R:7 G:9 B:C
  9233 : 011110011100 ; -- R:7 G:9 B:C
  9234 : 011110011100 ; -- R:7 G:9 B:C
  9235 : 011110011100 ; -- R:7 G:9 B:C
  9236 : 011110011100 ; -- R:7 G:9 B:C
  9237 : 011110011100 ; -- R:7 G:9 B:C
  9238 : 011110011100 ; -- R:7 G:9 B:C
  9239 : 011110011100 ; -- R:7 G:9 B:C
  9240 : 011110011100 ; -- R:7 G:9 B:C
  9241 : 011110011100 ; -- R:7 G:9 B:C
  9242 : 011110011100 ; -- R:7 G:9 B:C
  9243 : 011110011100 ; -- R:7 G:9 B:C
  9244 : 011110011100 ; -- R:7 G:9 B:C
  9245 : 011110011100 ; -- R:7 G:9 B:C
  9246 : 011110011100 ; -- R:7 G:9 B:C
  9247 : 011110011100 ; -- R:7 G:9 B:C
  9248 : 011110011100 ; -- R:7 G:9 B:C
  9249 : 011110011100 ; -- R:7 G:9 B:C
  9250 : 011110011100 ; -- R:7 G:9 B:C
  9251 : 011110011100 ; -- R:7 G:9 B:C
  9252 : 011110011100 ; -- R:7 G:9 B:C
  9253 : 011110011100 ; -- R:7 G:9 B:C
  9254 : 011110011100 ; -- R:7 G:9 B:C
  9255 : 011110011100 ; -- R:7 G:9 B:C
  9256 : 011110011100 ; -- R:7 G:9 B:C
  9257 : 011110011100 ; -- R:7 G:9 B:C
  9258 : 011110011100 ; -- R:7 G:9 B:C
  9259 : 011110011100 ; -- R:7 G:9 B:C
  9260 : 011110011100 ; -- R:7 G:9 B:C
  9261 : 011110011100 ; -- R:7 G:9 B:C
  9262 : 011110011100 ; -- R:7 G:9 B:C
  9263 : 011110011100 ; -- R:7 G:9 B:C
  9264 : 011110011100 ; -- R:7 G:9 B:C
  9265 : 011110011100 ; -- R:7 G:9 B:C
  9266 : 011110011100 ; -- R:7 G:9 B:C
  9267 : 011110011100 ; -- R:7 G:9 B:C
  9268 : 011110011100 ; -- R:7 G:9 B:C
  9269 : 011110011100 ; -- R:7 G:9 B:C
  9270 : 011110011100 ; -- R:7 G:9 B:C
  9271 : 011110011100 ; -- R:7 G:9 B:C
  9272 : 011110011100 ; -- R:7 G:9 B:C
  9273 : 011110011100 ; -- R:7 G:9 B:C
  9274 : 011110011100 ; -- R:7 G:9 B:C
  9275 : 011110011100 ; -- R:7 G:9 B:C
  9276 : 011110011100 ; -- R:7 G:9 B:C
  9277 : 011110011100 ; -- R:7 G:9 B:C
  9278 : 011110011100 ; -- R:7 G:9 B:C
  9279 : 011010011100 ; -- R:6 G:9 B:C
  9280 : 110110101100 ; -- R:D G:A B:C
  9281 : 110110101100 ; -- R:D G:A B:C
  9282 : 110110101100 ; -- R:D G:A B:C
  9283 : 110110101100 ; -- R:D G:A B:C
  9284 : 110110101100 ; -- R:D G:A B:C
  9285 : 110110101100 ; -- R:D G:A B:C
  9286 : 110110101100 ; -- R:D G:A B:C
  9287 : 110110101100 ; -- R:D G:A B:C
  9288 : 100010011100 ; -- R:8 G:9 B:C
  9289 : 011010011100 ; -- R:6 G:9 B:C
  9290 : 011110011100 ; -- R:7 G:9 B:C
  9291 : 011110011100 ; -- R:7 G:9 B:C
  9292 : 011110011100 ; -- R:7 G:9 B:C
  9293 : 011110011100 ; -- R:7 G:9 B:C
  9294 : 011110011100 ; -- R:7 G:9 B:C
  9295 : 011110011100 ; -- R:7 G:9 B:C
  9296 : 011110011100 ; -- R:7 G:9 B:C
  9297 : 011110011100 ; -- R:7 G:9 B:C
  9298 : 011110011100 ; -- R:7 G:9 B:C
  9299 : 011110011100 ; -- R:7 G:9 B:C
  9300 : 011110011100 ; -- R:7 G:9 B:C
  9301 : 011110011100 ; -- R:7 G:9 B:C
  9302 : 011110011100 ; -- R:7 G:9 B:C
  9303 : 011110011100 ; -- R:7 G:9 B:C
  9304 : 011110011100 ; -- R:7 G:9 B:C
  9305 : 011110011100 ; -- R:7 G:9 B:C
  9306 : 011110011100 ; -- R:7 G:9 B:C
  9307 : 011110011100 ; -- R:7 G:9 B:C
  9308 : 011110011100 ; -- R:7 G:9 B:C
  9309 : 011110011100 ; -- R:7 G:9 B:C
  9310 : 011110011100 ; -- R:7 G:9 B:C
  9311 : 011110011100 ; -- R:7 G:9 B:C
  9312 : 011110011100 ; -- R:7 G:9 B:C
  9313 : 011110011100 ; -- R:7 G:9 B:C
  9314 : 011110011100 ; -- R:7 G:9 B:C
  9315 : 011110011100 ; -- R:7 G:9 B:C
  9316 : 011110011100 ; -- R:7 G:9 B:C
  9317 : 011110011100 ; -- R:7 G:9 B:C
  9318 : 011110011100 ; -- R:7 G:9 B:C
  9319 : 011110011100 ; -- R:7 G:9 B:C
  9320 : 011110011100 ; -- R:7 G:9 B:C
  9321 : 011110011100 ; -- R:7 G:9 B:C
  9322 : 011110011100 ; -- R:7 G:9 B:C
  9323 : 011110011100 ; -- R:7 G:9 B:C
  9324 : 011110011100 ; -- R:7 G:9 B:C
  9325 : 011110011100 ; -- R:7 G:9 B:C
  9326 : 011110011100 ; -- R:7 G:9 B:C
  9327 : 011110011100 ; -- R:7 G:9 B:C
  9328 : 011110011100 ; -- R:7 G:9 B:C
  9329 : 011110011100 ; -- R:7 G:9 B:C
  9330 : 011110011100 ; -- R:7 G:9 B:C
  9331 : 011110011100 ; -- R:7 G:9 B:C
  9332 : 011110011100 ; -- R:7 G:9 B:C
  9333 : 011110011100 ; -- R:7 G:9 B:C
  9334 : 011110011100 ; -- R:7 G:9 B:C
  9335 : 011110011100 ; -- R:7 G:9 B:C
  9336 : 011110011100 ; -- R:7 G:9 B:C
  9337 : 011110011100 ; -- R:7 G:9 B:C
  9338 : 011110011100 ; -- R:7 G:9 B:C
  9339 : 011110011100 ; -- R:7 G:9 B:C
  9340 : 011110011100 ; -- R:7 G:9 B:C
  9341 : 011110011100 ; -- R:7 G:9 B:C
  9342 : 011110011100 ; -- R:7 G:9 B:C
  9343 : 011110011100 ; -- R:7 G:9 B:C
  9344 : 011110011100 ; -- R:7 G:9 B:C
  9345 : 011110011100 ; -- R:7 G:9 B:C
  9346 : 011110011100 ; -- R:7 G:9 B:C
  9347 : 011110011100 ; -- R:7 G:9 B:C
  9348 : 011110011100 ; -- R:7 G:9 B:C
  9349 : 011110011100 ; -- R:7 G:9 B:C
  9350 : 011110011100 ; -- R:7 G:9 B:C
  9351 : 011110011100 ; -- R:7 G:9 B:C
  9352 : 011110011100 ; -- R:7 G:9 B:C
  9353 : 011110011100 ; -- R:7 G:9 B:C
  9354 : 011110011100 ; -- R:7 G:9 B:C
  9355 : 011110011100 ; -- R:7 G:9 B:C
  9356 : 011110011100 ; -- R:7 G:9 B:C
  9357 : 011110011100 ; -- R:7 G:9 B:C
  9358 : 011110011100 ; -- R:7 G:9 B:C
  9359 : 011110011100 ; -- R:7 G:9 B:C
  9360 : 011010011100 ; -- R:6 G:9 B:C
  9361 : 100110001100 ; -- R:9 G:8 B:C
  9362 : 110110101100 ; -- R:D G:A B:C
  9363 : 110110101100 ; -- R:D G:A B:C
  9364 : 110110101100 ; -- R:D G:A B:C
  9365 : 110110101100 ; -- R:D G:A B:C
  9366 : 110110101100 ; -- R:D G:A B:C
  9367 : 110110101100 ; -- R:D G:A B:C
  9368 : 110010101100 ; -- R:C G:A B:C
  9369 : 011110011100 ; -- R:7 G:9 B:C
  9370 : 011110011100 ; -- R:7 G:9 B:C
  9371 : 011110011100 ; -- R:7 G:9 B:C
  9372 : 011110011100 ; -- R:7 G:9 B:C
  9373 : 011110011100 ; -- R:7 G:9 B:C
  9374 : 011110011100 ; -- R:7 G:9 B:C
  9375 : 011110011100 ; -- R:7 G:9 B:C
  9376 : 011110011100 ; -- R:7 G:9 B:C
  9377 : 011110011100 ; -- R:7 G:9 B:C
  9378 : 011110011100 ; -- R:7 G:9 B:C
  9379 : 011110011100 ; -- R:7 G:9 B:C
  9380 : 011110011100 ; -- R:7 G:9 B:C
  9381 : 011110011100 ; -- R:7 G:9 B:C
  9382 : 011110011100 ; -- R:7 G:9 B:C
  9383 : 011110011100 ; -- R:7 G:9 B:C
  9384 : 011110011100 ; -- R:7 G:9 B:C
  9385 : 011110011100 ; -- R:7 G:9 B:C
  9386 : 011110011100 ; -- R:7 G:9 B:C
  9387 : 011110011100 ; -- R:7 G:9 B:C
  9388 : 011110011100 ; -- R:7 G:9 B:C
  9389 : 011110011100 ; -- R:7 G:9 B:C
  9390 : 011110011100 ; -- R:7 G:9 B:C
  9391 : 011110011100 ; -- R:7 G:9 B:C
  9392 : 011110011100 ; -- R:7 G:9 B:C
  9393 : 011110011100 ; -- R:7 G:9 B:C
  9394 : 011110011100 ; -- R:7 G:9 B:C
  9395 : 011110011100 ; -- R:7 G:9 B:C
  9396 : 011110011100 ; -- R:7 G:9 B:C
  9397 : 011110011100 ; -- R:7 G:9 B:C
  9398 : 011110011100 ; -- R:7 G:9 B:C
  9399 : 011110011100 ; -- R:7 G:9 B:C
  9400 : 011110011100 ; -- R:7 G:9 B:C
  9401 : 011110011100 ; -- R:7 G:9 B:C
  9402 : 011110011100 ; -- R:7 G:9 B:C
  9403 : 011110011100 ; -- R:7 G:9 B:C
  9404 : 011110011100 ; -- R:7 G:9 B:C
  9405 : 011110011100 ; -- R:7 G:9 B:C
  9406 : 011110011100 ; -- R:7 G:9 B:C
  9407 : 011110011100 ; -- R:7 G:9 B:C
  9408 : 011110011100 ; -- R:7 G:9 B:C
  9409 : 011110011100 ; -- R:7 G:9 B:C
  9410 : 011110011100 ; -- R:7 G:9 B:C
  9411 : 011110011100 ; -- R:7 G:9 B:C
  9412 : 011110011100 ; -- R:7 G:9 B:C
  9413 : 011110011100 ; -- R:7 G:9 B:C
  9414 : 011110011100 ; -- R:7 G:9 B:C
  9415 : 011110011100 ; -- R:7 G:9 B:C
  9416 : 011110011100 ; -- R:7 G:9 B:C
  9417 : 011110011100 ; -- R:7 G:9 B:C
  9418 : 011110011100 ; -- R:7 G:9 B:C
  9419 : 011110011100 ; -- R:7 G:9 B:C
  9420 : 011110011100 ; -- R:7 G:9 B:C
  9421 : 011110011100 ; -- R:7 G:9 B:C
  9422 : 011110011100 ; -- R:7 G:9 B:C
  9423 : 011110011100 ; -- R:7 G:9 B:C
  9424 : 011110011100 ; -- R:7 G:9 B:C
  9425 : 011110011100 ; -- R:7 G:9 B:C
  9426 : 011110011100 ; -- R:7 G:9 B:C
  9427 : 011110011100 ; -- R:7 G:9 B:C
  9428 : 011110011100 ; -- R:7 G:9 B:C
  9429 : 011110011100 ; -- R:7 G:9 B:C
  9430 : 011110011100 ; -- R:7 G:9 B:C
  9431 : 011110011100 ; -- R:7 G:9 B:C
  9432 : 011110011100 ; -- R:7 G:9 B:C
  9433 : 011110011100 ; -- R:7 G:9 B:C
  9434 : 011110011100 ; -- R:7 G:9 B:C
  9435 : 011110011100 ; -- R:7 G:9 B:C
  9436 : 011110011100 ; -- R:7 G:9 B:C
  9437 : 011110011100 ; -- R:7 G:9 B:C
  9438 : 011110011100 ; -- R:7 G:9 B:C
  9439 : 011110011100 ; -- R:7 G:9 B:C
  9440 : 110110101100 ; -- R:D G:A B:C
  9441 : 110110101100 ; -- R:D G:A B:C
  9442 : 110110101100 ; -- R:D G:A B:C
  9443 : 110110101100 ; -- R:D G:A B:C
  9444 : 110110101100 ; -- R:D G:A B:C
  9445 : 110110101100 ; -- R:D G:A B:C
  9446 : 110110101100 ; -- R:D G:A B:C
  9447 : 101010001100 ; -- R:A G:8 B:C
  9448 : 011010011100 ; -- R:6 G:9 B:C
  9449 : 011110011100 ; -- R:7 G:9 B:C
  9450 : 011110011100 ; -- R:7 G:9 B:C
  9451 : 011110011100 ; -- R:7 G:9 B:C
  9452 : 011110011100 ; -- R:7 G:9 B:C
  9453 : 011110011100 ; -- R:7 G:9 B:C
  9454 : 011110011100 ; -- R:7 G:9 B:C
  9455 : 011110011100 ; -- R:7 G:9 B:C
  9456 : 011110011100 ; -- R:7 G:9 B:C
  9457 : 011110011100 ; -- R:7 G:9 B:C
  9458 : 011110011100 ; -- R:7 G:9 B:C
  9459 : 011110011100 ; -- R:7 G:9 B:C
  9460 : 011110011100 ; -- R:7 G:9 B:C
  9461 : 011110011100 ; -- R:7 G:9 B:C
  9462 : 011110011100 ; -- R:7 G:9 B:C
  9463 : 011110011100 ; -- R:7 G:9 B:C
  9464 : 011110011100 ; -- R:7 G:9 B:C
  9465 : 011110011100 ; -- R:7 G:9 B:C
  9466 : 011110011100 ; -- R:7 G:9 B:C
  9467 : 011110011100 ; -- R:7 G:9 B:C
  9468 : 011110011100 ; -- R:7 G:9 B:C
  9469 : 011110011100 ; -- R:7 G:9 B:C
  9470 : 011110011100 ; -- R:7 G:9 B:C
  9471 : 011110011100 ; -- R:7 G:9 B:C
  9472 : 011110011100 ; -- R:7 G:9 B:C
  9473 : 011110011100 ; -- R:7 G:9 B:C
  9474 : 011110011100 ; -- R:7 G:9 B:C
  9475 : 011110011100 ; -- R:7 G:9 B:C
  9476 : 011110011100 ; -- R:7 G:9 B:C
  9477 : 011110011100 ; -- R:7 G:9 B:C
  9478 : 011110011100 ; -- R:7 G:9 B:C
  9479 : 011110011100 ; -- R:7 G:9 B:C
  9480 : 011110011100 ; -- R:7 G:9 B:C
  9481 : 011110011100 ; -- R:7 G:9 B:C
  9482 : 011110011100 ; -- R:7 G:9 B:C
  9483 : 011110011100 ; -- R:7 G:9 B:C
  9484 : 011110011100 ; -- R:7 G:9 B:C
  9485 : 011110011100 ; -- R:7 G:9 B:C
  9486 : 011110011100 ; -- R:7 G:9 B:C
  9487 : 011110011100 ; -- R:7 G:9 B:C
  9488 : 011110011100 ; -- R:7 G:9 B:C
  9489 : 011110011100 ; -- R:7 G:9 B:C
  9490 : 011110011100 ; -- R:7 G:9 B:C
  9491 : 011110011100 ; -- R:7 G:9 B:C
  9492 : 011110011100 ; -- R:7 G:9 B:C
  9493 : 011110011100 ; -- R:7 G:9 B:C
  9494 : 011110011100 ; -- R:7 G:9 B:C
  9495 : 011110011100 ; -- R:7 G:9 B:C
  9496 : 011110011100 ; -- R:7 G:9 B:C
  9497 : 011110011100 ; -- R:7 G:9 B:C
  9498 : 011110011100 ; -- R:7 G:9 B:C
  9499 : 011110011100 ; -- R:7 G:9 B:C
  9500 : 011110011100 ; -- R:7 G:9 B:C
  9501 : 011110011100 ; -- R:7 G:9 B:C
  9502 : 011110011100 ; -- R:7 G:9 B:C
  9503 : 011110011100 ; -- R:7 G:9 B:C
  9504 : 011110011100 ; -- R:7 G:9 B:C
  9505 : 011110011100 ; -- R:7 G:9 B:C
  9506 : 011110011100 ; -- R:7 G:9 B:C
  9507 : 011110011100 ; -- R:7 G:9 B:C
  9508 : 011110011100 ; -- R:7 G:9 B:C
  9509 : 011110011100 ; -- R:7 G:9 B:C
  9510 : 011110011100 ; -- R:7 G:9 B:C
  9511 : 011110011100 ; -- R:7 G:9 B:C
  9512 : 011110011100 ; -- R:7 G:9 B:C
  9513 : 011110011100 ; -- R:7 G:9 B:C
  9514 : 011110011100 ; -- R:7 G:9 B:C
  9515 : 011110011100 ; -- R:7 G:9 B:C
  9516 : 011110011100 ; -- R:7 G:9 B:C
  9517 : 011110011100 ; -- R:7 G:9 B:C
  9518 : 011110011100 ; -- R:7 G:9 B:C
  9519 : 011110011100 ; -- R:7 G:9 B:C
  9520 : 011110011100 ; -- R:7 G:9 B:C
  9521 : 011010011100 ; -- R:6 G:9 B:C
  9522 : 101010001100 ; -- R:A G:8 B:C
  9523 : 110110101100 ; -- R:D G:A B:C
  9524 : 110110101100 ; -- R:D G:A B:C
  9525 : 110110101100 ; -- R:D G:A B:C
  9526 : 110110101100 ; -- R:D G:A B:C
  9527 : 110110101100 ; -- R:D G:A B:C
  9528 : 100010011100 ; -- R:8 G:9 B:C
  9529 : 011010011100 ; -- R:6 G:9 B:C
  9530 : 011110011100 ; -- R:7 G:9 B:C
  9531 : 011110011100 ; -- R:7 G:9 B:C
  9532 : 011110011100 ; -- R:7 G:9 B:C
  9533 : 011110011100 ; -- R:7 G:9 B:C
  9534 : 011110011100 ; -- R:7 G:9 B:C
  9535 : 011110011100 ; -- R:7 G:9 B:C
  9536 : 011110011100 ; -- R:7 G:9 B:C
  9537 : 011110011100 ; -- R:7 G:9 B:C
  9538 : 011110011100 ; -- R:7 G:9 B:C
  9539 : 011110011100 ; -- R:7 G:9 B:C
  9540 : 011110011100 ; -- R:7 G:9 B:C
  9541 : 011110011100 ; -- R:7 G:9 B:C
  9542 : 011110011100 ; -- R:7 G:9 B:C
  9543 : 011110011100 ; -- R:7 G:9 B:C
  9544 : 011110011100 ; -- R:7 G:9 B:C
  9545 : 011110011100 ; -- R:7 G:9 B:C
  9546 : 011110011100 ; -- R:7 G:9 B:C
  9547 : 011110011100 ; -- R:7 G:9 B:C
  9548 : 011110011100 ; -- R:7 G:9 B:C
  9549 : 011110011100 ; -- R:7 G:9 B:C
  9550 : 011110011100 ; -- R:7 G:9 B:C
  9551 : 011110011100 ; -- R:7 G:9 B:C
  9552 : 011110011100 ; -- R:7 G:9 B:C
  9553 : 011110011100 ; -- R:7 G:9 B:C
  9554 : 011110011100 ; -- R:7 G:9 B:C
  9555 : 011110011100 ; -- R:7 G:9 B:C
  9556 : 011110011100 ; -- R:7 G:9 B:C
  9557 : 011110011100 ; -- R:7 G:9 B:C
  9558 : 011110011100 ; -- R:7 G:9 B:C
  9559 : 011110011100 ; -- R:7 G:9 B:C
  9560 : 011110011100 ; -- R:7 G:9 B:C
  9561 : 011110011100 ; -- R:7 G:9 B:C
  9562 : 011110011100 ; -- R:7 G:9 B:C
  9563 : 011110011100 ; -- R:7 G:9 B:C
  9564 : 011110011100 ; -- R:7 G:9 B:C
  9565 : 011110011100 ; -- R:7 G:9 B:C
  9566 : 011110011100 ; -- R:7 G:9 B:C
  9567 : 011110011100 ; -- R:7 G:9 B:C
  9568 : 011110011100 ; -- R:7 G:9 B:C
  9569 : 011110011100 ; -- R:7 G:9 B:C
  9570 : 011110011100 ; -- R:7 G:9 B:C
  9571 : 011110011100 ; -- R:7 G:9 B:C
  9572 : 011110011100 ; -- R:7 G:9 B:C
  9573 : 011110011100 ; -- R:7 G:9 B:C
  9574 : 011110011100 ; -- R:7 G:9 B:C
  9575 : 011110011100 ; -- R:7 G:9 B:C
  9576 : 011110011100 ; -- R:7 G:9 B:C
  9577 : 011110011100 ; -- R:7 G:9 B:C
  9578 : 011110011100 ; -- R:7 G:9 B:C
  9579 : 011110011100 ; -- R:7 G:9 B:C
  9580 : 011110011100 ; -- R:7 G:9 B:C
  9581 : 011110011100 ; -- R:7 G:9 B:C
  9582 : 011110011100 ; -- R:7 G:9 B:C
  9583 : 011110011100 ; -- R:7 G:9 B:C
  9584 : 011110011100 ; -- R:7 G:9 B:C
  9585 : 011110011100 ; -- R:7 G:9 B:C
  9586 : 011110011100 ; -- R:7 G:9 B:C
  9587 : 011110011100 ; -- R:7 G:9 B:C
  9588 : 011110011100 ; -- R:7 G:9 B:C
  9589 : 011110011100 ; -- R:7 G:9 B:C
  9590 : 011110011100 ; -- R:7 G:9 B:C
  9591 : 011110011100 ; -- R:7 G:9 B:C
  9592 : 011110011100 ; -- R:7 G:9 B:C
  9593 : 011110011100 ; -- R:7 G:9 B:C
  9594 : 011110011100 ; -- R:7 G:9 B:C
  9595 : 011110011100 ; -- R:7 G:9 B:C
  9596 : 011110011100 ; -- R:7 G:9 B:C
  9597 : 011110011100 ; -- R:7 G:9 B:C
  9598 : 011110011100 ; -- R:7 G:9 B:C
  9599 : 011110011100 ; -- R:7 G:9 B:C
  9600 : 101110011100 ; -- R:B G:9 B:C
  9601 : 110110101100 ; -- R:D G:A B:C
  9602 : 110110101100 ; -- R:D G:A B:C
  9603 : 110110101100 ; -- R:D G:A B:C
  9604 : 110110101100 ; -- R:D G:A B:C
  9605 : 110110101100 ; -- R:D G:A B:C
  9606 : 101110011100 ; -- R:B G:9 B:C
  9607 : 011010011100 ; -- R:6 G:9 B:C
  9608 : 011110011100 ; -- R:7 G:9 B:C
  9609 : 011110011100 ; -- R:7 G:9 B:C
  9610 : 011110011100 ; -- R:7 G:9 B:C
  9611 : 011110011100 ; -- R:7 G:9 B:C
  9612 : 011110011100 ; -- R:7 G:9 B:C
  9613 : 011110011100 ; -- R:7 G:9 B:C
  9614 : 011110011100 ; -- R:7 G:9 B:C
  9615 : 011110011100 ; -- R:7 G:9 B:C
  9616 : 011110011100 ; -- R:7 G:9 B:C
  9617 : 011110011100 ; -- R:7 G:9 B:C
  9618 : 011110011100 ; -- R:7 G:9 B:C
  9619 : 011110011100 ; -- R:7 G:9 B:C
  9620 : 011110011100 ; -- R:7 G:9 B:C
  9621 : 011110011100 ; -- R:7 G:9 B:C
  9622 : 011110011100 ; -- R:7 G:9 B:C
  9623 : 011110011100 ; -- R:7 G:9 B:C
  9624 : 011110011100 ; -- R:7 G:9 B:C
  9625 : 011110011100 ; -- R:7 G:9 B:C
  9626 : 011110011100 ; -- R:7 G:9 B:C
  9627 : 011110011100 ; -- R:7 G:9 B:C
  9628 : 011110011100 ; -- R:7 G:9 B:C
  9629 : 011110011100 ; -- R:7 G:9 B:C
  9630 : 011110011100 ; -- R:7 G:9 B:C
  9631 : 011110011100 ; -- R:7 G:9 B:C
  9632 : 011110011100 ; -- R:7 G:9 B:C
  9633 : 011110011100 ; -- R:7 G:9 B:C
  9634 : 011110011100 ; -- R:7 G:9 B:C
  9635 : 011110011100 ; -- R:7 G:9 B:C
  9636 : 011110011100 ; -- R:7 G:9 B:C
  9637 : 011110011100 ; -- R:7 G:9 B:C
  9638 : 011110011100 ; -- R:7 G:9 B:C
  9639 : 011110011100 ; -- R:7 G:9 B:C
  9640 : 011110011100 ; -- R:7 G:9 B:C
  9641 : 011110011100 ; -- R:7 G:9 B:C
  9642 : 011110011100 ; -- R:7 G:9 B:C
  9643 : 011110011100 ; -- R:7 G:9 B:C
  9644 : 011110011100 ; -- R:7 G:9 B:C
  9645 : 011110011100 ; -- R:7 G:9 B:C
  9646 : 011110011100 ; -- R:7 G:9 B:C
  9647 : 011110011100 ; -- R:7 G:9 B:C
  9648 : 011110011100 ; -- R:7 G:9 B:C
  9649 : 011110011100 ; -- R:7 G:9 B:C
  9650 : 011110011100 ; -- R:7 G:9 B:C
  9651 : 011110011100 ; -- R:7 G:9 B:C
  9652 : 011110011100 ; -- R:7 G:9 B:C
  9653 : 011110011100 ; -- R:7 G:9 B:C
  9654 : 011110011100 ; -- R:7 G:9 B:C
  9655 : 011110011100 ; -- R:7 G:9 B:C
  9656 : 011110011100 ; -- R:7 G:9 B:C
  9657 : 011110011100 ; -- R:7 G:9 B:C
  9658 : 011110011100 ; -- R:7 G:9 B:C
  9659 : 011110011100 ; -- R:7 G:9 B:C
  9660 : 011110011100 ; -- R:7 G:9 B:C
  9661 : 011110011100 ; -- R:7 G:9 B:C
  9662 : 011110011100 ; -- R:7 G:9 B:C
  9663 : 011110011100 ; -- R:7 G:9 B:C
  9664 : 011110011100 ; -- R:7 G:9 B:C
  9665 : 011110011100 ; -- R:7 G:9 B:C
  9666 : 011110011100 ; -- R:7 G:9 B:C
  9667 : 011110011100 ; -- R:7 G:9 B:C
  9668 : 011110011100 ; -- R:7 G:9 B:C
  9669 : 011110011100 ; -- R:7 G:9 B:C
  9670 : 011110011100 ; -- R:7 G:9 B:C
  9671 : 011110011100 ; -- R:7 G:9 B:C
  9672 : 011110011100 ; -- R:7 G:9 B:C
  9673 : 011110011100 ; -- R:7 G:9 B:C
  9674 : 011110011100 ; -- R:7 G:9 B:C
  9675 : 011110011100 ; -- R:7 G:9 B:C
  9676 : 011110011100 ; -- R:7 G:9 B:C
  9677 : 011110011100 ; -- R:7 G:9 B:C
  9678 : 011110011100 ; -- R:7 G:9 B:C
  9679 : 011110011100 ; -- R:7 G:9 B:C
  9680 : 011110011100 ; -- R:7 G:9 B:C
  9681 : 011110011100 ; -- R:7 G:9 B:C
  9682 : 011010011100 ; -- R:6 G:9 B:C
  9683 : 101110011100 ; -- R:B G:9 B:C
  9684 : 110110101100 ; -- R:D G:A B:C
  9685 : 110110101100 ; -- R:D G:A B:C
  9686 : 110110101100 ; -- R:D G:A B:C
  9687 : 100110001100 ; -- R:9 G:8 B:C
  9688 : 011010011100 ; -- R:6 G:9 B:C
  9689 : 011110011100 ; -- R:7 G:9 B:C
  9690 : 011110011100 ; -- R:7 G:9 B:C
  9691 : 011110011100 ; -- R:7 G:9 B:C
  9692 : 011110011100 ; -- R:7 G:9 B:C
  9693 : 011110011100 ; -- R:7 G:9 B:C
  9694 : 011110011100 ; -- R:7 G:9 B:C
  9695 : 011110011100 ; -- R:7 G:9 B:C
  9696 : 011110011100 ; -- R:7 G:9 B:C
  9697 : 011110011100 ; -- R:7 G:9 B:C
  9698 : 011110011100 ; -- R:7 G:9 B:C
  9699 : 011110011100 ; -- R:7 G:9 B:C
  9700 : 011110011100 ; -- R:7 G:9 B:C
  9701 : 011110011100 ; -- R:7 G:9 B:C
  9702 : 011110011100 ; -- R:7 G:9 B:C
  9703 : 011110011100 ; -- R:7 G:9 B:C
  9704 : 011110011100 ; -- R:7 G:9 B:C
  9705 : 011110011100 ; -- R:7 G:9 B:C
  9706 : 011110011100 ; -- R:7 G:9 B:C
  9707 : 011110011100 ; -- R:7 G:9 B:C
  9708 : 011110011100 ; -- R:7 G:9 B:C
  9709 : 011110011100 ; -- R:7 G:9 B:C
  9710 : 011110011100 ; -- R:7 G:9 B:C
  9711 : 011110011100 ; -- R:7 G:9 B:C
  9712 : 011110011100 ; -- R:7 G:9 B:C
  9713 : 011110011100 ; -- R:7 G:9 B:C
  9714 : 011110011100 ; -- R:7 G:9 B:C
  9715 : 011110011100 ; -- R:7 G:9 B:C
  9716 : 011110011100 ; -- R:7 G:9 B:C
  9717 : 011110011100 ; -- R:7 G:9 B:C
  9718 : 011110011100 ; -- R:7 G:9 B:C
  9719 : 011110011100 ; -- R:7 G:9 B:C
  9720 : 011110011100 ; -- R:7 G:9 B:C
  9721 : 011110011100 ; -- R:7 G:9 B:C
  9722 : 011110011100 ; -- R:7 G:9 B:C
  9723 : 011110011100 ; -- R:7 G:9 B:C
  9724 : 011110011100 ; -- R:7 G:9 B:C
  9725 : 011110011100 ; -- R:7 G:9 B:C
  9726 : 011110011100 ; -- R:7 G:9 B:C
  9727 : 011110011100 ; -- R:7 G:9 B:C
  9728 : 011110011100 ; -- R:7 G:9 B:C
  9729 : 011110011100 ; -- R:7 G:9 B:C
  9730 : 011110011100 ; -- R:7 G:9 B:C
  9731 : 011110011100 ; -- R:7 G:9 B:C
  9732 : 011110011100 ; -- R:7 G:9 B:C
  9733 : 011110011100 ; -- R:7 G:9 B:C
  9734 : 011110011100 ; -- R:7 G:9 B:C
  9735 : 011110011100 ; -- R:7 G:9 B:C
  9736 : 011110011100 ; -- R:7 G:9 B:C
  9737 : 011110011100 ; -- R:7 G:9 B:C
  9738 : 011110011100 ; -- R:7 G:9 B:C
  9739 : 011110011100 ; -- R:7 G:9 B:C
  9740 : 011110011100 ; -- R:7 G:9 B:C
  9741 : 011110011100 ; -- R:7 G:9 B:C
  9742 : 011110011100 ; -- R:7 G:9 B:C
  9743 : 011110011100 ; -- R:7 G:9 B:C
  9744 : 011110011100 ; -- R:7 G:9 B:C
  9745 : 011110011100 ; -- R:7 G:9 B:C
  9746 : 011110011100 ; -- R:7 G:9 B:C
  9747 : 011110011100 ; -- R:7 G:9 B:C
  9748 : 011110011100 ; -- R:7 G:9 B:C
  9749 : 011110011100 ; -- R:7 G:9 B:C
  9750 : 011110011100 ; -- R:7 G:9 B:C
  9751 : 011110011100 ; -- R:7 G:9 B:C
  9752 : 011110011100 ; -- R:7 G:9 B:C
  9753 : 011110011100 ; -- R:7 G:9 B:C
  9754 : 011110011100 ; -- R:7 G:9 B:C
  9755 : 011110011100 ; -- R:7 G:9 B:C
  9756 : 011110011100 ; -- R:7 G:9 B:C
  9757 : 011110011100 ; -- R:7 G:9 B:C
  9758 : 011110011100 ; -- R:7 G:9 B:C
  9759 : 011110011100 ; -- R:7 G:9 B:C
  9760 : 011110011100 ; -- R:7 G:9 B:C
  9761 : 110010101100 ; -- R:C G:A B:C
  9762 : 110110101100 ; -- R:D G:A B:C
  9763 : 110110101100 ; -- R:D G:A B:C
  9764 : 110110101100 ; -- R:D G:A B:C
  9765 : 110010101100 ; -- R:C G:A B:C
  9766 : 011110011100 ; -- R:7 G:9 B:C
  9767 : 011010011100 ; -- R:6 G:9 B:C
  9768 : 011110011100 ; -- R:7 G:9 B:C
  9769 : 011110011100 ; -- R:7 G:9 B:C
  9770 : 011110011100 ; -- R:7 G:9 B:C
  9771 : 011110011100 ; -- R:7 G:9 B:C
  9772 : 011110011100 ; -- R:7 G:9 B:C
  9773 : 011110011100 ; -- R:7 G:9 B:C
  9774 : 011110011100 ; -- R:7 G:9 B:C
  9775 : 011110011100 ; -- R:7 G:9 B:C
  9776 : 011110011100 ; -- R:7 G:9 B:C
  9777 : 011110011100 ; -- R:7 G:9 B:C
  9778 : 011110011100 ; -- R:7 G:9 B:C
  9779 : 011110011100 ; -- R:7 G:9 B:C
  9780 : 011110011100 ; -- R:7 G:9 B:C
  9781 : 011110011100 ; -- R:7 G:9 B:C
  9782 : 011110011100 ; -- R:7 G:9 B:C
  9783 : 011110011100 ; -- R:7 G:9 B:C
  9784 : 011110011100 ; -- R:7 G:9 B:C
  9785 : 011110011100 ; -- R:7 G:9 B:C
  9786 : 011110011100 ; -- R:7 G:9 B:C
  9787 : 011110011100 ; -- R:7 G:9 B:C
  9788 : 011110011100 ; -- R:7 G:9 B:C
  9789 : 011110011100 ; -- R:7 G:9 B:C
  9790 : 011110011100 ; -- R:7 G:9 B:C
  9791 : 011110011100 ; -- R:7 G:9 B:C
  9792 : 011110011100 ; -- R:7 G:9 B:C
  9793 : 011110011100 ; -- R:7 G:9 B:C
  9794 : 011110011100 ; -- R:7 G:9 B:C
  9795 : 011110011100 ; -- R:7 G:9 B:C
  9796 : 011110011100 ; -- R:7 G:9 B:C
  9797 : 011110011100 ; -- R:7 G:9 B:C
  9798 : 011110011100 ; -- R:7 G:9 B:C
  9799 : 011110011100 ; -- R:7 G:9 B:C
  9800 : 011110011100 ; -- R:7 G:9 B:C
  9801 : 011110011100 ; -- R:7 G:9 B:C
  9802 : 011110011100 ; -- R:7 G:9 B:C
  9803 : 011110011100 ; -- R:7 G:9 B:C
  9804 : 011110011100 ; -- R:7 G:9 B:C
  9805 : 011110011100 ; -- R:7 G:9 B:C
  9806 : 011110011100 ; -- R:7 G:9 B:C
  9807 : 011110011100 ; -- R:7 G:9 B:C
  9808 : 011110011100 ; -- R:7 G:9 B:C
  9809 : 011110011100 ; -- R:7 G:9 B:C
  9810 : 011110011100 ; -- R:7 G:9 B:C
  9811 : 011110011100 ; -- R:7 G:9 B:C
  9812 : 011110011100 ; -- R:7 G:9 B:C
  9813 : 011110011100 ; -- R:7 G:9 B:C
  9814 : 011110001011 ; -- R:7 G:8 B:B
  9815 : 011110001011 ; -- R:7 G:8 B:B
  9816 : 011110001011 ; -- R:7 G:8 B:B
  9817 : 011110001011 ; -- R:7 G:8 B:B
  9818 : 011110011100 ; -- R:7 G:9 B:C
  9819 : 011110011100 ; -- R:7 G:9 B:C
  9820 : 011110011100 ; -- R:7 G:9 B:C
  9821 : 011110011100 ; -- R:7 G:9 B:C
  9822 : 011110011100 ; -- R:7 G:9 B:C
  9823 : 011110011100 ; -- R:7 G:9 B:C
  9824 : 011110011100 ; -- R:7 G:9 B:C
  9825 : 011110011100 ; -- R:7 G:9 B:C
  9826 : 011110011100 ; -- R:7 G:9 B:C
  9827 : 011110011100 ; -- R:7 G:9 B:C
  9828 : 011110011100 ; -- R:7 G:9 B:C
  9829 : 011110011100 ; -- R:7 G:9 B:C
  9830 : 011110011100 ; -- R:7 G:9 B:C
  9831 : 011110011100 ; -- R:7 G:9 B:C
  9832 : 011110011100 ; -- R:7 G:9 B:C
  9833 : 011110011100 ; -- R:7 G:9 B:C
  9834 : 011110011100 ; -- R:7 G:9 B:C
  9835 : 011110011100 ; -- R:7 G:9 B:C
  9836 : 011110011100 ; -- R:7 G:9 B:C
  9837 : 011110011100 ; -- R:7 G:9 B:C
  9838 : 011110011100 ; -- R:7 G:9 B:C
  9839 : 011110011100 ; -- R:7 G:9 B:C
  9840 : 011110011100 ; -- R:7 G:9 B:C
  9841 : 011110011100 ; -- R:7 G:9 B:C
  9842 : 011110011100 ; -- R:7 G:9 B:C
  9843 : 011110011100 ; -- R:7 G:9 B:C
  9844 : 110010101100 ; -- R:C G:A B:C
  9845 : 110110101100 ; -- R:D G:A B:C
  9846 : 101110011100 ; -- R:B G:9 B:C
  9847 : 011010011100 ; -- R:6 G:9 B:C
  9848 : 011110011100 ; -- R:7 G:9 B:C
  9849 : 011110011100 ; -- R:7 G:9 B:C
  9850 : 011110011100 ; -- R:7 G:9 B:C
  9851 : 011110011100 ; -- R:7 G:9 B:C
  9852 : 011110011100 ; -- R:7 G:9 B:C
  9853 : 011110011100 ; -- R:7 G:9 B:C
  9854 : 011110011100 ; -- R:7 G:9 B:C
  9855 : 011110011100 ; -- R:7 G:9 B:C
  9856 : 011110011100 ; -- R:7 G:9 B:C
  9857 : 011110011100 ; -- R:7 G:9 B:C
  9858 : 011110011100 ; -- R:7 G:9 B:C
  9859 : 011110011100 ; -- R:7 G:9 B:C
  9860 : 011110011100 ; -- R:7 G:9 B:C
  9861 : 011110011100 ; -- R:7 G:9 B:C
  9862 : 011110011100 ; -- R:7 G:9 B:C
  9863 : 011110011100 ; -- R:7 G:9 B:C
  9864 : 011110011100 ; -- R:7 G:9 B:C
  9865 : 011110011100 ; -- R:7 G:9 B:C
  9866 : 011110011100 ; -- R:7 G:9 B:C
  9867 : 011110011100 ; -- R:7 G:9 B:C
  9868 : 011110011100 ; -- R:7 G:9 B:C
  9869 : 011110011100 ; -- R:7 G:9 B:C
  9870 : 011110011100 ; -- R:7 G:9 B:C
  9871 : 011110011100 ; -- R:7 G:9 B:C
  9872 : 011110011100 ; -- R:7 G:9 B:C
  9873 : 011110011100 ; -- R:7 G:9 B:C
  9874 : 011110011100 ; -- R:7 G:9 B:C
  9875 : 011110011100 ; -- R:7 G:9 B:C
  9876 : 011110011100 ; -- R:7 G:9 B:C
  9877 : 011110011100 ; -- R:7 G:9 B:C
  9878 : 011110011100 ; -- R:7 G:9 B:C
  9879 : 011110011100 ; -- R:7 G:9 B:C
  9880 : 011110011100 ; -- R:7 G:9 B:C
  9881 : 011110011100 ; -- R:7 G:9 B:C
  9882 : 011110011100 ; -- R:7 G:9 B:C
  9883 : 011110011100 ; -- R:7 G:9 B:C
  9884 : 011110011100 ; -- R:7 G:9 B:C
  9885 : 011110011100 ; -- R:7 G:9 B:C
  9886 : 011110011100 ; -- R:7 G:9 B:C
  9887 : 011110011100 ; -- R:7 G:9 B:C
  9888 : 011110011100 ; -- R:7 G:9 B:C
  9889 : 011110011100 ; -- R:7 G:9 B:C
  9890 : 011110011100 ; -- R:7 G:9 B:C
  9891 : 011110011100 ; -- R:7 G:9 B:C
  9892 : 011110011100 ; -- R:7 G:9 B:C
  9893 : 011110011100 ; -- R:7 G:9 B:C
  9894 : 011110011100 ; -- R:7 G:9 B:C
  9895 : 011110011100 ; -- R:7 G:9 B:C
  9896 : 011110011100 ; -- R:7 G:9 B:C
  9897 : 011110011100 ; -- R:7 G:9 B:C
  9898 : 011110011100 ; -- R:7 G:9 B:C
  9899 : 011110011100 ; -- R:7 G:9 B:C
  9900 : 011110011100 ; -- R:7 G:9 B:C
  9901 : 011110011100 ; -- R:7 G:9 B:C
  9902 : 011110011100 ; -- R:7 G:9 B:C
  9903 : 011110011100 ; -- R:7 G:9 B:C
  9904 : 011110011100 ; -- R:7 G:9 B:C
  9905 : 011110011100 ; -- R:7 G:9 B:C
  9906 : 011110011100 ; -- R:7 G:9 B:C
  9907 : 011110011100 ; -- R:7 G:9 B:C
  9908 : 011110011100 ; -- R:7 G:9 B:C
  9909 : 011110011100 ; -- R:7 G:9 B:C
  9910 : 011110011100 ; -- R:7 G:9 B:C
  9911 : 011110011100 ; -- R:7 G:9 B:C
  9912 : 011110011100 ; -- R:7 G:9 B:C
  9913 : 011110011100 ; -- R:7 G:9 B:C
  9914 : 011110011100 ; -- R:7 G:9 B:C
  9915 : 011110011100 ; -- R:7 G:9 B:C
  9916 : 011110011100 ; -- R:7 G:9 B:C
  9917 : 011110011100 ; -- R:7 G:9 B:C
  9918 : 011110011100 ; -- R:7 G:9 B:C
  9919 : 011110011100 ; -- R:7 G:9 B:C
  9920 : 011010011100 ; -- R:6 G:9 B:C
  9921 : 011110011100 ; -- R:7 G:9 B:C
  9922 : 110110101100 ; -- R:D G:A B:C
  9923 : 110110101100 ; -- R:D G:A B:C
  9924 : 110110101100 ; -- R:D G:A B:C
  9925 : 100010011100 ; -- R:8 G:9 B:C
  9926 : 011010011100 ; -- R:6 G:9 B:C
  9927 : 011110011100 ; -- R:7 G:9 B:C
  9928 : 011110011100 ; -- R:7 G:9 B:C
  9929 : 011110011100 ; -- R:7 G:9 B:C
  9930 : 011110011100 ; -- R:7 G:9 B:C
  9931 : 011110011100 ; -- R:7 G:9 B:C
  9932 : 011110011100 ; -- R:7 G:9 B:C
  9933 : 011110011100 ; -- R:7 G:9 B:C
  9934 : 011110011100 ; -- R:7 G:9 B:C
  9935 : 011110011100 ; -- R:7 G:9 B:C
  9936 : 011110011100 ; -- R:7 G:9 B:C
  9937 : 011110011100 ; -- R:7 G:9 B:C
  9938 : 011110011100 ; -- R:7 G:9 B:C
  9939 : 011110011100 ; -- R:7 G:9 B:C
  9940 : 011110011100 ; -- R:7 G:9 B:C
  9941 : 011110011100 ; -- R:7 G:9 B:C
  9942 : 011110011100 ; -- R:7 G:9 B:C
  9943 : 011110011100 ; -- R:7 G:9 B:C
  9944 : 011110011100 ; -- R:7 G:9 B:C
  9945 : 011110011100 ; -- R:7 G:9 B:C
  9946 : 011110011100 ; -- R:7 G:9 B:C
  9947 : 011110011100 ; -- R:7 G:9 B:C
  9948 : 011110011100 ; -- R:7 G:9 B:C
  9949 : 011110011100 ; -- R:7 G:9 B:C
  9950 : 011110011100 ; -- R:7 G:9 B:C
  9951 : 011110011100 ; -- R:7 G:9 B:C
  9952 : 011110011100 ; -- R:7 G:9 B:C
  9953 : 011110011100 ; -- R:7 G:9 B:C
  9954 : 011110011100 ; -- R:7 G:9 B:C
  9955 : 011110011100 ; -- R:7 G:9 B:C
  9956 : 011110011100 ; -- R:7 G:9 B:C
  9957 : 011110011100 ; -- R:7 G:9 B:C
  9958 : 011110011100 ; -- R:7 G:9 B:C
  9959 : 011110011100 ; -- R:7 G:9 B:C
  9960 : 011110011100 ; -- R:7 G:9 B:C
  9961 : 011110011100 ; -- R:7 G:9 B:C
  9962 : 011110011100 ; -- R:7 G:9 B:C
  9963 : 011110011100 ; -- R:7 G:9 B:C
  9964 : 011110001011 ; -- R:7 G:8 B:B
  9965 : 011110001011 ; -- R:7 G:8 B:B
  9966 : 011110001011 ; -- R:7 G:8 B:B
  9967 : 011101111011 ; -- R:7 G:7 B:B
  9968 : 011101111011 ; -- R:7 G:7 B:B
  9969 : 011101111011 ; -- R:7 G:7 B:B
  9970 : 011101111011 ; -- R:7 G:7 B:B
  9971 : 011101111010 ; -- R:7 G:7 B:A
  9972 : 011101111010 ; -- R:7 G:7 B:A
  9973 : 011101111010 ; -- R:7 G:7 B:A
  9974 : 011101111010 ; -- R:7 G:7 B:A
  9975 : 011101111010 ; -- R:7 G:7 B:A
  9976 : 011101111010 ; -- R:7 G:7 B:A
  9977 : 011101111010 ; -- R:7 G:7 B:A
  9978 : 011101111010 ; -- R:7 G:7 B:A
  9979 : 011101111010 ; -- R:7 G:7 B:A
  9980 : 011101111011 ; -- R:7 G:7 B:B
  9981 : 011101111011 ; -- R:7 G:7 B:B
  9982 : 011101111011 ; -- R:7 G:7 B:B
  9983 : 011110001011 ; -- R:7 G:8 B:B
  9984 : 011110001011 ; -- R:7 G:8 B:B
  9985 : 011110001011 ; -- R:7 G:8 B:B
  9986 : 011110001011 ; -- R:7 G:8 B:B
  9987 : 011110011100 ; -- R:7 G:9 B:C
  9988 : 011110011100 ; -- R:7 G:9 B:C
  9989 : 011110011100 ; -- R:7 G:9 B:C
  9990 : 011110011100 ; -- R:7 G:9 B:C
  9991 : 011110011100 ; -- R:7 G:9 B:C
  9992 : 011110011100 ; -- R:7 G:9 B:C
  9993 : 011110011100 ; -- R:7 G:9 B:C
  9994 : 011110011100 ; -- R:7 G:9 B:C
  9995 : 011110011100 ; -- R:7 G:9 B:C
  9996 : 011110011100 ; -- R:7 G:9 B:C
  9997 : 011110011100 ; -- R:7 G:9 B:C
  9998 : 011110011100 ; -- R:7 G:9 B:C
  9999 : 011110011100 ; -- R:7 G:9 B:C
  10000 : 011110011100 ; -- R:7 G:9 B:C
  10001 : 011110011100 ; -- R:7 G:9 B:C
  10002 : 011110011100 ; -- R:7 G:9 B:C
  10003 : 011010011100 ; -- R:6 G:9 B:C
  10004 : 100010011100 ; -- R:8 G:9 B:C
  10005 : 110010101100 ; -- R:C G:A B:C
  10006 : 011110011100 ; -- R:7 G:9 B:C
  10007 : 011010011100 ; -- R:6 G:9 B:C
  10008 : 011110011100 ; -- R:7 G:9 B:C
  10009 : 011110011100 ; -- R:7 G:9 B:C
  10010 : 011110011100 ; -- R:7 G:9 B:C
  10011 : 011110011100 ; -- R:7 G:9 B:C
  10012 : 011110011100 ; -- R:7 G:9 B:C
  10013 : 011110011100 ; -- R:7 G:9 B:C
  10014 : 011110011100 ; -- R:7 G:9 B:C
  10015 : 011110011100 ; -- R:7 G:9 B:C
  10016 : 011110011100 ; -- R:7 G:9 B:C
  10017 : 011110011100 ; -- R:7 G:9 B:C
  10018 : 011110011100 ; -- R:7 G:9 B:C
  10019 : 011110001011 ; -- R:7 G:8 B:B
  10020 : 011110001011 ; -- R:7 G:8 B:B
  10021 : 011110001011 ; -- R:7 G:8 B:B
  10022 : 011110001011 ; -- R:7 G:8 B:B
  10023 : 011110001011 ; -- R:7 G:8 B:B
  10024 : 011101111011 ; -- R:7 G:7 B:B
  10025 : 011101111011 ; -- R:7 G:7 B:B
  10026 : 011101111011 ; -- R:7 G:7 B:B
  10027 : 011101111011 ; -- R:7 G:7 B:B
  10028 : 011101111011 ; -- R:7 G:7 B:B
  10029 : 011110001011 ; -- R:7 G:8 B:B
  10030 : 011110001011 ; -- R:7 G:8 B:B
  10031 : 011110001011 ; -- R:7 G:8 B:B
  10032 : 011110001011 ; -- R:7 G:8 B:B
  10033 : 011110001011 ; -- R:7 G:8 B:B
  10034 : 011110011100 ; -- R:7 G:9 B:C
  10035 : 011110011100 ; -- R:7 G:9 B:C
  10036 : 011110011100 ; -- R:7 G:9 B:C
  10037 : 011110011100 ; -- R:7 G:9 B:C
  10038 : 011110011100 ; -- R:7 G:9 B:C
  10039 : 011110011100 ; -- R:7 G:9 B:C
  10040 : 011110011100 ; -- R:7 G:9 B:C
  10041 : 011110011100 ; -- R:7 G:9 B:C
  10042 : 011110011100 ; -- R:7 G:9 B:C
  10043 : 011110011100 ; -- R:7 G:9 B:C
  10044 : 011110011100 ; -- R:7 G:9 B:C
  10045 : 011110011100 ; -- R:7 G:9 B:C
  10046 : 011110011100 ; -- R:7 G:9 B:C
  10047 : 011110011100 ; -- R:7 G:9 B:C
  10048 : 011110011100 ; -- R:7 G:9 B:C
  10049 : 011110011100 ; -- R:7 G:9 B:C
  10050 : 011110011100 ; -- R:7 G:9 B:C
  10051 : 011110011100 ; -- R:7 G:9 B:C
  10052 : 011110011100 ; -- R:7 G:9 B:C
  10053 : 011110011100 ; -- R:7 G:9 B:C
  10054 : 011110011100 ; -- R:7 G:9 B:C
  10055 : 011110011100 ; -- R:7 G:9 B:C
  10056 : 011110011100 ; -- R:7 G:9 B:C
  10057 : 011110011100 ; -- R:7 G:9 B:C
  10058 : 011110011100 ; -- R:7 G:9 B:C
  10059 : 011110011100 ; -- R:7 G:9 B:C
  10060 : 011110011100 ; -- R:7 G:9 B:C
  10061 : 011110011100 ; -- R:7 G:9 B:C
  10062 : 011110011100 ; -- R:7 G:9 B:C
  10063 : 011110011100 ; -- R:7 G:9 B:C
  10064 : 011110011100 ; -- R:7 G:9 B:C
  10065 : 011110011100 ; -- R:7 G:9 B:C
  10066 : 011110011100 ; -- R:7 G:9 B:C
  10067 : 011110011100 ; -- R:7 G:9 B:C
  10068 : 011110011100 ; -- R:7 G:9 B:C
  10069 : 011110011100 ; -- R:7 G:9 B:C
  10070 : 011110011100 ; -- R:7 G:9 B:C
  10071 : 011110011100 ; -- R:7 G:9 B:C
  10072 : 011110011100 ; -- R:7 G:9 B:C
  10073 : 011110011100 ; -- R:7 G:9 B:C
  10074 : 011110011100 ; -- R:7 G:9 B:C
  10075 : 011110011100 ; -- R:7 G:9 B:C
  10076 : 011110011100 ; -- R:7 G:9 B:C
  10077 : 011110011100 ; -- R:7 G:9 B:C
  10078 : 011110011100 ; -- R:7 G:9 B:C
  10079 : 011110011100 ; -- R:7 G:9 B:C
  10080 : 011110011100 ; -- R:7 G:9 B:C
  10081 : 011010011100 ; -- R:6 G:9 B:C
  10082 : 100110001100 ; -- R:9 G:8 B:C
  10083 : 110110101100 ; -- R:D G:A B:C
  10084 : 101010001100 ; -- R:A G:8 B:C
  10085 : 011010011100 ; -- R:6 G:9 B:C
  10086 : 011110011100 ; -- R:7 G:9 B:C
  10087 : 011110011100 ; -- R:7 G:9 B:C
  10088 : 011110011100 ; -- R:7 G:9 B:C
  10089 : 011110011100 ; -- R:7 G:9 B:C
  10090 : 011110011100 ; -- R:7 G:9 B:C
  10091 : 011110011100 ; -- R:7 G:9 B:C
  10092 : 011110011100 ; -- R:7 G:9 B:C
  10093 : 011110011100 ; -- R:7 G:9 B:C
  10094 : 011110011100 ; -- R:7 G:9 B:C
  10095 : 011110011100 ; -- R:7 G:9 B:C
  10096 : 011110011100 ; -- R:7 G:9 B:C
  10097 : 011110011100 ; -- R:7 G:9 B:C
  10098 : 011110011100 ; -- R:7 G:9 B:C
  10099 : 011110011100 ; -- R:7 G:9 B:C
  10100 : 011110011100 ; -- R:7 G:9 B:C
  10101 : 011110011100 ; -- R:7 G:9 B:C
  10102 : 011110011100 ; -- R:7 G:9 B:C
  10103 : 011110011100 ; -- R:7 G:9 B:C
  10104 : 011110011100 ; -- R:7 G:9 B:C
  10105 : 011110011100 ; -- R:7 G:9 B:C
  10106 : 011110011100 ; -- R:7 G:9 B:C
  10107 : 011110011100 ; -- R:7 G:9 B:C
  10108 : 011110011100 ; -- R:7 G:9 B:C
  10109 : 011110011100 ; -- R:7 G:9 B:C
  10110 : 011110011100 ; -- R:7 G:9 B:C
  10111 : 011110011100 ; -- R:7 G:9 B:C
  10112 : 011110011100 ; -- R:7 G:9 B:C
  10113 : 011110011100 ; -- R:7 G:9 B:C
  10114 : 011110011100 ; -- R:7 G:9 B:C
  10115 : 011110011100 ; -- R:7 G:9 B:C
  10116 : 011110011100 ; -- R:7 G:9 B:C
  10117 : 011110011100 ; -- R:7 G:9 B:C
  10118 : 011110011100 ; -- R:7 G:9 B:C
  10119 : 011110001011 ; -- R:7 G:8 B:B
  10120 : 011110001011 ; -- R:7 G:8 B:B
  10121 : 011110001011 ; -- R:7 G:8 B:B
  10122 : 011101111011 ; -- R:7 G:7 B:B
  10123 : 011101111010 ; -- R:7 G:7 B:A
  10124 : 011101111010 ; -- R:7 G:7 B:A
  10125 : 011101111010 ; -- R:7 G:7 B:A
  10126 : 011101111010 ; -- R:7 G:7 B:A
  10127 : 011101111010 ; -- R:7 G:7 B:A
  10128 : 011101111011 ; -- R:7 G:7 B:B
  10129 : 011101111011 ; -- R:7 G:7 B:B
  10130 : 011101111011 ; -- R:7 G:7 B:B
  10131 : 011101111011 ; -- R:7 G:7 B:B
  10132 : 011101111011 ; -- R:7 G:7 B:B
  10133 : 011101111011 ; -- R:7 G:7 B:B
  10134 : 011101111011 ; -- R:7 G:7 B:B
  10135 : 011101111011 ; -- R:7 G:7 B:B
  10136 : 011101111011 ; -- R:7 G:7 B:B
  10137 : 011101111011 ; -- R:7 G:7 B:B
  10138 : 011101111011 ; -- R:7 G:7 B:B
  10139 : 011101111011 ; -- R:7 G:7 B:B
  10140 : 011101111011 ; -- R:7 G:7 B:B
  10141 : 011101111011 ; -- R:7 G:7 B:B
  10142 : 011101111011 ; -- R:7 G:7 B:B
  10143 : 011101111010 ; -- R:7 G:7 B:A
  10144 : 011101111010 ; -- R:7 G:7 B:A
  10145 : 011101111010 ; -- R:7 G:7 B:A
  10146 : 011101111010 ; -- R:7 G:7 B:A
  10147 : 011101111010 ; -- R:7 G:7 B:A
  10148 : 011101111011 ; -- R:7 G:7 B:B
  10149 : 011101111011 ; -- R:7 G:7 B:B
  10150 : 011110001011 ; -- R:7 G:8 B:B
  10151 : 011110001011 ; -- R:7 G:8 B:B
  10152 : 011110011100 ; -- R:7 G:9 B:C
  10153 : 011110011100 ; -- R:7 G:9 B:C
  10154 : 011110011100 ; -- R:7 G:9 B:C
  10155 : 011110011100 ; -- R:7 G:9 B:C
  10156 : 011110011100 ; -- R:7 G:9 B:C
  10157 : 011110011100 ; -- R:7 G:9 B:C
  10158 : 011110011100 ; -- R:7 G:9 B:C
  10159 : 011110011100 ; -- R:7 G:9 B:C
  10160 : 011110011100 ; -- R:7 G:9 B:C
  10161 : 011110011100 ; -- R:7 G:9 B:C
  10162 : 011110011100 ; -- R:7 G:9 B:C
  10163 : 011110011100 ; -- R:7 G:9 B:C
  10164 : 011110011100 ; -- R:7 G:9 B:C
  10165 : 011110011100 ; -- R:7 G:9 B:C
  10166 : 011110011100 ; -- R:7 G:9 B:C
  10167 : 011110011100 ; -- R:7 G:9 B:C
  10168 : 011110011100 ; -- R:7 G:9 B:C
  10169 : 011110011100 ; -- R:7 G:9 B:C
  10170 : 011110011100 ; -- R:7 G:9 B:C
  10171 : 011110011100 ; -- R:7 G:9 B:C
  10172 : 011110011100 ; -- R:7 G:9 B:C
  10173 : 011110011100 ; -- R:7 G:9 B:C
  10174 : 011110001011 ; -- R:7 G:8 B:B
  10175 : 011110001011 ; -- R:7 G:8 B:B
  10176 : 011110001011 ; -- R:7 G:8 B:B
  10177 : 011101111011 ; -- R:7 G:7 B:B
  10178 : 011101111011 ; -- R:7 G:7 B:B
  10179 : 011101111010 ; -- R:7 G:7 B:A
  10180 : 011101111010 ; -- R:7 G:7 B:A
  10181 : 011101111010 ; -- R:7 G:7 B:A
  10182 : 011101111010 ; -- R:7 G:7 B:A
  10183 : 011101111010 ; -- R:7 G:7 B:A
  10184 : 011101111010 ; -- R:7 G:7 B:A
  10185 : 011101111010 ; -- R:7 G:7 B:A
  10186 : 011101111010 ; -- R:7 G:7 B:A
  10187 : 011101111010 ; -- R:7 G:7 B:A
  10188 : 011101111010 ; -- R:7 G:7 B:A
  10189 : 011101111010 ; -- R:7 G:7 B:A
  10190 : 011101111010 ; -- R:7 G:7 B:A
  10191 : 011101111010 ; -- R:7 G:7 B:A
  10192 : 011101111010 ; -- R:7 G:7 B:A
  10193 : 011101111010 ; -- R:7 G:7 B:A
  10194 : 011101111010 ; -- R:7 G:7 B:A
  10195 : 011101111011 ; -- R:7 G:7 B:B
  10196 : 011110001011 ; -- R:7 G:8 B:B
  10197 : 011110001011 ; -- R:7 G:8 B:B
  10198 : 011110001011 ; -- R:7 G:8 B:B
  10199 : 011110011100 ; -- R:7 G:9 B:C
  10200 : 011110011100 ; -- R:7 G:9 B:C
  10201 : 011110011100 ; -- R:7 G:9 B:C
  10202 : 011110011100 ; -- R:7 G:9 B:C
  10203 : 011110011100 ; -- R:7 G:9 B:C
  10204 : 011110011100 ; -- R:7 G:9 B:C
  10205 : 011110011100 ; -- R:7 G:9 B:C
  10206 : 011110011100 ; -- R:7 G:9 B:C
  10207 : 011110011100 ; -- R:7 G:9 B:C
  10208 : 011110011100 ; -- R:7 G:9 B:C
  10209 : 011110011100 ; -- R:7 G:9 B:C
  10210 : 011110011100 ; -- R:7 G:9 B:C
  10211 : 011110011100 ; -- R:7 G:9 B:C
  10212 : 011110011100 ; -- R:7 G:9 B:C
  10213 : 011110011100 ; -- R:7 G:9 B:C
  10214 : 011110011100 ; -- R:7 G:9 B:C
  10215 : 011110011100 ; -- R:7 G:9 B:C
  10216 : 011110011100 ; -- R:7 G:9 B:C
  10217 : 011110011100 ; -- R:7 G:9 B:C
  10218 : 011110011100 ; -- R:7 G:9 B:C
  10219 : 011110011100 ; -- R:7 G:9 B:C
  10220 : 011110011100 ; -- R:7 G:9 B:C
  10221 : 011110011100 ; -- R:7 G:9 B:C
  10222 : 011110011100 ; -- R:7 G:9 B:C
  10223 : 011110011100 ; -- R:7 G:9 B:C
  10224 : 011110011100 ; -- R:7 G:9 B:C
  10225 : 011110011100 ; -- R:7 G:9 B:C
  10226 : 011110011100 ; -- R:7 G:9 B:C
  10227 : 011110011100 ; -- R:7 G:9 B:C
  10228 : 011110011100 ; -- R:7 G:9 B:C
  10229 : 011110011100 ; -- R:7 G:9 B:C
  10230 : 011110011100 ; -- R:7 G:9 B:C
  10231 : 011110011100 ; -- R:7 G:9 B:C
  10232 : 011110011100 ; -- R:7 G:9 B:C
  10233 : 011110011100 ; -- R:7 G:9 B:C
  10234 : 011110011100 ; -- R:7 G:9 B:C
  10235 : 011110011100 ; -- R:7 G:9 B:C
  10236 : 011110011100 ; -- R:7 G:9 B:C
  10237 : 011110011100 ; -- R:7 G:9 B:C
  10238 : 011110011100 ; -- R:7 G:9 B:C
  10239 : 011110011100 ; -- R:7 G:9 B:C
  10240 : 011110011100 ; -- R:7 G:9 B:C
  10241 : 011110011100 ; -- R:7 G:9 B:C
  10242 : 011010011100 ; -- R:6 G:9 B:C
  10243 : 100110001100 ; -- R:9 G:8 B:C
  10244 : 011110011100 ; -- R:7 G:9 B:C
  10245 : 011110011100 ; -- R:7 G:9 B:C
  10246 : 011110011100 ; -- R:7 G:9 B:C
  10247 : 011110011100 ; -- R:7 G:9 B:C
  10248 : 011110011100 ; -- R:7 G:9 B:C
  10249 : 011110011100 ; -- R:7 G:9 B:C
  10250 : 011110011100 ; -- R:7 G:9 B:C
  10251 : 011110011100 ; -- R:7 G:9 B:C
  10252 : 011110011100 ; -- R:7 G:9 B:C
  10253 : 011110011100 ; -- R:7 G:9 B:C
  10254 : 011110011100 ; -- R:7 G:9 B:C
  10255 : 011110011100 ; -- R:7 G:9 B:C
  10256 : 011110011100 ; -- R:7 G:9 B:C
  10257 : 011110011100 ; -- R:7 G:9 B:C
  10258 : 011110011100 ; -- R:7 G:9 B:C
  10259 : 011110011100 ; -- R:7 G:9 B:C
  10260 : 011110011100 ; -- R:7 G:9 B:C
  10261 : 011110011100 ; -- R:7 G:9 B:C
  10262 : 011110011100 ; -- R:7 G:9 B:C
  10263 : 011110011100 ; -- R:7 G:9 B:C
  10264 : 011110011100 ; -- R:7 G:9 B:C
  10265 : 011110011100 ; -- R:7 G:9 B:C
  10266 : 011110011100 ; -- R:7 G:9 B:C
  10267 : 011110011100 ; -- R:7 G:9 B:C
  10268 : 011110011100 ; -- R:7 G:9 B:C
  10269 : 011110011100 ; -- R:7 G:9 B:C
  10270 : 011110011100 ; -- R:7 G:9 B:C
  10271 : 011110011100 ; -- R:7 G:9 B:C
  10272 : 011110011100 ; -- R:7 G:9 B:C
  10273 : 011110011100 ; -- R:7 G:9 B:C
  10274 : 011110011100 ; -- R:7 G:9 B:C
  10275 : 011110011100 ; -- R:7 G:9 B:C
  10276 : 011110001011 ; -- R:7 G:8 B:B
  10277 : 011110001011 ; -- R:7 G:8 B:B
  10278 : 011101111011 ; -- R:7 G:7 B:B
  10279 : 011101111010 ; -- R:7 G:7 B:A
  10280 : 011101111010 ; -- R:7 G:7 B:A
  10281 : 011101111010 ; -- R:7 G:7 B:A
  10282 : 011101111011 ; -- R:7 G:7 B:B
  10283 : 011101111011 ; -- R:7 G:7 B:B
  10284 : 011101111011 ; -- R:7 G:7 B:B
  10285 : 011101111011 ; -- R:7 G:7 B:B
  10286 : 011101111011 ; -- R:7 G:7 B:B
  10287 : 011101111011 ; -- R:7 G:7 B:B
  10288 : 011101111011 ; -- R:7 G:7 B:B
  10289 : 011101111011 ; -- R:7 G:7 B:B
  10290 : 011101111011 ; -- R:7 G:7 B:B
  10291 : 011101111011 ; -- R:7 G:7 B:B
  10292 : 011101111011 ; -- R:7 G:7 B:B
  10293 : 011101111011 ; -- R:7 G:7 B:B
  10294 : 011101111011 ; -- R:7 G:7 B:B
  10295 : 011101111011 ; -- R:7 G:7 B:B
  10296 : 011101111011 ; -- R:7 G:7 B:B
  10297 : 011101111011 ; -- R:7 G:7 B:B
  10298 : 011101111011 ; -- R:7 G:7 B:B
  10299 : 011101111011 ; -- R:7 G:7 B:B
  10300 : 011101111011 ; -- R:7 G:7 B:B
  10301 : 011101111011 ; -- R:7 G:7 B:B
  10302 : 011101111011 ; -- R:7 G:7 B:B
  10303 : 011101111011 ; -- R:7 G:7 B:B
  10304 : 011101111011 ; -- R:7 G:7 B:B
  10305 : 011101111011 ; -- R:7 G:7 B:B
  10306 : 011101111011 ; -- R:7 G:7 B:B
  10307 : 011101111011 ; -- R:7 G:7 B:B
  10308 : 011101111010 ; -- R:7 G:7 B:A
  10309 : 011101111010 ; -- R:7 G:7 B:A
  10310 : 011101111010 ; -- R:7 G:7 B:A
  10311 : 011101111010 ; -- R:7 G:7 B:A
  10312 : 011101111010 ; -- R:7 G:7 B:A
  10313 : 011101111011 ; -- R:7 G:7 B:B
  10314 : 011110001011 ; -- R:7 G:8 B:B
  10315 : 011110001011 ; -- R:7 G:8 B:B
  10316 : 011110011100 ; -- R:7 G:9 B:C
  10317 : 011110011100 ; -- R:7 G:9 B:C
  10318 : 011110011100 ; -- R:7 G:9 B:C
  10319 : 011110011100 ; -- R:7 G:9 B:C
  10320 : 011110011100 ; -- R:7 G:9 B:C
  10321 : 011110011100 ; -- R:7 G:9 B:C
  10322 : 011110011100 ; -- R:7 G:9 B:C
  10323 : 011110011100 ; -- R:7 G:9 B:C
  10324 : 011110011100 ; -- R:7 G:9 B:C
  10325 : 011110011100 ; -- R:7 G:9 B:C
  10326 : 011110011100 ; -- R:7 G:9 B:C
  10327 : 011110011100 ; -- R:7 G:9 B:C
  10328 : 011110011100 ; -- R:7 G:9 B:C
  10329 : 011110011100 ; -- R:7 G:9 B:C
  10330 : 011110011100 ; -- R:7 G:9 B:C
  10331 : 011110001011 ; -- R:7 G:8 B:B
  10332 : 011110001011 ; -- R:7 G:8 B:B
  10333 : 011101111011 ; -- R:7 G:7 B:B
  10334 : 011101111010 ; -- R:7 G:7 B:A
  10335 : 011101111010 ; -- R:7 G:7 B:A
  10336 : 011101111010 ; -- R:7 G:7 B:A
  10337 : 011101111010 ; -- R:7 G:7 B:A
  10338 : 011101111011 ; -- R:7 G:7 B:B
  10339 : 011101111011 ; -- R:7 G:7 B:B
  10340 : 011101111011 ; -- R:7 G:7 B:B
  10341 : 011101111011 ; -- R:7 G:7 B:B
  10342 : 011101111011 ; -- R:7 G:7 B:B
  10343 : 011101111011 ; -- R:7 G:7 B:B
  10344 : 011101111011 ; -- R:7 G:7 B:B
  10345 : 011101111011 ; -- R:7 G:7 B:B
  10346 : 011101111011 ; -- R:7 G:7 B:B
  10347 : 011101111011 ; -- R:7 G:7 B:B
  10348 : 011101111011 ; -- R:7 G:7 B:B
  10349 : 011101111011 ; -- R:7 G:7 B:B
  10350 : 011101111011 ; -- R:7 G:7 B:B
  10351 : 011101111011 ; -- R:7 G:7 B:B
  10352 : 011101111011 ; -- R:7 G:7 B:B
  10353 : 011101111011 ; -- R:7 G:7 B:B
  10354 : 011101111011 ; -- R:7 G:7 B:B
  10355 : 011101111010 ; -- R:7 G:7 B:A
  10356 : 011101111010 ; -- R:7 G:7 B:A
  10357 : 011101111010 ; -- R:7 G:7 B:A
  10358 : 011101111010 ; -- R:7 G:7 B:A
  10359 : 011101111011 ; -- R:7 G:7 B:B
  10360 : 011110001011 ; -- R:7 G:8 B:B
  10361 : 011110001011 ; -- R:7 G:8 B:B
  10362 : 011110011100 ; -- R:7 G:9 B:C
  10363 : 011110011100 ; -- R:7 G:9 B:C
  10364 : 011110011100 ; -- R:7 G:9 B:C
  10365 : 011110011100 ; -- R:7 G:9 B:C
  10366 : 011110011100 ; -- R:7 G:9 B:C
  10367 : 011110011100 ; -- R:7 G:9 B:C
  10368 : 011110011100 ; -- R:7 G:9 B:C
  10369 : 011110011100 ; -- R:7 G:9 B:C
  10370 : 011110011100 ; -- R:7 G:9 B:C
  10371 : 011110011100 ; -- R:7 G:9 B:C
  10372 : 011110011100 ; -- R:7 G:9 B:C
  10373 : 011110011100 ; -- R:7 G:9 B:C
  10374 : 011110011100 ; -- R:7 G:9 B:C
  10375 : 011110011100 ; -- R:7 G:9 B:C
  10376 : 011110011100 ; -- R:7 G:9 B:C
  10377 : 011110011100 ; -- R:7 G:9 B:C
  10378 : 011110011100 ; -- R:7 G:9 B:C
  10379 : 011110011100 ; -- R:7 G:9 B:C
  10380 : 011110011100 ; -- R:7 G:9 B:C
  10381 : 011110011100 ; -- R:7 G:9 B:C
  10382 : 011110011100 ; -- R:7 G:9 B:C
  10383 : 011110011100 ; -- R:7 G:9 B:C
  10384 : 011110011100 ; -- R:7 G:9 B:C
  10385 : 011110011100 ; -- R:7 G:9 B:C
  10386 : 011110011100 ; -- R:7 G:9 B:C
  10387 : 011110011100 ; -- R:7 G:9 B:C
  10388 : 011110011100 ; -- R:7 G:9 B:C
  10389 : 011110011100 ; -- R:7 G:9 B:C
  10390 : 011110011100 ; -- R:7 G:9 B:C
  10391 : 011110011100 ; -- R:7 G:9 B:C
  10392 : 011110011100 ; -- R:7 G:9 B:C
  10393 : 011110011100 ; -- R:7 G:9 B:C
  10394 : 011110011100 ; -- R:7 G:9 B:C
  10395 : 011110011100 ; -- R:7 G:9 B:C
  10396 : 011110011100 ; -- R:7 G:9 B:C
  10397 : 011110011100 ; -- R:7 G:9 B:C
  10398 : 011110011100 ; -- R:7 G:9 B:C
  10399 : 011110011100 ; -- R:7 G:9 B:C
  10400 : 011110001011 ; -- R:7 G:8 B:B
  10401 : 011110011100 ; -- R:7 G:9 B:C
  10402 : 011110011100 ; -- R:7 G:9 B:C
  10403 : 011010011100 ; -- R:6 G:9 B:C
  10404 : 011110011100 ; -- R:7 G:9 B:C
  10405 : 011110011100 ; -- R:7 G:9 B:C
  10406 : 011110011100 ; -- R:7 G:9 B:C
  10407 : 011110011100 ; -- R:7 G:9 B:C
  10408 : 011110011100 ; -- R:7 G:9 B:C
  10409 : 011110011100 ; -- R:7 G:9 B:C
  10410 : 011110001011 ; -- R:7 G:8 B:B
  10411 : 011110001011 ; -- R:7 G:8 B:B
  10412 : 011110001011 ; -- R:7 G:8 B:B
  10413 : 011101111011 ; -- R:7 G:7 B:B
  10414 : 011101111011 ; -- R:7 G:7 B:B
  10415 : 011101111011 ; -- R:7 G:7 B:B
  10416 : 011101111011 ; -- R:7 G:7 B:B
  10417 : 011101111011 ; -- R:7 G:7 B:B
  10418 : 011101111011 ; -- R:7 G:7 B:B
  10419 : 011101111011 ; -- R:7 G:7 B:B
  10420 : 011110001011 ; -- R:7 G:8 B:B
  10421 : 011110001011 ; -- R:7 G:8 B:B
  10422 : 011110001011 ; -- R:7 G:8 B:B
  10423 : 011110011100 ; -- R:7 G:9 B:C
  10424 : 011110011100 ; -- R:7 G:9 B:C
  10425 : 011110011100 ; -- R:7 G:9 B:C
  10426 : 011110011100 ; -- R:7 G:9 B:C
  10427 : 011110011100 ; -- R:7 G:9 B:C
  10428 : 011110011100 ; -- R:7 G:9 B:C
  10429 : 011110011100 ; -- R:7 G:9 B:C
  10430 : 011110011100 ; -- R:7 G:9 B:C
  10431 : 011110011100 ; -- R:7 G:9 B:C
  10432 : 011110011100 ; -- R:7 G:9 B:C
  10433 : 011110001011 ; -- R:7 G:8 B:B
  10434 : 011110001011 ; -- R:7 G:8 B:B
  10435 : 011101111011 ; -- R:7 G:7 B:B
  10436 : 011101111010 ; -- R:7 G:7 B:A
  10437 : 011101111010 ; -- R:7 G:7 B:A
  10438 : 011101111011 ; -- R:7 G:7 B:B
  10439 : 011101111011 ; -- R:7 G:7 B:B
  10440 : 011101111011 ; -- R:7 G:7 B:B
  10441 : 011101111011 ; -- R:7 G:7 B:B
  10442 : 011101111011 ; -- R:7 G:7 B:B
  10443 : 011101111011 ; -- R:7 G:7 B:B
  10444 : 011101111011 ; -- R:7 G:7 B:B
  10445 : 011101111011 ; -- R:7 G:7 B:B
  10446 : 011101111011 ; -- R:7 G:7 B:B
  10447 : 011101111011 ; -- R:7 G:7 B:B
  10448 : 011101111011 ; -- R:7 G:7 B:B
  10449 : 011101111011 ; -- R:7 G:7 B:B
  10450 : 011101111011 ; -- R:7 G:7 B:B
  10451 : 011101111011 ; -- R:7 G:7 B:B
  10452 : 011101111011 ; -- R:7 G:7 B:B
  10453 : 011101111011 ; -- R:7 G:7 B:B
  10454 : 011101111011 ; -- R:7 G:7 B:B
  10455 : 011101111011 ; -- R:7 G:7 B:B
  10456 : 011101111011 ; -- R:7 G:7 B:B
  10457 : 011101111011 ; -- R:7 G:7 B:B
  10458 : 011101111011 ; -- R:7 G:7 B:B
  10459 : 011101111011 ; -- R:7 G:7 B:B
  10460 : 011101111011 ; -- R:7 G:7 B:B
  10461 : 011101111011 ; -- R:7 G:7 B:B
  10462 : 011101111011 ; -- R:7 G:7 B:B
  10463 : 011101111011 ; -- R:7 G:7 B:B
  10464 : 011101111011 ; -- R:7 G:7 B:B
  10465 : 011101111011 ; -- R:7 G:7 B:B
  10466 : 011101111011 ; -- R:7 G:7 B:B
  10467 : 011101111011 ; -- R:7 G:7 B:B
  10468 : 011101111011 ; -- R:7 G:7 B:B
  10469 : 011101111011 ; -- R:7 G:7 B:B
  10470 : 011101111011 ; -- R:7 G:7 B:B
  10471 : 011101111011 ; -- R:7 G:7 B:B
  10472 : 011101111011 ; -- R:7 G:7 B:B
  10473 : 011101111010 ; -- R:7 G:7 B:A
  10474 : 011101111010 ; -- R:7 G:7 B:A
  10475 : 011101111010 ; -- R:7 G:7 B:A
  10476 : 011101111011 ; -- R:7 G:7 B:B
  10477 : 011110001011 ; -- R:7 G:8 B:B
  10478 : 011110001011 ; -- R:7 G:8 B:B
  10479 : 011110011100 ; -- R:7 G:9 B:C
  10480 : 011110011100 ; -- R:7 G:9 B:C
  10481 : 011110011100 ; -- R:7 G:9 B:C
  10482 : 011110011100 ; -- R:7 G:9 B:C
  10483 : 011110011100 ; -- R:7 G:9 B:C
  10484 : 011110011100 ; -- R:7 G:9 B:C
  10485 : 011110011100 ; -- R:7 G:9 B:C
  10486 : 011110011100 ; -- R:7 G:9 B:C
  10487 : 011110011100 ; -- R:7 G:9 B:C
  10488 : 011110011100 ; -- R:7 G:9 B:C
  10489 : 011110001011 ; -- R:7 G:8 B:B
  10490 : 011101111011 ; -- R:7 G:7 B:B
  10491 : 011101111010 ; -- R:7 G:7 B:A
  10492 : 011101111010 ; -- R:7 G:7 B:A
  10493 : 011101111011 ; -- R:7 G:7 B:B
  10494 : 011101111011 ; -- R:7 G:7 B:B
  10495 : 011101111011 ; -- R:7 G:7 B:B
  10496 : 011101111011 ; -- R:7 G:7 B:B
  10497 : 011101111011 ; -- R:7 G:7 B:B
  10498 : 011101111011 ; -- R:7 G:7 B:B
  10499 : 011101111011 ; -- R:7 G:7 B:B
  10500 : 011101111011 ; -- R:7 G:7 B:B
  10501 : 011101111011 ; -- R:7 G:7 B:B
  10502 : 011101111011 ; -- R:7 G:7 B:B
  10503 : 011101111011 ; -- R:7 G:7 B:B
  10504 : 011101111011 ; -- R:7 G:7 B:B
  10505 : 011101111011 ; -- R:7 G:7 B:B
  10506 : 011101111011 ; -- R:7 G:7 B:B
  10507 : 011101111011 ; -- R:7 G:7 B:B
  10508 : 011101111011 ; -- R:7 G:7 B:B
  10509 : 011101111011 ; -- R:7 G:7 B:B
  10510 : 011101111011 ; -- R:7 G:7 B:B
  10511 : 011101111011 ; -- R:7 G:7 B:B
  10512 : 011101111011 ; -- R:7 G:7 B:B
  10513 : 011101111011 ; -- R:7 G:7 B:B
  10514 : 011101111011 ; -- R:7 G:7 B:B
  10515 : 011101111011 ; -- R:7 G:7 B:B
  10516 : 011101111011 ; -- R:7 G:7 B:B
  10517 : 011101111011 ; -- R:7 G:7 B:B
  10518 : 011101111011 ; -- R:7 G:7 B:B
  10519 : 011101111011 ; -- R:7 G:7 B:B
  10520 : 011101111010 ; -- R:7 G:7 B:A
  10521 : 011101111010 ; -- R:7 G:7 B:A
  10522 : 011101111011 ; -- R:7 G:7 B:B
  10523 : 011110001011 ; -- R:7 G:8 B:B
  10524 : 011110011100 ; -- R:7 G:9 B:C
  10525 : 011110011100 ; -- R:7 G:9 B:C
  10526 : 011110011100 ; -- R:7 G:9 B:C
  10527 : 011110011100 ; -- R:7 G:9 B:C
  10528 : 011110011100 ; -- R:7 G:9 B:C
  10529 : 011110011100 ; -- R:7 G:9 B:C
  10530 : 011110011100 ; -- R:7 G:9 B:C
  10531 : 011110011100 ; -- R:7 G:9 B:C
  10532 : 011110011100 ; -- R:7 G:9 B:C
  10533 : 011110011100 ; -- R:7 G:9 B:C
  10534 : 011110011100 ; -- R:7 G:9 B:C
  10535 : 011110011100 ; -- R:7 G:9 B:C
  10536 : 011110011100 ; -- R:7 G:9 B:C
  10537 : 011110011100 ; -- R:7 G:9 B:C
  10538 : 011110011100 ; -- R:7 G:9 B:C
  10539 : 011110011100 ; -- R:7 G:9 B:C
  10540 : 011110011100 ; -- R:7 G:9 B:C
  10541 : 011110001011 ; -- R:7 G:8 B:B
  10542 : 011110001011 ; -- R:7 G:8 B:B
  10543 : 011110001011 ; -- R:7 G:8 B:B
  10544 : 011110001011 ; -- R:7 G:8 B:B
  10545 : 011101111011 ; -- R:7 G:7 B:B
  10546 : 011101111011 ; -- R:7 G:7 B:B
  10547 : 011101111011 ; -- R:7 G:7 B:B
  10548 : 011101111011 ; -- R:7 G:7 B:B
  10549 : 011101111011 ; -- R:7 G:7 B:B
  10550 : 011101111011 ; -- R:7 G:7 B:B
  10551 : 011110001011 ; -- R:7 G:8 B:B
  10552 : 011110001011 ; -- R:7 G:8 B:B
  10553 : 011110001011 ; -- R:7 G:8 B:B
  10554 : 011110001011 ; -- R:7 G:8 B:B
  10555 : 011110011100 ; -- R:7 G:9 B:C
  10556 : 011110011100 ; -- R:7 G:9 B:C
  10557 : 011110011100 ; -- R:7 G:9 B:C
  10558 : 011110011100 ; -- R:7 G:9 B:C
  10559 : 011110011100 ; -- R:7 G:9 B:C
  10560 : 011101111010 ; -- R:7 G:7 B:A
  10561 : 011110001011 ; -- R:7 G:8 B:B
  10562 : 011110011100 ; -- R:7 G:9 B:C
  10563 : 011110011100 ; -- R:7 G:9 B:C
  10564 : 011110011100 ; -- R:7 G:9 B:C
  10565 : 011110011100 ; -- R:7 G:9 B:C
  10566 : 011110011100 ; -- R:7 G:9 B:C
  10567 : 011110001011 ; -- R:7 G:8 B:B
  10568 : 011110001011 ; -- R:7 G:8 B:B
  10569 : 011101111011 ; -- R:7 G:7 B:B
  10570 : 011101111010 ; -- R:7 G:7 B:A
  10571 : 011101111010 ; -- R:7 G:7 B:A
  10572 : 011101111010 ; -- R:7 G:7 B:A
  10573 : 011101111010 ; -- R:7 G:7 B:A
  10574 : 011101111010 ; -- R:7 G:7 B:A
  10575 : 011101111011 ; -- R:7 G:7 B:B
  10576 : 011101111011 ; -- R:7 G:7 B:B
  10577 : 011101111011 ; -- R:7 G:7 B:B
  10578 : 011101111011 ; -- R:7 G:7 B:B
  10579 : 011101111010 ; -- R:7 G:7 B:A
  10580 : 011101111010 ; -- R:7 G:7 B:A
  10581 : 011101111010 ; -- R:7 G:7 B:A
  10582 : 011101111010 ; -- R:7 G:7 B:A
  10583 : 011101111011 ; -- R:7 G:7 B:B
  10584 : 011110001011 ; -- R:7 G:8 B:B
  10585 : 011110001011 ; -- R:7 G:8 B:B
  10586 : 011110011100 ; -- R:7 G:9 B:C
  10587 : 011110011100 ; -- R:7 G:9 B:C
  10588 : 011110011100 ; -- R:7 G:9 B:C
  10589 : 011110011100 ; -- R:7 G:9 B:C
  10590 : 011110011100 ; -- R:7 G:9 B:C
  10591 : 011110001011 ; -- R:7 G:8 B:B
  10592 : 011101111011 ; -- R:7 G:7 B:B
  10593 : 011101111010 ; -- R:7 G:7 B:A
  10594 : 011101111010 ; -- R:7 G:7 B:A
  10595 : 011101111011 ; -- R:7 G:7 B:B
  10596 : 011101111011 ; -- R:7 G:7 B:B
  10597 : 011101111011 ; -- R:7 G:7 B:B
  10598 : 011101111011 ; -- R:7 G:7 B:B
  10599 : 011101111011 ; -- R:7 G:7 B:B
  10600 : 011101111011 ; -- R:7 G:7 B:B
  10601 : 011101111011 ; -- R:7 G:7 B:B
  10602 : 011101111011 ; -- R:7 G:7 B:B
  10603 : 011101111011 ; -- R:7 G:7 B:B
  10604 : 011101111011 ; -- R:7 G:7 B:B
  10605 : 011101111011 ; -- R:7 G:7 B:B
  10606 : 011101111011 ; -- R:7 G:7 B:B
  10607 : 011101111011 ; -- R:7 G:7 B:B
  10608 : 011101111011 ; -- R:7 G:7 B:B
  10609 : 011101111011 ; -- R:7 G:7 B:B
  10610 : 011101111011 ; -- R:7 G:7 B:B
  10611 : 011101111011 ; -- R:7 G:7 B:B
  10612 : 011101111011 ; -- R:7 G:7 B:B
  10613 : 011101111011 ; -- R:7 G:7 B:B
  10614 : 011101111011 ; -- R:7 G:7 B:B
  10615 : 011101111011 ; -- R:7 G:7 B:B
  10616 : 011101111011 ; -- R:7 G:7 B:B
  10617 : 011101111011 ; -- R:7 G:7 B:B
  10618 : 011101111011 ; -- R:7 G:7 B:B
  10619 : 011101111011 ; -- R:7 G:7 B:B
  10620 : 011101111011 ; -- R:7 G:7 B:B
  10621 : 011101111011 ; -- R:7 G:7 B:B
  10622 : 011101111011 ; -- R:7 G:7 B:B
  10623 : 011101111011 ; -- R:7 G:7 B:B
  10624 : 011101111011 ; -- R:7 G:7 B:B
  10625 : 011101111011 ; -- R:7 G:7 B:B
  10626 : 011101111011 ; -- R:7 G:7 B:B
  10627 : 011101111011 ; -- R:7 G:7 B:B
  10628 : 011101111011 ; -- R:7 G:7 B:B
  10629 : 011101111011 ; -- R:7 G:7 B:B
  10630 : 011101111011 ; -- R:7 G:7 B:B
  10631 : 011101111011 ; -- R:7 G:7 B:B
  10632 : 011101111011 ; -- R:7 G:7 B:B
  10633 : 011101111011 ; -- R:7 G:7 B:B
  10634 : 011101111011 ; -- R:7 G:7 B:B
  10635 : 011101111011 ; -- R:7 G:7 B:B
  10636 : 011101111011 ; -- R:7 G:7 B:B
  10637 : 011101111010 ; -- R:7 G:7 B:A
  10638 : 011101111010 ; -- R:7 G:7 B:A
  10639 : 011101111011 ; -- R:7 G:7 B:B
  10640 : 011110001011 ; -- R:7 G:8 B:B
  10641 : 011110001011 ; -- R:7 G:8 B:B
  10642 : 011110011100 ; -- R:7 G:9 B:C
  10643 : 011110011100 ; -- R:7 G:9 B:C
  10644 : 011110011100 ; -- R:7 G:9 B:C
  10645 : 011110011100 ; -- R:7 G:9 B:C
  10646 : 011110011100 ; -- R:7 G:9 B:C
  10647 : 011110001011 ; -- R:7 G:8 B:B
  10648 : 011101111011 ; -- R:7 G:7 B:B
  10649 : 011101111010 ; -- R:7 G:7 B:A
  10650 : 011101111010 ; -- R:7 G:7 B:A
  10651 : 011101111011 ; -- R:7 G:7 B:B
  10652 : 011101111011 ; -- R:7 G:7 B:B
  10653 : 011101111011 ; -- R:7 G:7 B:B
  10654 : 011101111011 ; -- R:7 G:7 B:B
  10655 : 011101111011 ; -- R:7 G:7 B:B
  10656 : 011101111011 ; -- R:7 G:7 B:B
  10657 : 011101111011 ; -- R:7 G:7 B:B
  10658 : 011101111011 ; -- R:7 G:7 B:B
  10659 : 011101111011 ; -- R:7 G:7 B:B
  10660 : 011101111011 ; -- R:7 G:7 B:B
  10661 : 011101111011 ; -- R:7 G:7 B:B
  10662 : 011101111011 ; -- R:7 G:7 B:B
  10663 : 011101111011 ; -- R:7 G:7 B:B
  10664 : 011101111011 ; -- R:7 G:7 B:B
  10665 : 011101111011 ; -- R:7 G:7 B:B
  10666 : 011101111011 ; -- R:7 G:7 B:B
  10667 : 011101111011 ; -- R:7 G:7 B:B
  10668 : 011101111011 ; -- R:7 G:7 B:B
  10669 : 011101111011 ; -- R:7 G:7 B:B
  10670 : 011101111011 ; -- R:7 G:7 B:B
  10671 : 011101111011 ; -- R:7 G:7 B:B
  10672 : 011101111011 ; -- R:7 G:7 B:B
  10673 : 011101111010 ; -- R:7 G:7 B:A
  10674 : 011101111010 ; -- R:7 G:7 B:A
  10675 : 011101111010 ; -- R:7 G:7 B:A
  10676 : 011101111010 ; -- R:7 G:7 B:A
  10677 : 011101111011 ; -- R:7 G:7 B:B
  10678 : 011101111011 ; -- R:7 G:7 B:B
  10679 : 011101111011 ; -- R:7 G:7 B:B
  10680 : 011101111011 ; -- R:7 G:7 B:B
  10681 : 011101111011 ; -- R:7 G:7 B:B
  10682 : 011101111010 ; -- R:7 G:7 B:A
  10683 : 011101111010 ; -- R:7 G:7 B:A
  10684 : 011101111011 ; -- R:7 G:7 B:B
  10685 : 011110001011 ; -- R:7 G:8 B:B
  10686 : 011110011100 ; -- R:7 G:9 B:C
  10687 : 011110011100 ; -- R:7 G:9 B:C
  10688 : 011110011100 ; -- R:7 G:9 B:C
  10689 : 011110011100 ; -- R:7 G:9 B:C
  10690 : 011110011100 ; -- R:7 G:9 B:C
  10691 : 011110011100 ; -- R:7 G:9 B:C
  10692 : 011110011100 ; -- R:7 G:9 B:C
  10693 : 011110011100 ; -- R:7 G:9 B:C
  10694 : 011110011100 ; -- R:7 G:9 B:C
  10695 : 011110011100 ; -- R:7 G:9 B:C
  10696 : 011110011100 ; -- R:7 G:9 B:C
  10697 : 011110011100 ; -- R:7 G:9 B:C
  10698 : 011110001011 ; -- R:7 G:8 B:B
  10699 : 011101111011 ; -- R:7 G:7 B:B
  10700 : 011101111010 ; -- R:7 G:7 B:A
  10701 : 011101111010 ; -- R:7 G:7 B:A
  10702 : 011101111010 ; -- R:7 G:7 B:A
  10703 : 011101111010 ; -- R:7 G:7 B:A
  10704 : 011101111010 ; -- R:7 G:7 B:A
  10705 : 011101111010 ; -- R:7 G:7 B:A
  10706 : 011101111010 ; -- R:7 G:7 B:A
  10707 : 011101111011 ; -- R:7 G:7 B:B
  10708 : 011101111011 ; -- R:7 G:7 B:B
  10709 : 011101111010 ; -- R:7 G:7 B:A
  10710 : 011101111010 ; -- R:7 G:7 B:A
  10711 : 011101111010 ; -- R:7 G:7 B:A
  10712 : 011101111010 ; -- R:7 G:7 B:A
  10713 : 011101111010 ; -- R:7 G:7 B:A
  10714 : 011101111010 ; -- R:7 G:7 B:A
  10715 : 011101111010 ; -- R:7 G:7 B:A
  10716 : 011101111011 ; -- R:7 G:7 B:B
  10717 : 011110001011 ; -- R:7 G:8 B:B
  10718 : 011110001011 ; -- R:7 G:8 B:B
  10719 : 011110011100 ; -- R:7 G:9 B:C
  10720 : 011101111011 ; -- R:7 G:7 B:B
  10721 : 011101111010 ; -- R:7 G:7 B:A
  10722 : 011101111010 ; -- R:7 G:7 B:A
  10723 : 011110001011 ; -- R:7 G:8 B:B
  10724 : 011110011100 ; -- R:7 G:9 B:C
  10725 : 011110001011 ; -- R:7 G:8 B:B
  10726 : 011101111011 ; -- R:7 G:7 B:B
  10727 : 011101111010 ; -- R:7 G:7 B:A
  10728 : 011101111010 ; -- R:7 G:7 B:A
  10729 : 011101111010 ; -- R:7 G:7 B:A
  10730 : 011101111011 ; -- R:7 G:7 B:B
  10731 : 011101111011 ; -- R:7 G:7 B:B
  10732 : 011101111011 ; -- R:7 G:7 B:B
  10733 : 011101111011 ; -- R:7 G:7 B:B
  10734 : 011101111011 ; -- R:7 G:7 B:B
  10735 : 011101111011 ; -- R:7 G:7 B:B
  10736 : 011101111011 ; -- R:7 G:7 B:B
  10737 : 011101111011 ; -- R:7 G:7 B:B
  10738 : 011101111011 ; -- R:7 G:7 B:B
  10739 : 011101111011 ; -- R:7 G:7 B:B
  10740 : 011101111011 ; -- R:7 G:7 B:B
  10741 : 011101111011 ; -- R:7 G:7 B:B
  10742 : 011101111011 ; -- R:7 G:7 B:B
  10743 : 011101111011 ; -- R:7 G:7 B:B
  10744 : 011101111010 ; -- R:7 G:7 B:A
  10745 : 011101111010 ; -- R:7 G:7 B:A
  10746 : 011101111011 ; -- R:7 G:7 B:B
  10747 : 011110001011 ; -- R:7 G:8 B:B
  10748 : 011110011100 ; -- R:7 G:9 B:C
  10749 : 011110001011 ; -- R:7 G:8 B:B
  10750 : 011101111011 ; -- R:7 G:7 B:B
  10751 : 011101111010 ; -- R:7 G:7 B:A
  10752 : 011101111010 ; -- R:7 G:7 B:A
  10753 : 011101111011 ; -- R:7 G:7 B:B
  10754 : 011101111011 ; -- R:7 G:7 B:B
  10755 : 011101111011 ; -- R:7 G:7 B:B
  10756 : 011101111011 ; -- R:7 G:7 B:B
  10757 : 011101111011 ; -- R:7 G:7 B:B
  10758 : 011101111011 ; -- R:7 G:7 B:B
  10759 : 011101111011 ; -- R:7 G:7 B:B
  10760 : 011101111011 ; -- R:7 G:7 B:B
  10761 : 011101111011 ; -- R:7 G:7 B:B
  10762 : 011101111011 ; -- R:7 G:7 B:B
  10763 : 011101111011 ; -- R:7 G:7 B:B
  10764 : 011101111011 ; -- R:7 G:7 B:B
  10765 : 011101111011 ; -- R:7 G:7 B:B
  10766 : 011101111011 ; -- R:7 G:7 B:B
  10767 : 011101111011 ; -- R:7 G:7 B:B
  10768 : 011101111011 ; -- R:7 G:7 B:B
  10769 : 011101111011 ; -- R:7 G:7 B:B
  10770 : 011101111011 ; -- R:7 G:7 B:B
  10771 : 011101111011 ; -- R:7 G:7 B:B
  10772 : 011101111011 ; -- R:7 G:7 B:B
  10773 : 011101111011 ; -- R:7 G:7 B:B
  10774 : 011101111011 ; -- R:7 G:7 B:B
  10775 : 011101111011 ; -- R:7 G:7 B:B
  10776 : 011101111011 ; -- R:7 G:7 B:B
  10777 : 011101111011 ; -- R:7 G:7 B:B
  10778 : 011101111011 ; -- R:7 G:7 B:B
  10779 : 011101111011 ; -- R:7 G:7 B:B
  10780 : 011101111011 ; -- R:7 G:7 B:B
  10781 : 011101111011 ; -- R:7 G:7 B:B
  10782 : 011101111011 ; -- R:7 G:7 B:B
  10783 : 011101111011 ; -- R:7 G:7 B:B
  10784 : 011101111011 ; -- R:7 G:7 B:B
  10785 : 011101111011 ; -- R:7 G:7 B:B
  10786 : 011101111011 ; -- R:7 G:7 B:B
  10787 : 011101111011 ; -- R:7 G:7 B:B
  10788 : 011101111011 ; -- R:7 G:7 B:B
  10789 : 011101111011 ; -- R:7 G:7 B:B
  10790 : 011101111011 ; -- R:7 G:7 B:B
  10791 : 011101111011 ; -- R:7 G:7 B:B
  10792 : 011101111011 ; -- R:7 G:7 B:B
  10793 : 011101111011 ; -- R:7 G:7 B:B
  10794 : 011101111011 ; -- R:7 G:7 B:B
  10795 : 011101111011 ; -- R:7 G:7 B:B
  10796 : 011101111011 ; -- R:7 G:7 B:B
  10797 : 011101111011 ; -- R:7 G:7 B:B
  10798 : 011101111011 ; -- R:7 G:7 B:B
  10799 : 011101111011 ; -- R:7 G:7 B:B
  10800 : 011101111010 ; -- R:7 G:7 B:A
  10801 : 011101111010 ; -- R:7 G:7 B:A
  10802 : 011101111011 ; -- R:7 G:7 B:B
  10803 : 011110001011 ; -- R:7 G:8 B:B
  10804 : 011110011100 ; -- R:7 G:9 B:C
  10805 : 011110001011 ; -- R:7 G:8 B:B
  10806 : 011101111011 ; -- R:7 G:7 B:B
  10807 : 011101111010 ; -- R:7 G:7 B:A
  10808 : 011101111011 ; -- R:7 G:7 B:B
  10809 : 011101111011 ; -- R:7 G:7 B:B
  10810 : 011101111011 ; -- R:7 G:7 B:B
  10811 : 011101111011 ; -- R:7 G:7 B:B
  10812 : 011101111011 ; -- R:7 G:7 B:B
  10813 : 011101111011 ; -- R:7 G:7 B:B
  10814 : 011101111011 ; -- R:7 G:7 B:B
  10815 : 011101111011 ; -- R:7 G:7 B:B
  10816 : 011101111011 ; -- R:7 G:7 B:B
  10817 : 011101111011 ; -- R:7 G:7 B:B
  10818 : 011101111011 ; -- R:7 G:7 B:B
  10819 : 011101111011 ; -- R:7 G:7 B:B
  10820 : 011101111011 ; -- R:7 G:7 B:B
  10821 : 011101111011 ; -- R:7 G:7 B:B
  10822 : 011101111011 ; -- R:7 G:7 B:B
  10823 : 011101111011 ; -- R:7 G:7 B:B
  10824 : 011101111011 ; -- R:7 G:7 B:B
  10825 : 011101111011 ; -- R:7 G:7 B:B
  10826 : 011101111011 ; -- R:7 G:7 B:B
  10827 : 011101111011 ; -- R:7 G:7 B:B
  10828 : 011101111011 ; -- R:7 G:7 B:B
  10829 : 011101111011 ; -- R:7 G:7 B:B
  10830 : 011101111011 ; -- R:7 G:7 B:B
  10831 : 011101111011 ; -- R:7 G:7 B:B
  10832 : 011101111011 ; -- R:7 G:7 B:B
  10833 : 011101111011 ; -- R:7 G:7 B:B
  10834 : 011101111011 ; -- R:7 G:7 B:B
  10835 : 011101111011 ; -- R:7 G:7 B:B
  10836 : 011101111011 ; -- R:7 G:7 B:B
  10837 : 011101111011 ; -- R:7 G:7 B:B
  10838 : 011101111010 ; -- R:7 G:7 B:A
  10839 : 011101111011 ; -- R:7 G:7 B:B
  10840 : 011101111011 ; -- R:7 G:7 B:B
  10841 : 011101111011 ; -- R:7 G:7 B:B
  10842 : 011101111011 ; -- R:7 G:7 B:B
  10843 : 011101111011 ; -- R:7 G:7 B:B
  10844 : 011101111011 ; -- R:7 G:7 B:B
  10845 : 011101111010 ; -- R:7 G:7 B:A
  10846 : 011101111011 ; -- R:7 G:7 B:B
  10847 : 011110001011 ; -- R:7 G:8 B:B
  10848 : 011110011100 ; -- R:7 G:9 B:C
  10849 : 011110011100 ; -- R:7 G:9 B:C
  10850 : 011110011100 ; -- R:7 G:9 B:C
  10851 : 011110011100 ; -- R:7 G:9 B:C
  10852 : 011110011100 ; -- R:7 G:9 B:C
  10853 : 011110011100 ; -- R:7 G:9 B:C
  10854 : 011110011100 ; -- R:7 G:9 B:C
  10855 : 011110001011 ; -- R:7 G:8 B:B
  10856 : 011101111011 ; -- R:7 G:7 B:B
  10857 : 011101111010 ; -- R:7 G:7 B:A
  10858 : 011101111010 ; -- R:7 G:7 B:A
  10859 : 011101111010 ; -- R:7 G:7 B:A
  10860 : 011101111011 ; -- R:7 G:7 B:B
  10861 : 011101111011 ; -- R:7 G:7 B:B
  10862 : 011101111011 ; -- R:7 G:7 B:B
  10863 : 011101111011 ; -- R:7 G:7 B:B
  10864 : 011101111011 ; -- R:7 G:7 B:B
  10865 : 011101111011 ; -- R:7 G:7 B:B
  10866 : 011101111011 ; -- R:7 G:7 B:B
  10867 : 011101111011 ; -- R:7 G:7 B:B
  10868 : 011101111011 ; -- R:7 G:7 B:B
  10869 : 011101111011 ; -- R:7 G:7 B:B
  10870 : 011101111011 ; -- R:7 G:7 B:B
  10871 : 011101111011 ; -- R:7 G:7 B:B
  10872 : 011101111011 ; -- R:7 G:7 B:B
  10873 : 011101111011 ; -- R:7 G:7 B:B
  10874 : 011101111011 ; -- R:7 G:7 B:B
  10875 : 011101111011 ; -- R:7 G:7 B:B
  10876 : 011101111011 ; -- R:7 G:7 B:B
  10877 : 011101111010 ; -- R:7 G:7 B:A
  10878 : 011101111010 ; -- R:7 G:7 B:A
  10879 : 011101111010 ; -- R:7 G:7 B:A
  10880 : 011101111011 ; -- R:7 G:7 B:B
  10881 : 011101111011 ; -- R:7 G:7 B:B
  10882 : 011101111011 ; -- R:7 G:7 B:B
  10883 : 011101111010 ; -- R:7 G:7 B:A
  10884 : 011101111010 ; -- R:7 G:7 B:A
  10885 : 011101111010 ; -- R:7 G:7 B:A
  10886 : 011101111010 ; -- R:7 G:7 B:A
  10887 : 011101111011 ; -- R:7 G:7 B:B
  10888 : 011101111011 ; -- R:7 G:7 B:B
  10889 : 011101111011 ; -- R:7 G:7 B:B
  10890 : 011101111011 ; -- R:7 G:7 B:B
  10891 : 011101111011 ; -- R:7 G:7 B:B
  10892 : 011101111011 ; -- R:7 G:7 B:B
  10893 : 011101111011 ; -- R:7 G:7 B:B
  10894 : 011101111011 ; -- R:7 G:7 B:B
  10895 : 011101111011 ; -- R:7 G:7 B:B
  10896 : 011101111011 ; -- R:7 G:7 B:B
  10897 : 011101111011 ; -- R:7 G:7 B:B
  10898 : 011101111011 ; -- R:7 G:7 B:B
  10899 : 011101111011 ; -- R:7 G:7 B:B
  10900 : 011101111011 ; -- R:7 G:7 B:B
  10901 : 011101111011 ; -- R:7 G:7 B:B
  10902 : 011101111011 ; -- R:7 G:7 B:B
  10903 : 011101111011 ; -- R:7 G:7 B:B
  10904 : 011101111011 ; -- R:7 G:7 B:B
  10905 : 011101111011 ; -- R:7 G:7 B:B
  10906 : 011101111010 ; -- R:7 G:7 B:A
  10907 : 011101111010 ; -- R:7 G:7 B:A
  10908 : 011101111010 ; -- R:7 G:7 B:A
  10909 : 011101111010 ; -- R:7 G:7 B:A
  10910 : 011101111011 ; -- R:7 G:7 B:B
  10911 : 011101111011 ; -- R:7 G:7 B:B
  10912 : 011101111011 ; -- R:7 G:7 B:B
  10913 : 011101111011 ; -- R:7 G:7 B:B
  10914 : 011101111011 ; -- R:7 G:7 B:B
  10915 : 011101111011 ; -- R:7 G:7 B:B
  10916 : 011101111011 ; -- R:7 G:7 B:B
  10917 : 011101111011 ; -- R:7 G:7 B:B
  10918 : 011101111011 ; -- R:7 G:7 B:B
  10919 : 011101111011 ; -- R:7 G:7 B:B
  10920 : 011101111011 ; -- R:7 G:7 B:B
  10921 : 011101111011 ; -- R:7 G:7 B:B
  10922 : 011101111011 ; -- R:7 G:7 B:B
  10923 : 011101111011 ; -- R:7 G:7 B:B
  10924 : 011101111011 ; -- R:7 G:7 B:B
  10925 : 011101111011 ; -- R:7 G:7 B:B
  10926 : 011101111011 ; -- R:7 G:7 B:B
  10927 : 011101111011 ; -- R:7 G:7 B:B
  10928 : 011101111011 ; -- R:7 G:7 B:B
  10929 : 011101111011 ; -- R:7 G:7 B:B
  10930 : 011101111011 ; -- R:7 G:7 B:B
  10931 : 011101111011 ; -- R:7 G:7 B:B
  10932 : 011101111011 ; -- R:7 G:7 B:B
  10933 : 011101111011 ; -- R:7 G:7 B:B
  10934 : 011101111011 ; -- R:7 G:7 B:B
  10935 : 011101111011 ; -- R:7 G:7 B:B
  10936 : 011101111011 ; -- R:7 G:7 B:B
  10937 : 011101111011 ; -- R:7 G:7 B:B
  10938 : 011101111011 ; -- R:7 G:7 B:B
  10939 : 011101111011 ; -- R:7 G:7 B:B
  10940 : 011101111011 ; -- R:7 G:7 B:B
  10941 : 011101111011 ; -- R:7 G:7 B:B
  10942 : 011101111011 ; -- R:7 G:7 B:B
  10943 : 011101111011 ; -- R:7 G:7 B:B
  10944 : 011101111011 ; -- R:7 G:7 B:B
  10945 : 011101111011 ; -- R:7 G:7 B:B
  10946 : 011101111011 ; -- R:7 G:7 B:B
  10947 : 011101111011 ; -- R:7 G:7 B:B
  10948 : 011101111011 ; -- R:7 G:7 B:B
  10949 : 011101111011 ; -- R:7 G:7 B:B
  10950 : 011101111011 ; -- R:7 G:7 B:B
  10951 : 011101111011 ; -- R:7 G:7 B:B
  10952 : 011101111011 ; -- R:7 G:7 B:B
  10953 : 011101111011 ; -- R:7 G:7 B:B
  10954 : 011101111011 ; -- R:7 G:7 B:B
  10955 : 011101111011 ; -- R:7 G:7 B:B
  10956 : 011101111011 ; -- R:7 G:7 B:B
  10957 : 011101111011 ; -- R:7 G:7 B:B
  10958 : 011101111011 ; -- R:7 G:7 B:B
  10959 : 011101111011 ; -- R:7 G:7 B:B
  10960 : 011101111011 ; -- R:7 G:7 B:B
  10961 : 011101111011 ; -- R:7 G:7 B:B
  10962 : 011101111010 ; -- R:7 G:7 B:A
  10963 : 011101111010 ; -- R:7 G:7 B:A
  10964 : 011101111011 ; -- R:7 G:7 B:B
  10965 : 011101111010 ; -- R:7 G:7 B:A
  10966 : 011101111010 ; -- R:7 G:7 B:A
  10967 : 011101111011 ; -- R:7 G:7 B:B
  10968 : 011101111011 ; -- R:7 G:7 B:B
  10969 : 011101111011 ; -- R:7 G:7 B:B
  10970 : 011101111011 ; -- R:7 G:7 B:B
  10971 : 011101111011 ; -- R:7 G:7 B:B
  10972 : 011101111011 ; -- R:7 G:7 B:B
  10973 : 011101111011 ; -- R:7 G:7 B:B
  10974 : 011101111011 ; -- R:7 G:7 B:B
  10975 : 011101111011 ; -- R:7 G:7 B:B
  10976 : 011101111011 ; -- R:7 G:7 B:B
  10977 : 011101111011 ; -- R:7 G:7 B:B
  10978 : 011101111011 ; -- R:7 G:7 B:B
  10979 : 011101111011 ; -- R:7 G:7 B:B
  10980 : 011101111011 ; -- R:7 G:7 B:B
  10981 : 011101111011 ; -- R:7 G:7 B:B
  10982 : 011101111011 ; -- R:7 G:7 B:B
  10983 : 011101111011 ; -- R:7 G:7 B:B
  10984 : 011101111011 ; -- R:7 G:7 B:B
  10985 : 011101111011 ; -- R:7 G:7 B:B
  10986 : 011101111011 ; -- R:7 G:7 B:B
  10987 : 011101111011 ; -- R:7 G:7 B:B
  10988 : 011101111011 ; -- R:7 G:7 B:B
  10989 : 011101111010 ; -- R:7 G:7 B:A
  10990 : 011101111011 ; -- R:7 G:7 B:B
  10991 : 011101111011 ; -- R:7 G:7 B:B
  10992 : 011101111010 ; -- R:7 G:7 B:A
  10993 : 101010001100 ; -- R:A G:8 B:C
  10994 : 101010001100 ; -- R:A G:8 B:C
  10995 : 101010001100 ; -- R:A G:8 B:C
  10996 : 011101111010 ; -- R:7 G:7 B:A
  10997 : 011101111010 ; -- R:7 G:7 B:A
  10998 : 011101111011 ; -- R:7 G:7 B:B
  10999 : 011101111011 ; -- R:7 G:7 B:B
  11000 : 011101111011 ; -- R:7 G:7 B:B
  11001 : 011101111011 ; -- R:7 G:7 B:B
  11002 : 011101111011 ; -- R:7 G:7 B:B
  11003 : 011101111011 ; -- R:7 G:7 B:B
  11004 : 011101111011 ; -- R:7 G:7 B:B
  11005 : 011101111011 ; -- R:7 G:7 B:B
  11006 : 011101111010 ; -- R:7 G:7 B:A
  11007 : 011101111010 ; -- R:7 G:7 B:A
  11008 : 011110001011 ; -- R:7 G:8 B:B
  11009 : 011110011100 ; -- R:7 G:9 B:C
  11010 : 011110011100 ; -- R:7 G:9 B:C
  11011 : 011110011100 ; -- R:7 G:9 B:C
  11012 : 011110011100 ; -- R:7 G:9 B:C
  11013 : 011110001011 ; -- R:7 G:8 B:B
  11014 : 011101111011 ; -- R:7 G:7 B:B
  11015 : 011101111010 ; -- R:7 G:7 B:A
  11016 : 011101111010 ; -- R:7 G:7 B:A
  11017 : 011101111011 ; -- R:7 G:7 B:B
  11018 : 011101111011 ; -- R:7 G:7 B:B
  11019 : 011101111011 ; -- R:7 G:7 B:B
  11020 : 011101111011 ; -- R:7 G:7 B:B
  11021 : 011101111011 ; -- R:7 G:7 B:B
  11022 : 011101111011 ; -- R:7 G:7 B:B
  11023 : 011101111011 ; -- R:7 G:7 B:B
  11024 : 011101111011 ; -- R:7 G:7 B:B
  11025 : 011101111011 ; -- R:7 G:7 B:B
  11026 : 011101111011 ; -- R:7 G:7 B:B
  11027 : 011101111011 ; -- R:7 G:7 B:B
  11028 : 011101111011 ; -- R:7 G:7 B:B
  11029 : 011101111011 ; -- R:7 G:7 B:B
  11030 : 011101111011 ; -- R:7 G:7 B:B
  11031 : 011101111011 ; -- R:7 G:7 B:B
  11032 : 011101111011 ; -- R:7 G:7 B:B
  11033 : 011101111011 ; -- R:7 G:7 B:B
  11034 : 011101111011 ; -- R:7 G:7 B:B
  11035 : 011101111011 ; -- R:7 G:7 B:B
  11036 : 011101111011 ; -- R:7 G:7 B:B
  11037 : 011101111011 ; -- R:7 G:7 B:B
  11038 : 011101111011 ; -- R:7 G:7 B:B
  11039 : 011101111011 ; -- R:7 G:7 B:B
  11040 : 011101111011 ; -- R:7 G:7 B:B
  11041 : 011101111011 ; -- R:7 G:7 B:B
  11042 : 011101111011 ; -- R:7 G:7 B:B
  11043 : 011101111011 ; -- R:7 G:7 B:B
  11044 : 011101111011 ; -- R:7 G:7 B:B
  11045 : 011101111011 ; -- R:7 G:7 B:B
  11046 : 011101111011 ; -- R:7 G:7 B:B
  11047 : 011101111011 ; -- R:7 G:7 B:B
  11048 : 011101111011 ; -- R:7 G:7 B:B
  11049 : 011101111011 ; -- R:7 G:7 B:B
  11050 : 011101111011 ; -- R:7 G:7 B:B
  11051 : 011101111011 ; -- R:7 G:7 B:B
  11052 : 011101111011 ; -- R:7 G:7 B:B
  11053 : 011101111011 ; -- R:7 G:7 B:B
  11054 : 011101111011 ; -- R:7 G:7 B:B
  11055 : 011101111011 ; -- R:7 G:7 B:B
  11056 : 011101111011 ; -- R:7 G:7 B:B
  11057 : 011101111011 ; -- R:7 G:7 B:B
  11058 : 011101111011 ; -- R:7 G:7 B:B
  11059 : 011101111011 ; -- R:7 G:7 B:B
  11060 : 011101111011 ; -- R:7 G:7 B:B
  11061 : 011101111011 ; -- R:7 G:7 B:B
  11062 : 011101111011 ; -- R:7 G:7 B:B
  11063 : 011101111011 ; -- R:7 G:7 B:B
  11064 : 011101111011 ; -- R:7 G:7 B:B
  11065 : 011101111011 ; -- R:7 G:7 B:B
  11066 : 011101111011 ; -- R:7 G:7 B:B
  11067 : 011101111011 ; -- R:7 G:7 B:B
  11068 : 011101111011 ; -- R:7 G:7 B:B
  11069 : 011101111011 ; -- R:7 G:7 B:B
  11070 : 011101111011 ; -- R:7 G:7 B:B
  11071 : 011101111011 ; -- R:7 G:7 B:B
  11072 : 011101111011 ; -- R:7 G:7 B:B
  11073 : 011101111011 ; -- R:7 G:7 B:B
  11074 : 011101111011 ; -- R:7 G:7 B:B
  11075 : 011101111011 ; -- R:7 G:7 B:B
  11076 : 011101111011 ; -- R:7 G:7 B:B
  11077 : 011101111011 ; -- R:7 G:7 B:B
  11078 : 011101111011 ; -- R:7 G:7 B:B
  11079 : 011101111011 ; -- R:7 G:7 B:B
  11080 : 011101111011 ; -- R:7 G:7 B:B
  11081 : 011101111011 ; -- R:7 G:7 B:B
  11082 : 011101111011 ; -- R:7 G:7 B:B
  11083 : 011101111011 ; -- R:7 G:7 B:B
  11084 : 011101111011 ; -- R:7 G:7 B:B
  11085 : 011101111011 ; -- R:7 G:7 B:B
  11086 : 011101111011 ; -- R:7 G:7 B:B
  11087 : 011101111011 ; -- R:7 G:7 B:B
  11088 : 011101111011 ; -- R:7 G:7 B:B
  11089 : 011101111011 ; -- R:7 G:7 B:B
  11090 : 011101111011 ; -- R:7 G:7 B:B
  11091 : 011101111011 ; -- R:7 G:7 B:B
  11092 : 011101111011 ; -- R:7 G:7 B:B
  11093 : 011101111011 ; -- R:7 G:7 B:B
  11094 : 011101111011 ; -- R:7 G:7 B:B
  11095 : 011101111011 ; -- R:7 G:7 B:B
  11096 : 011101111011 ; -- R:7 G:7 B:B
  11097 : 011101111011 ; -- R:7 G:7 B:B
  11098 : 011101111011 ; -- R:7 G:7 B:B
  11099 : 011101111011 ; -- R:7 G:7 B:B
  11100 : 011101111011 ; -- R:7 G:7 B:B
  11101 : 011101111011 ; -- R:7 G:7 B:B
  11102 : 011101111011 ; -- R:7 G:7 B:B
  11103 : 011101111011 ; -- R:7 G:7 B:B
  11104 : 011101111011 ; -- R:7 G:7 B:B
  11105 : 011101111011 ; -- R:7 G:7 B:B
  11106 : 011101111011 ; -- R:7 G:7 B:B
  11107 : 011101111011 ; -- R:7 G:7 B:B
  11108 : 011101111011 ; -- R:7 G:7 B:B
  11109 : 011101111011 ; -- R:7 G:7 B:B
  11110 : 011101111011 ; -- R:7 G:7 B:B
  11111 : 011101111011 ; -- R:7 G:7 B:B
  11112 : 011101111011 ; -- R:7 G:7 B:B
  11113 : 011101111011 ; -- R:7 G:7 B:B
  11114 : 011101111011 ; -- R:7 G:7 B:B
  11115 : 011101111011 ; -- R:7 G:7 B:B
  11116 : 011101111011 ; -- R:7 G:7 B:B
  11117 : 011101111011 ; -- R:7 G:7 B:B
  11118 : 011101111011 ; -- R:7 G:7 B:B
  11119 : 011101111011 ; -- R:7 G:7 B:B
  11120 : 011101111011 ; -- R:7 G:7 B:B
  11121 : 011101111011 ; -- R:7 G:7 B:B
  11122 : 011101111011 ; -- R:7 G:7 B:B
  11123 : 011101111011 ; -- R:7 G:7 B:B
  11124 : 011101111011 ; -- R:7 G:7 B:B
  11125 : 011101111011 ; -- R:7 G:7 B:B
  11126 : 011101111011 ; -- R:7 G:7 B:B
  11127 : 011101111011 ; -- R:7 G:7 B:B
  11128 : 011101111011 ; -- R:7 G:7 B:B
  11129 : 011101111011 ; -- R:7 G:7 B:B
  11130 : 011101111011 ; -- R:7 G:7 B:B
  11131 : 011101111011 ; -- R:7 G:7 B:B
  11132 : 011101111011 ; -- R:7 G:7 B:B
  11133 : 011101111011 ; -- R:7 G:7 B:B
  11134 : 011101111011 ; -- R:7 G:7 B:B
  11135 : 011101111011 ; -- R:7 G:7 B:B
  11136 : 011101111011 ; -- R:7 G:7 B:B
  11137 : 011101111011 ; -- R:7 G:7 B:B
  11138 : 011101111011 ; -- R:7 G:7 B:B
  11139 : 011101111011 ; -- R:7 G:7 B:B
  11140 : 011101111011 ; -- R:7 G:7 B:B
  11141 : 011101111011 ; -- R:7 G:7 B:B
  11142 : 011101111011 ; -- R:7 G:7 B:B
  11143 : 011101111011 ; -- R:7 G:7 B:B
  11144 : 011101111011 ; -- R:7 G:7 B:B
  11145 : 011101111011 ; -- R:7 G:7 B:B
  11146 : 011101111011 ; -- R:7 G:7 B:B
  11147 : 011101111011 ; -- R:7 G:7 B:B
  11148 : 011101111010 ; -- R:7 G:7 B:A
  11149 : 011101111011 ; -- R:7 G:7 B:B
  11150 : 011101111010 ; -- R:7 G:7 B:A
  11151 : 101110011100 ; -- R:B G:9 B:C
  11152 : 111111011001 ; -- R:F G:D B:9
  11153 : 111111011001 ; -- R:F G:D B:9
  11154 : 111111011001 ; -- R:F G:D B:9
  11155 : 111111011001 ; -- R:F G:D B:9
  11156 : 111111011001 ; -- R:F G:D B:9
  11157 : 110010101100 ; -- R:C G:A B:C
  11158 : 011101111010 ; -- R:7 G:7 B:A
  11159 : 011101111011 ; -- R:7 G:7 B:B
  11160 : 011101111011 ; -- R:7 G:7 B:B
  11161 : 011101111011 ; -- R:7 G:7 B:B
  11162 : 011101111011 ; -- R:7 G:7 B:B
  11163 : 011101111011 ; -- R:7 G:7 B:B
  11164 : 011101111011 ; -- R:7 G:7 B:B
  11165 : 011101111011 ; -- R:7 G:7 B:B
  11166 : 011101111011 ; -- R:7 G:7 B:B
  11167 : 011101111011 ; -- R:7 G:7 B:B
  11168 : 011101111010 ; -- R:7 G:7 B:A
  11169 : 011101111011 ; -- R:7 G:7 B:B
  11170 : 011110011100 ; -- R:7 G:9 B:C
  11171 : 011110011100 ; -- R:7 G:9 B:C
  11172 : 011110001011 ; -- R:7 G:8 B:B
  11173 : 011101111010 ; -- R:7 G:7 B:A
  11174 : 011101111010 ; -- R:7 G:7 B:A
  11175 : 011101111011 ; -- R:7 G:7 B:B
  11176 : 011101111011 ; -- R:7 G:7 B:B
  11177 : 011101111011 ; -- R:7 G:7 B:B
  11178 : 011101111011 ; -- R:7 G:7 B:B
  11179 : 011101111011 ; -- R:7 G:7 B:B
  11180 : 011101111011 ; -- R:7 G:7 B:B
  11181 : 011101111011 ; -- R:7 G:7 B:B
  11182 : 011101111011 ; -- R:7 G:7 B:B
  11183 : 011101111011 ; -- R:7 G:7 B:B
  11184 : 011101111011 ; -- R:7 G:7 B:B
  11185 : 011101111011 ; -- R:7 G:7 B:B
  11186 : 011101111011 ; -- R:7 G:7 B:B
  11187 : 011101111011 ; -- R:7 G:7 B:B
  11188 : 011101111011 ; -- R:7 G:7 B:B
  11189 : 011101111011 ; -- R:7 G:7 B:B
  11190 : 011101111011 ; -- R:7 G:7 B:B
  11191 : 011101111011 ; -- R:7 G:7 B:B
  11192 : 011101111011 ; -- R:7 G:7 B:B
  11193 : 011101111011 ; -- R:7 G:7 B:B
  11194 : 011101111011 ; -- R:7 G:7 B:B
  11195 : 011101111011 ; -- R:7 G:7 B:B
  11196 : 011101111011 ; -- R:7 G:7 B:B
  11197 : 011101111011 ; -- R:7 G:7 B:B
  11198 : 011101111011 ; -- R:7 G:7 B:B
  11199 : 011101111011 ; -- R:7 G:7 B:B
  11200 : 011101111011 ; -- R:7 G:7 B:B
  11201 : 011101111011 ; -- R:7 G:7 B:B
  11202 : 011101111011 ; -- R:7 G:7 B:B
  11203 : 011101111011 ; -- R:7 G:7 B:B
  11204 : 011101111011 ; -- R:7 G:7 B:B
  11205 : 011101111011 ; -- R:7 G:7 B:B
  11206 : 011101111011 ; -- R:7 G:7 B:B
  11207 : 011101111011 ; -- R:7 G:7 B:B
  11208 : 011101111011 ; -- R:7 G:7 B:B
  11209 : 011101111011 ; -- R:7 G:7 B:B
  11210 : 011101111011 ; -- R:7 G:7 B:B
  11211 : 011101111011 ; -- R:7 G:7 B:B
  11212 : 011101111011 ; -- R:7 G:7 B:B
  11213 : 011101111011 ; -- R:7 G:7 B:B
  11214 : 011101111011 ; -- R:7 G:7 B:B
  11215 : 011101111011 ; -- R:7 G:7 B:B
  11216 : 011101111011 ; -- R:7 G:7 B:B
  11217 : 011101111011 ; -- R:7 G:7 B:B
  11218 : 011101111011 ; -- R:7 G:7 B:B
  11219 : 011101111011 ; -- R:7 G:7 B:B
  11220 : 011101111011 ; -- R:7 G:7 B:B
  11221 : 011101111011 ; -- R:7 G:7 B:B
  11222 : 011101111011 ; -- R:7 G:7 B:B
  11223 : 011101111011 ; -- R:7 G:7 B:B
  11224 : 011101111011 ; -- R:7 G:7 B:B
  11225 : 011101111011 ; -- R:7 G:7 B:B
  11226 : 011101111011 ; -- R:7 G:7 B:B
  11227 : 011101111011 ; -- R:7 G:7 B:B
  11228 : 011101111011 ; -- R:7 G:7 B:B
  11229 : 011101111011 ; -- R:7 G:7 B:B
  11230 : 011101111011 ; -- R:7 G:7 B:B
  11231 : 011101111011 ; -- R:7 G:7 B:B
  11232 : 011101111011 ; -- R:7 G:7 B:B
  11233 : 011101111011 ; -- R:7 G:7 B:B
  11234 : 011101111011 ; -- R:7 G:7 B:B
  11235 : 011101111011 ; -- R:7 G:7 B:B
  11236 : 011101111011 ; -- R:7 G:7 B:B
  11237 : 011101111011 ; -- R:7 G:7 B:B
  11238 : 011101111011 ; -- R:7 G:7 B:B
  11239 : 011101111011 ; -- R:7 G:7 B:B
  11240 : 011101111011 ; -- R:7 G:7 B:B
  11241 : 011101111011 ; -- R:7 G:7 B:B
  11242 : 011101111011 ; -- R:7 G:7 B:B
  11243 : 011101111011 ; -- R:7 G:7 B:B
  11244 : 011101111011 ; -- R:7 G:7 B:B
  11245 : 011101111011 ; -- R:7 G:7 B:B
  11246 : 011101111011 ; -- R:7 G:7 B:B
  11247 : 011101111011 ; -- R:7 G:7 B:B
  11248 : 011101111011 ; -- R:7 G:7 B:B
  11249 : 011101111011 ; -- R:7 G:7 B:B
  11250 : 011101111011 ; -- R:7 G:7 B:B
  11251 : 011101111011 ; -- R:7 G:7 B:B
  11252 : 011101111011 ; -- R:7 G:7 B:B
  11253 : 011101111011 ; -- R:7 G:7 B:B
  11254 : 011101111011 ; -- R:7 G:7 B:B
  11255 : 011101111011 ; -- R:7 G:7 B:B
  11256 : 011101111011 ; -- R:7 G:7 B:B
  11257 : 011101111011 ; -- R:7 G:7 B:B
  11258 : 011101111011 ; -- R:7 G:7 B:B
  11259 : 011101111011 ; -- R:7 G:7 B:B
  11260 : 011101111011 ; -- R:7 G:7 B:B
  11261 : 011101111011 ; -- R:7 G:7 B:B
  11262 : 011101111011 ; -- R:7 G:7 B:B
  11263 : 011101111011 ; -- R:7 G:7 B:B
  11264 : 011101111011 ; -- R:7 G:7 B:B
  11265 : 011101111011 ; -- R:7 G:7 B:B
  11266 : 011101111011 ; -- R:7 G:7 B:B
  11267 : 011101111011 ; -- R:7 G:7 B:B
  11268 : 011101111011 ; -- R:7 G:7 B:B
  11269 : 011101111011 ; -- R:7 G:7 B:B
  11270 : 011101111011 ; -- R:7 G:7 B:B
  11271 : 011101111011 ; -- R:7 G:7 B:B
  11272 : 011101111011 ; -- R:7 G:7 B:B
  11273 : 011101111011 ; -- R:7 G:7 B:B
  11274 : 011101111011 ; -- R:7 G:7 B:B
  11275 : 011101111011 ; -- R:7 G:7 B:B
  11276 : 011101111011 ; -- R:7 G:7 B:B
  11277 : 011101111011 ; -- R:7 G:7 B:B
  11278 : 011101111011 ; -- R:7 G:7 B:B
  11279 : 011101111011 ; -- R:7 G:7 B:B
  11280 : 011101111011 ; -- R:7 G:7 B:B
  11281 : 011101111011 ; -- R:7 G:7 B:B
  11282 : 011101111011 ; -- R:7 G:7 B:B
  11283 : 011101111011 ; -- R:7 G:7 B:B
  11284 : 011101111011 ; -- R:7 G:7 B:B
  11285 : 011101111011 ; -- R:7 G:7 B:B
  11286 : 011101111011 ; -- R:7 G:7 B:B
  11287 : 011101111011 ; -- R:7 G:7 B:B
  11288 : 011101111011 ; -- R:7 G:7 B:B
  11289 : 011101111011 ; -- R:7 G:7 B:B
  11290 : 011101111011 ; -- R:7 G:7 B:B
  11291 : 011101111011 ; -- R:7 G:7 B:B
  11292 : 011101111011 ; -- R:7 G:7 B:B
  11293 : 011101111011 ; -- R:7 G:7 B:B
  11294 : 011101111011 ; -- R:7 G:7 B:B
  11295 : 011101111011 ; -- R:7 G:7 B:B
  11296 : 011101111011 ; -- R:7 G:7 B:B
  11297 : 011101111011 ; -- R:7 G:7 B:B
  11298 : 011101111011 ; -- R:7 G:7 B:B
  11299 : 011101111011 ; -- R:7 G:7 B:B
  11300 : 011101111011 ; -- R:7 G:7 B:B
  11301 : 011101111011 ; -- R:7 G:7 B:B
  11302 : 011101111011 ; -- R:7 G:7 B:B
  11303 : 011101111011 ; -- R:7 G:7 B:B
  11304 : 011101111011 ; -- R:7 G:7 B:B
  11305 : 011101111011 ; -- R:7 G:7 B:B
  11306 : 011101111011 ; -- R:7 G:7 B:B
  11307 : 011101111011 ; -- R:7 G:7 B:B
  11308 : 011101111011 ; -- R:7 G:7 B:B
  11309 : 011101111010 ; -- R:7 G:7 B:A
  11310 : 101110011100 ; -- R:B G:9 B:C
  11311 : 111111011001 ; -- R:F G:D B:9
  11312 : 111111011001 ; -- R:F G:D B:9
  11313 : 111111011001 ; -- R:F G:D B:9
  11314 : 111111011001 ; -- R:F G:D B:9
  11315 : 111111011001 ; -- R:F G:D B:9
  11316 : 111111011001 ; -- R:F G:D B:9
  11317 : 111111011001 ; -- R:F G:D B:9
  11318 : 111111011001 ; -- R:F G:D B:9
  11319 : 011101111010 ; -- R:7 G:7 B:A
  11320 : 011101111011 ; -- R:7 G:7 B:B
  11321 : 011101111010 ; -- R:7 G:7 B:A
  11322 : 011101111011 ; -- R:7 G:7 B:B
  11323 : 011101111011 ; -- R:7 G:7 B:B
  11324 : 011101111011 ; -- R:7 G:7 B:B
  11325 : 011101111011 ; -- R:7 G:7 B:B
  11326 : 011101111011 ; -- R:7 G:7 B:B
  11327 : 011101111011 ; -- R:7 G:7 B:B
  11328 : 011101111011 ; -- R:7 G:7 B:B
  11329 : 011101111010 ; -- R:7 G:7 B:A
  11330 : 011101111011 ; -- R:7 G:7 B:B
  11331 : 011110001011 ; -- R:7 G:8 B:B
  11332 : 011101111010 ; -- R:7 G:7 B:A
  11333 : 011101111011 ; -- R:7 G:7 B:B
  11334 : 011101111011 ; -- R:7 G:7 B:B
  11335 : 011101111011 ; -- R:7 G:7 B:B
  11336 : 011101111011 ; -- R:7 G:7 B:B
  11337 : 011101111011 ; -- R:7 G:7 B:B
  11338 : 011101111011 ; -- R:7 G:7 B:B
  11339 : 011101111011 ; -- R:7 G:7 B:B
  11340 : 011101111011 ; -- R:7 G:7 B:B
  11341 : 011101111011 ; -- R:7 G:7 B:B
  11342 : 011101111011 ; -- R:7 G:7 B:B
  11343 : 011101111011 ; -- R:7 G:7 B:B
  11344 : 011101111011 ; -- R:7 G:7 B:B
  11345 : 011101111011 ; -- R:7 G:7 B:B
  11346 : 011101111011 ; -- R:7 G:7 B:B
  11347 : 011101111011 ; -- R:7 G:7 B:B
  11348 : 011101111011 ; -- R:7 G:7 B:B
  11349 : 011101111011 ; -- R:7 G:7 B:B
  11350 : 011101111011 ; -- R:7 G:7 B:B
  11351 : 011101111011 ; -- R:7 G:7 B:B
  11352 : 011101111011 ; -- R:7 G:7 B:B
  11353 : 011101111011 ; -- R:7 G:7 B:B
  11354 : 011101111011 ; -- R:7 G:7 B:B
  11355 : 011101111011 ; -- R:7 G:7 B:B
  11356 : 011101111011 ; -- R:7 G:7 B:B
  11357 : 011101111011 ; -- R:7 G:7 B:B
  11358 : 011101111011 ; -- R:7 G:7 B:B
  11359 : 011101111011 ; -- R:7 G:7 B:B
  11360 : 011101111011 ; -- R:7 G:7 B:B
  11361 : 011101111011 ; -- R:7 G:7 B:B
  11362 : 011101111011 ; -- R:7 G:7 B:B
  11363 : 011101111011 ; -- R:7 G:7 B:B
  11364 : 011101111011 ; -- R:7 G:7 B:B
  11365 : 011101111011 ; -- R:7 G:7 B:B
  11366 : 011101111011 ; -- R:7 G:7 B:B
  11367 : 011101111011 ; -- R:7 G:7 B:B
  11368 : 011101111011 ; -- R:7 G:7 B:B
  11369 : 011101111011 ; -- R:7 G:7 B:B
  11370 : 011101111011 ; -- R:7 G:7 B:B
  11371 : 011101111011 ; -- R:7 G:7 B:B
  11372 : 011101111011 ; -- R:7 G:7 B:B
  11373 : 011101111011 ; -- R:7 G:7 B:B
  11374 : 011101111011 ; -- R:7 G:7 B:B
  11375 : 011101111011 ; -- R:7 G:7 B:B
  11376 : 011101111011 ; -- R:7 G:7 B:B
  11377 : 011101111011 ; -- R:7 G:7 B:B
  11378 : 011101111011 ; -- R:7 G:7 B:B
  11379 : 011101111011 ; -- R:7 G:7 B:B
  11380 : 011101111011 ; -- R:7 G:7 B:B
  11381 : 011101111011 ; -- R:7 G:7 B:B
  11382 : 011101111011 ; -- R:7 G:7 B:B
  11383 : 011101111011 ; -- R:7 G:7 B:B
  11384 : 011101111011 ; -- R:7 G:7 B:B
  11385 : 011101111011 ; -- R:7 G:7 B:B
  11386 : 011101111011 ; -- R:7 G:7 B:B
  11387 : 011101111011 ; -- R:7 G:7 B:B
  11388 : 011101111011 ; -- R:7 G:7 B:B
  11389 : 011101111011 ; -- R:7 G:7 B:B
  11390 : 011101111011 ; -- R:7 G:7 B:B
  11391 : 011101111011 ; -- R:7 G:7 B:B
  11392 : 011101111011 ; -- R:7 G:7 B:B
  11393 : 011101111011 ; -- R:7 G:7 B:B
  11394 : 011101111011 ; -- R:7 G:7 B:B
  11395 : 011101111011 ; -- R:7 G:7 B:B
  11396 : 011101111011 ; -- R:7 G:7 B:B
  11397 : 011101111011 ; -- R:7 G:7 B:B
  11398 : 011101111011 ; -- R:7 G:7 B:B
  11399 : 011101111011 ; -- R:7 G:7 B:B
  11400 : 011101111011 ; -- R:7 G:7 B:B
  11401 : 011101111011 ; -- R:7 G:7 B:B
  11402 : 011101111011 ; -- R:7 G:7 B:B
  11403 : 011101111011 ; -- R:7 G:7 B:B
  11404 : 011101111011 ; -- R:7 G:7 B:B
  11405 : 011101111011 ; -- R:7 G:7 B:B
  11406 : 011101111011 ; -- R:7 G:7 B:B
  11407 : 011101111011 ; -- R:7 G:7 B:B
  11408 : 011101111011 ; -- R:7 G:7 B:B
  11409 : 011101111011 ; -- R:7 G:7 B:B
  11410 : 011101111011 ; -- R:7 G:7 B:B
  11411 : 011101111011 ; -- R:7 G:7 B:B
  11412 : 011101111011 ; -- R:7 G:7 B:B
  11413 : 011101111011 ; -- R:7 G:7 B:B
  11414 : 011101111011 ; -- R:7 G:7 B:B
  11415 : 011101111011 ; -- R:7 G:7 B:B
  11416 : 011101111011 ; -- R:7 G:7 B:B
  11417 : 011101111011 ; -- R:7 G:7 B:B
  11418 : 011101111011 ; -- R:7 G:7 B:B
  11419 : 011101111011 ; -- R:7 G:7 B:B
  11420 : 011101111011 ; -- R:7 G:7 B:B
  11421 : 011101111011 ; -- R:7 G:7 B:B
  11422 : 011101111011 ; -- R:7 G:7 B:B
  11423 : 011101111011 ; -- R:7 G:7 B:B
  11424 : 011101111011 ; -- R:7 G:7 B:B
  11425 : 011101111011 ; -- R:7 G:7 B:B
  11426 : 011101111011 ; -- R:7 G:7 B:B
  11427 : 011101111011 ; -- R:7 G:7 B:B
  11428 : 011101111011 ; -- R:7 G:7 B:B
  11429 : 011101111011 ; -- R:7 G:7 B:B
  11430 : 011101111011 ; -- R:7 G:7 B:B
  11431 : 011101111011 ; -- R:7 G:7 B:B
  11432 : 011101111011 ; -- R:7 G:7 B:B
  11433 : 011101111011 ; -- R:7 G:7 B:B
  11434 : 011101111011 ; -- R:7 G:7 B:B
  11435 : 011101111011 ; -- R:7 G:7 B:B
  11436 : 011101111011 ; -- R:7 G:7 B:B
  11437 : 011101111011 ; -- R:7 G:7 B:B
  11438 : 011101111011 ; -- R:7 G:7 B:B
  11439 : 011101111011 ; -- R:7 G:7 B:B
  11440 : 011101111011 ; -- R:7 G:7 B:B
  11441 : 011101111011 ; -- R:7 G:7 B:B
  11442 : 011101111011 ; -- R:7 G:7 B:B
  11443 : 011101111011 ; -- R:7 G:7 B:B
  11444 : 011101111011 ; -- R:7 G:7 B:B
  11445 : 011101111011 ; -- R:7 G:7 B:B
  11446 : 011101111011 ; -- R:7 G:7 B:B
  11447 : 011101111011 ; -- R:7 G:7 B:B
  11448 : 011101111011 ; -- R:7 G:7 B:B
  11449 : 011101111011 ; -- R:7 G:7 B:B
  11450 : 011101111011 ; -- R:7 G:7 B:B
  11451 : 011101111011 ; -- R:7 G:7 B:B
  11452 : 011101111011 ; -- R:7 G:7 B:B
  11453 : 011101111011 ; -- R:7 G:7 B:B
  11454 : 011101111011 ; -- R:7 G:7 B:B
  11455 : 011101111011 ; -- R:7 G:7 B:B
  11456 : 011101111011 ; -- R:7 G:7 B:B
  11457 : 011101111011 ; -- R:7 G:7 B:B
  11458 : 011101111011 ; -- R:7 G:7 B:B
  11459 : 011101111011 ; -- R:7 G:7 B:B
  11460 : 011101111011 ; -- R:7 G:7 B:B
  11461 : 011101111011 ; -- R:7 G:7 B:B
  11462 : 011101111011 ; -- R:7 G:7 B:B
  11463 : 011101111011 ; -- R:7 G:7 B:B
  11464 : 011101111011 ; -- R:7 G:7 B:B
  11465 : 011101111011 ; -- R:7 G:7 B:B
  11466 : 011101111011 ; -- R:7 G:7 B:B
  11467 : 011101111011 ; -- R:7 G:7 B:B
  11468 : 011101111011 ; -- R:7 G:7 B:B
  11469 : 011101111010 ; -- R:7 G:7 B:A
  11470 : 111111011001 ; -- R:F G:D B:9
  11471 : 111111011001 ; -- R:F G:D B:9
  11472 : 111111011001 ; -- R:F G:D B:9
  11473 : 111111011001 ; -- R:F G:D B:9
  11474 : 111111011001 ; -- R:F G:D B:9
  11475 : 111111011001 ; -- R:F G:D B:9
  11476 : 111111011001 ; -- R:F G:D B:9
  11477 : 111111011001 ; -- R:F G:D B:9
  11478 : 111111011001 ; -- R:F G:D B:9
  11479 : 110010101100 ; -- R:C G:A B:C
  11480 : 011101111010 ; -- R:7 G:7 B:A
  11481 : 011101111011 ; -- R:7 G:7 B:B
  11482 : 011101111011 ; -- R:7 G:7 B:B
  11483 : 011101111011 ; -- R:7 G:7 B:B
  11484 : 011101111011 ; -- R:7 G:7 B:B
  11485 : 011101111011 ; -- R:7 G:7 B:B
  11486 : 011101111011 ; -- R:7 G:7 B:B
  11487 : 011101111011 ; -- R:7 G:7 B:B
  11488 : 011101111011 ; -- R:7 G:7 B:B
  11489 : 011101111011 ; -- R:7 G:7 B:B
  11490 : 011101111011 ; -- R:7 G:7 B:B
  11491 : 011101111011 ; -- R:7 G:7 B:B
  11492 : 011101111011 ; -- R:7 G:7 B:B
  11493 : 011101111011 ; -- R:7 G:7 B:B
  11494 : 011101111011 ; -- R:7 G:7 B:B
  11495 : 011101111011 ; -- R:7 G:7 B:B
  11496 : 011101111011 ; -- R:7 G:7 B:B
  11497 : 011101111011 ; -- R:7 G:7 B:B
  11498 : 011101111011 ; -- R:7 G:7 B:B
  11499 : 011101111011 ; -- R:7 G:7 B:B
  11500 : 011101111011 ; -- R:7 G:7 B:B
  11501 : 011101111011 ; -- R:7 G:7 B:B
  11502 : 011101111011 ; -- R:7 G:7 B:B
  11503 : 011101111011 ; -- R:7 G:7 B:B
  11504 : 011101111011 ; -- R:7 G:7 B:B
  11505 : 011101111011 ; -- R:7 G:7 B:B
  11506 : 011101111011 ; -- R:7 G:7 B:B
  11507 : 011101111011 ; -- R:7 G:7 B:B
  11508 : 011101111011 ; -- R:7 G:7 B:B
  11509 : 011101111011 ; -- R:7 G:7 B:B
  11510 : 011101111011 ; -- R:7 G:7 B:B
  11511 : 011101111011 ; -- R:7 G:7 B:B
  11512 : 011101111011 ; -- R:7 G:7 B:B
  11513 : 011101111011 ; -- R:7 G:7 B:B
  11514 : 011101111011 ; -- R:7 G:7 B:B
  11515 : 011101111011 ; -- R:7 G:7 B:B
  11516 : 011101111011 ; -- R:7 G:7 B:B
  11517 : 011101111011 ; -- R:7 G:7 B:B
  11518 : 011101111011 ; -- R:7 G:7 B:B
  11519 : 011101111011 ; -- R:7 G:7 B:B
  11520 : 011101111011 ; -- R:7 G:7 B:B
  11521 : 011001111010 ; -- R:6 G:7 B:A
  11522 : 011001111010 ; -- R:6 G:7 B:A
  11523 : 011001111010 ; -- R:6 G:7 B:A
  11524 : 011001111010 ; -- R:6 G:7 B:A
  11525 : 011001111010 ; -- R:6 G:7 B:A
  11526 : 011001111010 ; -- R:6 G:7 B:A
  11527 : 011001111010 ; -- R:6 G:7 B:A
  11528 : 011001111010 ; -- R:6 G:7 B:A
  11529 : 011001111010 ; -- R:6 G:7 B:A
  11530 : 011001111010 ; -- R:6 G:7 B:A
  11531 : 011001111010 ; -- R:6 G:7 B:A
  11532 : 011001111010 ; -- R:6 G:7 B:A
  11533 : 011001111010 ; -- R:6 G:7 B:A
  11534 : 011001111010 ; -- R:6 G:7 B:A
  11535 : 011001111010 ; -- R:6 G:7 B:A
  11536 : 011001111010 ; -- R:6 G:7 B:A
  11537 : 011001111010 ; -- R:6 G:7 B:A
  11538 : 011001111010 ; -- R:6 G:7 B:A
  11539 : 011001111010 ; -- R:6 G:7 B:A
  11540 : 011001111010 ; -- R:6 G:7 B:A
  11541 : 011001111010 ; -- R:6 G:7 B:A
  11542 : 011001111010 ; -- R:6 G:7 B:A
  11543 : 011001111010 ; -- R:6 G:7 B:A
  11544 : 011001111010 ; -- R:6 G:7 B:A
  11545 : 011001111010 ; -- R:6 G:7 B:A
  11546 : 011001111010 ; -- R:6 G:7 B:A
  11547 : 011001111010 ; -- R:6 G:7 B:A
  11548 : 011001111010 ; -- R:6 G:7 B:A
  11549 : 011001111010 ; -- R:6 G:7 B:A
  11550 : 011001111010 ; -- R:6 G:7 B:A
  11551 : 011001111010 ; -- R:6 G:7 B:A
  11552 : 011001111010 ; -- R:6 G:7 B:A
  11553 : 011001111010 ; -- R:6 G:7 B:A
  11554 : 011001111010 ; -- R:6 G:7 B:A
  11555 : 011001111010 ; -- R:6 G:7 B:A
  11556 : 011001111010 ; -- R:6 G:7 B:A
  11557 : 011001111010 ; -- R:6 G:7 B:A
  11558 : 011001111010 ; -- R:6 G:7 B:A
  11559 : 011001111010 ; -- R:6 G:7 B:A
  11560 : 011001111010 ; -- R:6 G:7 B:A
  11561 : 011001111010 ; -- R:6 G:7 B:A
  11562 : 011001111010 ; -- R:6 G:7 B:A
  11563 : 011001111010 ; -- R:6 G:7 B:A
  11564 : 011001111010 ; -- R:6 G:7 B:A
  11565 : 011001111010 ; -- R:6 G:7 B:A
  11566 : 011001111010 ; -- R:6 G:7 B:A
  11567 : 011001111010 ; -- R:6 G:7 B:A
  11568 : 011001111010 ; -- R:6 G:7 B:A
  11569 : 011001111010 ; -- R:6 G:7 B:A
  11570 : 011001111010 ; -- R:6 G:7 B:A
  11571 : 011001111010 ; -- R:6 G:7 B:A
  11572 : 011001111010 ; -- R:6 G:7 B:A
  11573 : 011001111010 ; -- R:6 G:7 B:A
  11574 : 011001111010 ; -- R:6 G:7 B:A
  11575 : 011001111010 ; -- R:6 G:7 B:A
  11576 : 011001111010 ; -- R:6 G:7 B:A
  11577 : 011001111010 ; -- R:6 G:7 B:A
  11578 : 011001111010 ; -- R:6 G:7 B:A
  11579 : 011001111010 ; -- R:6 G:7 B:A
  11580 : 011001111010 ; -- R:6 G:7 B:A
  11581 : 011001111010 ; -- R:6 G:7 B:A
  11582 : 011001111010 ; -- R:6 G:7 B:A
  11583 : 011001111010 ; -- R:6 G:7 B:A
  11584 : 011001111010 ; -- R:6 G:7 B:A
  11585 : 011001111010 ; -- R:6 G:7 B:A
  11586 : 011001111010 ; -- R:6 G:7 B:A
  11587 : 011001111010 ; -- R:6 G:7 B:A
  11588 : 011001111010 ; -- R:6 G:7 B:A
  11589 : 011001111010 ; -- R:6 G:7 B:A
  11590 : 011001111010 ; -- R:6 G:7 B:A
  11591 : 011001111010 ; -- R:6 G:7 B:A
  11592 : 011001111010 ; -- R:6 G:7 B:A
  11593 : 011001111010 ; -- R:6 G:7 B:A
  11594 : 011001111010 ; -- R:6 G:7 B:A
  11595 : 011001111010 ; -- R:6 G:7 B:A
  11596 : 011001111010 ; -- R:6 G:7 B:A
  11597 : 011001111010 ; -- R:6 G:7 B:A
  11598 : 011001111010 ; -- R:6 G:7 B:A
  11599 : 011001111010 ; -- R:6 G:7 B:A
  11600 : 011001111010 ; -- R:6 G:7 B:A
  11601 : 011001111010 ; -- R:6 G:7 B:A
  11602 : 011001111010 ; -- R:6 G:7 B:A
  11603 : 011001111010 ; -- R:6 G:7 B:A
  11604 : 011001111010 ; -- R:6 G:7 B:A
  11605 : 011001111010 ; -- R:6 G:7 B:A
  11606 : 011001111010 ; -- R:6 G:7 B:A
  11607 : 011001111010 ; -- R:6 G:7 B:A
  11608 : 011001111010 ; -- R:6 G:7 B:A
  11609 : 011001111010 ; -- R:6 G:7 B:A
  11610 : 011001111010 ; -- R:6 G:7 B:A
  11611 : 011001111010 ; -- R:6 G:7 B:A
  11612 : 011001111010 ; -- R:6 G:7 B:A
  11613 : 011001111010 ; -- R:6 G:7 B:A
  11614 : 011001111010 ; -- R:6 G:7 B:A
  11615 : 011001111010 ; -- R:6 G:7 B:A
  11616 : 011001111010 ; -- R:6 G:7 B:A
  11617 : 011001111010 ; -- R:6 G:7 B:A
  11618 : 011001111010 ; -- R:6 G:7 B:A
  11619 : 011001111010 ; -- R:6 G:7 B:A
  11620 : 011001111010 ; -- R:6 G:7 B:A
  11621 : 011001111010 ; -- R:6 G:7 B:A
  11622 : 011001111010 ; -- R:6 G:7 B:A
  11623 : 011001111010 ; -- R:6 G:7 B:A
  11624 : 011001111010 ; -- R:6 G:7 B:A
  11625 : 011001111010 ; -- R:6 G:7 B:A
  11626 : 011001111010 ; -- R:6 G:7 B:A
  11627 : 011001111010 ; -- R:6 G:7 B:A
  11628 : 011001111010 ; -- R:6 G:7 B:A
  11629 : 101010001100 ; -- R:A G:8 B:C
  11630 : 111111011001 ; -- R:F G:D B:9
  11631 : 111111011001 ; -- R:F G:D B:9
  11632 : 111111011001 ; -- R:F G:D B:9
  11633 : 111111011001 ; -- R:F G:D B:9
  11634 : 111111011001 ; -- R:F G:D B:9
  11635 : 111111011001 ; -- R:F G:D B:9
  11636 : 111111011001 ; -- R:F G:D B:9
  11637 : 111111011001 ; -- R:F G:D B:9
  11638 : 111111011001 ; -- R:F G:D B:9
  11639 : 111111011001 ; -- R:F G:D B:9
  11640 : 011101111010 ; -- R:7 G:7 B:A
  11641 : 011001111010 ; -- R:6 G:7 B:A
  11642 : 011001111010 ; -- R:6 G:7 B:A
  11643 : 011001111010 ; -- R:6 G:7 B:A
  11644 : 011001111010 ; -- R:6 G:7 B:A
  11645 : 011001111010 ; -- R:6 G:7 B:A
  11646 : 011001111010 ; -- R:6 G:7 B:A
  11647 : 011001111010 ; -- R:6 G:7 B:A
  11648 : 011001111010 ; -- R:6 G:7 B:A
  11649 : 011001111010 ; -- R:6 G:7 B:A
  11650 : 011001111010 ; -- R:6 G:7 B:A
  11651 : 011001111010 ; -- R:6 G:7 B:A
  11652 : 011001111010 ; -- R:6 G:7 B:A
  11653 : 011001111010 ; -- R:6 G:7 B:A
  11654 : 011001111010 ; -- R:6 G:7 B:A
  11655 : 011001111010 ; -- R:6 G:7 B:A
  11656 : 011001111010 ; -- R:6 G:7 B:A
  11657 : 011001111010 ; -- R:6 G:7 B:A
  11658 : 011001111010 ; -- R:6 G:7 B:A
  11659 : 011001111010 ; -- R:6 G:7 B:A
  11660 : 011001111010 ; -- R:6 G:7 B:A
  11661 : 011001111010 ; -- R:6 G:7 B:A
  11662 : 011001111010 ; -- R:6 G:7 B:A
  11663 : 011001111010 ; -- R:6 G:7 B:A
  11664 : 011001111010 ; -- R:6 G:7 B:A
  11665 : 011001111010 ; -- R:6 G:7 B:A
  11666 : 011001111010 ; -- R:6 G:7 B:A
  11667 : 011001111010 ; -- R:6 G:7 B:A
  11668 : 011001111010 ; -- R:6 G:7 B:A
  11669 : 011001111010 ; -- R:6 G:7 B:A
  11670 : 011001111010 ; -- R:6 G:7 B:A
  11671 : 011001111010 ; -- R:6 G:7 B:A
  11672 : 011001111010 ; -- R:6 G:7 B:A
  11673 : 011001111010 ; -- R:6 G:7 B:A
  11674 : 011001111010 ; -- R:6 G:7 B:A
  11675 : 011001111010 ; -- R:6 G:7 B:A
  11676 : 011001111010 ; -- R:6 G:7 B:A
  11677 : 011001111010 ; -- R:6 G:7 B:A
  11678 : 011001111010 ; -- R:6 G:7 B:A
  11679 : 011001111010 ; -- R:6 G:7 B:A
  11680 : 011101011010 ; -- R:7 G:5 B:A
  11681 : 011110001011 ; -- R:7 G:8 B:B
  11682 : 100010011100 ; -- R:8 G:9 B:C
  11683 : 100010011100 ; -- R:8 G:9 B:C
  11684 : 100010011100 ; -- R:8 G:9 B:C
  11685 : 100010011100 ; -- R:8 G:9 B:C
  11686 : 100010011100 ; -- R:8 G:9 B:C
  11687 : 100010011100 ; -- R:8 G:9 B:C
  11688 : 100010011100 ; -- R:8 G:9 B:C
  11689 : 100010011100 ; -- R:8 G:9 B:C
  11690 : 100010011100 ; -- R:8 G:9 B:C
  11691 : 100010011100 ; -- R:8 G:9 B:C
  11692 : 100010011100 ; -- R:8 G:9 B:C
  11693 : 100010011100 ; -- R:8 G:9 B:C
  11694 : 100010011100 ; -- R:8 G:9 B:C
  11695 : 100010011100 ; -- R:8 G:9 B:C
  11696 : 100010011100 ; -- R:8 G:9 B:C
  11697 : 100010011100 ; -- R:8 G:9 B:C
  11698 : 100010011100 ; -- R:8 G:9 B:C
  11699 : 100010011100 ; -- R:8 G:9 B:C
  11700 : 100010011100 ; -- R:8 G:9 B:C
  11701 : 100010011100 ; -- R:8 G:9 B:C
  11702 : 100010011100 ; -- R:8 G:9 B:C
  11703 : 100010011100 ; -- R:8 G:9 B:C
  11704 : 100010011100 ; -- R:8 G:9 B:C
  11705 : 100010011100 ; -- R:8 G:9 B:C
  11706 : 100010011100 ; -- R:8 G:9 B:C
  11707 : 100010011100 ; -- R:8 G:9 B:C
  11708 : 100010011100 ; -- R:8 G:9 B:C
  11709 : 100010011100 ; -- R:8 G:9 B:C
  11710 : 100010011100 ; -- R:8 G:9 B:C
  11711 : 100010011100 ; -- R:8 G:9 B:C
  11712 : 100010011100 ; -- R:8 G:9 B:C
  11713 : 100010011100 ; -- R:8 G:9 B:C
  11714 : 100010011100 ; -- R:8 G:9 B:C
  11715 : 100010011100 ; -- R:8 G:9 B:C
  11716 : 100010011100 ; -- R:8 G:9 B:C
  11717 : 100010011100 ; -- R:8 G:9 B:C
  11718 : 100010011100 ; -- R:8 G:9 B:C
  11719 : 100010011100 ; -- R:8 G:9 B:C
  11720 : 100010011100 ; -- R:8 G:9 B:C
  11721 : 100010011100 ; -- R:8 G:9 B:C
  11722 : 100010011100 ; -- R:8 G:9 B:C
  11723 : 100010011100 ; -- R:8 G:9 B:C
  11724 : 100010011100 ; -- R:8 G:9 B:C
  11725 : 100010011100 ; -- R:8 G:9 B:C
  11726 : 100010011100 ; -- R:8 G:9 B:C
  11727 : 100010011100 ; -- R:8 G:9 B:C
  11728 : 100010011100 ; -- R:8 G:9 B:C
  11729 : 100010011100 ; -- R:8 G:9 B:C
  11730 : 100010011100 ; -- R:8 G:9 B:C
  11731 : 100010011100 ; -- R:8 G:9 B:C
  11732 : 100010011100 ; -- R:8 G:9 B:C
  11733 : 100010011100 ; -- R:8 G:9 B:C
  11734 : 100010011100 ; -- R:8 G:9 B:C
  11735 : 100010011100 ; -- R:8 G:9 B:C
  11736 : 100010011100 ; -- R:8 G:9 B:C
  11737 : 100010011100 ; -- R:8 G:9 B:C
  11738 : 100010011100 ; -- R:8 G:9 B:C
  11739 : 100010011100 ; -- R:8 G:9 B:C
  11740 : 100010011100 ; -- R:8 G:9 B:C
  11741 : 100010011100 ; -- R:8 G:9 B:C
  11742 : 100010011100 ; -- R:8 G:9 B:C
  11743 : 100010011100 ; -- R:8 G:9 B:C
  11744 : 100010011100 ; -- R:8 G:9 B:C
  11745 : 100010011100 ; -- R:8 G:9 B:C
  11746 : 100010011100 ; -- R:8 G:9 B:C
  11747 : 100010011100 ; -- R:8 G:9 B:C
  11748 : 100010011100 ; -- R:8 G:9 B:C
  11749 : 100010011100 ; -- R:8 G:9 B:C
  11750 : 100010011100 ; -- R:8 G:9 B:C
  11751 : 100010011100 ; -- R:8 G:9 B:C
  11752 : 100010011100 ; -- R:8 G:9 B:C
  11753 : 100010011100 ; -- R:8 G:9 B:C
  11754 : 100010011100 ; -- R:8 G:9 B:C
  11755 : 100010011100 ; -- R:8 G:9 B:C
  11756 : 100010011100 ; -- R:8 G:9 B:C
  11757 : 100010011100 ; -- R:8 G:9 B:C
  11758 : 100010011100 ; -- R:8 G:9 B:C
  11759 : 100010011100 ; -- R:8 G:9 B:C
  11760 : 100010011100 ; -- R:8 G:9 B:C
  11761 : 100010011100 ; -- R:8 G:9 B:C
  11762 : 100010011100 ; -- R:8 G:9 B:C
  11763 : 100010011100 ; -- R:8 G:9 B:C
  11764 : 100010011100 ; -- R:8 G:9 B:C
  11765 : 100010011100 ; -- R:8 G:9 B:C
  11766 : 100010011100 ; -- R:8 G:9 B:C
  11767 : 100010011100 ; -- R:8 G:9 B:C
  11768 : 100010011100 ; -- R:8 G:9 B:C
  11769 : 100010011100 ; -- R:8 G:9 B:C
  11770 : 100010011100 ; -- R:8 G:9 B:C
  11771 : 100010011100 ; -- R:8 G:9 B:C
  11772 : 100010011100 ; -- R:8 G:9 B:C
  11773 : 100010011100 ; -- R:8 G:9 B:C
  11774 : 100010011100 ; -- R:8 G:9 B:C
  11775 : 100010011100 ; -- R:8 G:9 B:C
  11776 : 100010011100 ; -- R:8 G:9 B:C
  11777 : 100010011100 ; -- R:8 G:9 B:C
  11778 : 100010011100 ; -- R:8 G:9 B:C
  11779 : 100010011100 ; -- R:8 G:9 B:C
  11780 : 100010011100 ; -- R:8 G:9 B:C
  11781 : 100010011100 ; -- R:8 G:9 B:C
  11782 : 100010011100 ; -- R:8 G:9 B:C
  11783 : 100010011100 ; -- R:8 G:9 B:C
  11784 : 100010011100 ; -- R:8 G:9 B:C
  11785 : 100010011100 ; -- R:8 G:9 B:C
  11786 : 100010011100 ; -- R:8 G:9 B:C
  11787 : 100010011100 ; -- R:8 G:9 B:C
  11788 : 100010011100 ; -- R:8 G:9 B:C
  11789 : 101110011100 ; -- R:B G:9 B:C
  11790 : 111111011001 ; -- R:F G:D B:9
  11791 : 111111011001 ; -- R:F G:D B:9
  11792 : 111111011001 ; -- R:F G:D B:9
  11793 : 111111011001 ; -- R:F G:D B:9
  11794 : 111111011001 ; -- R:F G:D B:9
  11795 : 111111011001 ; -- R:F G:D B:9
  11796 : 111111011001 ; -- R:F G:D B:9
  11797 : 111111011001 ; -- R:F G:D B:9
  11798 : 111111011001 ; -- R:F G:D B:9
  11799 : 111111011001 ; -- R:F G:D B:9
  11800 : 100010011100 ; -- R:8 G:9 B:C
  11801 : 100010011100 ; -- R:8 G:9 B:C
  11802 : 100010011100 ; -- R:8 G:9 B:C
  11803 : 100010011100 ; -- R:8 G:9 B:C
  11804 : 100010011100 ; -- R:8 G:9 B:C
  11805 : 100010011100 ; -- R:8 G:9 B:C
  11806 : 100010011100 ; -- R:8 G:9 B:C
  11807 : 100010011100 ; -- R:8 G:9 B:C
  11808 : 100010011100 ; -- R:8 G:9 B:C
  11809 : 100010011100 ; -- R:8 G:9 B:C
  11810 : 100010011100 ; -- R:8 G:9 B:C
  11811 : 100010011100 ; -- R:8 G:9 B:C
  11812 : 100010011100 ; -- R:8 G:9 B:C
  11813 : 100010011100 ; -- R:8 G:9 B:C
  11814 : 100010011100 ; -- R:8 G:9 B:C
  11815 : 100010011100 ; -- R:8 G:9 B:C
  11816 : 100010011100 ; -- R:8 G:9 B:C
  11817 : 100010011100 ; -- R:8 G:9 B:C
  11818 : 100010011100 ; -- R:8 G:9 B:C
  11819 : 100010011100 ; -- R:8 G:9 B:C
  11820 : 100010011100 ; -- R:8 G:9 B:C
  11821 : 100010011100 ; -- R:8 G:9 B:C
  11822 : 100010011100 ; -- R:8 G:9 B:C
  11823 : 100010011100 ; -- R:8 G:9 B:C
  11824 : 100010011100 ; -- R:8 G:9 B:C
  11825 : 100010011100 ; -- R:8 G:9 B:C
  11826 : 100010011100 ; -- R:8 G:9 B:C
  11827 : 100010011100 ; -- R:8 G:9 B:C
  11828 : 100010011100 ; -- R:8 G:9 B:C
  11829 : 100010011100 ; -- R:8 G:9 B:C
  11830 : 100010011100 ; -- R:8 G:9 B:C
  11831 : 100010011100 ; -- R:8 G:9 B:C
  11832 : 100010011100 ; -- R:8 G:9 B:C
  11833 : 100010011100 ; -- R:8 G:9 B:C
  11834 : 100010011100 ; -- R:8 G:9 B:C
  11835 : 100010011100 ; -- R:8 G:9 B:C
  11836 : 100010011100 ; -- R:8 G:9 B:C
  11837 : 100010011100 ; -- R:8 G:9 B:C
  11838 : 100010011100 ; -- R:8 G:9 B:C
  11839 : 100010011100 ; -- R:8 G:9 B:C
  11840 : 011101011010 ; -- R:7 G:5 B:A
  11841 : 011101011010 ; -- R:7 G:5 B:A
  11842 : 011101111011 ; -- R:7 G:7 B:B
  11843 : 101010111110 ; -- R:A G:B B:E
  11844 : 101011001111 ; -- R:A G:C B:F
  11845 : 101011001111 ; -- R:A G:C B:F
  11846 : 101011001111 ; -- R:A G:C B:F
  11847 : 101011001111 ; -- R:A G:C B:F
  11848 : 101011001111 ; -- R:A G:C B:F
  11849 : 101011001111 ; -- R:A G:C B:F
  11850 : 101011001111 ; -- R:A G:C B:F
  11851 : 101011001111 ; -- R:A G:C B:F
  11852 : 101011001111 ; -- R:A G:C B:F
  11853 : 101011001111 ; -- R:A G:C B:F
  11854 : 101011001111 ; -- R:A G:C B:F
  11855 : 101011001111 ; -- R:A G:C B:F
  11856 : 101011001111 ; -- R:A G:C B:F
  11857 : 101011001111 ; -- R:A G:C B:F
  11858 : 101011001111 ; -- R:A G:C B:F
  11859 : 101011001111 ; -- R:A G:C B:F
  11860 : 101011001111 ; -- R:A G:C B:F
  11861 : 101011001111 ; -- R:A G:C B:F
  11862 : 101011001111 ; -- R:A G:C B:F
  11863 : 101011001111 ; -- R:A G:C B:F
  11864 : 101011001111 ; -- R:A G:C B:F
  11865 : 101011001111 ; -- R:A G:C B:F
  11866 : 101011001111 ; -- R:A G:C B:F
  11867 : 101011001111 ; -- R:A G:C B:F
  11868 : 101011001111 ; -- R:A G:C B:F
  11869 : 101011001111 ; -- R:A G:C B:F
  11870 : 101011001111 ; -- R:A G:C B:F
  11871 : 101011001111 ; -- R:A G:C B:F
  11872 : 101011001111 ; -- R:A G:C B:F
  11873 : 101011001111 ; -- R:A G:C B:F
  11874 : 101011001111 ; -- R:A G:C B:F
  11875 : 101011001111 ; -- R:A G:C B:F
  11876 : 101011001111 ; -- R:A G:C B:F
  11877 : 101011001111 ; -- R:A G:C B:F
  11878 : 101011001111 ; -- R:A G:C B:F
  11879 : 101011001111 ; -- R:A G:C B:F
  11880 : 101011001111 ; -- R:A G:C B:F
  11881 : 101011001111 ; -- R:A G:C B:F
  11882 : 101011001111 ; -- R:A G:C B:F
  11883 : 101011001111 ; -- R:A G:C B:F
  11884 : 101011001111 ; -- R:A G:C B:F
  11885 : 101011001111 ; -- R:A G:C B:F
  11886 : 101011001111 ; -- R:A G:C B:F
  11887 : 101011001111 ; -- R:A G:C B:F
  11888 : 101011001111 ; -- R:A G:C B:F
  11889 : 101011001111 ; -- R:A G:C B:F
  11890 : 101011001111 ; -- R:A G:C B:F
  11891 : 101011001111 ; -- R:A G:C B:F
  11892 : 101011001111 ; -- R:A G:C B:F
  11893 : 101011001111 ; -- R:A G:C B:F
  11894 : 101011001111 ; -- R:A G:C B:F
  11895 : 101011001111 ; -- R:A G:C B:F
  11896 : 101011001111 ; -- R:A G:C B:F
  11897 : 101011001111 ; -- R:A G:C B:F
  11898 : 101011001111 ; -- R:A G:C B:F
  11899 : 101011001111 ; -- R:A G:C B:F
  11900 : 101011001111 ; -- R:A G:C B:F
  11901 : 101011001111 ; -- R:A G:C B:F
  11902 : 101011001111 ; -- R:A G:C B:F
  11903 : 101011001111 ; -- R:A G:C B:F
  11904 : 101011001111 ; -- R:A G:C B:F
  11905 : 101011001111 ; -- R:A G:C B:F
  11906 : 101011001111 ; -- R:A G:C B:F
  11907 : 101011001111 ; -- R:A G:C B:F
  11908 : 101011001111 ; -- R:A G:C B:F
  11909 : 101011001111 ; -- R:A G:C B:F
  11910 : 101011001111 ; -- R:A G:C B:F
  11911 : 101011001111 ; -- R:A G:C B:F
  11912 : 101011001111 ; -- R:A G:C B:F
  11913 : 101011001111 ; -- R:A G:C B:F
  11914 : 101011001111 ; -- R:A G:C B:F
  11915 : 101011001111 ; -- R:A G:C B:F
  11916 : 101011001111 ; -- R:A G:C B:F
  11917 : 101011001111 ; -- R:A G:C B:F
  11918 : 101011001111 ; -- R:A G:C B:F
  11919 : 101011001111 ; -- R:A G:C B:F
  11920 : 101011001111 ; -- R:A G:C B:F
  11921 : 101011001111 ; -- R:A G:C B:F
  11922 : 101011001111 ; -- R:A G:C B:F
  11923 : 101011001111 ; -- R:A G:C B:F
  11924 : 101011001111 ; -- R:A G:C B:F
  11925 : 101011001111 ; -- R:A G:C B:F
  11926 : 101011001111 ; -- R:A G:C B:F
  11927 : 101011001111 ; -- R:A G:C B:F
  11928 : 101011001111 ; -- R:A G:C B:F
  11929 : 101011001111 ; -- R:A G:C B:F
  11930 : 101011001111 ; -- R:A G:C B:F
  11931 : 101011001111 ; -- R:A G:C B:F
  11932 : 101011001111 ; -- R:A G:C B:F
  11933 : 101011001111 ; -- R:A G:C B:F
  11934 : 101011001111 ; -- R:A G:C B:F
  11935 : 101011001111 ; -- R:A G:C B:F
  11936 : 101011001111 ; -- R:A G:C B:F
  11937 : 101011001111 ; -- R:A G:C B:F
  11938 : 101011001111 ; -- R:A G:C B:F
  11939 : 101011001111 ; -- R:A G:C B:F
  11940 : 101011001111 ; -- R:A G:C B:F
  11941 : 101011001111 ; -- R:A G:C B:F
  11942 : 101011001111 ; -- R:A G:C B:F
  11943 : 101011001111 ; -- R:A G:C B:F
  11944 : 101011001111 ; -- R:A G:C B:F
  11945 : 101011001111 ; -- R:A G:C B:F
  11946 : 101011001111 ; -- R:A G:C B:F
  11947 : 101011001111 ; -- R:A G:C B:F
  11948 : 101011001111 ; -- R:A G:C B:F
  11949 : 101010111110 ; -- R:A G:B B:E
  11950 : 111111011001 ; -- R:F G:D B:9
  11951 : 111111011001 ; -- R:F G:D B:9
  11952 : 111111011001 ; -- R:F G:D B:9
  11953 : 111111011001 ; -- R:F G:D B:9
  11954 : 111111011001 ; -- R:F G:D B:9
  11955 : 111111011001 ; -- R:F G:D B:9
  11956 : 111111011001 ; -- R:F G:D B:9
  11957 : 111111011001 ; -- R:F G:D B:9
  11958 : 111111011001 ; -- R:F G:D B:9
  11959 : 110010101100 ; -- R:C G:A B:C
  11960 : 101011001111 ; -- R:A G:C B:F
  11961 : 101011001111 ; -- R:A G:C B:F
  11962 : 101011001111 ; -- R:A G:C B:F
  11963 : 101011001111 ; -- R:A G:C B:F
  11964 : 101011001111 ; -- R:A G:C B:F
  11965 : 101011001111 ; -- R:A G:C B:F
  11966 : 101011001111 ; -- R:A G:C B:F
  11967 : 101011001111 ; -- R:A G:C B:F
  11968 : 101011001111 ; -- R:A G:C B:F
  11969 : 101011001111 ; -- R:A G:C B:F
  11970 : 101011001111 ; -- R:A G:C B:F
  11971 : 101011001111 ; -- R:A G:C B:F
  11972 : 101011001111 ; -- R:A G:C B:F
  11973 : 101011001111 ; -- R:A G:C B:F
  11974 : 101011001111 ; -- R:A G:C B:F
  11975 : 101011001111 ; -- R:A G:C B:F
  11976 : 101011001111 ; -- R:A G:C B:F
  11977 : 101011001111 ; -- R:A G:C B:F
  11978 : 101011001111 ; -- R:A G:C B:F
  11979 : 101011001111 ; -- R:A G:C B:F
  11980 : 101011001111 ; -- R:A G:C B:F
  11981 : 101011001111 ; -- R:A G:C B:F
  11982 : 101011001111 ; -- R:A G:C B:F
  11983 : 101011001111 ; -- R:A G:C B:F
  11984 : 101011001111 ; -- R:A G:C B:F
  11985 : 101011001111 ; -- R:A G:C B:F
  11986 : 101011001111 ; -- R:A G:C B:F
  11987 : 101011001111 ; -- R:A G:C B:F
  11988 : 101011001111 ; -- R:A G:C B:F
  11989 : 101011001111 ; -- R:A G:C B:F
  11990 : 101011001111 ; -- R:A G:C B:F
  11991 : 101011001111 ; -- R:A G:C B:F
  11992 : 101011001111 ; -- R:A G:C B:F
  11993 : 101011001111 ; -- R:A G:C B:F
  11994 : 101011001111 ; -- R:A G:C B:F
  11995 : 101011001111 ; -- R:A G:C B:F
  11996 : 101011001111 ; -- R:A G:C B:F
  11997 : 101011001111 ; -- R:A G:C B:F
  11998 : 101011001111 ; -- R:A G:C B:F
  11999 : 101011001111 ; -- R:A G:C B:F
  12000 : 011110011100 ; -- R:7 G:9 B:C
  12001 : 011110011100 ; -- R:7 G:9 B:C
  12002 : 011101011010 ; -- R:7 G:5 B:A
  12003 : 011101011010 ; -- R:7 G:5 B:A
  12004 : 100110001100 ; -- R:9 G:8 B:C
  12005 : 101011001111 ; -- R:A G:C B:F
  12006 : 101010111110 ; -- R:A G:B B:E
  12007 : 101010111110 ; -- R:A G:B B:E
  12008 : 101010111110 ; -- R:A G:B B:E
  12009 : 101010111110 ; -- R:A G:B B:E
  12010 : 101010111110 ; -- R:A G:B B:E
  12011 : 101010111110 ; -- R:A G:B B:E
  12012 : 101010111110 ; -- R:A G:B B:E
  12013 : 101010111110 ; -- R:A G:B B:E
  12014 : 101010111110 ; -- R:A G:B B:E
  12015 : 101010111110 ; -- R:A G:B B:E
  12016 : 101010111110 ; -- R:A G:B B:E
  12017 : 101010111110 ; -- R:A G:B B:E
  12018 : 101010111110 ; -- R:A G:B B:E
  12019 : 101010111110 ; -- R:A G:B B:E
  12020 : 101010111110 ; -- R:A G:B B:E
  12021 : 101010111110 ; -- R:A G:B B:E
  12022 : 101010111110 ; -- R:A G:B B:E
  12023 : 101010111110 ; -- R:A G:B B:E
  12024 : 101010111110 ; -- R:A G:B B:E
  12025 : 101010111110 ; -- R:A G:B B:E
  12026 : 101010111110 ; -- R:A G:B B:E
  12027 : 101010111110 ; -- R:A G:B B:E
  12028 : 101010111110 ; -- R:A G:B B:E
  12029 : 101010111110 ; -- R:A G:B B:E
  12030 : 101010111110 ; -- R:A G:B B:E
  12031 : 101010111110 ; -- R:A G:B B:E
  12032 : 101010111110 ; -- R:A G:B B:E
  12033 : 101010111110 ; -- R:A G:B B:E
  12034 : 101010111110 ; -- R:A G:B B:E
  12035 : 101010111110 ; -- R:A G:B B:E
  12036 : 101010111110 ; -- R:A G:B B:E
  12037 : 101010111110 ; -- R:A G:B B:E
  12038 : 101010111110 ; -- R:A G:B B:E
  12039 : 101010111110 ; -- R:A G:B B:E
  12040 : 101010111110 ; -- R:A G:B B:E
  12041 : 101010111110 ; -- R:A G:B B:E
  12042 : 101010111110 ; -- R:A G:B B:E
  12043 : 101010111110 ; -- R:A G:B B:E
  12044 : 101010111110 ; -- R:A G:B B:E
  12045 : 101010111110 ; -- R:A G:B B:E
  12046 : 101010111110 ; -- R:A G:B B:E
  12047 : 101010111110 ; -- R:A G:B B:E
  12048 : 101010111110 ; -- R:A G:B B:E
  12049 : 101010111110 ; -- R:A G:B B:E
  12050 : 101010111110 ; -- R:A G:B B:E
  12051 : 101010111110 ; -- R:A G:B B:E
  12052 : 101010111110 ; -- R:A G:B B:E
  12053 : 101010111110 ; -- R:A G:B B:E
  12054 : 101010111110 ; -- R:A G:B B:E
  12055 : 101010111110 ; -- R:A G:B B:E
  12056 : 101010111110 ; -- R:A G:B B:E
  12057 : 101010111110 ; -- R:A G:B B:E
  12058 : 101010111110 ; -- R:A G:B B:E
  12059 : 101010111110 ; -- R:A G:B B:E
  12060 : 101010111110 ; -- R:A G:B B:E
  12061 : 101010111110 ; -- R:A G:B B:E
  12062 : 101010111110 ; -- R:A G:B B:E
  12063 : 101010111110 ; -- R:A G:B B:E
  12064 : 101010111110 ; -- R:A G:B B:E
  12065 : 101010111110 ; -- R:A G:B B:E
  12066 : 101010111110 ; -- R:A G:B B:E
  12067 : 101010111110 ; -- R:A G:B B:E
  12068 : 101010111110 ; -- R:A G:B B:E
  12069 : 101010111110 ; -- R:A G:B B:E
  12070 : 101010111110 ; -- R:A G:B B:E
  12071 : 101010111110 ; -- R:A G:B B:E
  12072 : 101010111110 ; -- R:A G:B B:E
  12073 : 101010111110 ; -- R:A G:B B:E
  12074 : 101010111110 ; -- R:A G:B B:E
  12075 : 101010111110 ; -- R:A G:B B:E
  12076 : 101010111111 ; -- R:A G:B B:F
  12077 : 101010111111 ; -- R:A G:B B:F
  12078 : 101010111110 ; -- R:A G:B B:E
  12079 : 101010111110 ; -- R:A G:B B:E
  12080 : 101010111110 ; -- R:A G:B B:E
  12081 : 101010111111 ; -- R:A G:B B:F
  12082 : 101010111111 ; -- R:A G:B B:F
  12083 : 101010111111 ; -- R:A G:B B:F
  12084 : 101010111110 ; -- R:A G:B B:E
  12085 : 101010111110 ; -- R:A G:B B:E
  12086 : 101010111110 ; -- R:A G:B B:E
  12087 : 101010111110 ; -- R:A G:B B:E
  12088 : 101010111111 ; -- R:A G:B B:F
  12089 : 101010111111 ; -- R:A G:B B:F
  12090 : 101010111111 ; -- R:A G:B B:F
  12091 : 101010111111 ; -- R:A G:B B:F
  12092 : 101010111110 ; -- R:A G:B B:E
  12093 : 101010111110 ; -- R:A G:B B:E
  12094 : 101010111110 ; -- R:A G:B B:E
  12095 : 101010111110 ; -- R:A G:B B:E
  12096 : 101010111110 ; -- R:A G:B B:E
  12097 : 101010111110 ; -- R:A G:B B:E
  12098 : 101010111110 ; -- R:A G:B B:E
  12099 : 101010111110 ; -- R:A G:B B:E
  12100 : 101010111110 ; -- R:A G:B B:E
  12101 : 101010111110 ; -- R:A G:B B:E
  12102 : 101010111110 ; -- R:A G:B B:E
  12103 : 101010111110 ; -- R:A G:B B:E
  12104 : 101010111110 ; -- R:A G:B B:E
  12105 : 101010111110 ; -- R:A G:B B:E
  12106 : 101010111110 ; -- R:A G:B B:E
  12107 : 101010111110 ; -- R:A G:B B:E
  12108 : 101010111110 ; -- R:A G:B B:E
  12109 : 101010111111 ; -- R:A G:B B:F
  12110 : 101010111110 ; -- R:A G:B B:E
  12111 : 111111011001 ; -- R:F G:D B:9
  12112 : 111111011001 ; -- R:F G:D B:9
  12113 : 111111011001 ; -- R:F G:D B:9
  12114 : 111111011001 ; -- R:F G:D B:9
  12115 : 111111011001 ; -- R:F G:D B:9
  12116 : 111111011001 ; -- R:F G:D B:9
  12117 : 111111011001 ; -- R:F G:D B:9
  12118 : 110010101100 ; -- R:C G:A B:C
  12119 : 101010111110 ; -- R:A G:B B:E
  12120 : 101010111111 ; -- R:A G:B B:F
  12121 : 101010111110 ; -- R:A G:B B:E
  12122 : 101010111110 ; -- R:A G:B B:E
  12123 : 101010111110 ; -- R:A G:B B:E
  12124 : 101010111110 ; -- R:A G:B B:E
  12125 : 101010111110 ; -- R:A G:B B:E
  12126 : 101010111110 ; -- R:A G:B B:E
  12127 : 101010111110 ; -- R:A G:B B:E
  12128 : 101010111110 ; -- R:A G:B B:E
  12129 : 101010111110 ; -- R:A G:B B:E
  12130 : 101010111110 ; -- R:A G:B B:E
  12131 : 101010111110 ; -- R:A G:B B:E
  12132 : 101010111110 ; -- R:A G:B B:E
  12133 : 101010111110 ; -- R:A G:B B:E
  12134 : 101010111110 ; -- R:A G:B B:E
  12135 : 101010111110 ; -- R:A G:B B:E
  12136 : 101010111110 ; -- R:A G:B B:E
  12137 : 101010111110 ; -- R:A G:B B:E
  12138 : 101010111110 ; -- R:A G:B B:E
  12139 : 101010111110 ; -- R:A G:B B:E
  12140 : 101010111110 ; -- R:A G:B B:E
  12141 : 101010111110 ; -- R:A G:B B:E
  12142 : 101010111110 ; -- R:A G:B B:E
  12143 : 101010111110 ; -- R:A G:B B:E
  12144 : 101010111110 ; -- R:A G:B B:E
  12145 : 101010111110 ; -- R:A G:B B:E
  12146 : 101010111110 ; -- R:A G:B B:E
  12147 : 101010111110 ; -- R:A G:B B:E
  12148 : 101010111110 ; -- R:A G:B B:E
  12149 : 101010111110 ; -- R:A G:B B:E
  12150 : 101010111110 ; -- R:A G:B B:E
  12151 : 101010111110 ; -- R:A G:B B:E
  12152 : 101010111110 ; -- R:A G:B B:E
  12153 : 101010111110 ; -- R:A G:B B:E
  12154 : 101010111110 ; -- R:A G:B B:E
  12155 : 101010111110 ; -- R:A G:B B:E
  12156 : 101010111110 ; -- R:A G:B B:E
  12157 : 101010111110 ; -- R:A G:B B:E
  12158 : 101010111110 ; -- R:A G:B B:E
  12159 : 101010111110 ; -- R:A G:B B:E
  12160 : 011110011100 ; -- R:7 G:9 B:C
  12161 : 011110011100 ; -- R:7 G:9 B:C
  12162 : 011110011100 ; -- R:7 G:9 B:C
  12163 : 011101111011 ; -- R:7 G:7 B:B
  12164 : 011101011010 ; -- R:7 G:5 B:A
  12165 : 100110001100 ; -- R:9 G:8 B:C
  12166 : 101011001111 ; -- R:A G:C B:F
  12167 : 101010111111 ; -- R:A G:B B:F
  12168 : 101010111110 ; -- R:A G:B B:E
  12169 : 101010111111 ; -- R:A G:B B:F
  12170 : 101010111111 ; -- R:A G:B B:F
  12171 : 101010111111 ; -- R:A G:B B:F
  12172 : 101010111111 ; -- R:A G:B B:F
  12173 : 101010111111 ; -- R:A G:B B:F
  12174 : 101010111111 ; -- R:A G:B B:F
  12175 : 101010111111 ; -- R:A G:B B:F
  12176 : 101010111111 ; -- R:A G:B B:F
  12177 : 101010111111 ; -- R:A G:B B:F
  12178 : 101010111111 ; -- R:A G:B B:F
  12179 : 101010111111 ; -- R:A G:B B:F
  12180 : 101010111111 ; -- R:A G:B B:F
  12181 : 101010111111 ; -- R:A G:B B:F
  12182 : 101010111111 ; -- R:A G:B B:F
  12183 : 101010111111 ; -- R:A G:B B:F
  12184 : 101010111111 ; -- R:A G:B B:F
  12185 : 101010111111 ; -- R:A G:B B:F
  12186 : 101010111111 ; -- R:A G:B B:F
  12187 : 101010111111 ; -- R:A G:B B:F
  12188 : 101010111111 ; -- R:A G:B B:F
  12189 : 101010111111 ; -- R:A G:B B:F
  12190 : 101010111111 ; -- R:A G:B B:F
  12191 : 101010111111 ; -- R:A G:B B:F
  12192 : 101010111111 ; -- R:A G:B B:F
  12193 : 101010111111 ; -- R:A G:B B:F
  12194 : 101010111111 ; -- R:A G:B B:F
  12195 : 101010111111 ; -- R:A G:B B:F
  12196 : 101010111111 ; -- R:A G:B B:F
  12197 : 101010111111 ; -- R:A G:B B:F
  12198 : 101010111111 ; -- R:A G:B B:F
  12199 : 101010111111 ; -- R:A G:B B:F
  12200 : 101010111111 ; -- R:A G:B B:F
  12201 : 101010111111 ; -- R:A G:B B:F
  12202 : 101010111111 ; -- R:A G:B B:F
  12203 : 101010111111 ; -- R:A G:B B:F
  12204 : 101010111111 ; -- R:A G:B B:F
  12205 : 101010111111 ; -- R:A G:B B:F
  12206 : 101010111111 ; -- R:A G:B B:F
  12207 : 101010111111 ; -- R:A G:B B:F
  12208 : 101010111111 ; -- R:A G:B B:F
  12209 : 101010111111 ; -- R:A G:B B:F
  12210 : 101010111111 ; -- R:A G:B B:F
  12211 : 101010111111 ; -- R:A G:B B:F
  12212 : 101010111111 ; -- R:A G:B B:F
  12213 : 101010111111 ; -- R:A G:B B:F
  12214 : 101010111111 ; -- R:A G:B B:F
  12215 : 101010111111 ; -- R:A G:B B:F
  12216 : 101010111111 ; -- R:A G:B B:F
  12217 : 101010111111 ; -- R:A G:B B:F
  12218 : 101010111111 ; -- R:A G:B B:F
  12219 : 101010111111 ; -- R:A G:B B:F
  12220 : 101010111111 ; -- R:A G:B B:F
  12221 : 101010111111 ; -- R:A G:B B:F
  12222 : 101010111111 ; -- R:A G:B B:F
  12223 : 101010111111 ; -- R:A G:B B:F
  12224 : 101010111111 ; -- R:A G:B B:F
  12225 : 101010111111 ; -- R:A G:B B:F
  12226 : 101010111111 ; -- R:A G:B B:F
  12227 : 101010111111 ; -- R:A G:B B:F
  12228 : 101010111111 ; -- R:A G:B B:F
  12229 : 101010111111 ; -- R:A G:B B:F
  12230 : 101010111111 ; -- R:A G:B B:F
  12231 : 101010111111 ; -- R:A G:B B:F
  12232 : 101010111111 ; -- R:A G:B B:F
  12233 : 101010111111 ; -- R:A G:B B:F
  12234 : 101010111111 ; -- R:A G:B B:F
  12235 : 101010111111 ; -- R:A G:B B:F
  12236 : 101010111110 ; -- R:A G:B B:E
  12237 : 101010111110 ; -- R:A G:B B:E
  12238 : 101010111111 ; -- R:A G:B B:F
  12239 : 101010111111 ; -- R:A G:B B:F
  12240 : 101010111111 ; -- R:A G:B B:F
  12241 : 101010111110 ; -- R:A G:B B:E
  12242 : 101010111110 ; -- R:A G:B B:E
  12243 : 101010111110 ; -- R:A G:B B:E
  12244 : 101010111111 ; -- R:A G:B B:F
  12245 : 101010111111 ; -- R:A G:B B:F
  12246 : 101010111111 ; -- R:A G:B B:F
  12247 : 101010111111 ; -- R:A G:B B:F
  12248 : 101010111110 ; -- R:A G:B B:E
  12249 : 101010111110 ; -- R:A G:B B:E
  12250 : 101010111110 ; -- R:A G:B B:E
  12251 : 101010111110 ; -- R:A G:B B:E
  12252 : 101010111111 ; -- R:A G:B B:F
  12253 : 101010111111 ; -- R:A G:B B:F
  12254 : 101010111111 ; -- R:A G:B B:F
  12255 : 101010111111 ; -- R:A G:B B:F
  12256 : 101010111111 ; -- R:A G:B B:F
  12257 : 101010111111 ; -- R:A G:B B:F
  12258 : 101010111111 ; -- R:A G:B B:F
  12259 : 101010111111 ; -- R:A G:B B:F
  12260 : 101010111111 ; -- R:A G:B B:F
  12261 : 101010111111 ; -- R:A G:B B:F
  12262 : 101010111111 ; -- R:A G:B B:F
  12263 : 101010111111 ; -- R:A G:B B:F
  12264 : 101010111111 ; -- R:A G:B B:F
  12265 : 101010111111 ; -- R:A G:B B:F
  12266 : 101010111111 ; -- R:A G:B B:F
  12267 : 101010111111 ; -- R:A G:B B:F
  12268 : 101010111111 ; -- R:A G:B B:F
  12269 : 101010111110 ; -- R:A G:B B:E
  12270 : 101010111111 ; -- R:A G:B B:F
  12271 : 101010111110 ; -- R:A G:B B:E
  12272 : 110010101100 ; -- R:C G:A B:C
  12273 : 110010101100 ; -- R:C G:A B:C
  12274 : 110010101100 ; -- R:C G:A B:C
  12275 : 110010101100 ; -- R:C G:A B:C
  12276 : 110010101100 ; -- R:C G:A B:C
  12277 : 110010101100 ; -- R:C G:A B:C
  12278 : 101010111111 ; -- R:A G:B B:F
  12279 : 101010111111 ; -- R:A G:B B:F
  12280 : 101010111110 ; -- R:A G:B B:E
  12281 : 101010111111 ; -- R:A G:B B:F
  12282 : 101010111111 ; -- R:A G:B B:F
  12283 : 101010111111 ; -- R:A G:B B:F
  12284 : 101010111111 ; -- R:A G:B B:F
  12285 : 101010111111 ; -- R:A G:B B:F
  12286 : 101010111111 ; -- R:A G:B B:F
  12287 : 101010111111 ; -- R:A G:B B:F
  12288 : 101010111111 ; -- R:A G:B B:F
  12289 : 101010111111 ; -- R:A G:B B:F
  12290 : 101010111111 ; -- R:A G:B B:F
  12291 : 101010111111 ; -- R:A G:B B:F
  12292 : 101010111111 ; -- R:A G:B B:F
  12293 : 101010111111 ; -- R:A G:B B:F
  12294 : 101010111111 ; -- R:A G:B B:F
  12295 : 101010111111 ; -- R:A G:B B:F
  12296 : 101010111111 ; -- R:A G:B B:F
  12297 : 101010111111 ; -- R:A G:B B:F
  12298 : 101010111111 ; -- R:A G:B B:F
  12299 : 101010111111 ; -- R:A G:B B:F
  12300 : 101010111111 ; -- R:A G:B B:F
  12301 : 101010111111 ; -- R:A G:B B:F
  12302 : 101010111111 ; -- R:A G:B B:F
  12303 : 101010111111 ; -- R:A G:B B:F
  12304 : 101010111111 ; -- R:A G:B B:F
  12305 : 101010111111 ; -- R:A G:B B:F
  12306 : 101010111111 ; -- R:A G:B B:F
  12307 : 101010111111 ; -- R:A G:B B:F
  12308 : 101010111111 ; -- R:A G:B B:F
  12309 : 101010111111 ; -- R:A G:B B:F
  12310 : 101010111111 ; -- R:A G:B B:F
  12311 : 101010111111 ; -- R:A G:B B:F
  12312 : 101010111111 ; -- R:A G:B B:F
  12313 : 101010111111 ; -- R:A G:B B:F
  12314 : 101010111111 ; -- R:A G:B B:F
  12315 : 101010111111 ; -- R:A G:B B:F
  12316 : 101010111111 ; -- R:A G:B B:F
  12317 : 101010111111 ; -- R:A G:B B:F
  12318 : 101010111111 ; -- R:A G:B B:F
  12319 : 101010111111 ; -- R:A G:B B:F
  12320 : 011110011100 ; -- R:7 G:9 B:C
  12321 : 011110011100 ; -- R:7 G:9 B:C
  12322 : 011110011100 ; -- R:7 G:9 B:C
  12323 : 011110011100 ; -- R:7 G:9 B:C
  12324 : 011110011100 ; -- R:7 G:9 B:C
  12325 : 011101011010 ; -- R:7 G:5 B:A
  12326 : 011101111011 ; -- R:7 G:7 B:B
  12327 : 101010111111 ; -- R:A G:B B:F
  12328 : 101011001111 ; -- R:A G:C B:F
  12329 : 101010111110 ; -- R:A G:B B:E
  12330 : 101010111111 ; -- R:A G:B B:F
  12331 : 101010111111 ; -- R:A G:B B:F
  12332 : 101010111111 ; -- R:A G:B B:F
  12333 : 101010111111 ; -- R:A G:B B:F
  12334 : 101010111111 ; -- R:A G:B B:F
  12335 : 101010111111 ; -- R:A G:B B:F
  12336 : 101010111111 ; -- R:A G:B B:F
  12337 : 101010111111 ; -- R:A G:B B:F
  12338 : 101010111111 ; -- R:A G:B B:F
  12339 : 101010111111 ; -- R:A G:B B:F
  12340 : 101010111111 ; -- R:A G:B B:F
  12341 : 101010111111 ; -- R:A G:B B:F
  12342 : 101010111111 ; -- R:A G:B B:F
  12343 : 101010111111 ; -- R:A G:B B:F
  12344 : 101010111111 ; -- R:A G:B B:F
  12345 : 101010111111 ; -- R:A G:B B:F
  12346 : 101010111111 ; -- R:A G:B B:F
  12347 : 101010111111 ; -- R:A G:B B:F
  12348 : 101010111111 ; -- R:A G:B B:F
  12349 : 101010111111 ; -- R:A G:B B:F
  12350 : 101010111111 ; -- R:A G:B B:F
  12351 : 101010111111 ; -- R:A G:B B:F
  12352 : 101010111111 ; -- R:A G:B B:F
  12353 : 101010111111 ; -- R:A G:B B:F
  12354 : 101010111111 ; -- R:A G:B B:F
  12355 : 101010111111 ; -- R:A G:B B:F
  12356 : 101010111111 ; -- R:A G:B B:F
  12357 : 101010111111 ; -- R:A G:B B:F
  12358 : 101010111111 ; -- R:A G:B B:F
  12359 : 101010111111 ; -- R:A G:B B:F
  12360 : 101010111111 ; -- R:A G:B B:F
  12361 : 101010111111 ; -- R:A G:B B:F
  12362 : 101010111111 ; -- R:A G:B B:F
  12363 : 101010111111 ; -- R:A G:B B:F
  12364 : 101010111111 ; -- R:A G:B B:F
  12365 : 101010111111 ; -- R:A G:B B:F
  12366 : 101010111111 ; -- R:A G:B B:F
  12367 : 101010111111 ; -- R:A G:B B:F
  12368 : 101010111111 ; -- R:A G:B B:F
  12369 : 101010111111 ; -- R:A G:B B:F
  12370 : 101010111111 ; -- R:A G:B B:F
  12371 : 101010111111 ; -- R:A G:B B:F
  12372 : 101010111111 ; -- R:A G:B B:F
  12373 : 101010111111 ; -- R:A G:B B:F
  12374 : 101010111111 ; -- R:A G:B B:F
  12375 : 101010111111 ; -- R:A G:B B:F
  12376 : 101010111111 ; -- R:A G:B B:F
  12377 : 101010111111 ; -- R:A G:B B:F
  12378 : 101010111111 ; -- R:A G:B B:F
  12379 : 101010111111 ; -- R:A G:B B:F
  12380 : 101010111111 ; -- R:A G:B B:F
  12381 : 101010111111 ; -- R:A G:B B:F
  12382 : 101010111111 ; -- R:A G:B B:F
  12383 : 101010111111 ; -- R:A G:B B:F
  12384 : 101010111111 ; -- R:A G:B B:F
  12385 : 101010111111 ; -- R:A G:B B:F
  12386 : 101010111111 ; -- R:A G:B B:F
  12387 : 101010111111 ; -- R:A G:B B:F
  12388 : 101010111111 ; -- R:A G:B B:F
  12389 : 101010111111 ; -- R:A G:B B:F
  12390 : 101010111111 ; -- R:A G:B B:F
  12391 : 101010111111 ; -- R:A G:B B:F
  12392 : 101010111111 ; -- R:A G:B B:F
  12393 : 101010111111 ; -- R:A G:B B:F
  12394 : 101010111110 ; -- R:A G:B B:E
  12395 : 111111011001 ; -- R:F G:D B:9
  12396 : 111111011001 ; -- R:F G:D B:9
  12397 : 111111011001 ; -- R:F G:D B:9
  12398 : 111111011001 ; -- R:F G:D B:9
  12399 : 101010111111 ; -- R:A G:B B:F
  12400 : 111111011001 ; -- R:F G:D B:9
  12401 : 111111011001 ; -- R:F G:D B:9
  12402 : 111111011001 ; -- R:F G:D B:9
  12403 : 111111011001 ; -- R:F G:D B:9
  12404 : 111111011001 ; -- R:F G:D B:9
  12405 : 101010111111 ; -- R:A G:B B:F
  12406 : 101010111111 ; -- R:A G:B B:F
  12407 : 111111011001 ; -- R:F G:D B:9
  12408 : 111111011001 ; -- R:F G:D B:9
  12409 : 111111011001 ; -- R:F G:D B:9
  12410 : 111111011001 ; -- R:F G:D B:9
  12411 : 111111011001 ; -- R:F G:D B:9
  12412 : 110110101100 ; -- R:D G:A B:C
  12413 : 101010111111 ; -- R:A G:B B:F
  12414 : 101010111110 ; -- R:A G:B B:E
  12415 : 101010111111 ; -- R:A G:B B:F
  12416 : 101010111111 ; -- R:A G:B B:F
  12417 : 101010111111 ; -- R:A G:B B:F
  12418 : 101010111111 ; -- R:A G:B B:F
  12419 : 101010111111 ; -- R:A G:B B:F
  12420 : 101010111111 ; -- R:A G:B B:F
  12421 : 101010111111 ; -- R:A G:B B:F
  12422 : 101010111111 ; -- R:A G:B B:F
  12423 : 101010111111 ; -- R:A G:B B:F
  12424 : 101010111111 ; -- R:A G:B B:F
  12425 : 101010111111 ; -- R:A G:B B:F
  12426 : 101010111111 ; -- R:A G:B B:F
  12427 : 101010111111 ; -- R:A G:B B:F
  12428 : 101010111111 ; -- R:A G:B B:F
  12429 : 101010111111 ; -- R:A G:B B:F
  12430 : 101010111110 ; -- R:A G:B B:E
  12431 : 101010111111 ; -- R:A G:B B:F
  12432 : 101010111111 ; -- R:A G:B B:F
  12433 : 101010111111 ; -- R:A G:B B:F
  12434 : 101010111110 ; -- R:A G:B B:E
  12435 : 101010111111 ; -- R:A G:B B:F
  12436 : 101010111111 ; -- R:A G:B B:F
  12437 : 101010111111 ; -- R:A G:B B:F
  12438 : 101010111111 ; -- R:A G:B B:F
  12439 : 101010111110 ; -- R:A G:B B:E
  12440 : 101010111111 ; -- R:A G:B B:F
  12441 : 101010111111 ; -- R:A G:B B:F
  12442 : 101010111111 ; -- R:A G:B B:F
  12443 : 101010111111 ; -- R:A G:B B:F
  12444 : 101010111111 ; -- R:A G:B B:F
  12445 : 101010111111 ; -- R:A G:B B:F
  12446 : 101010111111 ; -- R:A G:B B:F
  12447 : 101010111111 ; -- R:A G:B B:F
  12448 : 101010111111 ; -- R:A G:B B:F
  12449 : 101010111111 ; -- R:A G:B B:F
  12450 : 101010111111 ; -- R:A G:B B:F
  12451 : 101010111111 ; -- R:A G:B B:F
  12452 : 101010111111 ; -- R:A G:B B:F
  12453 : 101010111111 ; -- R:A G:B B:F
  12454 : 101010111111 ; -- R:A G:B B:F
  12455 : 101010111111 ; -- R:A G:B B:F
  12456 : 101010111111 ; -- R:A G:B B:F
  12457 : 101010111111 ; -- R:A G:B B:F
  12458 : 101010111111 ; -- R:A G:B B:F
  12459 : 101010111111 ; -- R:A G:B B:F
  12460 : 101010111111 ; -- R:A G:B B:F
  12461 : 101010111111 ; -- R:A G:B B:F
  12462 : 101010111111 ; -- R:A G:B B:F
  12463 : 101010111111 ; -- R:A G:B B:F
  12464 : 101010111111 ; -- R:A G:B B:F
  12465 : 101010111111 ; -- R:A G:B B:F
  12466 : 101010111111 ; -- R:A G:B B:F
  12467 : 101010111111 ; -- R:A G:B B:F
  12468 : 101010111111 ; -- R:A G:B B:F
  12469 : 101010111111 ; -- R:A G:B B:F
  12470 : 101010111111 ; -- R:A G:B B:F
  12471 : 101010111111 ; -- R:A G:B B:F
  12472 : 101010111111 ; -- R:A G:B B:F
  12473 : 101010111111 ; -- R:A G:B B:F
  12474 : 101010111111 ; -- R:A G:B B:F
  12475 : 101010111111 ; -- R:A G:B B:F
  12476 : 101010111111 ; -- R:A G:B B:F
  12477 : 101010111111 ; -- R:A G:B B:F
  12478 : 101010111111 ; -- R:A G:B B:F
  12479 : 101010111111 ; -- R:A G:B B:F
  12480 : 011110011100 ; -- R:7 G:9 B:C
  12481 : 011110011100 ; -- R:7 G:9 B:C
  12482 : 011110011100 ; -- R:7 G:9 B:C
  12483 : 011110011100 ; -- R:7 G:9 B:C
  12484 : 011110011100 ; -- R:7 G:9 B:C
  12485 : 011110011100 ; -- R:7 G:9 B:C
  12486 : 011101011010 ; -- R:7 G:5 B:A
  12487 : 011101111011 ; -- R:7 G:7 B:B
  12488 : 101010111110 ; -- R:A G:B B:E
  12489 : 101011001111 ; -- R:A G:C B:F
  12490 : 101010111111 ; -- R:A G:B B:F
  12491 : 101010111111 ; -- R:A G:B B:F
  12492 : 101010111111 ; -- R:A G:B B:F
  12493 : 101010111111 ; -- R:A G:B B:F
  12494 : 101010111111 ; -- R:A G:B B:F
  12495 : 101010111111 ; -- R:A G:B B:F
  12496 : 101010111111 ; -- R:A G:B B:F
  12497 : 101010111111 ; -- R:A G:B B:F
  12498 : 101010111111 ; -- R:A G:B B:F
  12499 : 101010111111 ; -- R:A G:B B:F
  12500 : 101010111111 ; -- R:A G:B B:F
  12501 : 101010111111 ; -- R:A G:B B:F
  12502 : 101010111111 ; -- R:A G:B B:F
  12503 : 101010111111 ; -- R:A G:B B:F
  12504 : 101010111111 ; -- R:A G:B B:F
  12505 : 101010111111 ; -- R:A G:B B:F
  12506 : 101010111111 ; -- R:A G:B B:F
  12507 : 101010111111 ; -- R:A G:B B:F
  12508 : 101010111111 ; -- R:A G:B B:F
  12509 : 101010111111 ; -- R:A G:B B:F
  12510 : 101010111111 ; -- R:A G:B B:F
  12511 : 101010111111 ; -- R:A G:B B:F
  12512 : 101010111111 ; -- R:A G:B B:F
  12513 : 101010111111 ; -- R:A G:B B:F
  12514 : 101010111111 ; -- R:A G:B B:F
  12515 : 101010111111 ; -- R:A G:B B:F
  12516 : 101010111111 ; -- R:A G:B B:F
  12517 : 101010111111 ; -- R:A G:B B:F
  12518 : 101010111111 ; -- R:A G:B B:F
  12519 : 101010111111 ; -- R:A G:B B:F
  12520 : 101010111111 ; -- R:A G:B B:F
  12521 : 101010111111 ; -- R:A G:B B:F
  12522 : 101010111111 ; -- R:A G:B B:F
  12523 : 101010111111 ; -- R:A G:B B:F
  12524 : 101010111111 ; -- R:A G:B B:F
  12525 : 101010111111 ; -- R:A G:B B:F
  12526 : 101010111111 ; -- R:A G:B B:F
  12527 : 101010111111 ; -- R:A G:B B:F
  12528 : 101010111111 ; -- R:A G:B B:F
  12529 : 101010111111 ; -- R:A G:B B:F
  12530 : 101010111111 ; -- R:A G:B B:F
  12531 : 101010111111 ; -- R:A G:B B:F
  12532 : 101010111111 ; -- R:A G:B B:F
  12533 : 101010111111 ; -- R:A G:B B:F
  12534 : 101010111111 ; -- R:A G:B B:F
  12535 : 101010111111 ; -- R:A G:B B:F
  12536 : 101010111111 ; -- R:A G:B B:F
  12537 : 101010111111 ; -- R:A G:B B:F
  12538 : 101010111111 ; -- R:A G:B B:F
  12539 : 101010111111 ; -- R:A G:B B:F
  12540 : 101010111111 ; -- R:A G:B B:F
  12541 : 101010111111 ; -- R:A G:B B:F
  12542 : 101010111111 ; -- R:A G:B B:F
  12543 : 101010111111 ; -- R:A G:B B:F
  12544 : 101010111111 ; -- R:A G:B B:F
  12545 : 101010111111 ; -- R:A G:B B:F
  12546 : 101010111111 ; -- R:A G:B B:F
  12547 : 101010111111 ; -- R:A G:B B:F
  12548 : 101010111111 ; -- R:A G:B B:F
  12549 : 101010111111 ; -- R:A G:B B:F
  12550 : 101010111111 ; -- R:A G:B B:F
  12551 : 101010111111 ; -- R:A G:B B:F
  12552 : 101010111111 ; -- R:A G:B B:F
  12553 : 101010111111 ; -- R:A G:B B:F
  12554 : 101010111111 ; -- R:A G:B B:F
  12555 : 101010111110 ; -- R:A G:B B:E
  12556 : 101010111110 ; -- R:A G:B B:E
  12557 : 101010111110 ; -- R:A G:B B:E
  12558 : 101010111110 ; -- R:A G:B B:E
  12559 : 101010111111 ; -- R:A G:B B:F
  12560 : 101010111110 ; -- R:A G:B B:E
  12561 : 101010111110 ; -- R:A G:B B:E
  12562 : 101010111110 ; -- R:A G:B B:E
  12563 : 101010111110 ; -- R:A G:B B:E
  12564 : 101010111110 ; -- R:A G:B B:E
  12565 : 101010111111 ; -- R:A G:B B:F
  12566 : 101010111111 ; -- R:A G:B B:F
  12567 : 101010111110 ; -- R:A G:B B:E
  12568 : 101010111110 ; -- R:A G:B B:E
  12569 : 101010111110 ; -- R:A G:B B:E
  12570 : 101010111110 ; -- R:A G:B B:E
  12571 : 101010111110 ; -- R:A G:B B:E
  12572 : 101010111110 ; -- R:A G:B B:E
  12573 : 101010111111 ; -- R:A G:B B:F
  12574 : 101010111111 ; -- R:A G:B B:F
  12575 : 101010111111 ; -- R:A G:B B:F
  12576 : 101010111111 ; -- R:A G:B B:F
  12577 : 101010111111 ; -- R:A G:B B:F
  12578 : 101010111111 ; -- R:A G:B B:F
  12579 : 101010111111 ; -- R:A G:B B:F
  12580 : 101010111111 ; -- R:A G:B B:F
  12581 : 101010111111 ; -- R:A G:B B:F
  12582 : 101010111111 ; -- R:A G:B B:F
  12583 : 101010111111 ; -- R:A G:B B:F
  12584 : 101010111111 ; -- R:A G:B B:F
  12585 : 101010111111 ; -- R:A G:B B:F
  12586 : 101010111111 ; -- R:A G:B B:F
  12587 : 101010111111 ; -- R:A G:B B:F
  12588 : 101010111111 ; -- R:A G:B B:F
  12589 : 101010111111 ; -- R:A G:B B:F
  12590 : 101010111111 ; -- R:A G:B B:F
  12591 : 101010111110 ; -- R:A G:B B:E
  12592 : 101010111110 ; -- R:A G:B B:E
  12593 : 101010111110 ; -- R:A G:B B:E
  12594 : 101010111111 ; -- R:A G:B B:F
  12595 : 101010111111 ; -- R:A G:B B:F
  12596 : 101010111110 ; -- R:A G:B B:E
  12597 : 101010111110 ; -- R:A G:B B:E
  12598 : 101010111111 ; -- R:A G:B B:F
  12599 : 101010111111 ; -- R:A G:B B:F
  12600 : 101010111111 ; -- R:A G:B B:F
  12601 : 101010111111 ; -- R:A G:B B:F
  12602 : 101010111111 ; -- R:A G:B B:F
  12603 : 101010111111 ; -- R:A G:B B:F
  12604 : 101010111111 ; -- R:A G:B B:F
  12605 : 101010111111 ; -- R:A G:B B:F
  12606 : 101010111111 ; -- R:A G:B B:F
  12607 : 101010111111 ; -- R:A G:B B:F
  12608 : 101010111111 ; -- R:A G:B B:F
  12609 : 101010111111 ; -- R:A G:B B:F
  12610 : 101010111111 ; -- R:A G:B B:F
  12611 : 101010111111 ; -- R:A G:B B:F
  12612 : 101010111111 ; -- R:A G:B B:F
  12613 : 101010111111 ; -- R:A G:B B:F
  12614 : 101010111111 ; -- R:A G:B B:F
  12615 : 101010111111 ; -- R:A G:B B:F
  12616 : 101010111111 ; -- R:A G:B B:F
  12617 : 101010111111 ; -- R:A G:B B:F
  12618 : 101010111111 ; -- R:A G:B B:F
  12619 : 101010111111 ; -- R:A G:B B:F
  12620 : 101010111111 ; -- R:A G:B B:F
  12621 : 101010111111 ; -- R:A G:B B:F
  12622 : 101010111111 ; -- R:A G:B B:F
  12623 : 101010111111 ; -- R:A G:B B:F
  12624 : 101010111111 ; -- R:A G:B B:F
  12625 : 101010111111 ; -- R:A G:B B:F
  12626 : 101010111111 ; -- R:A G:B B:F
  12627 : 101010111111 ; -- R:A G:B B:F
  12628 : 101010111111 ; -- R:A G:B B:F
  12629 : 101010111111 ; -- R:A G:B B:F
  12630 : 101010111111 ; -- R:A G:B B:F
  12631 : 101010111111 ; -- R:A G:B B:F
  12632 : 101010111111 ; -- R:A G:B B:F
  12633 : 101010111111 ; -- R:A G:B B:F
  12634 : 101010111111 ; -- R:A G:B B:F
  12635 : 101010111111 ; -- R:A G:B B:F
  12636 : 101010111111 ; -- R:A G:B B:F
  12637 : 101010111111 ; -- R:A G:B B:F
  12638 : 101010111111 ; -- R:A G:B B:F
  12639 : 101010111111 ; -- R:A G:B B:F
  12640 : 011110011100 ; -- R:7 G:9 B:C
  12641 : 011110011100 ; -- R:7 G:9 B:C
  12642 : 011110011100 ; -- R:7 G:9 B:C
  12643 : 011110011100 ; -- R:7 G:9 B:C
  12644 : 011110011100 ; -- R:7 G:9 B:C
  12645 : 011110011100 ; -- R:7 G:9 B:C
  12646 : 011110011100 ; -- R:7 G:9 B:C
  12647 : 011101111011 ; -- R:7 G:7 B:B
  12648 : 100010011100 ; -- R:8 G:9 B:C
  12649 : 100010011100 ; -- R:8 G:9 B:C
  12650 : 101010111110 ; -- R:A G:B B:E
  12651 : 101010111111 ; -- R:A G:B B:F
  12652 : 101010111111 ; -- R:A G:B B:F
  12653 : 101010111111 ; -- R:A G:B B:F
  12654 : 101010111111 ; -- R:A G:B B:F
  12655 : 101010111111 ; -- R:A G:B B:F
  12656 : 101010111111 ; -- R:A G:B B:F
  12657 : 101010111111 ; -- R:A G:B B:F
  12658 : 101010111111 ; -- R:A G:B B:F
  12659 : 101010111111 ; -- R:A G:B B:F
  12660 : 101010111111 ; -- R:A G:B B:F
  12661 : 101010111111 ; -- R:A G:B B:F
  12662 : 101010111111 ; -- R:A G:B B:F
  12663 : 101010111111 ; -- R:A G:B B:F
  12664 : 101010111111 ; -- R:A G:B B:F
  12665 : 101010111111 ; -- R:A G:B B:F
  12666 : 101010111111 ; -- R:A G:B B:F
  12667 : 101010111111 ; -- R:A G:B B:F
  12668 : 101010111111 ; -- R:A G:B B:F
  12669 : 101010111111 ; -- R:A G:B B:F
  12670 : 101010111111 ; -- R:A G:B B:F
  12671 : 101010111111 ; -- R:A G:B B:F
  12672 : 101010111111 ; -- R:A G:B B:F
  12673 : 101010111111 ; -- R:A G:B B:F
  12674 : 101010111111 ; -- R:A G:B B:F
  12675 : 101010111111 ; -- R:A G:B B:F
  12676 : 101010111111 ; -- R:A G:B B:F
  12677 : 101010111111 ; -- R:A G:B B:F
  12678 : 101010111111 ; -- R:A G:B B:F
  12679 : 101010111111 ; -- R:A G:B B:F
  12680 : 101010111111 ; -- R:A G:B B:F
  12681 : 101010111111 ; -- R:A G:B B:F
  12682 : 101010111111 ; -- R:A G:B B:F
  12683 : 101010111111 ; -- R:A G:B B:F
  12684 : 101010111111 ; -- R:A G:B B:F
  12685 : 101010111111 ; -- R:A G:B B:F
  12686 : 101010111111 ; -- R:A G:B B:F
  12687 : 101010111111 ; -- R:A G:B B:F
  12688 : 101010111111 ; -- R:A G:B B:F
  12689 : 101010111111 ; -- R:A G:B B:F
  12690 : 101010111111 ; -- R:A G:B B:F
  12691 : 101010111111 ; -- R:A G:B B:F
  12692 : 101010111111 ; -- R:A G:B B:F
  12693 : 101010111111 ; -- R:A G:B B:F
  12694 : 101010111111 ; -- R:A G:B B:F
  12695 : 101010111111 ; -- R:A G:B B:F
  12696 : 101010111111 ; -- R:A G:B B:F
  12697 : 101010111111 ; -- R:A G:B B:F
  12698 : 101010111111 ; -- R:A G:B B:F
  12699 : 101010111111 ; -- R:A G:B B:F
  12700 : 101010111111 ; -- R:A G:B B:F
  12701 : 101010111111 ; -- R:A G:B B:F
  12702 : 101010111111 ; -- R:A G:B B:F
  12703 : 101010111111 ; -- R:A G:B B:F
  12704 : 101010111111 ; -- R:A G:B B:F
  12705 : 101010111111 ; -- R:A G:B B:F
  12706 : 101010111111 ; -- R:A G:B B:F
  12707 : 101010111111 ; -- R:A G:B B:F
  12708 : 101010111111 ; -- R:A G:B B:F
  12709 : 101010111111 ; -- R:A G:B B:F
  12710 : 101010111111 ; -- R:A G:B B:F
  12711 : 101010111110 ; -- R:A G:B B:E
  12712 : 101010111110 ; -- R:A G:B B:E
  12713 : 101010111111 ; -- R:A G:B B:F
  12714 : 101010111111 ; -- R:A G:B B:F
  12715 : 101010111111 ; -- R:A G:B B:F
  12716 : 101010111111 ; -- R:A G:B B:F
  12717 : 101010111110 ; -- R:A G:B B:E
  12718 : 101010111110 ; -- R:A G:B B:E
  12719 : 101010111110 ; -- R:A G:B B:E
  12720 : 101010111110 ; -- R:A G:B B:E
  12721 : 101010111111 ; -- R:A G:B B:F
  12722 : 101010111111 ; -- R:A G:B B:F
  12723 : 101010111111 ; -- R:A G:B B:F
  12724 : 101010111111 ; -- R:A G:B B:F
  12725 : 101010111111 ; -- R:A G:B B:F
  12726 : 101010111111 ; -- R:A G:B B:F
  12727 : 101010111111 ; -- R:A G:B B:F
  12728 : 101010111111 ; -- R:A G:B B:F
  12729 : 101010111111 ; -- R:A G:B B:F
  12730 : 101010111111 ; -- R:A G:B B:F
  12731 : 101010111111 ; -- R:A G:B B:F
  12732 : 101010111111 ; -- R:A G:B B:F
  12733 : 101010111111 ; -- R:A G:B B:F
  12734 : 101010111111 ; -- R:A G:B B:F
  12735 : 101010111111 ; -- R:A G:B B:F
  12736 : 101010111111 ; -- R:A G:B B:F
  12737 : 101010111111 ; -- R:A G:B B:F
  12738 : 101010111111 ; -- R:A G:B B:F
  12739 : 101010111111 ; -- R:A G:B B:F
  12740 : 101010111111 ; -- R:A G:B B:F
  12741 : 101010111111 ; -- R:A G:B B:F
  12742 : 101010111111 ; -- R:A G:B B:F
  12743 : 101010111111 ; -- R:A G:B B:F
  12744 : 101010111111 ; -- R:A G:B B:F
  12745 : 101010111111 ; -- R:A G:B B:F
  12746 : 101010111111 ; -- R:A G:B B:F
  12747 : 101010111111 ; -- R:A G:B B:F
  12748 : 101010111111 ; -- R:A G:B B:F
  12749 : 101010111111 ; -- R:A G:B B:F
  12750 : 101010111111 ; -- R:A G:B B:F
  12751 : 101010111111 ; -- R:A G:B B:F
  12752 : 101010111111 ; -- R:A G:B B:F
  12753 : 101010111111 ; -- R:A G:B B:F
  12754 : 101010111111 ; -- R:A G:B B:F
  12755 : 101010111111 ; -- R:A G:B B:F
  12756 : 101010111111 ; -- R:A G:B B:F
  12757 : 101010111111 ; -- R:A G:B B:F
  12758 : 101010111111 ; -- R:A G:B B:F
  12759 : 101010111111 ; -- R:A G:B B:F
  12760 : 101010111111 ; -- R:A G:B B:F
  12761 : 101010111111 ; -- R:A G:B B:F
  12762 : 101010111111 ; -- R:A G:B B:F
  12763 : 101010111111 ; -- R:A G:B B:F
  12764 : 101010111111 ; -- R:A G:B B:F
  12765 : 101010111111 ; -- R:A G:B B:F
  12766 : 101010111111 ; -- R:A G:B B:F
  12767 : 101010111111 ; -- R:A G:B B:F
  12768 : 101010111111 ; -- R:A G:B B:F
  12769 : 101010111111 ; -- R:A G:B B:F
  12770 : 101010111111 ; -- R:A G:B B:F
  12771 : 101010111111 ; -- R:A G:B B:F
  12772 : 101010111111 ; -- R:A G:B B:F
  12773 : 101010111111 ; -- R:A G:B B:F
  12774 : 101010111111 ; -- R:A G:B B:F
  12775 : 101010111111 ; -- R:A G:B B:F
  12776 : 101010111111 ; -- R:A G:B B:F
  12777 : 101010111111 ; -- R:A G:B B:F
  12778 : 101010111111 ; -- R:A G:B B:F
  12779 : 101010111111 ; -- R:A G:B B:F
  12780 : 101010111111 ; -- R:A G:B B:F
  12781 : 101010111111 ; -- R:A G:B B:F
  12782 : 101010111111 ; -- R:A G:B B:F
  12783 : 101010111111 ; -- R:A G:B B:F
  12784 : 101010111111 ; -- R:A G:B B:F
  12785 : 101010111111 ; -- R:A G:B B:F
  12786 : 101010111111 ; -- R:A G:B B:F
  12787 : 101010111111 ; -- R:A G:B B:F
  12788 : 101010111111 ; -- R:A G:B B:F
  12789 : 101010111111 ; -- R:A G:B B:F
  12790 : 101010111111 ; -- R:A G:B B:F
  12791 : 101010111111 ; -- R:A G:B B:F
  12792 : 101010111111 ; -- R:A G:B B:F
  12793 : 101010111111 ; -- R:A G:B B:F
  12794 : 101010111111 ; -- R:A G:B B:F
  12795 : 101010111111 ; -- R:A G:B B:F
  12796 : 101010111111 ; -- R:A G:B B:F
  12797 : 101010111111 ; -- R:A G:B B:F
  12798 : 101010111111 ; -- R:A G:B B:F
  12799 : 101010111111 ; -- R:A G:B B:F
End;
