Depth = 4096;
Width = 12;
Address_radix = dec;
Data_radix = bin;
Content
Begin
  0 : 101110111011 ; -- R:B G:B B:B
  1 : 101110111011 ; -- R:B G:B B:B
  2 : 101110111011 ; -- R:B G:B B:B
  3 : 101110111011 ; -- R:B G:B B:B
  4 : 101110111011 ; -- R:B G:B B:B
  5 : 110011001100 ; -- R:C G:C B:C
  6 : 110011001100 ; -- R:C G:C B:C
  7 : 110011001100 ; -- R:C G:C B:C
  8 : 110011001100 ; -- R:C G:C B:C
  9 : 110011001100 ; -- R:C G:C B:C
  10 : 110011001100 ; -- R:C G:C B:C
  11 : 110011001100 ; -- R:C G:C B:C
  12 : 110011001100 ; -- R:C G:C B:C
  13 : 110011001100 ; -- R:C G:C B:C
  14 : 110011001100 ; -- R:C G:C B:C
  15 : 110011001100 ; -- R:C G:C B:C
  16 : 110011001100 ; -- R:C G:C B:C
  17 : 110011011100 ; -- R:C G:D B:C
  18 : 110011011101 ; -- R:C G:D B:D
  19 : 110011011101 ; -- R:C G:D B:D
  20 : 110111011101 ; -- R:D G:D B:D
  21 : 110111011101 ; -- R:D G:D B:D
  22 : 110111011101 ; -- R:D G:D B:D
  23 : 110111011101 ; -- R:D G:D B:D
  24 : 110111011101 ; -- R:D G:D B:D
  25 : 110111011101 ; -- R:D G:D B:D
  26 : 110111011101 ; -- R:D G:D B:D
  27 : 110111011101 ; -- R:D G:D B:D
  28 : 110111011101 ; -- R:D G:D B:D
  29 : 110111011101 ; -- R:D G:D B:D
  30 : 110111011101 ; -- R:D G:D B:D
  31 : 110111011101 ; -- R:D G:D B:D
  32 : 110111011101 ; -- R:D G:D B:D
  33 : 110111011101 ; -- R:D G:D B:D
  34 : 110111011101 ; -- R:D G:D B:D
  35 : 110111011101 ; -- R:D G:D B:D
  36 : 110111011101 ; -- R:D G:D B:D
  37 : 110111011101 ; -- R:D G:D B:D
  38 : 110111011101 ; -- R:D G:D B:D
  39 : 110011011101 ; -- R:C G:D B:D
  40 : 110011011101 ; -- R:C G:D B:D
  41 : 110011001100 ; -- R:C G:C B:C
  42 : 110011001100 ; -- R:C G:C B:C
  43 : 110011001100 ; -- R:C G:C B:C
  44 : 110011001100 ; -- R:C G:C B:C
  45 : 110011001100 ; -- R:C G:C B:C
  46 : 110011001100 ; -- R:C G:C B:C
  47 : 110011001100 ; -- R:C G:C B:C
  48 : 110011001100 ; -- R:C G:C B:C
  49 : 110011001100 ; -- R:C G:C B:C
  50 : 101111001100 ; -- R:B G:C B:C
  51 : 101111001100 ; -- R:B G:C B:C
  52 : 101110111100 ; -- R:B G:B B:C
  53 : 101110111011 ; -- R:B G:B B:B
  54 : 101110111011 ; -- R:B G:B B:B
  55 : 101110111011 ; -- R:B G:B B:B
  56 : 101110111011 ; -- R:B G:B B:B
  57 : 101110111011 ; -- R:B G:B B:B
  58 : 101110111011 ; -- R:B G:B B:B
  59 : 101110111011 ; -- R:B G:B B:B
  60 : 101110111011 ; -- R:B G:B B:B
  61 : 101110111011 ; -- R:B G:B B:B
  62 : 101010111011 ; -- R:A G:B B:B
  63 : 101010101011 ; -- R:A G:A B:B
  64 : 101110111011 ; -- R:B G:B B:B
  65 : 101110111011 ; -- R:B G:B B:B
  66 : 101110111011 ; -- R:B G:B B:B
  67 : 101110111011 ; -- R:B G:B B:B
  68 : 110011001100 ; -- R:C G:C B:C
  69 : 110011001100 ; -- R:C G:C B:C
  70 : 110011001100 ; -- R:C G:C B:C
  71 : 110011001100 ; -- R:C G:C B:C
  72 : 110011001100 ; -- R:C G:C B:C
  73 : 110011001100 ; -- R:C G:C B:C
  74 : 110011001100 ; -- R:C G:C B:C
  75 : 110011001100 ; -- R:C G:C B:C
  76 : 110011001100 ; -- R:C G:C B:C
  77 : 110011001100 ; -- R:C G:C B:C
  78 : 110011001100 ; -- R:C G:C B:C
  79 : 110011001100 ; -- R:C G:C B:C
  80 : 110011001100 ; -- R:C G:C B:C
  81 : 110011011100 ; -- R:C G:D B:C
  82 : 110011011101 ; -- R:C G:D B:D
  83 : 110111011101 ; -- R:D G:D B:D
  84 : 110111011101 ; -- R:D G:D B:D
  85 : 110111011101 ; -- R:D G:D B:D
  86 : 110111011101 ; -- R:D G:D B:D
  87 : 110111011101 ; -- R:D G:D B:D
  88 : 110111011101 ; -- R:D G:D B:D
  89 : 110111011101 ; -- R:D G:D B:D
  90 : 110111011101 ; -- R:D G:D B:D
  91 : 110111011101 ; -- R:D G:D B:D
  92 : 110111011101 ; -- R:D G:D B:D
  93 : 110111011101 ; -- R:D G:D B:D
  94 : 110111011101 ; -- R:D G:D B:D
  95 : 110111011101 ; -- R:D G:D B:D
  96 : 110111011101 ; -- R:D G:D B:D
  97 : 110111011101 ; -- R:D G:D B:D
  98 : 110111011101 ; -- R:D G:D B:D
  99 : 110111011101 ; -- R:D G:D B:D
  100 : 110111011101 ; -- R:D G:D B:D
  101 : 110111011101 ; -- R:D G:D B:D
  102 : 110111011101 ; -- R:D G:D B:D
  103 : 110011011101 ; -- R:C G:D B:D
  104 : 110011011101 ; -- R:C G:D B:D
  105 : 110011011100 ; -- R:C G:D B:C
  106 : 110011001100 ; -- R:C G:C B:C
  107 : 110011001100 ; -- R:C G:C B:C
  108 : 110011001100 ; -- R:C G:C B:C
  109 : 110011001100 ; -- R:C G:C B:C
  110 : 110011001100 ; -- R:C G:C B:C
  111 : 110011001100 ; -- R:C G:C B:C
  112 : 110011001100 ; -- R:C G:C B:C
  113 : 110011001100 ; -- R:C G:C B:C
  114 : 101111001100 ; -- R:B G:C B:C
  115 : 101111001100 ; -- R:B G:C B:C
  116 : 101110111100 ; -- R:B G:B B:C
  117 : 101110111011 ; -- R:B G:B B:B
  118 : 101110111011 ; -- R:B G:B B:B
  119 : 101110111011 ; -- R:B G:B B:B
  120 : 101110111011 ; -- R:B G:B B:B
  121 : 101110111011 ; -- R:B G:B B:B
  122 : 101110111011 ; -- R:B G:B B:B
  123 : 101110111011 ; -- R:B G:B B:B
  124 : 101110111011 ; -- R:B G:B B:B
  125 : 101110111011 ; -- R:B G:B B:B
  126 : 101010111011 ; -- R:A G:B B:B
  127 : 101010111011 ; -- R:A G:B B:B
  128 : 101110111011 ; -- R:B G:B B:B
  129 : 101110111011 ; -- R:B G:B B:B
  130 : 101110111011 ; -- R:B G:B B:B
  131 : 101110111011 ; -- R:B G:B B:B
  132 : 110011001100 ; -- R:C G:C B:C
  133 : 110011001100 ; -- R:C G:C B:C
  134 : 110011001100 ; -- R:C G:C B:C
  135 : 110011001100 ; -- R:C G:C B:C
  136 : 110011001100 ; -- R:C G:C B:C
  137 : 110011001100 ; -- R:C G:C B:C
  138 : 110011001100 ; -- R:C G:C B:C
  139 : 110011001100 ; -- R:C G:C B:C
  140 : 110011001100 ; -- R:C G:C B:C
  141 : 110011001100 ; -- R:C G:C B:C
  142 : 110011001100 ; -- R:C G:C B:C
  143 : 110011001100 ; -- R:C G:C B:C
  144 : 110011011100 ; -- R:C G:D B:C
  145 : 110111011101 ; -- R:D G:D B:D
  146 : 110111011101 ; -- R:D G:D B:D
  147 : 110111011101 ; -- R:D G:D B:D
  148 : 110111011101 ; -- R:D G:D B:D
  149 : 110111011101 ; -- R:D G:D B:D
  150 : 110111011101 ; -- R:D G:D B:D
  151 : 110111011101 ; -- R:D G:D B:D
  152 : 110111011101 ; -- R:D G:D B:D
  153 : 110111011101 ; -- R:D G:D B:D
  154 : 110111011101 ; -- R:D G:D B:D
  155 : 110111011101 ; -- R:D G:D B:D
  156 : 110111011101 ; -- R:D G:D B:D
  157 : 110111011101 ; -- R:D G:D B:D
  158 : 110111011101 ; -- R:D G:D B:D
  159 : 110111011101 ; -- R:D G:D B:D
  160 : 110111011101 ; -- R:D G:D B:D
  161 : 110111011101 ; -- R:D G:D B:D
  162 : 110011011101 ; -- R:C G:D B:D
  163 : 110111011101 ; -- R:D G:D B:D
  164 : 110111011101 ; -- R:D G:D B:D
  165 : 110111011101 ; -- R:D G:D B:D
  166 : 110111011101 ; -- R:D G:D B:D
  167 : 110011011101 ; -- R:C G:D B:D
  168 : 110011011101 ; -- R:C G:D B:D
  169 : 110011011101 ; -- R:C G:D B:D
  170 : 110011011100 ; -- R:C G:D B:C
  171 : 110011011100 ; -- R:C G:D B:C
  172 : 110011001100 ; -- R:C G:C B:C
  173 : 110011001100 ; -- R:C G:C B:C
  174 : 110011001100 ; -- R:C G:C B:C
  175 : 110011001100 ; -- R:C G:C B:C
  176 : 110011001100 ; -- R:C G:C B:C
  177 : 110011001100 ; -- R:C G:C B:C
  178 : 110011001100 ; -- R:C G:C B:C
  179 : 110011001100 ; -- R:C G:C B:C
  180 : 101111001100 ; -- R:B G:C B:C
  181 : 101110111100 ; -- R:B G:B B:C
  182 : 101110111011 ; -- R:B G:B B:B
  183 : 101110111011 ; -- R:B G:B B:B
  184 : 101110111011 ; -- R:B G:B B:B
  185 : 101110111011 ; -- R:B G:B B:B
  186 : 101110111011 ; -- R:B G:B B:B
  187 : 101110111011 ; -- R:B G:B B:B
  188 : 101110111011 ; -- R:B G:B B:B
  189 : 101110111011 ; -- R:B G:B B:B
  190 : 101110111011 ; -- R:B G:B B:B
  191 : 101010111011 ; -- R:A G:B B:B
  192 : 101110111011 ; -- R:B G:B B:B
  193 : 101110111011 ; -- R:B G:B B:B
  194 : 101110111011 ; -- R:B G:B B:B
  195 : 101110111100 ; -- R:B G:B B:C
  196 : 110011001100 ; -- R:C G:C B:C
  197 : 110011001100 ; -- R:C G:C B:C
  198 : 110011001100 ; -- R:C G:C B:C
  199 : 110011001100 ; -- R:C G:C B:C
  200 : 110011001100 ; -- R:C G:C B:C
  201 : 110011001100 ; -- R:C G:C B:C
  202 : 110011001100 ; -- R:C G:C B:C
  203 : 110011001100 ; -- R:C G:C B:C
  204 : 110011001100 ; -- R:C G:C B:C
  205 : 110011001100 ; -- R:C G:C B:C
  206 : 110011001100 ; -- R:C G:C B:C
  207 : 110011001100 ; -- R:C G:C B:C
  208 : 110011011100 ; -- R:C G:D B:C
  209 : 110111011101 ; -- R:D G:D B:D
  210 : 110111011101 ; -- R:D G:D B:D
  211 : 110111011101 ; -- R:D G:D B:D
  212 : 110111011101 ; -- R:D G:D B:D
  213 : 110111011101 ; -- R:D G:D B:D
  214 : 110111011101 ; -- R:D G:D B:D
  215 : 110111011101 ; -- R:D G:D B:D
  216 : 110111011101 ; -- R:D G:D B:D
  217 : 110111011101 ; -- R:D G:D B:D
  218 : 110111011101 ; -- R:D G:D B:D
  219 : 110111011101 ; -- R:D G:D B:D
  220 : 110111011101 ; -- R:D G:D B:D
  221 : 110011001100 ; -- R:C G:C B:C
  222 : 110011001100 ; -- R:C G:C B:C
  223 : 110011001101 ; -- R:C G:C B:D
  224 : 110111011101 ; -- R:D G:D B:D
  225 : 110111011101 ; -- R:D G:D B:D
  226 : 110111011101 ; -- R:D G:D B:D
  227 : 110111011101 ; -- R:D G:D B:D
  228 : 110111011101 ; -- R:D G:D B:D
  229 : 110111011101 ; -- R:D G:D B:D
  230 : 110111011101 ; -- R:D G:D B:D
  231 : 110011011101 ; -- R:C G:D B:D
  232 : 110011011101 ; -- R:C G:D B:D
  233 : 110111011101 ; -- R:D G:D B:D
  234 : 110011011100 ; -- R:C G:D B:C
  235 : 110011011100 ; -- R:C G:D B:C
  236 : 110011001100 ; -- R:C G:C B:C
  237 : 110011001100 ; -- R:C G:C B:C
  238 : 110011001100 ; -- R:C G:C B:C
  239 : 110011001100 ; -- R:C G:C B:C
  240 : 110011001100 ; -- R:C G:C B:C
  241 : 110011001100 ; -- R:C G:C B:C
  242 : 110011001100 ; -- R:C G:C B:C
  243 : 110011001100 ; -- R:C G:C B:C
  244 : 101111001100 ; -- R:B G:C B:C
  245 : 101110111100 ; -- R:B G:B B:C
  246 : 101110111011 ; -- R:B G:B B:B
  247 : 101110111011 ; -- R:B G:B B:B
  248 : 101110111011 ; -- R:B G:B B:B
  249 : 101110111011 ; -- R:B G:B B:B
  250 : 101110111011 ; -- R:B G:B B:B
  251 : 101110111011 ; -- R:B G:B B:B
  252 : 101110111011 ; -- R:B G:B B:B
  253 : 101110111011 ; -- R:B G:B B:B
  254 : 101110111011 ; -- R:B G:B B:B
  255 : 101110111011 ; -- R:B G:B B:B
  256 : 101110111011 ; -- R:B G:B B:B
  257 : 101110111011 ; -- R:B G:B B:B
  258 : 101110111100 ; -- R:B G:B B:C
  259 : 101110111100 ; -- R:B G:B B:C
  260 : 110011001100 ; -- R:C G:C B:C
  261 : 110011001100 ; -- R:C G:C B:C
  262 : 110011001100 ; -- R:C G:C B:C
  263 : 110011001100 ; -- R:C G:C B:C
  264 : 110011001100 ; -- R:C G:C B:C
  265 : 110011001100 ; -- R:C G:C B:C
  266 : 110011001100 ; -- R:C G:C B:C
  267 : 110011001100 ; -- R:C G:C B:C
  268 : 110011001100 ; -- R:C G:C B:C
  269 : 110011001100 ; -- R:C G:C B:C
  270 : 110011001100 ; -- R:C G:C B:C
  271 : 110011011100 ; -- R:C G:D B:C
  272 : 110011011100 ; -- R:C G:D B:C
  273 : 110111011101 ; -- R:D G:D B:D
  274 : 110111011101 ; -- R:D G:D B:D
  275 : 110111011101 ; -- R:D G:D B:D
  276 : 110111011101 ; -- R:D G:D B:D
  277 : 110111011101 ; -- R:D G:D B:D
  278 : 110111011101 ; -- R:D G:D B:D
  279 : 110111011101 ; -- R:D G:D B:D
  280 : 110111011101 ; -- R:D G:D B:D
  281 : 110111011101 ; -- R:D G:D B:D
  282 : 110111011101 ; -- R:D G:D B:D
  283 : 101110111011 ; -- R:B G:B B:B
  284 : 011101110111 ; -- R:7 G:7 B:7
  285 : 010101010101 ; -- R:5 G:5 B:5
  286 : 010101010101 ; -- R:5 G:5 B:5
  287 : 011001100110 ; -- R:6 G:6 B:6
  288 : 011101110111 ; -- R:7 G:7 B:7
  289 : 100010001000 ; -- R:8 G:8 B:8
  290 : 100110011001 ; -- R:9 G:9 B:9
  291 : 101110111011 ; -- R:B G:B B:B
  292 : 110011001100 ; -- R:C G:C B:C
  293 : 110011001100 ; -- R:C G:C B:C
  294 : 110111011101 ; -- R:D G:D B:D
  295 : 110111011101 ; -- R:D G:D B:D
  296 : 110111011101 ; -- R:D G:D B:D
  297 : 110011001101 ; -- R:C G:C B:D
  298 : 110011011101 ; -- R:C G:D B:D
  299 : 110011011101 ; -- R:C G:D B:D
  300 : 110011001101 ; -- R:C G:C B:D
  301 : 110011001100 ; -- R:C G:C B:C
  302 : 110011001100 ; -- R:C G:C B:C
  303 : 110011001100 ; -- R:C G:C B:C
  304 : 110011001100 ; -- R:C G:C B:C
  305 : 110011001100 ; -- R:C G:C B:C
  306 : 110011001100 ; -- R:C G:C B:C
  307 : 110011001100 ; -- R:C G:C B:C
  308 : 110011001100 ; -- R:C G:C B:C
  309 : 101111001100 ; -- R:B G:C B:C
  310 : 101110111011 ; -- R:B G:B B:B
  311 : 101110111011 ; -- R:B G:B B:B
  312 : 101110111011 ; -- R:B G:B B:B
  313 : 101110111011 ; -- R:B G:B B:B
  314 : 101110111011 ; -- R:B G:B B:B
  315 : 101110111011 ; -- R:B G:B B:B
  316 : 101110111011 ; -- R:B G:B B:B
  317 : 101110111011 ; -- R:B G:B B:B
  318 : 101110111011 ; -- R:B G:B B:B
  319 : 101110111011 ; -- R:B G:B B:B
  320 : 101110111011 ; -- R:B G:B B:B
  321 : 101110111011 ; -- R:B G:B B:B
  322 : 101110111100 ; -- R:B G:B B:C
  323 : 101110111100 ; -- R:B G:B B:C
  324 : 110011001100 ; -- R:C G:C B:C
  325 : 110011001100 ; -- R:C G:C B:C
  326 : 110011001100 ; -- R:C G:C B:C
  327 : 110011001100 ; -- R:C G:C B:C
  328 : 110011001100 ; -- R:C G:C B:C
  329 : 110011001100 ; -- R:C G:C B:C
  330 : 110011001100 ; -- R:C G:C B:C
  331 : 110011001100 ; -- R:C G:C B:C
  332 : 110011001100 ; -- R:C G:C B:C
  333 : 110011001100 ; -- R:C G:C B:C
  334 : 110011001100 ; -- R:C G:C B:C
  335 : 110011001101 ; -- R:C G:C B:D
  336 : 110111011101 ; -- R:D G:D B:D
  337 : 110111011101 ; -- R:D G:D B:D
  338 : 110111011101 ; -- R:D G:D B:D
  339 : 110111011101 ; -- R:D G:D B:D
  340 : 110111011101 ; -- R:D G:D B:D
  341 : 110111011101 ; -- R:D G:D B:D
  342 : 110111011101 ; -- R:D G:D B:D
  343 : 110011011101 ; -- R:C G:D B:D
  344 : 110111011101 ; -- R:D G:D B:D
  345 : 110111011101 ; -- R:D G:D B:D
  346 : 100110011001 ; -- R:9 G:9 B:9
  347 : 010001000100 ; -- R:4 G:4 B:4
  348 : 001100110010 ; -- R:3 G:3 B:2
  349 : 001100110010 ; -- R:3 G:3 B:2
  350 : 001100110011 ; -- R:3 G:3 B:3
  351 : 001100110011 ; -- R:3 G:3 B:3
  352 : 010000110011 ; -- R:4 G:3 B:3
  353 : 010001000100 ; -- R:4 G:4 B:4
  354 : 010001000100 ; -- R:4 G:4 B:4
  355 : 010101010101 ; -- R:5 G:5 B:5
  356 : 011001100110 ; -- R:6 G:6 B:6
  357 : 011101110111 ; -- R:7 G:7 B:7
  358 : 011101110111 ; -- R:7 G:7 B:7
  359 : 100110011001 ; -- R:9 G:9 B:9
  360 : 101110111011 ; -- R:B G:B B:B
  361 : 110111011101 ; -- R:D G:D B:D
  362 : 110011011101 ; -- R:C G:D B:D
  363 : 110011001101 ; -- R:C G:C B:D
  364 : 110011001101 ; -- R:C G:C B:D
  365 : 110011001101 ; -- R:C G:C B:D
  366 : 110011001100 ; -- R:C G:C B:C
  367 : 110011001100 ; -- R:C G:C B:C
  368 : 110011001100 ; -- R:C G:C B:C
  369 : 110011001100 ; -- R:C G:C B:C
  370 : 110011001100 ; -- R:C G:C B:C
  371 : 110011001100 ; -- R:C G:C B:C
  372 : 110011001100 ; -- R:C G:C B:C
  373 : 101111001100 ; -- R:B G:C B:C
  374 : 101110111100 ; -- R:B G:B B:C
  375 : 101110111011 ; -- R:B G:B B:B
  376 : 101110111011 ; -- R:B G:B B:B
  377 : 101110111011 ; -- R:B G:B B:B
  378 : 101110111011 ; -- R:B G:B B:B
  379 : 101110111011 ; -- R:B G:B B:B
  380 : 101110111011 ; -- R:B G:B B:B
  381 : 101110111011 ; -- R:B G:B B:B
  382 : 101110111011 ; -- R:B G:B B:B
  383 : 101110111011 ; -- R:B G:B B:B
  384 : 101110111011 ; -- R:B G:B B:B
  385 : 101110111011 ; -- R:B G:B B:B
  386 : 101110111100 ; -- R:B G:B B:C
  387 : 110011001100 ; -- R:C G:C B:C
  388 : 110011001100 ; -- R:C G:C B:C
  389 : 110011001100 ; -- R:C G:C B:C
  390 : 110011001100 ; -- R:C G:C B:C
  391 : 110011001100 ; -- R:C G:C B:C
  392 : 110011001100 ; -- R:C G:C B:C
  393 : 110011001100 ; -- R:C G:C B:C
  394 : 110011001100 ; -- R:C G:C B:C
  395 : 110011001100 ; -- R:C G:C B:C
  396 : 110011001100 ; -- R:C G:C B:C
  397 : 110011001100 ; -- R:C G:C B:C
  398 : 110011001100 ; -- R:C G:C B:C
  399 : 110011001100 ; -- R:C G:C B:C
  400 : 110011001101 ; -- R:C G:C B:D
  401 : 110111011101 ; -- R:D G:D B:D
  402 : 110111011101 ; -- R:D G:D B:D
  403 : 110111011101 ; -- R:D G:D B:D
  404 : 110111011101 ; -- R:D G:D B:D
  405 : 110111011101 ; -- R:D G:D B:D
  406 : 110011011101 ; -- R:C G:D B:D
  407 : 110111011101 ; -- R:D G:D B:D
  408 : 110111011101 ; -- R:D G:D B:D
  409 : 100010001000 ; -- R:8 G:8 B:8
  410 : 010000110011 ; -- R:4 G:3 B:3
  411 : 001100110011 ; -- R:3 G:3 B:3
  412 : 001100110011 ; -- R:3 G:3 B:3
  413 : 001100110011 ; -- R:3 G:3 B:3
  414 : 001100110011 ; -- R:3 G:3 B:3
  415 : 001100110011 ; -- R:3 G:3 B:3
  416 : 010001000100 ; -- R:4 G:4 B:4
  417 : 010101010101 ; -- R:5 G:5 B:5
  418 : 010101100110 ; -- R:5 G:6 B:6
  419 : 010101010101 ; -- R:5 G:5 B:5
  420 : 010101010101 ; -- R:5 G:5 B:5
  421 : 010101010101 ; -- R:5 G:5 B:5
  422 : 010101010101 ; -- R:5 G:5 B:5
  423 : 010001000100 ; -- R:4 G:4 B:4
  424 : 011001100110 ; -- R:6 G:6 B:6
  425 : 101010101010 ; -- R:A G:A B:A
  426 : 110111011101 ; -- R:D G:D B:D
  427 : 110111011101 ; -- R:D G:D B:D
  428 : 110011001101 ; -- R:C G:C B:D
  429 : 110011001101 ; -- R:C G:C B:D
  430 : 110011001100 ; -- R:C G:C B:C
  431 : 110011001100 ; -- R:C G:C B:C
  432 : 110011001100 ; -- R:C G:C B:C
  433 : 110011001100 ; -- R:C G:C B:C
  434 : 110011001100 ; -- R:C G:C B:C
  435 : 110011001100 ; -- R:C G:C B:C
  436 : 110011001100 ; -- R:C G:C B:C
  437 : 110011001100 ; -- R:C G:C B:C
  438 : 101110111011 ; -- R:B G:B B:B
  439 : 101110111011 ; -- R:B G:B B:B
  440 : 101110111011 ; -- R:B G:B B:B
  441 : 101110111011 ; -- R:B G:B B:B
  442 : 101110111011 ; -- R:B G:B B:B
  443 : 101110111011 ; -- R:B G:B B:B
  444 : 101110111011 ; -- R:B G:B B:B
  445 : 101110111011 ; -- R:B G:B B:B
  446 : 101110111011 ; -- R:B G:B B:B
  447 : 101110111011 ; -- R:B G:B B:B
  448 : 101110111011 ; -- R:B G:B B:B
  449 : 101110111011 ; -- R:B G:B B:B
  450 : 101110111100 ; -- R:B G:B B:C
  451 : 110011001100 ; -- R:C G:C B:C
  452 : 110011001100 ; -- R:C G:C B:C
  453 : 110011001100 ; -- R:C G:C B:C
  454 : 110011001100 ; -- R:C G:C B:C
  455 : 110011001100 ; -- R:C G:C B:C
  456 : 110011001100 ; -- R:C G:C B:C
  457 : 110011001100 ; -- R:C G:C B:C
  458 : 110011001100 ; -- R:C G:C B:C
  459 : 110011001100 ; -- R:C G:C B:C
  460 : 110011001100 ; -- R:C G:C B:C
  461 : 110011001100 ; -- R:C G:C B:C
  462 : 110011001100 ; -- R:C G:C B:C
  463 : 110011001100 ; -- R:C G:C B:C
  464 : 110011001101 ; -- R:C G:C B:D
  465 : 110011001101 ; -- R:C G:C B:D
  466 : 110111001101 ; -- R:D G:C B:D
  467 : 110111011101 ; -- R:D G:D B:D
  468 : 110111011101 ; -- R:D G:D B:D
  469 : 110011011101 ; -- R:C G:D B:D
  470 : 110111011101 ; -- R:D G:D B:D
  471 : 110011001100 ; -- R:C G:C B:C
  472 : 011101110111 ; -- R:7 G:7 B:7
  473 : 001100100010 ; -- R:3 G:2 B:2
  474 : 001000100001 ; -- R:2 G:2 B:1
  475 : 000100010001 ; -- R:1 G:1 B:1
  476 : 001000100010 ; -- R:2 G:2 B:2
  477 : 001100110011 ; -- R:3 G:3 B:3
  478 : 001100110011 ; -- R:3 G:3 B:3
  479 : 001100110011 ; -- R:3 G:3 B:3
  480 : 010001000100 ; -- R:4 G:4 B:4
  481 : 011001100110 ; -- R:6 G:6 B:6
  482 : 011001110111 ; -- R:6 G:7 B:7
  483 : 010101010101 ; -- R:5 G:5 B:5
  484 : 011001100110 ; -- R:6 G:6 B:6
  485 : 011001100110 ; -- R:6 G:6 B:6
  486 : 010101100110 ; -- R:5 G:6 B:6
  487 : 010101010101 ; -- R:5 G:5 B:5
  488 : 010101100110 ; -- R:5 G:6 B:6
  489 : 011001100110 ; -- R:6 G:6 B:6
  490 : 100010001000 ; -- R:8 G:8 B:8
  491 : 110011001100 ; -- R:C G:C B:C
  492 : 110011011101 ; -- R:C G:D B:D
  493 : 110011001100 ; -- R:C G:C B:C
  494 : 110011001100 ; -- R:C G:C B:C
  495 : 110011001100 ; -- R:C G:C B:C
  496 : 110011001100 ; -- R:C G:C B:C
  497 : 110011001100 ; -- R:C G:C B:C
  498 : 110011001100 ; -- R:C G:C B:C
  499 : 110011001100 ; -- R:C G:C B:C
  500 : 110011001100 ; -- R:C G:C B:C
  501 : 110011001100 ; -- R:C G:C B:C
  502 : 101111001100 ; -- R:B G:C B:C
  503 : 101110111011 ; -- R:B G:B B:B
  504 : 101110111011 ; -- R:B G:B B:B
  505 : 101110111011 ; -- R:B G:B B:B
  506 : 101110111011 ; -- R:B G:B B:B
  507 : 101110111011 ; -- R:B G:B B:B
  508 : 101110111011 ; -- R:B G:B B:B
  509 : 101110111011 ; -- R:B G:B B:B
  510 : 101110111011 ; -- R:B G:B B:B
  511 : 101110111011 ; -- R:B G:B B:B
  512 : 101110111011 ; -- R:B G:B B:B
  513 : 101110111011 ; -- R:B G:B B:B
  514 : 101110111100 ; -- R:B G:B B:C
  515 : 110011001100 ; -- R:C G:C B:C
  516 : 110011001100 ; -- R:C G:C B:C
  517 : 110011001100 ; -- R:C G:C B:C
  518 : 110011001100 ; -- R:C G:C B:C
  519 : 110011001100 ; -- R:C G:C B:C
  520 : 110011001100 ; -- R:C G:C B:C
  521 : 110011001100 ; -- R:C G:C B:C
  522 : 110011001100 ; -- R:C G:C B:C
  523 : 110011001100 ; -- R:C G:C B:C
  524 : 110011001100 ; -- R:C G:C B:C
  525 : 110011001100 ; -- R:C G:C B:C
  526 : 110011001101 ; -- R:C G:C B:D
  527 : 110011001101 ; -- R:C G:C B:D
  528 : 110011001101 ; -- R:C G:C B:D
  529 : 110011001101 ; -- R:C G:C B:D
  530 : 110011001101 ; -- R:C G:C B:D
  531 : 110011011101 ; -- R:C G:D B:D
  532 : 110011001100 ; -- R:C G:C B:C
  533 : 110011001100 ; -- R:C G:C B:C
  534 : 101110111011 ; -- R:B G:B B:B
  535 : 010101010100 ; -- R:5 G:5 B:4
  536 : 001000100010 ; -- R:2 G:2 B:2
  537 : 000100010001 ; -- R:1 G:1 B:1
  538 : 000100010000 ; -- R:1 G:1 B:0
  539 : 000100010001 ; -- R:1 G:1 B:1
  540 : 001000100010 ; -- R:2 G:2 B:2
  541 : 001000110010 ; -- R:2 G:3 B:2
  542 : 001100110011 ; -- R:3 G:3 B:3
  543 : 010001000100 ; -- R:4 G:4 B:4
  544 : 010001010101 ; -- R:4 G:5 B:5
  545 : 010101010101 ; -- R:5 G:5 B:5
  546 : 010101100110 ; -- R:5 G:6 B:6
  547 : 010101100110 ; -- R:5 G:6 B:6
  548 : 010001010101 ; -- R:4 G:5 B:5
  549 : 011001100110 ; -- R:6 G:6 B:6
  550 : 010101100110 ; -- R:5 G:6 B:6
  551 : 011001100110 ; -- R:6 G:6 B:6
  552 : 010101010101 ; -- R:5 G:5 B:5
  553 : 010001010101 ; -- R:4 G:5 B:5
  554 : 010101010101 ; -- R:5 G:5 B:5
  555 : 011001100110 ; -- R:6 G:6 B:6
  556 : 101110111011 ; -- R:B G:B B:B
  557 : 110111011101 ; -- R:D G:D B:D
  558 : 110011001100 ; -- R:C G:C B:C
  559 : 110011001100 ; -- R:C G:C B:C
  560 : 110011001100 ; -- R:C G:C B:C
  561 : 110011001100 ; -- R:C G:C B:C
  562 : 110011001100 ; -- R:C G:C B:C
  563 : 110011001100 ; -- R:C G:C B:C
  564 : 110011001100 ; -- R:C G:C B:C
  565 : 110011001100 ; -- R:C G:C B:C
  566 : 101111001100 ; -- R:B G:C B:C
  567 : 101111001011 ; -- R:B G:C B:B
  568 : 101110111011 ; -- R:B G:B B:B
  569 : 101110111011 ; -- R:B G:B B:B
  570 : 101110111011 ; -- R:B G:B B:B
  571 : 101110111011 ; -- R:B G:B B:B
  572 : 101110111011 ; -- R:B G:B B:B
  573 : 101110111011 ; -- R:B G:B B:B
  574 : 101110111011 ; -- R:B G:B B:B
  575 : 101110111011 ; -- R:B G:B B:B
  576 : 101110111011 ; -- R:B G:B B:B
  577 : 101110111011 ; -- R:B G:B B:B
  578 : 101111001100 ; -- R:B G:C B:C
  579 : 110011001100 ; -- R:C G:C B:C
  580 : 110011001100 ; -- R:C G:C B:C
  581 : 110011001100 ; -- R:C G:C B:C
  582 : 110011001100 ; -- R:C G:C B:C
  583 : 110011001100 ; -- R:C G:C B:C
  584 : 110011001100 ; -- R:C G:C B:C
  585 : 110011001100 ; -- R:C G:C B:C
  586 : 110011001100 ; -- R:C G:C B:C
  587 : 110011001100 ; -- R:C G:C B:C
  588 : 110011001100 ; -- R:C G:C B:C
  589 : 110011001100 ; -- R:C G:C B:C
  590 : 110011001101 ; -- R:C G:C B:D
  591 : 110011001101 ; -- R:C G:C B:D
  592 : 110011001101 ; -- R:C G:C B:D
  593 : 110011011101 ; -- R:C G:D B:D
  594 : 110011011101 ; -- R:C G:D B:D
  595 : 110111011101 ; -- R:D G:D B:D
  596 : 101110111011 ; -- R:B G:B B:B
  597 : 100110011001 ; -- R:9 G:9 B:9
  598 : 011001100110 ; -- R:6 G:6 B:6
  599 : 001100110011 ; -- R:3 G:3 B:3
  600 : 001000100010 ; -- R:2 G:2 B:2
  601 : 000100010000 ; -- R:1 G:1 B:0
  602 : 000100010001 ; -- R:1 G:1 B:1
  603 : 000100010001 ; -- R:1 G:1 B:1
  604 : 001000100010 ; -- R:2 G:2 B:2
  605 : 001000100010 ; -- R:2 G:2 B:2
  606 : 000100100010 ; -- R:1 G:2 B:2
  607 : 001000110010 ; -- R:2 G:3 B:2
  608 : 001100110011 ; -- R:3 G:3 B:3
  609 : 010001000100 ; -- R:4 G:4 B:4
  610 : 010001000100 ; -- R:4 G:4 B:4
  611 : 010101010101 ; -- R:5 G:5 B:5
  612 : 010001010101 ; -- R:4 G:5 B:5
  613 : 010101100110 ; -- R:5 G:6 B:6
  614 : 010101100110 ; -- R:5 G:6 B:6
  615 : 010101100110 ; -- R:5 G:6 B:6
  616 : 011001100110 ; -- R:6 G:6 B:6
  617 : 010001000100 ; -- R:4 G:4 B:4
  618 : 010101010101 ; -- R:5 G:5 B:5
  619 : 010001010101 ; -- R:4 G:5 B:5
  620 : 011001100110 ; -- R:6 G:6 B:6
  621 : 101110111100 ; -- R:B G:B B:C
  622 : 110011001100 ; -- R:C G:C B:C
  623 : 110011001100 ; -- R:C G:C B:C
  624 : 110011001100 ; -- R:C G:C B:C
  625 : 110011001100 ; -- R:C G:C B:C
  626 : 110011001100 ; -- R:C G:C B:C
  627 : 110011001100 ; -- R:C G:C B:C
  628 : 110011001100 ; -- R:C G:C B:C
  629 : 110011001100 ; -- R:C G:C B:C
  630 : 110011001100 ; -- R:C G:C B:C
  631 : 101111001100 ; -- R:B G:C B:C
  632 : 101110111011 ; -- R:B G:B B:B
  633 : 101110111011 ; -- R:B G:B B:B
  634 : 101110111011 ; -- R:B G:B B:B
  635 : 101110111011 ; -- R:B G:B B:B
  636 : 101110111011 ; -- R:B G:B B:B
  637 : 101110111011 ; -- R:B G:B B:B
  638 : 101110111011 ; -- R:B G:B B:B
  639 : 101110111011 ; -- R:B G:B B:B
  640 : 101110111011 ; -- R:B G:B B:B
  641 : 101110111011 ; -- R:B G:B B:B
  642 : 101111001100 ; -- R:B G:C B:C
  643 : 110011001100 ; -- R:C G:C B:C
  644 : 110011001100 ; -- R:C G:C B:C
  645 : 110011001100 ; -- R:C G:C B:C
  646 : 110011001100 ; -- R:C G:C B:C
  647 : 110011001100 ; -- R:C G:C B:C
  648 : 110011001100 ; -- R:C G:C B:C
  649 : 110011001100 ; -- R:C G:C B:C
  650 : 110011001100 ; -- R:C G:C B:C
  651 : 110011001100 ; -- R:C G:C B:C
  652 : 110011001100 ; -- R:C G:C B:C
  653 : 110011001100 ; -- R:C G:C B:C
  654 : 110011001100 ; -- R:C G:C B:C
  655 : 110011001101 ; -- R:C G:C B:D
  656 : 110011011101 ; -- R:C G:D B:D
  657 : 110011001101 ; -- R:C G:C B:D
  658 : 110011011101 ; -- R:C G:D B:D
  659 : 110011001100 ; -- R:C G:C B:C
  660 : 011101110111 ; -- R:7 G:7 B:7
  661 : 010000110011 ; -- R:4 G:3 B:3
  662 : 010001000100 ; -- R:4 G:4 B:4
  663 : 010001000011 ; -- R:4 G:4 B:3
  664 : 000100010001 ; -- R:1 G:1 B:1
  665 : 000100010001 ; -- R:1 G:1 B:1
  666 : 000100010001 ; -- R:1 G:1 B:1
  667 : 001000100010 ; -- R:2 G:2 B:2
  668 : 000100100010 ; -- R:1 G:2 B:2
  669 : 001100110011 ; -- R:3 G:3 B:3
  670 : 010001010101 ; -- R:4 G:5 B:5
  671 : 010101010101 ; -- R:5 G:5 B:5
  672 : 010101010101 ; -- R:5 G:5 B:5
  673 : 011001100110 ; -- R:6 G:6 B:6
  674 : 011001100110 ; -- R:6 G:6 B:6
  675 : 010001010101 ; -- R:4 G:5 B:5
  676 : 010001000100 ; -- R:4 G:4 B:4
  677 : 010001000100 ; -- R:4 G:4 B:4
  678 : 010101100110 ; -- R:5 G:6 B:6
  679 : 010101010101 ; -- R:5 G:5 B:5
  680 : 010101010101 ; -- R:5 G:5 B:5
  681 : 010101010101 ; -- R:5 G:5 B:5
  682 : 010001000100 ; -- R:4 G:4 B:4
  683 : 010001000100 ; -- R:4 G:4 B:4
  684 : 010001000100 ; -- R:4 G:4 B:4
  685 : 011001100110 ; -- R:6 G:6 B:6
  686 : 110011001100 ; -- R:C G:C B:C
  687 : 110011001100 ; -- R:C G:C B:C
  688 : 110011001100 ; -- R:C G:C B:C
  689 : 110011001100 ; -- R:C G:C B:C
  690 : 110011001100 ; -- R:C G:C B:C
  691 : 110011001100 ; -- R:C G:C B:C
  692 : 110011001100 ; -- R:C G:C B:C
  693 : 110011001100 ; -- R:C G:C B:C
  694 : 110011001100 ; -- R:C G:C B:C
  695 : 101111001100 ; -- R:B G:C B:C
  696 : 101110111011 ; -- R:B G:B B:B
  697 : 101110111011 ; -- R:B G:B B:B
  698 : 101110111011 ; -- R:B G:B B:B
  699 : 101110111011 ; -- R:B G:B B:B
  700 : 101110111011 ; -- R:B G:B B:B
  701 : 101110111011 ; -- R:B G:B B:B
  702 : 101110111011 ; -- R:B G:B B:B
  703 : 101110111011 ; -- R:B G:B B:B
  704 : 101110111011 ; -- R:B G:B B:B
  705 : 101111001011 ; -- R:B G:C B:B
  706 : 110011001100 ; -- R:C G:C B:C
  707 : 110011001100 ; -- R:C G:C B:C
  708 : 110011001100 ; -- R:C G:C B:C
  709 : 110011001100 ; -- R:C G:C B:C
  710 : 110011001100 ; -- R:C G:C B:C
  711 : 110011001100 ; -- R:C G:C B:C
  712 : 110011001100 ; -- R:C G:C B:C
  713 : 110011001100 ; -- R:C G:C B:C
  714 : 110011001100 ; -- R:C G:C B:C
  715 : 110011001100 ; -- R:C G:C B:C
  716 : 110011001100 ; -- R:C G:C B:C
  717 : 110011001100 ; -- R:C G:C B:C
  718 : 110011001100 ; -- R:C G:C B:C
  719 : 110011001101 ; -- R:C G:C B:D
  720 : 110011001101 ; -- R:C G:C B:D
  721 : 110011011101 ; -- R:C G:D B:D
  722 : 110011001100 ; -- R:C G:C B:C
  723 : 100110011001 ; -- R:9 G:9 B:9
  724 : 001100110011 ; -- R:3 G:3 B:3
  725 : 000100010001 ; -- R:1 G:1 B:1
  726 : 010001000100 ; -- R:4 G:4 B:4
  727 : 001100110011 ; -- R:3 G:3 B:3
  728 : 000100100001 ; -- R:1 G:2 B:1
  729 : 001000100010 ; -- R:2 G:2 B:2
  730 : 001000100010 ; -- R:2 G:2 B:2
  731 : 001000100010 ; -- R:2 G:2 B:2
  732 : 001101000011 ; -- R:3 G:4 B:3
  733 : 010001000100 ; -- R:4 G:4 B:4
  734 : 010101000100 ; -- R:5 G:4 B:4
  735 : 011001110111 ; -- R:6 G:7 B:7
  736 : 011001110111 ; -- R:6 G:7 B:7
  737 : 011001110111 ; -- R:6 G:7 B:7
  738 : 010101100110 ; -- R:5 G:6 B:6
  739 : 010001000100 ; -- R:4 G:4 B:4
  740 : 001100110011 ; -- R:3 G:3 B:3
  741 : 001000100010 ; -- R:2 G:2 B:2
  742 : 001100110011 ; -- R:3 G:3 B:3
  743 : 010001000100 ; -- R:4 G:4 B:4
  744 : 001100110011 ; -- R:3 G:3 B:3
  745 : 001100110011 ; -- R:3 G:3 B:3
  746 : 001100110011 ; -- R:3 G:3 B:3
  747 : 001100110011 ; -- R:3 G:3 B:3
  748 : 001100110011 ; -- R:3 G:3 B:3
  749 : 010001000100 ; -- R:4 G:4 B:4
  750 : 100010001000 ; -- R:8 G:8 B:8
  751 : 110011011101 ; -- R:C G:D B:D
  752 : 110011001100 ; -- R:C G:C B:C
  753 : 110011001100 ; -- R:C G:C B:C
  754 : 110011001100 ; -- R:C G:C B:C
  755 : 110011001100 ; -- R:C G:C B:C
  756 : 110011001100 ; -- R:C G:C B:C
  757 : 110011001100 ; -- R:C G:C B:C
  758 : 110011001100 ; -- R:C G:C B:C
  759 : 110011001100 ; -- R:C G:C B:C
  760 : 101111001100 ; -- R:B G:C B:C
  761 : 101110111011 ; -- R:B G:B B:B
  762 : 101110111011 ; -- R:B G:B B:B
  763 : 101110111011 ; -- R:B G:B B:B
  764 : 101110111011 ; -- R:B G:B B:B
  765 : 101110111011 ; -- R:B G:B B:B
  766 : 101110111011 ; -- R:B G:B B:B
  767 : 101110111011 ; -- R:B G:B B:B
  768 : 101110111011 ; -- R:B G:B B:B
  769 : 101111001011 ; -- R:B G:C B:B
  770 : 101111001100 ; -- R:B G:C B:C
  771 : 110011001100 ; -- R:C G:C B:C
  772 : 110011001100 ; -- R:C G:C B:C
  773 : 110011001100 ; -- R:C G:C B:C
  774 : 110011001100 ; -- R:C G:C B:C
  775 : 110011001100 ; -- R:C G:C B:C
  776 : 110011001100 ; -- R:C G:C B:C
  777 : 110011001100 ; -- R:C G:C B:C
  778 : 110011001100 ; -- R:C G:C B:C
  779 : 110011001100 ; -- R:C G:C B:C
  780 : 110011001100 ; -- R:C G:C B:C
  781 : 110011001100 ; -- R:C G:C B:C
  782 : 110011001100 ; -- R:C G:C B:C
  783 : 110011001101 ; -- R:C G:C B:D
  784 : 110011011101 ; -- R:C G:D B:D
  785 : 110011001100 ; -- R:C G:C B:C
  786 : 101110111011 ; -- R:B G:B B:B
  787 : 011001100110 ; -- R:6 G:6 B:6
  788 : 001000100010 ; -- R:2 G:2 B:2
  789 : 010001000100 ; -- R:4 G:4 B:4
  790 : 010101010101 ; -- R:5 G:5 B:5
  791 : 001100110011 ; -- R:3 G:3 B:3
  792 : 000100010001 ; -- R:1 G:1 B:1
  793 : 000100010000 ; -- R:1 G:1 B:0
  794 : 001000100001 ; -- R:2 G:2 B:1
  795 : 001100100010 ; -- R:3 G:2 B:2
  796 : 010101010100 ; -- R:5 G:5 B:4
  797 : 011001100101 ; -- R:6 G:6 B:5
  798 : 010100110011 ; -- R:5 G:3 B:3
  799 : 010101000100 ; -- R:5 G:4 B:4
  800 : 010101000100 ; -- R:5 G:4 B:4
  801 : 010001000100 ; -- R:4 G:4 B:4
  802 : 010001000100 ; -- R:4 G:4 B:4
  803 : 010000110011 ; -- R:4 G:3 B:3
  804 : 001100100010 ; -- R:3 G:2 B:2
  805 : 001000100010 ; -- R:2 G:2 B:2
  806 : 000100100010 ; -- R:1 G:2 B:2
  807 : 001100110011 ; -- R:3 G:3 B:3
  808 : 001000100010 ; -- R:2 G:2 B:2
  809 : 001000100010 ; -- R:2 G:2 B:2
  810 : 001000100010 ; -- R:2 G:2 B:2
  811 : 001000100010 ; -- R:2 G:2 B:2
  812 : 001100110011 ; -- R:3 G:3 B:3
  813 : 010001000100 ; -- R:4 G:4 B:4
  814 : 010101010101 ; -- R:5 G:5 B:5
  815 : 101010111011 ; -- R:A G:B B:B
  816 : 110011011101 ; -- R:C G:D B:D
  817 : 110011001100 ; -- R:C G:C B:C
  818 : 110011001100 ; -- R:C G:C B:C
  819 : 110011001100 ; -- R:C G:C B:C
  820 : 110011001100 ; -- R:C G:C B:C
  821 : 110011001100 ; -- R:C G:C B:C
  822 : 110011001100 ; -- R:C G:C B:C
  823 : 101111001100 ; -- R:B G:C B:C
  824 : 101111001100 ; -- R:B G:C B:C
  825 : 101111001011 ; -- R:B G:C B:B
  826 : 101110111011 ; -- R:B G:B B:B
  827 : 101110111011 ; -- R:B G:B B:B
  828 : 101110111011 ; -- R:B G:B B:B
  829 : 101110111011 ; -- R:B G:B B:B
  830 : 101110111011 ; -- R:B G:B B:B
  831 : 101110111011 ; -- R:B G:B B:B
  832 : 101110111011 ; -- R:B G:B B:B
  833 : 101111001100 ; -- R:B G:C B:C
  834 : 110011001100 ; -- R:C G:C B:C
  835 : 110011001100 ; -- R:C G:C B:C
  836 : 110011001100 ; -- R:C G:C B:C
  837 : 110011001100 ; -- R:C G:C B:C
  838 : 110011001100 ; -- R:C G:C B:C
  839 : 110011001100 ; -- R:C G:C B:C
  840 : 110011001100 ; -- R:C G:C B:C
  841 : 110011001100 ; -- R:C G:C B:C
  842 : 110011001100 ; -- R:C G:C B:C
  843 : 110011001100 ; -- R:C G:C B:C
  844 : 110011001100 ; -- R:C G:C B:C
  845 : 110011001101 ; -- R:C G:C B:D
  846 : 110011001101 ; -- R:C G:C B:D
  847 : 110011001100 ; -- R:C G:C B:C
  848 : 110111011101 ; -- R:D G:D B:D
  849 : 101110111011 ; -- R:B G:B B:B
  850 : 011001100110 ; -- R:6 G:6 B:6
  851 : 010001000011 ; -- R:4 G:4 B:3
  852 : 010101010101 ; -- R:5 G:5 B:5
  853 : 010001010100 ; -- R:4 G:5 B:4
  854 : 010001000100 ; -- R:4 G:4 B:4
  855 : 001100110011 ; -- R:3 G:3 B:3
  856 : 000100010000 ; -- R:1 G:1 B:0
  857 : 001100010001 ; -- R:3 G:1 B:1
  858 : 011001000011 ; -- R:6 G:4 B:3
  859 : 011101010100 ; -- R:7 G:5 B:4
  860 : 100001100101 ; -- R:8 G:6 B:5
  861 : 100001110111 ; -- R:8 G:7 B:7
  862 : 011101010100 ; -- R:7 G:5 B:4
  863 : 011001000011 ; -- R:6 G:4 B:3
  864 : 010100110011 ; -- R:5 G:3 B:3
  865 : 010000110010 ; -- R:4 G:3 B:2
  866 : 001100100010 ; -- R:3 G:2 B:2
  867 : 010000110010 ; -- R:4 G:3 B:2
  868 : 001100100010 ; -- R:3 G:2 B:2
  869 : 001000100001 ; -- R:2 G:2 B:1
  870 : 001000100010 ; -- R:2 G:2 B:2
  871 : 001000100001 ; -- R:2 G:2 B:1
  872 : 000100010001 ; -- R:1 G:1 B:1
  873 : 000100010001 ; -- R:1 G:1 B:1
  874 : 000100010001 ; -- R:1 G:1 B:1
  875 : 001000100010 ; -- R:2 G:2 B:2
  876 : 001100110011 ; -- R:3 G:3 B:3
  877 : 010001010101 ; -- R:4 G:5 B:5
  878 : 010001000100 ; -- R:4 G:4 B:4
  879 : 010101100110 ; -- R:5 G:6 B:6
  880 : 101111001100 ; -- R:B G:C B:C
  881 : 110011001100 ; -- R:C G:C B:C
  882 : 110011001100 ; -- R:C G:C B:C
  883 : 110011001100 ; -- R:C G:C B:C
  884 : 110011001100 ; -- R:C G:C B:C
  885 : 110011001100 ; -- R:C G:C B:C
  886 : 110011001100 ; -- R:C G:C B:C
  887 : 110011001100 ; -- R:C G:C B:C
  888 : 101111001100 ; -- R:B G:C B:C
  889 : 101111001011 ; -- R:B G:C B:B
  890 : 101110111011 ; -- R:B G:B B:B
  891 : 101110111011 ; -- R:B G:B B:B
  892 : 101110111011 ; -- R:B G:B B:B
  893 : 101110111011 ; -- R:B G:B B:B
  894 : 101110111011 ; -- R:B G:B B:B
  895 : 101110111011 ; -- R:B G:B B:B
  896 : 101110111011 ; -- R:B G:B B:B
  897 : 110011001100 ; -- R:C G:C B:C
  898 : 110011001100 ; -- R:C G:C B:C
  899 : 110011001100 ; -- R:C G:C B:C
  900 : 110011001100 ; -- R:C G:C B:C
  901 : 110011001100 ; -- R:C G:C B:C
  902 : 110011001100 ; -- R:C G:C B:C
  903 : 110011001100 ; -- R:C G:C B:C
  904 : 110011001100 ; -- R:C G:C B:C
  905 : 110011001100 ; -- R:C G:C B:C
  906 : 110011001100 ; -- R:C G:C B:C
  907 : 110011001100 ; -- R:C G:C B:C
  908 : 110011001100 ; -- R:C G:C B:C
  909 : 110011001100 ; -- R:C G:C B:C
  910 : 110011011101 ; -- R:C G:D B:D
  911 : 110011011101 ; -- R:C G:D B:D
  912 : 110011011101 ; -- R:C G:D B:D
  913 : 101010101010 ; -- R:A G:A B:A
  914 : 010000110011 ; -- R:4 G:3 B:3
  915 : 010000110011 ; -- R:4 G:3 B:3
  916 : 010101010100 ; -- R:5 G:5 B:4
  917 : 010001000100 ; -- R:4 G:4 B:4
  918 : 001101000011 ; -- R:3 G:4 B:3
  919 : 001000100010 ; -- R:2 G:2 B:2
  920 : 010000110010 ; -- R:4 G:3 B:2
  921 : 011101010011 ; -- R:7 G:5 B:3
  922 : 100001100101 ; -- R:8 G:6 B:5
  923 : 100101110101 ; -- R:9 G:7 B:5
  924 : 101010000111 ; -- R:A G:8 B:7
  925 : 101010000111 ; -- R:A G:8 B:7
  926 : 100001100101 ; -- R:8 G:6 B:5
  927 : 100001010101 ; -- R:8 G:5 B:5
  928 : 011101010100 ; -- R:7 G:5 B:4
  929 : 011001000011 ; -- R:6 G:4 B:3
  930 : 010000110010 ; -- R:4 G:3 B:2
  931 : 010000110010 ; -- R:4 G:3 B:2
  932 : 010100110010 ; -- R:5 G:3 B:2
  933 : 001100100001 ; -- R:3 G:2 B:1
  934 : 001000100001 ; -- R:2 G:2 B:1
  935 : 001000010001 ; -- R:2 G:1 B:1
  936 : 001000010001 ; -- R:2 G:1 B:1
  937 : 000100010001 ; -- R:1 G:1 B:1
  938 : 000100010001 ; -- R:1 G:1 B:1
  939 : 001000100010 ; -- R:2 G:2 B:2
  940 : 001000110011 ; -- R:2 G:3 B:3
  941 : 001101000011 ; -- R:3 G:4 B:3
  942 : 001101000011 ; -- R:3 G:4 B:3
  943 : 001101000100 ; -- R:3 G:4 B:4
  944 : 011101110111 ; -- R:7 G:7 B:7
  945 : 110011001100 ; -- R:C G:C B:C
  946 : 110011001100 ; -- R:C G:C B:C
  947 : 110011001100 ; -- R:C G:C B:C
  948 : 110011001100 ; -- R:C G:C B:C
  949 : 110011001100 ; -- R:C G:C B:C
  950 : 110011001100 ; -- R:C G:C B:C
  951 : 110011001100 ; -- R:C G:C B:C
  952 : 101111001100 ; -- R:B G:C B:C
  953 : 101111001100 ; -- R:B G:C B:C
  954 : 101111001011 ; -- R:B G:C B:B
  955 : 101110111011 ; -- R:B G:B B:B
  956 : 101110111011 ; -- R:B G:B B:B
  957 : 101110111011 ; -- R:B G:B B:B
  958 : 101110111011 ; -- R:B G:B B:B
  959 : 101110111011 ; -- R:B G:B B:B
  960 : 110011001100 ; -- R:C G:C B:C
  961 : 110011001100 ; -- R:C G:C B:C
  962 : 110011001100 ; -- R:C G:C B:C
  963 : 110011001100 ; -- R:C G:C B:C
  964 : 110011001100 ; -- R:C G:C B:C
  965 : 110011001100 ; -- R:C G:C B:C
  966 : 110011001100 ; -- R:C G:C B:C
  967 : 110011001100 ; -- R:C G:C B:C
  968 : 110011001100 ; -- R:C G:C B:C
  969 : 110011001100 ; -- R:C G:C B:C
  970 : 110011001100 ; -- R:C G:C B:C
  971 : 110011001100 ; -- R:C G:C B:C
  972 : 110011001100 ; -- R:C G:C B:C
  973 : 110011001101 ; -- R:C G:C B:D
  974 : 110011001101 ; -- R:C G:C B:D
  975 : 110011011101 ; -- R:C G:D B:D
  976 : 110011011101 ; -- R:C G:D B:D
  977 : 100110011001 ; -- R:9 G:9 B:9
  978 : 010000110011 ; -- R:4 G:3 B:3
  979 : 010001000100 ; -- R:4 G:4 B:4
  980 : 001100110011 ; -- R:3 G:3 B:3
  981 : 001100110011 ; -- R:3 G:3 B:3
  982 : 001000100010 ; -- R:2 G:2 B:2
  983 : 010000100010 ; -- R:4 G:2 B:2
  984 : 100001010100 ; -- R:8 G:5 B:4
  985 : 101010000110 ; -- R:A G:8 B:6
  986 : 101010000110 ; -- R:A G:8 B:6
  987 : 101001110110 ; -- R:A G:7 B:6
  988 : 101010000111 ; -- R:A G:8 B:7
  989 : 101110011000 ; -- R:B G:9 B:8
  990 : 100101110110 ; -- R:9 G:7 B:6
  991 : 100001100101 ; -- R:8 G:6 B:5
  992 : 100101110110 ; -- R:9 G:7 B:6
  993 : 100101110110 ; -- R:9 G:7 B:6
  994 : 100001100101 ; -- R:8 G:6 B:5
  995 : 010100110011 ; -- R:5 G:3 B:3
  996 : 011001000011 ; -- R:6 G:4 B:3
  997 : 010100110010 ; -- R:5 G:3 B:2
  998 : 001100100010 ; -- R:3 G:2 B:2
  999 : 001100100001 ; -- R:3 G:2 B:1
  1000 : 001000100001 ; -- R:2 G:2 B:1
  1001 : 001000010001 ; -- R:2 G:1 B:1
  1002 : 000100010001 ; -- R:1 G:1 B:1
  1003 : 001000110010 ; -- R:2 G:3 B:2
  1004 : 001100110011 ; -- R:3 G:3 B:3
  1005 : 001100110011 ; -- R:3 G:3 B:3
  1006 : 010001000100 ; -- R:4 G:4 B:4
  1007 : 010001000100 ; -- R:4 G:4 B:4
  1008 : 001100110011 ; -- R:3 G:3 B:3
  1009 : 100110011001 ; -- R:9 G:9 B:9
  1010 : 110011001100 ; -- R:C G:C B:C
  1011 : 101111001100 ; -- R:B G:C B:C
  1012 : 101111001100 ; -- R:B G:C B:C
  1013 : 110011001100 ; -- R:C G:C B:C
  1014 : 110011001100 ; -- R:C G:C B:C
  1015 : 110011001100 ; -- R:C G:C B:C
  1016 : 101111001100 ; -- R:B G:C B:C
  1017 : 101111001100 ; -- R:B G:C B:C
  1018 : 101111001011 ; -- R:B G:C B:B
  1019 : 101110111011 ; -- R:B G:B B:B
  1020 : 101110111011 ; -- R:B G:B B:B
  1021 : 101110111011 ; -- R:B G:B B:B
  1022 : 101110111011 ; -- R:B G:B B:B
  1023 : 101110111011 ; -- R:B G:B B:B
  1024 : 110011001100 ; -- R:C G:C B:C
  1025 : 110011001100 ; -- R:C G:C B:C
  1026 : 110011001100 ; -- R:C G:C B:C
  1027 : 110011001100 ; -- R:C G:C B:C
  1028 : 110011001100 ; -- R:C G:C B:C
  1029 : 110011001100 ; -- R:C G:C B:C
  1030 : 110011001100 ; -- R:C G:C B:C
  1031 : 110011001100 ; -- R:C G:C B:C
  1032 : 110011001100 ; -- R:C G:C B:C
  1033 : 110011001100 ; -- R:C G:C B:C
  1034 : 110011001100 ; -- R:C G:C B:C
  1035 : 110011001100 ; -- R:C G:C B:C
  1036 : 110011001100 ; -- R:C G:C B:C
  1037 : 110011001101 ; -- R:C G:C B:D
  1038 : 110011001100 ; -- R:C G:C B:C
  1039 : 110011001100 ; -- R:C G:C B:C
  1040 : 110011001100 ; -- R:C G:C B:C
  1041 : 011001100110 ; -- R:6 G:6 B:6
  1042 : 001000100010 ; -- R:2 G:2 B:2
  1043 : 001000100010 ; -- R:2 G:2 B:2
  1044 : 001100110010 ; -- R:3 G:3 B:2
  1045 : 000100010001 ; -- R:1 G:1 B:1
  1046 : 001000010001 ; -- R:2 G:1 B:1
  1047 : 011101000011 ; -- R:7 G:4 B:3
  1048 : 101010000110 ; -- R:A G:8 B:6
  1049 : 101110011000 ; -- R:B G:9 B:8
  1050 : 101110010111 ; -- R:B G:9 B:7
  1051 : 101110000111 ; -- R:B G:8 B:7
  1052 : 101010000111 ; -- R:A G:8 B:7
  1053 : 101110011000 ; -- R:B G:9 B:8
  1054 : 101010000111 ; -- R:A G:8 B:7
  1055 : 101010000111 ; -- R:A G:8 B:7
  1056 : 101010000111 ; -- R:A G:8 B:7
  1057 : 101010000111 ; -- R:A G:8 B:7
  1058 : 101010011000 ; -- R:A G:9 B:8
  1059 : 100001100101 ; -- R:8 G:6 B:5
  1060 : 010101000011 ; -- R:5 G:4 B:3
  1061 : 011001000011 ; -- R:6 G:4 B:3
  1062 : 011000110011 ; -- R:6 G:3 B:3
  1063 : 010000110010 ; -- R:4 G:3 B:2
  1064 : 010000100010 ; -- R:4 G:2 B:2
  1065 : 010000100010 ; -- R:4 G:2 B:2
  1066 : 001000100010 ; -- R:2 G:2 B:2
  1067 : 001000110010 ; -- R:2 G:3 B:2
  1068 : 001000100010 ; -- R:2 G:2 B:2
  1069 : 001000100010 ; -- R:2 G:2 B:2
  1070 : 001100110011 ; -- R:3 G:3 B:3
  1071 : 010001000100 ; -- R:4 G:4 B:4
  1072 : 001100110011 ; -- R:3 G:3 B:3
  1073 : 010101010101 ; -- R:5 G:5 B:5
  1074 : 110011001100 ; -- R:C G:C B:C
  1075 : 101111001100 ; -- R:B G:C B:C
  1076 : 101111001100 ; -- R:B G:C B:C
  1077 : 101111001100 ; -- R:B G:C B:C
  1078 : 101111001100 ; -- R:B G:C B:C
  1079 : 110011001100 ; -- R:C G:C B:C
  1080 : 110011001100 ; -- R:C G:C B:C
  1081 : 110011001011 ; -- R:C G:C B:B
  1082 : 101110111100 ; -- R:B G:B B:C
  1083 : 101110111011 ; -- R:B G:B B:B
  1084 : 101110111011 ; -- R:B G:B B:B
  1085 : 101110111011 ; -- R:B G:B B:B
  1086 : 101110111011 ; -- R:B G:B B:B
  1087 : 101110111011 ; -- R:B G:B B:B
  1088 : 110011001100 ; -- R:C G:C B:C
  1089 : 110011001100 ; -- R:C G:C B:C
  1090 : 110011001100 ; -- R:C G:C B:C
  1091 : 110011001100 ; -- R:C G:C B:C
  1092 : 110011001100 ; -- R:C G:C B:C
  1093 : 110011001100 ; -- R:C G:C B:C
  1094 : 110011001100 ; -- R:C G:C B:C
  1095 : 110011001100 ; -- R:C G:C B:C
  1096 : 110011001100 ; -- R:C G:C B:C
  1097 : 110011001100 ; -- R:C G:C B:C
  1098 : 110011001100 ; -- R:C G:C B:C
  1099 : 110011001100 ; -- R:C G:C B:C
  1100 : 110011001100 ; -- R:C G:C B:C
  1101 : 110011001100 ; -- R:C G:C B:C
  1102 : 110011001100 ; -- R:C G:C B:C
  1103 : 110011001100 ; -- R:C G:C B:C
  1104 : 100110011001 ; -- R:9 G:9 B:9
  1105 : 010001000100 ; -- R:4 G:4 B:4
  1106 : 001000100010 ; -- R:2 G:2 B:2
  1107 : 000100010001 ; -- R:1 G:1 B:1
  1108 : 001000100010 ; -- R:2 G:2 B:2
  1109 : 000100000000 ; -- R:1 G:0 B:0
  1110 : 010000100001 ; -- R:4 G:2 B:1
  1111 : 100101100100 ; -- R:9 G:6 B:4
  1112 : 101110101000 ; -- R:B G:A B:8
  1113 : 110010101000 ; -- R:C G:A B:8
  1114 : 101110011000 ; -- R:B G:9 B:8
  1115 : 101110011000 ; -- R:B G:9 B:8
  1116 : 101110011000 ; -- R:B G:9 B:8
  1117 : 101110011000 ; -- R:B G:9 B:8
  1118 : 101110011000 ; -- R:B G:9 B:8
  1119 : 101110011000 ; -- R:B G:9 B:8
  1120 : 101010011000 ; -- R:A G:9 B:8
  1121 : 101110011000 ; -- R:B G:9 B:8
  1122 : 101110011000 ; -- R:B G:9 B:8
  1123 : 101110011000 ; -- R:B G:9 B:8
  1124 : 011101100101 ; -- R:7 G:6 B:5
  1125 : 011101010100 ; -- R:7 G:5 B:4
  1126 : 011101000011 ; -- R:7 G:4 B:3
  1127 : 010100110011 ; -- R:5 G:3 B:3
  1128 : 010100110010 ; -- R:5 G:3 B:2
  1129 : 010100110010 ; -- R:5 G:3 B:2
  1130 : 001100100010 ; -- R:3 G:2 B:2
  1131 : 001000100010 ; -- R:2 G:2 B:2
  1132 : 000100010001 ; -- R:1 G:1 B:1
  1133 : 000100010001 ; -- R:1 G:1 B:1
  1134 : 001000100010 ; -- R:2 G:2 B:2
  1135 : 010001000100 ; -- R:4 G:4 B:4
  1136 : 010101010101 ; -- R:5 G:5 B:5
  1137 : 001101000011 ; -- R:3 G:4 B:3
  1138 : 100110101010 ; -- R:9 G:A B:A
  1139 : 110011001100 ; -- R:C G:C B:C
  1140 : 101111001100 ; -- R:B G:C B:C
  1141 : 101111001100 ; -- R:B G:C B:C
  1142 : 110011001100 ; -- R:C G:C B:C
  1143 : 101111001100 ; -- R:B G:C B:C
  1144 : 110011001100 ; -- R:C G:C B:C
  1145 : 110011001100 ; -- R:C G:C B:C
  1146 : 101110111011 ; -- R:B G:B B:B
  1147 : 101110111011 ; -- R:B G:B B:B
  1148 : 101110111011 ; -- R:B G:B B:B
  1149 : 101110111011 ; -- R:B G:B B:B
  1150 : 101110111011 ; -- R:B G:B B:B
  1151 : 101110111011 ; -- R:B G:B B:B
  1152 : 110011001100 ; -- R:C G:C B:C
  1153 : 110011001100 ; -- R:C G:C B:C
  1154 : 110011001100 ; -- R:C G:C B:C
  1155 : 110011001100 ; -- R:C G:C B:C
  1156 : 110011001100 ; -- R:C G:C B:C
  1157 : 110011001100 ; -- R:C G:C B:C
  1158 : 110011001100 ; -- R:C G:C B:C
  1159 : 110011001100 ; -- R:C G:C B:C
  1160 : 110011001100 ; -- R:C G:C B:C
  1161 : 110011001100 ; -- R:C G:C B:C
  1162 : 110011001100 ; -- R:C G:C B:C
  1163 : 110011001100 ; -- R:C G:C B:C
  1164 : 110011001100 ; -- R:C G:C B:C
  1165 : 110011001100 ; -- R:C G:C B:C
  1166 : 101110111011 ; -- R:B G:B B:B
  1167 : 101010101010 ; -- R:A G:A B:A
  1168 : 011001100110 ; -- R:6 G:6 B:6
  1169 : 010001000100 ; -- R:4 G:4 B:4
  1170 : 001000010001 ; -- R:2 G:1 B:1
  1171 : 000100010001 ; -- R:1 G:1 B:1
  1172 : 000100010001 ; -- R:1 G:1 B:1
  1173 : 001000010001 ; -- R:2 G:1 B:1
  1174 : 011001000011 ; -- R:6 G:4 B:3
  1175 : 101010000110 ; -- R:A G:8 B:6
  1176 : 110010101001 ; -- R:C G:A B:9
  1177 : 110010101001 ; -- R:C G:A B:9
  1178 : 110010101001 ; -- R:C G:A B:9
  1179 : 110010101001 ; -- R:C G:A B:9
  1180 : 110010101001 ; -- R:C G:A B:9
  1181 : 110010111010 ; -- R:C G:B B:A
  1182 : 110010101001 ; -- R:C G:A B:9
  1183 : 110010101010 ; -- R:C G:A B:A
  1184 : 110010101001 ; -- R:C G:A B:9
  1185 : 101110101001 ; -- R:B G:A B:9
  1186 : 101110101001 ; -- R:B G:A B:9
  1187 : 110010101001 ; -- R:C G:A B:9
  1188 : 101110011001 ; -- R:B G:9 B:9
  1189 : 100101110110 ; -- R:9 G:7 B:6
  1190 : 100101100101 ; -- R:9 G:6 B:5
  1191 : 011101010100 ; -- R:7 G:5 B:4
  1192 : 011101000011 ; -- R:7 G:4 B:3
  1193 : 011101010011 ; -- R:7 G:5 B:3
  1194 : 010000100010 ; -- R:4 G:2 B:2
  1195 : 000100010001 ; -- R:1 G:1 B:1
  1196 : 000100010001 ; -- R:1 G:1 B:1
  1197 : 001000010001 ; -- R:2 G:1 B:1
  1198 : 000100010001 ; -- R:1 G:1 B:1
  1199 : 001000100010 ; -- R:2 G:2 B:2
  1200 : 010001000100 ; -- R:4 G:4 B:4
  1201 : 010001000100 ; -- R:4 G:4 B:4
  1202 : 011101110111 ; -- R:7 G:7 B:7
  1203 : 110011001100 ; -- R:C G:C B:C
  1204 : 101111001100 ; -- R:B G:C B:C
  1205 : 101111001100 ; -- R:B G:C B:C
  1206 : 101111001100 ; -- R:B G:C B:C
  1207 : 101111001100 ; -- R:B G:C B:C
  1208 : 110011001100 ; -- R:C G:C B:C
  1209 : 110011001100 ; -- R:C G:C B:C
  1210 : 101110111011 ; -- R:B G:B B:B
  1211 : 101110111011 ; -- R:B G:B B:B
  1212 : 101110111011 ; -- R:B G:B B:B
  1213 : 101110111011 ; -- R:B G:B B:B
  1214 : 101110111011 ; -- R:B G:B B:B
  1215 : 101110111011 ; -- R:B G:B B:B
  1216 : 110011001100 ; -- R:C G:C B:C
  1217 : 110011001100 ; -- R:C G:C B:C
  1218 : 110011001100 ; -- R:C G:C B:C
  1219 : 110011001100 ; -- R:C G:C B:C
  1220 : 110011001100 ; -- R:C G:C B:C
  1221 : 110011001100 ; -- R:C G:C B:C
  1222 : 110011001100 ; -- R:C G:C B:C
  1223 : 110011001100 ; -- R:C G:C B:C
  1224 : 110011001100 ; -- R:C G:C B:C
  1225 : 110011001100 ; -- R:C G:C B:C
  1226 : 110011001100 ; -- R:C G:C B:C
  1227 : 110011001100 ; -- R:C G:C B:C
  1228 : 110011001100 ; -- R:C G:C B:C
  1229 : 101110111011 ; -- R:B G:B B:B
  1230 : 101010101010 ; -- R:A G:A B:A
  1231 : 100110011001 ; -- R:9 G:9 B:9
  1232 : 010101010100 ; -- R:5 G:5 B:4
  1233 : 001100110011 ; -- R:3 G:3 B:3
  1234 : 000100010001 ; -- R:1 G:1 B:1
  1235 : 000000000000 ; -- R:0 G:0 B:0
  1236 : 000000000000 ; -- R:0 G:0 B:0
  1237 : 001100100001 ; -- R:3 G:2 B:1
  1238 : 100001010011 ; -- R:8 G:5 B:3
  1239 : 101110010111 ; -- R:B G:9 B:7
  1240 : 110110111010 ; -- R:D G:B B:A
  1241 : 110110111010 ; -- R:D G:B B:A
  1242 : 110110111010 ; -- R:D G:B B:A
  1243 : 110110111010 ; -- R:D G:B B:A
  1244 : 110010111010 ; -- R:C G:B B:A
  1245 : 110010111010 ; -- R:C G:B B:A
  1246 : 110010101010 ; -- R:C G:A B:A
  1247 : 110010101001 ; -- R:C G:A B:9
  1248 : 110010111010 ; -- R:C G:B B:A
  1249 : 110010101010 ; -- R:C G:A B:A
  1250 : 110010101010 ; -- R:C G:A B:A
  1251 : 110010111010 ; -- R:C G:B B:A
  1252 : 110010111010 ; -- R:C G:B B:A
  1253 : 101110101001 ; -- R:B G:A B:9
  1254 : 101010011000 ; -- R:A G:9 B:8
  1255 : 100101110110 ; -- R:9 G:7 B:6
  1256 : 100101100101 ; -- R:9 G:6 B:5
  1257 : 101001110110 ; -- R:A G:7 B:6
  1258 : 011001000011 ; -- R:6 G:4 B:3
  1259 : 001100010001 ; -- R:3 G:1 B:1
  1260 : 000100010000 ; -- R:1 G:1 B:0
  1261 : 001000100001 ; -- R:2 G:2 B:1
  1262 : 000100010001 ; -- R:1 G:1 B:1
  1263 : 001000100010 ; -- R:2 G:2 B:2
  1264 : 001100110011 ; -- R:3 G:3 B:3
  1265 : 001100110011 ; -- R:3 G:3 B:3
  1266 : 011001100110 ; -- R:6 G:6 B:6
  1267 : 101110111011 ; -- R:B G:B B:B
  1268 : 110011001100 ; -- R:C G:C B:C
  1269 : 101111001100 ; -- R:B G:C B:C
  1270 : 101111001100 ; -- R:B G:C B:C
  1271 : 101111001100 ; -- R:B G:C B:C
  1272 : 110011001100 ; -- R:C G:C B:C
  1273 : 110011001100 ; -- R:C G:C B:C
  1274 : 101110111011 ; -- R:B G:B B:B
  1275 : 101110111011 ; -- R:B G:B B:B
  1276 : 101110111011 ; -- R:B G:B B:B
  1277 : 101110111011 ; -- R:B G:B B:B
  1278 : 101110111011 ; -- R:B G:B B:B
  1279 : 101110111011 ; -- R:B G:B B:B
  1280 : 110011001100 ; -- R:C G:C B:C
  1281 : 110011001100 ; -- R:C G:C B:C
  1282 : 110011001100 ; -- R:C G:C B:C
  1283 : 110011001100 ; -- R:C G:C B:C
  1284 : 110011001100 ; -- R:C G:C B:C
  1285 : 110011001100 ; -- R:C G:C B:C
  1286 : 110011001100 ; -- R:C G:C B:C
  1287 : 110011001100 ; -- R:C G:C B:C
  1288 : 110011001100 ; -- R:C G:C B:C
  1289 : 110011001100 ; -- R:C G:C B:C
  1290 : 110011001100 ; -- R:C G:C B:C
  1291 : 110011001100 ; -- R:C G:C B:C
  1292 : 110011001100 ; -- R:C G:C B:C
  1293 : 110011001100 ; -- R:C G:C B:C
  1294 : 101110111011 ; -- R:B G:B B:B
  1295 : 100001110111 ; -- R:8 G:7 B:7
  1296 : 010000110011 ; -- R:4 G:3 B:3
  1297 : 001000100010 ; -- R:2 G:2 B:2
  1298 : 000000000000 ; -- R:0 G:0 B:0
  1299 : 000000000000 ; -- R:0 G:0 B:0
  1300 : 000000000000 ; -- R:0 G:0 B:0
  1301 : 010100110010 ; -- R:5 G:3 B:2
  1302 : 100001100100 ; -- R:8 G:6 B:4
  1303 : 101110101001 ; -- R:B G:A B:9
  1304 : 110010111010 ; -- R:C G:B B:A
  1305 : 110010101010 ; -- R:C G:A B:A
  1306 : 101110101001 ; -- R:B G:A B:9
  1307 : 101110101001 ; -- R:B G:A B:9
  1308 : 110010101010 ; -- R:C G:A B:A
  1309 : 110010101001 ; -- R:C G:A B:9
  1310 : 110010101001 ; -- R:C G:A B:9
  1311 : 101110101001 ; -- R:B G:A B:9
  1312 : 110010101001 ; -- R:C G:A B:9
  1313 : 110010111010 ; -- R:C G:B B:A
  1314 : 110010101010 ; -- R:C G:A B:A
  1315 : 110010101010 ; -- R:C G:A B:A
  1316 : 110010101001 ; -- R:C G:A B:9
  1317 : 101110101001 ; -- R:B G:A B:9
  1318 : 101110101001 ; -- R:B G:A B:9
  1319 : 101010000111 ; -- R:A G:8 B:7
  1320 : 101010000111 ; -- R:A G:8 B:7
  1321 : 110010101010 ; -- R:C G:A B:A
  1322 : 101110011000 ; -- R:B G:9 B:8
  1323 : 100101100101 ; -- R:9 G:6 B:5
  1324 : 011001000011 ; -- R:6 G:4 B:3
  1325 : 001100100001 ; -- R:3 G:2 B:1
  1326 : 001000100010 ; -- R:2 G:2 B:2
  1327 : 000100010001 ; -- R:1 G:1 B:1
  1328 : 001000100010 ; -- R:2 G:2 B:2
  1329 : 001100100010 ; -- R:3 G:2 B:2
  1330 : 010001000100 ; -- R:4 G:4 B:4
  1331 : 101010111011 ; -- R:A G:B B:B
  1332 : 110011001100 ; -- R:C G:C B:C
  1333 : 101111001100 ; -- R:B G:C B:C
  1334 : 101111001100 ; -- R:B G:C B:C
  1335 : 110011001100 ; -- R:C G:C B:C
  1336 : 110011001100 ; -- R:C G:C B:C
  1337 : 110011001100 ; -- R:C G:C B:C
  1338 : 110011001100 ; -- R:C G:C B:C
  1339 : 110011001100 ; -- R:C G:C B:C
  1340 : 101110111011 ; -- R:B G:B B:B
  1341 : 101110111011 ; -- R:B G:B B:B
  1342 : 101110111011 ; -- R:B G:B B:B
  1343 : 101110111011 ; -- R:B G:B B:B
  1344 : 110011001100 ; -- R:C G:C B:C
  1345 : 110011001100 ; -- R:C G:C B:C
  1346 : 110011001100 ; -- R:C G:C B:C
  1347 : 110011001100 ; -- R:C G:C B:C
  1348 : 110011001100 ; -- R:C G:C B:C
  1349 : 110011001100 ; -- R:C G:C B:C
  1350 : 110011001100 ; -- R:C G:C B:C
  1351 : 110011001100 ; -- R:C G:C B:C
  1352 : 110011001100 ; -- R:C G:C B:C
  1353 : 110011001100 ; -- R:C G:C B:C
  1354 : 110011001100 ; -- R:C G:C B:C
  1355 : 110011001100 ; -- R:C G:C B:C
  1356 : 110011001100 ; -- R:C G:C B:C
  1357 : 110011001100 ; -- R:C G:C B:C
  1358 : 101010101010 ; -- R:A G:A B:A
  1359 : 011001010101 ; -- R:6 G:5 B:5
  1360 : 001100100010 ; -- R:3 G:2 B:2
  1361 : 000100010001 ; -- R:1 G:1 B:1
  1362 : 000000000000 ; -- R:0 G:0 B:0
  1363 : 000000000000 ; -- R:0 G:0 B:0
  1364 : 000100010000 ; -- R:1 G:1 B:0
  1365 : 011001000010 ; -- R:6 G:4 B:2
  1366 : 100101110110 ; -- R:9 G:7 B:6
  1367 : 101010011000 ; -- R:A G:9 B:8
  1368 : 100110001000 ; -- R:9 G:8 B:8
  1369 : 100001110111 ; -- R:8 G:7 B:7
  1370 : 011101100101 ; -- R:7 G:6 B:5
  1371 : 011001010100 ; -- R:6 G:5 B:4
  1372 : 100001100101 ; -- R:8 G:6 B:5
  1373 : 100101110111 ; -- R:9 G:7 B:7
  1374 : 101010001000 ; -- R:A G:8 B:8
  1375 : 101110011000 ; -- R:B G:9 B:8
  1376 : 101110011001 ; -- R:B G:9 B:9
  1377 : 101110101001 ; -- R:B G:A B:9
  1378 : 101110101001 ; -- R:B G:A B:9
  1379 : 101110011001 ; -- R:B G:9 B:9
  1380 : 101110011000 ; -- R:B G:9 B:8
  1381 : 101010000111 ; -- R:A G:8 B:7
  1382 : 100101110110 ; -- R:9 G:7 B:6
  1383 : 011101010101 ; -- R:7 G:5 B:5
  1384 : 011101100101 ; -- R:7 G:6 B:5
  1385 : 100110001000 ; -- R:9 G:8 B:8
  1386 : 101010011001 ; -- R:A G:9 B:9
  1387 : 101110101001 ; -- R:B G:A B:9
  1388 : 101110101000 ; -- R:B G:A B:8
  1389 : 011001000011 ; -- R:6 G:4 B:3
  1390 : 001000010001 ; -- R:2 G:1 B:1
  1391 : 000100010001 ; -- R:1 G:1 B:1
  1392 : 001000100010 ; -- R:2 G:2 B:2
  1393 : 001000100010 ; -- R:2 G:2 B:2
  1394 : 001100110011 ; -- R:3 G:3 B:3
  1395 : 101010101010 ; -- R:A G:A B:A
  1396 : 110011001100 ; -- R:C G:C B:C
  1397 : 101111001100 ; -- R:B G:C B:C
  1398 : 101111001100 ; -- R:B G:C B:C
  1399 : 110011001100 ; -- R:C G:C B:C
  1400 : 110011001100 ; -- R:C G:C B:C
  1401 : 110011001100 ; -- R:C G:C B:C
  1402 : 110011001100 ; -- R:C G:C B:C
  1403 : 110011001100 ; -- R:C G:C B:C
  1404 : 101110111011 ; -- R:B G:B B:B
  1405 : 101110111011 ; -- R:B G:B B:B
  1406 : 101110111011 ; -- R:B G:B B:B
  1407 : 101110111011 ; -- R:B G:B B:B
  1408 : 110011001100 ; -- R:C G:C B:C
  1409 : 110011001100 ; -- R:C G:C B:C
  1410 : 110011001100 ; -- R:C G:C B:C
  1411 : 110011001100 ; -- R:C G:C B:C
  1412 : 110011001100 ; -- R:C G:C B:C
  1413 : 110011001100 ; -- R:C G:C B:C
  1414 : 110011001100 ; -- R:C G:C B:C
  1415 : 110011001100 ; -- R:C G:C B:C
  1416 : 110011001100 ; -- R:C G:C B:C
  1417 : 110011001100 ; -- R:C G:C B:C
  1418 : 110011001100 ; -- R:C G:C B:C
  1419 : 110011001100 ; -- R:C G:C B:C
  1420 : 110011001100 ; -- R:C G:C B:C
  1421 : 110011001100 ; -- R:C G:C B:C
  1422 : 101010101010 ; -- R:A G:A B:A
  1423 : 010000110011 ; -- R:4 G:3 B:3
  1424 : 000100010000 ; -- R:1 G:1 B:0
  1425 : 000100000000 ; -- R:1 G:0 B:0
  1426 : 000000000000 ; -- R:0 G:0 B:0
  1427 : 000000000000 ; -- R:0 G:0 B:0
  1428 : 001100010001 ; -- R:3 G:1 B:1
  1429 : 011101010100 ; -- R:7 G:5 B:4
  1430 : 100001100110 ; -- R:8 G:6 B:6
  1431 : 100001100101 ; -- R:8 G:6 B:5
  1432 : 011001010100 ; -- R:6 G:5 B:4
  1433 : 010101000011 ; -- R:5 G:4 B:3
  1434 : 011001000011 ; -- R:6 G:4 B:3
  1435 : 011001000011 ; -- R:6 G:4 B:3
  1436 : 011001000011 ; -- R:6 G:4 B:3
  1437 : 011101010100 ; -- R:7 G:5 B:4
  1438 : 100101100101 ; -- R:9 G:6 B:5
  1439 : 101001110110 ; -- R:A G:7 B:6
  1440 : 101010000111 ; -- R:A G:8 B:7
  1441 : 101010011000 ; -- R:A G:9 B:8
  1442 : 101010011000 ; -- R:A G:9 B:8
  1443 : 101010000111 ; -- R:A G:8 B:7
  1444 : 100101110110 ; -- R:9 G:7 B:6
  1445 : 100001010101 ; -- R:8 G:5 B:5
  1446 : 011001000011 ; -- R:6 G:4 B:3
  1447 : 011001000011 ; -- R:6 G:4 B:3
  1448 : 010101000011 ; -- R:5 G:4 B:3
  1449 : 010101000011 ; -- R:5 G:4 B:3
  1450 : 011001010101 ; -- R:6 G:5 B:5
  1451 : 100001110110 ; -- R:8 G:7 B:6
  1452 : 101010011000 ; -- R:A G:9 B:8
  1453 : 100101110110 ; -- R:9 G:7 B:6
  1454 : 001000010001 ; -- R:2 G:1 B:1
  1455 : 000100010001 ; -- R:1 G:1 B:1
  1456 : 000100010001 ; -- R:1 G:1 B:1
  1457 : 001000100001 ; -- R:2 G:2 B:1
  1458 : 001100110010 ; -- R:3 G:3 B:2
  1459 : 101010101010 ; -- R:A G:A B:A
  1460 : 110011001100 ; -- R:C G:C B:C
  1461 : 110011001100 ; -- R:C G:C B:C
  1462 : 110011001100 ; -- R:C G:C B:C
  1463 : 110011001100 ; -- R:C G:C B:C
  1464 : 110011001100 ; -- R:C G:C B:C
  1465 : 110011001100 ; -- R:C G:C B:C
  1466 : 110011001100 ; -- R:C G:C B:C
  1467 : 110011001100 ; -- R:C G:C B:C
  1468 : 110011001100 ; -- R:C G:C B:C
  1469 : 110011001100 ; -- R:C G:C B:C
  1470 : 101110111011 ; -- R:B G:B B:B
  1471 : 101110111011 ; -- R:B G:B B:B
  1472 : 110011001100 ; -- R:C G:C B:C
  1473 : 110011001100 ; -- R:C G:C B:C
  1474 : 110011001100 ; -- R:C G:C B:C
  1475 : 110011001100 ; -- R:C G:C B:C
  1476 : 110011001100 ; -- R:C G:C B:C
  1477 : 110011001100 ; -- R:C G:C B:C
  1478 : 110011001100 ; -- R:C G:C B:C
  1479 : 110011001100 ; -- R:C G:C B:C
  1480 : 110011001100 ; -- R:C G:C B:C
  1481 : 110011001100 ; -- R:C G:C B:C
  1482 : 110011001100 ; -- R:C G:C B:C
  1483 : 110011001100 ; -- R:C G:C B:C
  1484 : 110011001100 ; -- R:C G:C B:C
  1485 : 110011001100 ; -- R:C G:C B:C
  1486 : 101110111011 ; -- R:B G:B B:B
  1487 : 010001000100 ; -- R:4 G:4 B:4
  1488 : 000100010001 ; -- R:1 G:1 B:1
  1489 : 000000000000 ; -- R:0 G:0 B:0
  1490 : 000000000000 ; -- R:0 G:0 B:0
  1491 : 000000000000 ; -- R:0 G:0 B:0
  1492 : 010000100010 ; -- R:4 G:2 B:2
  1493 : 011101010100 ; -- R:7 G:5 B:4
  1494 : 100001100101 ; -- R:8 G:6 B:5
  1495 : 100001100101 ; -- R:8 G:6 B:5
  1496 : 100001100101 ; -- R:8 G:6 B:5
  1497 : 100001100101 ; -- R:8 G:6 B:5
  1498 : 100001100101 ; -- R:8 G:6 B:5
  1499 : 100001100100 ; -- R:8 G:6 B:4
  1500 : 100001010100 ; -- R:8 G:5 B:4
  1501 : 100001010100 ; -- R:8 G:5 B:4
  1502 : 100001010100 ; -- R:8 G:5 B:4
  1503 : 100101100101 ; -- R:9 G:6 B:5
  1504 : 101001110110 ; -- R:A G:7 B:6
  1505 : 101010000110 ; -- R:A G:8 B:6
  1506 : 101010000110 ; -- R:A G:8 B:6
  1507 : 100101110110 ; -- R:9 G:7 B:6
  1508 : 100001100100 ; -- R:8 G:6 B:4
  1509 : 100001010100 ; -- R:8 G:5 B:4
  1510 : 100001010100 ; -- R:8 G:5 B:4
  1511 : 100001010100 ; -- R:8 G:5 B:4
  1512 : 100001010100 ; -- R:8 G:5 B:4
  1513 : 011101010100 ; -- R:7 G:5 B:4
  1514 : 011101010100 ; -- R:7 G:5 B:4
  1515 : 011101010100 ; -- R:7 G:5 B:4
  1516 : 100001100101 ; -- R:8 G:6 B:5
  1517 : 100101110110 ; -- R:9 G:7 B:6
  1518 : 010100110010 ; -- R:5 G:3 B:2
  1519 : 001000010001 ; -- R:2 G:1 B:1
  1520 : 000100010001 ; -- R:1 G:1 B:1
  1521 : 001000010001 ; -- R:2 G:1 B:1
  1522 : 001100110011 ; -- R:3 G:3 B:3
  1523 : 101010101010 ; -- R:A G:A B:A
  1524 : 110011001100 ; -- R:C G:C B:C
  1525 : 110011001100 ; -- R:C G:C B:C
  1526 : 110011001100 ; -- R:C G:C B:C
  1527 : 110011001100 ; -- R:C G:C B:C
  1528 : 110011001100 ; -- R:C G:C B:C
  1529 : 110011001100 ; -- R:C G:C B:C
  1530 : 110011001100 ; -- R:C G:C B:C
  1531 : 110011001100 ; -- R:C G:C B:C
  1532 : 110011001100 ; -- R:C G:C B:C
  1533 : 110011001100 ; -- R:C G:C B:C
  1534 : 110011001100 ; -- R:C G:C B:C
  1535 : 110011001100 ; -- R:C G:C B:C
  1536 : 110011001100 ; -- R:C G:C B:C
  1537 : 110011001100 ; -- R:C G:C B:C
  1538 : 110011001100 ; -- R:C G:C B:C
  1539 : 110011001100 ; -- R:C G:C B:C
  1540 : 110011001100 ; -- R:C G:C B:C
  1541 : 110011001100 ; -- R:C G:C B:C
  1542 : 110011001100 ; -- R:C G:C B:C
  1543 : 110011001100 ; -- R:C G:C B:C
  1544 : 110011001100 ; -- R:C G:C B:C
  1545 : 110011001100 ; -- R:C G:C B:C
  1546 : 110011001100 ; -- R:C G:C B:C
  1547 : 110011001100 ; -- R:C G:C B:C
  1548 : 110011001100 ; -- R:C G:C B:C
  1549 : 110011001100 ; -- R:C G:C B:C
  1550 : 110111011100 ; -- R:D G:D B:C
  1551 : 011001100110 ; -- R:6 G:6 B:6
  1552 : 000000000000 ; -- R:0 G:0 B:0
  1553 : 000000000000 ; -- R:0 G:0 B:0
  1554 : 000000000000 ; -- R:0 G:0 B:0
  1555 : 000000000000 ; -- R:0 G:0 B:0
  1556 : 011001000011 ; -- R:6 G:4 B:3
  1557 : 100001100101 ; -- R:8 G:6 B:5
  1558 : 100101100101 ; -- R:9 G:6 B:5
  1559 : 100101110110 ; -- R:9 G:7 B:6
  1560 : 101010000111 ; -- R:A G:8 B:7
  1561 : 101010000111 ; -- R:A G:8 B:7
  1562 : 101010010111 ; -- R:A G:9 B:7
  1563 : 100101110110 ; -- R:9 G:7 B:6
  1564 : 100101100101 ; -- R:9 G:6 B:5
  1565 : 100001100100 ; -- R:8 G:6 B:4
  1566 : 100001010100 ; -- R:8 G:5 B:4
  1567 : 100001100100 ; -- R:8 G:6 B:4
  1568 : 100101100101 ; -- R:9 G:6 B:5
  1569 : 101001110110 ; -- R:A G:7 B:6
  1570 : 101001110110 ; -- R:A G:7 B:6
  1571 : 100101100101 ; -- R:9 G:6 B:5
  1572 : 100001010100 ; -- R:8 G:5 B:4
  1573 : 100001100100 ; -- R:8 G:6 B:4
  1574 : 100001100100 ; -- R:8 G:6 B:4
  1575 : 100101100100 ; -- R:9 G:6 B:4
  1576 : 100101110101 ; -- R:9 G:7 B:5
  1577 : 100101110110 ; -- R:9 G:7 B:6
  1578 : 100101110110 ; -- R:9 G:7 B:6
  1579 : 100101100101 ; -- R:9 G:6 B:5
  1580 : 100001100101 ; -- R:8 G:6 B:5
  1581 : 100001100101 ; -- R:8 G:6 B:5
  1582 : 011101010100 ; -- R:7 G:5 B:4
  1583 : 001100100010 ; -- R:3 G:2 B:2
  1584 : 001000010001 ; -- R:2 G:1 B:1
  1585 : 000100010001 ; -- R:1 G:1 B:1
  1586 : 010001000100 ; -- R:4 G:4 B:4
  1587 : 101110111011 ; -- R:B G:B B:B
  1588 : 110011001100 ; -- R:C G:C B:C
  1589 : 110011001100 ; -- R:C G:C B:C
  1590 : 110011001100 ; -- R:C G:C B:C
  1591 : 110011001100 ; -- R:C G:C B:C
  1592 : 110011001100 ; -- R:C G:C B:C
  1593 : 110011001100 ; -- R:C G:C B:C
  1594 : 110011001100 ; -- R:C G:C B:C
  1595 : 110011001100 ; -- R:C G:C B:C
  1596 : 110011001100 ; -- R:C G:C B:C
  1597 : 110011001100 ; -- R:C G:C B:C
  1598 : 110011001100 ; -- R:C G:C B:C
  1599 : 110011001100 ; -- R:C G:C B:C
  1600 : 110011001100 ; -- R:C G:C B:C
  1601 : 110011001100 ; -- R:C G:C B:C
  1602 : 110011001100 ; -- R:C G:C B:C
  1603 : 110011001100 ; -- R:C G:C B:C
  1604 : 110011001100 ; -- R:C G:C B:C
  1605 : 110011001100 ; -- R:C G:C B:C
  1606 : 110011001100 ; -- R:C G:C B:C
  1607 : 110011001100 ; -- R:C G:C B:C
  1608 : 110011001100 ; -- R:C G:C B:C
  1609 : 110011001100 ; -- R:C G:C B:C
  1610 : 110011001100 ; -- R:C G:C B:C
  1611 : 110011001100 ; -- R:C G:C B:C
  1612 : 110011001100 ; -- R:C G:C B:C
  1613 : 110011001100 ; -- R:C G:C B:C
  1614 : 110111011101 ; -- R:D G:D B:D
  1615 : 101010101010 ; -- R:A G:A B:A
  1616 : 000100010001 ; -- R:1 G:1 B:1
  1617 : 000000000000 ; -- R:0 G:0 B:0
  1618 : 000000000000 ; -- R:0 G:0 B:0
  1619 : 000100010000 ; -- R:1 G:1 B:0
  1620 : 100001100101 ; -- R:8 G:6 B:5
  1621 : 100101110110 ; -- R:9 G:7 B:6
  1622 : 100101100101 ; -- R:9 G:6 B:5
  1623 : 100101110101 ; -- R:9 G:7 B:5
  1624 : 101010000110 ; -- R:A G:8 B:6
  1625 : 101110010111 ; -- R:B G:9 B:7
  1626 : 101110011000 ; -- R:B G:9 B:8
  1627 : 101010000110 ; -- R:A G:8 B:6
  1628 : 100101100101 ; -- R:9 G:6 B:5
  1629 : 100101100101 ; -- R:9 G:6 B:5
  1630 : 100001100100 ; -- R:8 G:6 B:4
  1631 : 100001100100 ; -- R:8 G:6 B:4
  1632 : 100101110101 ; -- R:9 G:7 B:5
  1633 : 101010000111 ; -- R:A G:8 B:7
  1634 : 101010000110 ; -- R:A G:8 B:6
  1635 : 100101100101 ; -- R:9 G:6 B:5
  1636 : 100001100100 ; -- R:8 G:6 B:4
  1637 : 100001100100 ; -- R:8 G:6 B:4
  1638 : 100101100101 ; -- R:9 G:6 B:5
  1639 : 101001110101 ; -- R:A G:7 B:5
  1640 : 101110010111 ; -- R:B G:9 B:7
  1641 : 101110011000 ; -- R:B G:9 B:8
  1642 : 101010000111 ; -- R:A G:8 B:7
  1643 : 101001110110 ; -- R:A G:7 B:6
  1644 : 100101100101 ; -- R:9 G:6 B:5
  1645 : 100101110101 ; -- R:9 G:7 B:5
  1646 : 100001100101 ; -- R:8 G:6 B:5
  1647 : 010100110010 ; -- R:5 G:3 B:2
  1648 : 001000100001 ; -- R:2 G:2 B:1
  1649 : 000100010000 ; -- R:1 G:1 B:0
  1650 : 010001000100 ; -- R:4 G:4 B:4
  1651 : 110011001100 ; -- R:C G:C B:C
  1652 : 110011001100 ; -- R:C G:C B:C
  1653 : 110011001100 ; -- R:C G:C B:C
  1654 : 110011001100 ; -- R:C G:C B:C
  1655 : 110011001100 ; -- R:C G:C B:C
  1656 : 110011001100 ; -- R:C G:C B:C
  1657 : 110011001100 ; -- R:C G:C B:C
  1658 : 110011001100 ; -- R:C G:C B:C
  1659 : 110011001100 ; -- R:C G:C B:C
  1660 : 110011001100 ; -- R:C G:C B:C
  1661 : 110011001100 ; -- R:C G:C B:C
  1662 : 101111001100 ; -- R:B G:C B:C
  1663 : 101111001100 ; -- R:B G:C B:C
  1664 : 110011001100 ; -- R:C G:C B:C
  1665 : 110011001100 ; -- R:C G:C B:C
  1666 : 110011001100 ; -- R:C G:C B:C
  1667 : 110011001100 ; -- R:C G:C B:C
  1668 : 110011001100 ; -- R:C G:C B:C
  1669 : 110011001100 ; -- R:C G:C B:C
  1670 : 110011001100 ; -- R:C G:C B:C
  1671 : 110011001100 ; -- R:C G:C B:C
  1672 : 110011001100 ; -- R:C G:C B:C
  1673 : 110011001100 ; -- R:C G:C B:C
  1674 : 110011001100 ; -- R:C G:C B:C
  1675 : 110011001100 ; -- R:C G:C B:C
  1676 : 110011001100 ; -- R:C G:C B:C
  1677 : 110011001100 ; -- R:C G:C B:C
  1678 : 110011001100 ; -- R:C G:C B:C
  1679 : 110011001100 ; -- R:C G:C B:C
  1680 : 010001000100 ; -- R:4 G:4 B:4
  1681 : 000000000000 ; -- R:0 G:0 B:0
  1682 : 000000000000 ; -- R:0 G:0 B:0
  1683 : 001100100001 ; -- R:3 G:2 B:1
  1684 : 100110000110 ; -- R:9 G:8 B:6
  1685 : 100101110110 ; -- R:9 G:7 B:6
  1686 : 100001100100 ; -- R:8 G:6 B:4
  1687 : 100001010100 ; -- R:8 G:5 B:4
  1688 : 011001010100 ; -- R:6 G:5 B:4
  1689 : 010101000100 ; -- R:5 G:4 B:4
  1690 : 010000110011 ; -- R:4 G:3 B:3
  1691 : 010000110010 ; -- R:4 G:3 B:2
  1692 : 011101000011 ; -- R:7 G:4 B:3
  1693 : 100001010100 ; -- R:8 G:5 B:4
  1694 : 100001100100 ; -- R:8 G:6 B:4
  1695 : 100001100100 ; -- R:8 G:6 B:4
  1696 : 100101110101 ; -- R:9 G:7 B:5
  1697 : 101110101000 ; -- R:B G:A B:8
  1698 : 101110010111 ; -- R:B G:9 B:7
  1699 : 100101100100 ; -- R:9 G:6 B:4
  1700 : 100001010100 ; -- R:8 G:5 B:4
  1701 : 100001100100 ; -- R:8 G:6 B:4
  1702 : 100001010100 ; -- R:8 G:5 B:4
  1703 : 011101010011 ; -- R:7 G:5 B:3
  1704 : 100001100101 ; -- R:8 G:6 B:5
  1705 : 100001100101 ; -- R:8 G:6 B:5
  1706 : 100101110101 ; -- R:9 G:7 B:5
  1707 : 100101110101 ; -- R:9 G:7 B:5
  1708 : 100101100101 ; -- R:9 G:6 B:5
  1709 : 100001110101 ; -- R:8 G:7 B:5
  1710 : 100101110110 ; -- R:9 G:7 B:6
  1711 : 011101100100 ; -- R:7 G:6 B:4
  1712 : 001100100001 ; -- R:3 G:2 B:1
  1713 : 000100000000 ; -- R:1 G:0 B:0
  1714 : 011101110111 ; -- R:7 G:7 B:7
  1715 : 110011011101 ; -- R:C G:D B:D
  1716 : 110011001100 ; -- R:C G:C B:C
  1717 : 110011001100 ; -- R:C G:C B:C
  1718 : 110011001100 ; -- R:C G:C B:C
  1719 : 110011001100 ; -- R:C G:C B:C
  1720 : 110011001100 ; -- R:C G:C B:C
  1721 : 110011001100 ; -- R:C G:C B:C
  1722 : 110011001100 ; -- R:C G:C B:C
  1723 : 110011001100 ; -- R:C G:C B:C
  1724 : 110011001100 ; -- R:C G:C B:C
  1725 : 110011001100 ; -- R:C G:C B:C
  1726 : 110011001100 ; -- R:C G:C B:C
  1727 : 110011001100 ; -- R:C G:C B:C
  1728 : 110011001100 ; -- R:C G:C B:C
  1729 : 110011001100 ; -- R:C G:C B:C
  1730 : 110011001100 ; -- R:C G:C B:C
  1731 : 110011001100 ; -- R:C G:C B:C
  1732 : 110011001100 ; -- R:C G:C B:C
  1733 : 110011001100 ; -- R:C G:C B:C
  1734 : 110011001100 ; -- R:C G:C B:C
  1735 : 110011001100 ; -- R:C G:C B:C
  1736 : 110011001100 ; -- R:C G:C B:C
  1737 : 110011001100 ; -- R:C G:C B:C
  1738 : 110011001100 ; -- R:C G:C B:C
  1739 : 110011001100 ; -- R:C G:C B:C
  1740 : 110011001100 ; -- R:C G:C B:C
  1741 : 110011001100 ; -- R:C G:C B:C
  1742 : 110011001100 ; -- R:C G:C B:C
  1743 : 110111011101 ; -- R:D G:D B:D
  1744 : 100010001000 ; -- R:8 G:8 B:8
  1745 : 000100010001 ; -- R:1 G:1 B:1
  1746 : 000000000000 ; -- R:0 G:0 B:0
  1747 : 010000110011 ; -- R:4 G:3 B:3
  1748 : 101010000111 ; -- R:A G:8 B:7
  1749 : 100101100101 ; -- R:9 G:6 B:5
  1750 : 011101000010 ; -- R:7 G:4 B:2
  1751 : 010000100001 ; -- R:4 G:2 B:1
  1752 : 010101000100 ; -- R:5 G:4 B:4
  1753 : 001100110010 ; -- R:3 G:3 B:2
  1754 : 000000000000 ; -- R:0 G:0 B:0
  1755 : 001000010001 ; -- R:2 G:1 B:1
  1756 : 011001000011 ; -- R:6 G:4 B:3
  1757 : 011000110010 ; -- R:6 G:3 B:2
  1758 : 100101100101 ; -- R:9 G:6 B:5
  1759 : 100001100100 ; -- R:8 G:6 B:4
  1760 : 101010000111 ; -- R:A G:8 B:7
  1761 : 110110111010 ; -- R:D G:B B:A
  1762 : 110010101001 ; -- R:C G:A B:9
  1763 : 100101100100 ; -- R:9 G:6 B:4
  1764 : 100001100100 ; -- R:8 G:6 B:4
  1765 : 100001010100 ; -- R:8 G:5 B:4
  1766 : 011000110010 ; -- R:6 G:3 B:2
  1767 : 001100100010 ; -- R:3 G:2 B:2
  1768 : 000100010001 ; -- R:1 G:1 B:1
  1769 : 001000100010 ; -- R:2 G:2 B:2
  1770 : 010000110010 ; -- R:4 G:3 B:2
  1771 : 010100110010 ; -- R:5 G:3 B:2
  1772 : 011101000011 ; -- R:7 G:4 B:3
  1773 : 100001100100 ; -- R:8 G:6 B:4
  1774 : 100101110110 ; -- R:9 G:7 B:6
  1775 : 100101110110 ; -- R:9 G:7 B:6
  1776 : 001100100001 ; -- R:3 G:2 B:1
  1777 : 001100100010 ; -- R:3 G:2 B:2
  1778 : 101010101010 ; -- R:A G:A B:A
  1779 : 110011001100 ; -- R:C G:C B:C
  1780 : 110011001100 ; -- R:C G:C B:C
  1781 : 110011001100 ; -- R:C G:C B:C
  1782 : 110011001100 ; -- R:C G:C B:C
  1783 : 110011001100 ; -- R:C G:C B:C
  1784 : 110011001100 ; -- R:C G:C B:C
  1785 : 110011001100 ; -- R:C G:C B:C
  1786 : 110011001100 ; -- R:C G:C B:C
  1787 : 110011001100 ; -- R:C G:C B:C
  1788 : 110011001100 ; -- R:C G:C B:C
  1789 : 110011001100 ; -- R:C G:C B:C
  1790 : 110011001100 ; -- R:C G:C B:C
  1791 : 110011001100 ; -- R:C G:C B:C
  1792 : 110011001100 ; -- R:C G:C B:C
  1793 : 110011001100 ; -- R:C G:C B:C
  1794 : 110011001100 ; -- R:C G:C B:C
  1795 : 110011001100 ; -- R:C G:C B:C
  1796 : 110011001100 ; -- R:C G:C B:C
  1797 : 110011001100 ; -- R:C G:C B:C
  1798 : 110011001100 ; -- R:C G:C B:C
  1799 : 110011001100 ; -- R:C G:C B:C
  1800 : 110011001100 ; -- R:C G:C B:C
  1801 : 110011001100 ; -- R:C G:C B:C
  1802 : 110011001100 ; -- R:C G:C B:C
  1803 : 110011001100 ; -- R:C G:C B:C
  1804 : 110011001100 ; -- R:C G:C B:C
  1805 : 110011001100 ; -- R:C G:C B:C
  1806 : 110011001100 ; -- R:C G:C B:C
  1807 : 110011001100 ; -- R:C G:C B:C
  1808 : 110011001100 ; -- R:C G:C B:C
  1809 : 010101010101 ; -- R:5 G:5 B:5
  1810 : 000000000000 ; -- R:0 G:0 B:0
  1811 : 010101000100 ; -- R:5 G:4 B:4
  1812 : 101010011000 ; -- R:A G:9 B:8
  1813 : 100101110101 ; -- R:9 G:7 B:5
  1814 : 100001010100 ; -- R:8 G:5 B:4
  1815 : 011101010011 ; -- R:7 G:5 B:3
  1816 : 011101010100 ; -- R:7 G:5 B:4
  1817 : 011001000011 ; -- R:6 G:4 B:3
  1818 : 010000110010 ; -- R:4 G:3 B:2
  1819 : 011001000011 ; -- R:6 G:4 B:3
  1820 : 100001100101 ; -- R:8 G:6 B:5
  1821 : 100001010100 ; -- R:8 G:5 B:4
  1822 : 100101110101 ; -- R:9 G:7 B:5
  1823 : 100101110101 ; -- R:9 G:7 B:5
  1824 : 110010101001 ; -- R:C G:A B:9
  1825 : 111011001100 ; -- R:E G:C B:C
  1826 : 110110111010 ; -- R:D G:B B:A
  1827 : 101010000110 ; -- R:A G:8 B:6
  1828 : 100101110101 ; -- R:9 G:7 B:5
  1829 : 100001010100 ; -- R:8 G:5 B:4
  1830 : 011101000100 ; -- R:7 G:4 B:4
  1831 : 011001000100 ; -- R:6 G:4 B:4
  1832 : 001000010001 ; -- R:2 G:1 B:1
  1833 : 001100100001 ; -- R:3 G:2 B:1
  1834 : 010101000100 ; -- R:5 G:4 B:4
  1835 : 010000110010 ; -- R:4 G:3 B:2
  1836 : 010100110010 ; -- R:5 G:3 B:2
  1837 : 011101000011 ; -- R:7 G:4 B:3
  1838 : 100101110110 ; -- R:9 G:7 B:6
  1839 : 101010000111 ; -- R:A G:8 B:7
  1840 : 001100100010 ; -- R:3 G:2 B:2
  1841 : 001100110011 ; -- R:3 G:3 B:3
  1842 : 110011001100 ; -- R:C G:C B:C
  1843 : 110011001100 ; -- R:C G:C B:C
  1844 : 110011001100 ; -- R:C G:C B:C
  1845 : 110011001100 ; -- R:C G:C B:C
  1846 : 110011001100 ; -- R:C G:C B:C
  1847 : 110011001100 ; -- R:C G:C B:C
  1848 : 110011001100 ; -- R:C G:C B:C
  1849 : 110011001100 ; -- R:C G:C B:C
  1850 : 110011001100 ; -- R:C G:C B:C
  1851 : 110011001100 ; -- R:C G:C B:C
  1852 : 110011001100 ; -- R:C G:C B:C
  1853 : 110011001100 ; -- R:C G:C B:C
  1854 : 110011001100 ; -- R:C G:C B:C
  1855 : 110011001100 ; -- R:C G:C B:C
  1856 : 110011001100 ; -- R:C G:C B:C
  1857 : 110011001100 ; -- R:C G:C B:C
  1858 : 110011001100 ; -- R:C G:C B:C
  1859 : 110011001100 ; -- R:C G:C B:C
  1860 : 110011001100 ; -- R:C G:C B:C
  1861 : 110011001100 ; -- R:C G:C B:C
  1862 : 110011001100 ; -- R:C G:C B:C
  1863 : 110011001100 ; -- R:C G:C B:C
  1864 : 110011001100 ; -- R:C G:C B:C
  1865 : 110011001100 ; -- R:C G:C B:C
  1866 : 110011001100 ; -- R:C G:C B:C
  1867 : 110011001100 ; -- R:C G:C B:C
  1868 : 110011001100 ; -- R:C G:C B:C
  1869 : 110011001100 ; -- R:C G:C B:C
  1870 : 110011001100 ; -- R:C G:C B:C
  1871 : 110011001100 ; -- R:C G:C B:C
  1872 : 110111011101 ; -- R:D G:D B:D
  1873 : 011101110111 ; -- R:7 G:7 B:7
  1874 : 000000000000 ; -- R:0 G:0 B:0
  1875 : 011001010101 ; -- R:6 G:5 B:5
  1876 : 101110011000 ; -- R:B G:9 B:8
  1877 : 101110010111 ; -- R:B G:9 B:7
  1878 : 101110011000 ; -- R:B G:9 B:8
  1879 : 101010000110 ; -- R:A G:8 B:6
  1880 : 100101100101 ; -- R:9 G:6 B:5
  1881 : 100101100101 ; -- R:9 G:6 B:5
  1882 : 100101100101 ; -- R:9 G:6 B:5
  1883 : 100101100101 ; -- R:9 G:6 B:5
  1884 : 100101110110 ; -- R:9 G:7 B:6
  1885 : 101010000110 ; -- R:A G:8 B:6
  1886 : 101010000110 ; -- R:A G:8 B:6
  1887 : 101110010111 ; -- R:B G:9 B:7
  1888 : 110111001011 ; -- R:D G:C B:B
  1889 : 111111101101 ; -- R:F G:E B:D
  1890 : 111011001011 ; -- R:E G:C B:B
  1891 : 110010101000 ; -- R:C G:A B:8
  1892 : 101010000110 ; -- R:A G:8 B:6
  1893 : 101010000110 ; -- R:A G:8 B:6
  1894 : 100101110101 ; -- R:9 G:7 B:5
  1895 : 100101100101 ; -- R:9 G:6 B:5
  1896 : 100001100100 ; -- R:8 G:6 B:4
  1897 : 100001010100 ; -- R:8 G:5 B:4
  1898 : 100001010100 ; -- R:8 G:5 B:4
  1899 : 100001010100 ; -- R:8 G:5 B:4
  1900 : 100001100101 ; -- R:8 G:6 B:5
  1901 : 100101110101 ; -- R:9 G:7 B:5
  1902 : 101010000111 ; -- R:A G:8 B:7
  1903 : 101010011000 ; -- R:A G:9 B:8
  1904 : 001100100010 ; -- R:3 G:2 B:2
  1905 : 011001100110 ; -- R:6 G:6 B:6
  1906 : 110111011101 ; -- R:D G:D B:D
  1907 : 110011001100 ; -- R:C G:C B:C
  1908 : 110011001100 ; -- R:C G:C B:C
  1909 : 110011001100 ; -- R:C G:C B:C
  1910 : 110011001100 ; -- R:C G:C B:C
  1911 : 110011001100 ; -- R:C G:C B:C
  1912 : 110011001100 ; -- R:C G:C B:C
  1913 : 110011001100 ; -- R:C G:C B:C
  1914 : 110011001100 ; -- R:C G:C B:C
  1915 : 110011001100 ; -- R:C G:C B:C
  1916 : 110011001100 ; -- R:C G:C B:C
  1917 : 110011001100 ; -- R:C G:C B:C
  1918 : 110011001100 ; -- R:C G:C B:C
  1919 : 110011001100 ; -- R:C G:C B:C
  1920 : 110011001100 ; -- R:C G:C B:C
  1921 : 110011001100 ; -- R:C G:C B:C
  1922 : 110011001100 ; -- R:C G:C B:C
  1923 : 110011001100 ; -- R:C G:C B:C
  1924 : 110011001100 ; -- R:C G:C B:C
  1925 : 110011001100 ; -- R:C G:C B:C
  1926 : 110011001100 ; -- R:C G:C B:C
  1927 : 110011001100 ; -- R:C G:C B:C
  1928 : 110011001100 ; -- R:C G:C B:C
  1929 : 110011001100 ; -- R:C G:C B:C
  1930 : 110011001100 ; -- R:C G:C B:C
  1931 : 110011001100 ; -- R:C G:C B:C
  1932 : 110011001100 ; -- R:C G:C B:C
  1933 : 110011001100 ; -- R:C G:C B:C
  1934 : 110011001100 ; -- R:C G:C B:C
  1935 : 110011011101 ; -- R:C G:D B:D
  1936 : 101110101010 ; -- R:B G:A B:A
  1937 : 100001000011 ; -- R:8 G:4 B:3
  1938 : 001100010001 ; -- R:3 G:1 B:1
  1939 : 011101100101 ; -- R:7 G:6 B:5
  1940 : 101110101001 ; -- R:B G:A B:9
  1941 : 110010101001 ; -- R:C G:A B:9
  1942 : 110010111001 ; -- R:C G:B B:9
  1943 : 101110101001 ; -- R:B G:A B:9
  1944 : 101010010111 ; -- R:A G:9 B:7
  1945 : 101010000111 ; -- R:A G:8 B:7
  1946 : 101001110110 ; -- R:A G:7 B:6
  1947 : 101001110110 ; -- R:A G:7 B:6
  1948 : 101010000111 ; -- R:A G:8 B:7
  1949 : 101110011000 ; -- R:B G:9 B:8
  1950 : 110010101001 ; -- R:C G:A B:9
  1951 : 110010101001 ; -- R:C G:A B:9
  1952 : 110111001011 ; -- R:D G:C B:B
  1953 : 111111101101 ; -- R:F G:E B:D
  1954 : 111011001011 ; -- R:E G:C B:B
  1955 : 110010111001 ; -- R:C G:B B:9
  1956 : 101110101000 ; -- R:B G:A B:8
  1957 : 101110011000 ; -- R:B G:9 B:8
  1958 : 101010000111 ; -- R:A G:8 B:7
  1959 : 101010000111 ; -- R:A G:8 B:7
  1960 : 101010000111 ; -- R:A G:8 B:7
  1961 : 101010000110 ; -- R:A G:8 B:6
  1962 : 101001110110 ; -- R:A G:7 B:6
  1963 : 101010000110 ; -- R:A G:8 B:6
  1964 : 101110011000 ; -- R:B G:9 B:8
  1965 : 101110101000 ; -- R:B G:A B:8
  1966 : 101110101000 ; -- R:B G:A B:8
  1967 : 101110011000 ; -- R:B G:9 B:8
  1968 : 001100110010 ; -- R:3 G:3 B:2
  1969 : 100110011001 ; -- R:9 G:9 B:9
  1970 : 110111011101 ; -- R:D G:D B:D
  1971 : 110011001100 ; -- R:C G:C B:C
  1972 : 110011001100 ; -- R:C G:C B:C
  1973 : 110011001100 ; -- R:C G:C B:C
  1974 : 110011001100 ; -- R:C G:C B:C
  1975 : 110011001100 ; -- R:C G:C B:C
  1976 : 110011001100 ; -- R:C G:C B:C
  1977 : 110011001100 ; -- R:C G:C B:C
  1978 : 110011001100 ; -- R:C G:C B:C
  1979 : 110011001100 ; -- R:C G:C B:C
  1980 : 110011001100 ; -- R:C G:C B:C
  1981 : 110011001100 ; -- R:C G:C B:C
  1982 : 110011001100 ; -- R:C G:C B:C
  1983 : 110011001100 ; -- R:C G:C B:C
  1984 : 110011001100 ; -- R:C G:C B:C
  1985 : 110011001100 ; -- R:C G:C B:C
  1986 : 110011001100 ; -- R:C G:C B:C
  1987 : 110011001100 ; -- R:C G:C B:C
  1988 : 110011001100 ; -- R:C G:C B:C
  1989 : 110011001100 ; -- R:C G:C B:C
  1990 : 110011001100 ; -- R:C G:C B:C
  1991 : 110011001100 ; -- R:C G:C B:C
  1992 : 110011001100 ; -- R:C G:C B:C
  1993 : 110011001100 ; -- R:C G:C B:C
  1994 : 110011001100 ; -- R:C G:C B:C
  1995 : 110011001100 ; -- R:C G:C B:C
  1996 : 110011001100 ; -- R:C G:C B:C
  1997 : 110011001100 ; -- R:C G:C B:C
  1998 : 110011001100 ; -- R:C G:C B:C
  1999 : 110111001100 ; -- R:D G:C B:C
  2000 : 100101000011 ; -- R:9 G:4 B:3
  2001 : 011100010001 ; -- R:7 G:1 B:1
  2002 : 010100100010 ; -- R:5 G:2 B:2
  2003 : 100001110110 ; -- R:8 G:7 B:6
  2004 : 101110101001 ; -- R:B G:A B:9
  2005 : 110010111001 ; -- R:C G:B B:9
  2006 : 110010111010 ; -- R:C G:B B:A
  2007 : 110010111010 ; -- R:C G:B B:A
  2008 : 110010101001 ; -- R:C G:A B:9
  2009 : 101110101000 ; -- R:B G:A B:8
  2010 : 101010011000 ; -- R:A G:9 B:8
  2011 : 101110011000 ; -- R:B G:9 B:8
  2012 : 110010101001 ; -- R:C G:A B:9
  2013 : 110010101001 ; -- R:C G:A B:9
  2014 : 110010101001 ; -- R:C G:A B:9
  2015 : 110010101001 ; -- R:C G:A B:9
  2016 : 110111001011 ; -- R:D G:C B:B
  2017 : 111111101101 ; -- R:F G:E B:D
  2018 : 111011001100 ; -- R:E G:C B:C
  2019 : 110010111010 ; -- R:C G:B B:A
  2020 : 110010101001 ; -- R:C G:A B:9
  2021 : 110010101001 ; -- R:C G:A B:9
  2022 : 110010101001 ; -- R:C G:A B:9
  2023 : 101110011000 ; -- R:B G:9 B:8
  2024 : 101110011000 ; -- R:B G:9 B:8
  2025 : 101110011000 ; -- R:B G:9 B:8
  2026 : 101110011000 ; -- R:B G:9 B:8
  2027 : 101110101001 ; -- R:B G:A B:9
  2028 : 110010111001 ; -- R:C G:B B:9
  2029 : 110010111001 ; -- R:C G:B B:9
  2030 : 110010101001 ; -- R:C G:A B:9
  2031 : 101110101001 ; -- R:B G:A B:9
  2032 : 010101000011 ; -- R:5 G:4 B:3
  2033 : 100001110111 ; -- R:8 G:7 B:7
  2034 : 110111011100 ; -- R:D G:D B:C
  2035 : 110011001100 ; -- R:C G:C B:C
  2036 : 110011001100 ; -- R:C G:C B:C
  2037 : 110011001100 ; -- R:C G:C B:C
  2038 : 110011001100 ; -- R:C G:C B:C
  2039 : 110011001100 ; -- R:C G:C B:C
  2040 : 110011001100 ; -- R:C G:C B:C
  2041 : 110011001100 ; -- R:C G:C B:C
  2042 : 110011001100 ; -- R:C G:C B:C
  2043 : 110011001100 ; -- R:C G:C B:C
  2044 : 110011001100 ; -- R:C G:C B:C
  2045 : 110011001100 ; -- R:C G:C B:C
  2046 : 110011001100 ; -- R:C G:C B:C
  2047 : 110011001100 ; -- R:C G:C B:C
  2048 : 110011001100 ; -- R:C G:C B:C
  2049 : 110011001100 ; -- R:C G:C B:C
  2050 : 110011001100 ; -- R:C G:C B:C
  2051 : 110011001100 ; -- R:C G:C B:C
  2052 : 110011001100 ; -- R:C G:C B:C
  2053 : 110011001100 ; -- R:C G:C B:C
  2054 : 110011001100 ; -- R:C G:C B:C
  2055 : 110011001100 ; -- R:C G:C B:C
  2056 : 110011001100 ; -- R:C G:C B:C
  2057 : 110011001100 ; -- R:C G:C B:C
  2058 : 110011001100 ; -- R:C G:C B:C
  2059 : 110011001100 ; -- R:C G:C B:C
  2060 : 110011001100 ; -- R:C G:C B:C
  2061 : 110011001100 ; -- R:C G:C B:C
  2062 : 110011011101 ; -- R:C G:D B:D
  2063 : 110011001011 ; -- R:C G:C B:B
  2064 : 100000110010 ; -- R:8 G:3 B:2
  2065 : 100000100010 ; -- R:8 G:2 B:2
  2066 : 011101000011 ; -- R:7 G:4 B:3
  2067 : 100110000111 ; -- R:9 G:8 B:7
  2068 : 101110101000 ; -- R:B G:A B:8
  2069 : 110010101001 ; -- R:C G:A B:9
  2070 : 110010111010 ; -- R:C G:B B:A
  2071 : 110110111010 ; -- R:D G:B B:A
  2072 : 110010111010 ; -- R:C G:B B:A
  2073 : 110010101001 ; -- R:C G:A B:9
  2074 : 110010101001 ; -- R:C G:A B:9
  2075 : 110010111010 ; -- R:C G:B B:A
  2076 : 110110111010 ; -- R:D G:B B:A
  2077 : 110010111001 ; -- R:C G:B B:9
  2078 : 110010101001 ; -- R:C G:A B:9
  2079 : 110010111001 ; -- R:C G:B B:9
  2080 : 111011001011 ; -- R:E G:C B:B
  2081 : 111111101101 ; -- R:F G:E B:D
  2082 : 111011011100 ; -- R:E G:D B:C
  2083 : 110110111010 ; -- R:D G:B B:A
  2084 : 110010101001 ; -- R:C G:A B:9
  2085 : 110010111001 ; -- R:C G:B B:9
  2086 : 110110111010 ; -- R:D G:B B:A
  2087 : 110110111010 ; -- R:D G:B B:A
  2088 : 110010111010 ; -- R:C G:B B:A
  2089 : 110010101001 ; -- R:C G:A B:9
  2090 : 110010101001 ; -- R:C G:A B:9
  2091 : 110010111001 ; -- R:C G:B B:9
  2092 : 110010111010 ; -- R:C G:B B:A
  2093 : 110010111010 ; -- R:C G:B B:A
  2094 : 110010101001 ; -- R:C G:A B:9
  2095 : 101110101001 ; -- R:B G:A B:9
  2096 : 011101010100 ; -- R:7 G:5 B:4
  2097 : 011100100001 ; -- R:7 G:2 B:1
  2098 : 101110101010 ; -- R:B G:A B:A
  2099 : 110111011101 ; -- R:D G:D B:D
  2100 : 110011001100 ; -- R:C G:C B:C
  2101 : 110011001100 ; -- R:C G:C B:C
  2102 : 110011001100 ; -- R:C G:C B:C
  2103 : 110011001100 ; -- R:C G:C B:C
  2104 : 110011001100 ; -- R:C G:C B:C
  2105 : 110011001100 ; -- R:C G:C B:C
  2106 : 110011001100 ; -- R:C G:C B:C
  2107 : 110011001100 ; -- R:C G:C B:C
  2108 : 110011001100 ; -- R:C G:C B:C
  2109 : 110011001100 ; -- R:C G:C B:C
  2110 : 110011001100 ; -- R:C G:C B:C
  2111 : 110011001100 ; -- R:C G:C B:C
  2112 : 110011001100 ; -- R:C G:C B:C
  2113 : 110011001100 ; -- R:C G:C B:C
  2114 : 110011001100 ; -- R:C G:C B:C
  2115 : 110011001100 ; -- R:C G:C B:C
  2116 : 110011001100 ; -- R:C G:C B:C
  2117 : 110011001100 ; -- R:C G:C B:C
  2118 : 110011001100 ; -- R:C G:C B:C
  2119 : 110011011100 ; -- R:C G:D B:C
  2120 : 110011001100 ; -- R:C G:C B:C
  2121 : 110011001100 ; -- R:C G:C B:C
  2122 : 110011001100 ; -- R:C G:C B:C
  2123 : 110011001100 ; -- R:C G:C B:C
  2124 : 110011001100 ; -- R:C G:C B:C
  2125 : 110011001100 ; -- R:C G:C B:C
  2126 : 110011011101 ; -- R:C G:D B:D
  2127 : 110011001100 ; -- R:C G:C B:C
  2128 : 100000110011 ; -- R:8 G:3 B:3
  2129 : 100000110011 ; -- R:8 G:3 B:3
  2130 : 100001000011 ; -- R:8 G:4 B:3
  2131 : 100101110110 ; -- R:9 G:7 B:6
  2132 : 101110011000 ; -- R:B G:9 B:8
  2133 : 101110101001 ; -- R:B G:A B:9
  2134 : 110010101001 ; -- R:C G:A B:9
  2135 : 110010111010 ; -- R:C G:B B:A
  2136 : 110110111010 ; -- R:D G:B B:A
  2137 : 110110111010 ; -- R:D G:B B:A
  2138 : 110110111010 ; -- R:D G:B B:A
  2139 : 110110111010 ; -- R:D G:B B:A
  2140 : 110110111010 ; -- R:D G:B B:A
  2141 : 110010101001 ; -- R:C G:A B:9
  2142 : 101110101000 ; -- R:B G:A B:8
  2143 : 110010111010 ; -- R:C G:B B:A
  2144 : 111011001011 ; -- R:E G:C B:B
  2145 : 111111101101 ; -- R:F G:E B:D
  2146 : 111011011100 ; -- R:E G:D B:C
  2147 : 110110111010 ; -- R:D G:B B:A
  2148 : 110010101001 ; -- R:C G:A B:9
  2149 : 110010101001 ; -- R:C G:A B:9
  2150 : 110110111010 ; -- R:D G:B B:A
  2151 : 110110111011 ; -- R:D G:B B:B
  2152 : 110110111011 ; -- R:D G:B B:B
  2153 : 110110111010 ; -- R:D G:B B:A
  2154 : 110110111010 ; -- R:D G:B B:A
  2155 : 110010111010 ; -- R:C G:B B:A
  2156 : 110010111010 ; -- R:C G:B B:A
  2157 : 110010101001 ; -- R:C G:A B:9
  2158 : 101110101001 ; -- R:B G:A B:9
  2159 : 101110101001 ; -- R:B G:A B:9
  2160 : 100101010100 ; -- R:9 G:5 B:4
  2161 : 011100010001 ; -- R:7 G:1 B:1
  2162 : 101010011001 ; -- R:A G:9 B:9
  2163 : 110111011101 ; -- R:D G:D B:D
  2164 : 110011001100 ; -- R:C G:C B:C
  2165 : 110011001100 ; -- R:C G:C B:C
  2166 : 110011001100 ; -- R:C G:C B:C
  2167 : 110011001100 ; -- R:C G:C B:C
  2168 : 110011001100 ; -- R:C G:C B:C
  2169 : 110011001100 ; -- R:C G:C B:C
  2170 : 110011001100 ; -- R:C G:C B:C
  2171 : 110011001100 ; -- R:C G:C B:C
  2172 : 110011001100 ; -- R:C G:C B:C
  2173 : 110011001100 ; -- R:C G:C B:C
  2174 : 110011001100 ; -- R:C G:C B:C
  2175 : 110011001100 ; -- R:C G:C B:C
  2176 : 110011001100 ; -- R:C G:C B:C
  2177 : 110011001100 ; -- R:C G:C B:C
  2178 : 110011001100 ; -- R:C G:C B:C
  2179 : 110011001100 ; -- R:C G:C B:C
  2180 : 110011001100 ; -- R:C G:C B:C
  2181 : 110011001100 ; -- R:C G:C B:C
  2182 : 110011011100 ; -- R:C G:D B:C
  2183 : 110011011101 ; -- R:C G:D B:D
  2184 : 110111011101 ; -- R:D G:D B:D
  2185 : 110111011101 ; -- R:D G:D B:D
  2186 : 110111011101 ; -- R:D G:D B:D
  2187 : 110111011101 ; -- R:D G:D B:D
  2188 : 110111011101 ; -- R:D G:D B:D
  2189 : 110011011100 ; -- R:C G:D B:C
  2190 : 110011011101 ; -- R:C G:D B:D
  2191 : 110111011101 ; -- R:D G:D B:D
  2192 : 100101010101 ; -- R:9 G:5 B:5
  2193 : 100000110011 ; -- R:8 G:3 B:3
  2194 : 100001000011 ; -- R:8 G:4 B:3
  2195 : 100001100101 ; -- R:8 G:6 B:5
  2196 : 101010000111 ; -- R:A G:8 B:7
  2197 : 101110011000 ; -- R:B G:9 B:8
  2198 : 110010101001 ; -- R:C G:A B:9
  2199 : 110010111010 ; -- R:C G:B B:A
  2200 : 110110111010 ; -- R:D G:B B:A
  2201 : 110110111011 ; -- R:D G:B B:B
  2202 : 110110111010 ; -- R:D G:B B:A
  2203 : 110110111010 ; -- R:D G:B B:A
  2204 : 110110111010 ; -- R:D G:B B:A
  2205 : 101110011000 ; -- R:B G:9 B:8
  2206 : 110010101001 ; -- R:C G:A B:9
  2207 : 110110111011 ; -- R:D G:B B:B
  2208 : 110110111011 ; -- R:D G:B B:B
  2209 : 111011001011 ; -- R:E G:C B:B
  2210 : 110111001011 ; -- R:D G:C B:B
  2211 : 110110111010 ; -- R:D G:B B:A
  2212 : 110110111010 ; -- R:D G:B B:A
  2213 : 101110011000 ; -- R:B G:9 B:8
  2214 : 110110111010 ; -- R:D G:B B:A
  2215 : 110110111011 ; -- R:D G:B B:B
  2216 : 110110111011 ; -- R:D G:B B:B
  2217 : 110110111010 ; -- R:D G:B B:A
  2218 : 110110111010 ; -- R:D G:B B:A
  2219 : 110110111010 ; -- R:D G:B B:A
  2220 : 110010111010 ; -- R:C G:B B:A
  2221 : 110010101001 ; -- R:C G:A B:9
  2222 : 101110011000 ; -- R:B G:9 B:8
  2223 : 101010011000 ; -- R:A G:9 B:8
  2224 : 100101010101 ; -- R:9 G:5 B:5
  2225 : 011100100010 ; -- R:7 G:2 B:2
  2226 : 101110101010 ; -- R:B G:A B:A
  2227 : 110111011101 ; -- R:D G:D B:D
  2228 : 110011001100 ; -- R:C G:C B:C
  2229 : 110011001100 ; -- R:C G:C B:C
  2230 : 110011001100 ; -- R:C G:C B:C
  2231 : 110011001100 ; -- R:C G:C B:C
  2232 : 110011001100 ; -- R:C G:C B:C
  2233 : 110011001100 ; -- R:C G:C B:C
  2234 : 110011001100 ; -- R:C G:C B:C
  2235 : 110011001100 ; -- R:C G:C B:C
  2236 : 110011001100 ; -- R:C G:C B:C
  2237 : 110011001100 ; -- R:C G:C B:C
  2238 : 110011001100 ; -- R:C G:C B:C
  2239 : 110011001100 ; -- R:C G:C B:C
  2240 : 110011001100 ; -- R:C G:C B:C
  2241 : 110011001100 ; -- R:C G:C B:C
  2242 : 110011001100 ; -- R:C G:C B:C
  2243 : 110011001100 ; -- R:C G:C B:C
  2244 : 110011001100 ; -- R:C G:C B:C
  2245 : 110011001100 ; -- R:C G:C B:C
  2246 : 110011011100 ; -- R:C G:D B:C
  2247 : 110111011101 ; -- R:D G:D B:D
  2248 : 110111011101 ; -- R:D G:D B:D
  2249 : 110111011101 ; -- R:D G:D B:D
  2250 : 110111011101 ; -- R:D G:D B:D
  2251 : 110111011101 ; -- R:D G:D B:D
  2252 : 110111011101 ; -- R:D G:D B:D
  2253 : 110111011101 ; -- R:D G:D B:D
  2254 : 110011001100 ; -- R:C G:C B:C
  2255 : 110111011101 ; -- R:D G:D B:D
  2256 : 101010001000 ; -- R:A G:8 B:8
  2257 : 100000110011 ; -- R:8 G:3 B:3
  2258 : 100001000011 ; -- R:8 G:4 B:3
  2259 : 100001100100 ; -- R:8 G:6 B:4
  2260 : 100101110110 ; -- R:9 G:7 B:6
  2261 : 101010000111 ; -- R:A G:8 B:7
  2262 : 101110011000 ; -- R:B G:9 B:8
  2263 : 110010111010 ; -- R:C G:B B:A
  2264 : 110110111010 ; -- R:D G:B B:A
  2265 : 110110111010 ; -- R:D G:B B:A
  2266 : 110110111010 ; -- R:D G:B B:A
  2267 : 110110111010 ; -- R:D G:B B:A
  2268 : 110010101001 ; -- R:C G:A B:9
  2269 : 101110101000 ; -- R:B G:A B:8
  2270 : 110110111010 ; -- R:D G:B B:A
  2271 : 110010101000 ; -- R:C G:A B:8
  2272 : 101110000111 ; -- R:B G:8 B:7
  2273 : 101110011000 ; -- R:B G:9 B:8
  2274 : 101110011000 ; -- R:B G:9 B:8
  2275 : 101110011000 ; -- R:B G:9 B:8
  2276 : 110110111010 ; -- R:D G:B B:A
  2277 : 110010101001 ; -- R:C G:A B:9
  2278 : 110010101000 ; -- R:C G:A B:8
  2279 : 110110111010 ; -- R:D G:B B:A
  2280 : 110110111010 ; -- R:D G:B B:A
  2281 : 110110111010 ; -- R:D G:B B:A
  2282 : 110110111010 ; -- R:D G:B B:A
  2283 : 110110111010 ; -- R:D G:B B:A
  2284 : 110010101001 ; -- R:C G:A B:9
  2285 : 101110101000 ; -- R:B G:A B:8
  2286 : 101010000111 ; -- R:A G:8 B:7
  2287 : 100110000111 ; -- R:9 G:8 B:7
  2288 : 100101010100 ; -- R:9 G:5 B:4
  2289 : 100000110011 ; -- R:8 G:3 B:3
  2290 : 110010111011 ; -- R:C G:B B:B
  2291 : 110111011101 ; -- R:D G:D B:D
  2292 : 110011001100 ; -- R:C G:C B:C
  2293 : 110011001100 ; -- R:C G:C B:C
  2294 : 110011001100 ; -- R:C G:C B:C
  2295 : 110011001100 ; -- R:C G:C B:C
  2296 : 110011001100 ; -- R:C G:C B:C
  2297 : 110011001100 ; -- R:C G:C B:C
  2298 : 110011001100 ; -- R:C G:C B:C
  2299 : 110011001100 ; -- R:C G:C B:C
  2300 : 110011001100 ; -- R:C G:C B:C
  2301 : 110011001100 ; -- R:C G:C B:C
  2302 : 110011001100 ; -- R:C G:C B:C
  2303 : 110011001100 ; -- R:C G:C B:C
  2304 : 110011001100 ; -- R:C G:C B:C
  2305 : 110011001100 ; -- R:C G:C B:C
  2306 : 110011001100 ; -- R:C G:C B:C
  2307 : 110011001100 ; -- R:C G:C B:C
  2308 : 110011001100 ; -- R:C G:C B:C
  2309 : 110011001100 ; -- R:C G:C B:C
  2310 : 110011011100 ; -- R:C G:D B:C
  2311 : 110111011101 ; -- R:D G:D B:D
  2312 : 110111011101 ; -- R:D G:D B:D
  2313 : 110111011101 ; -- R:D G:D B:D
  2314 : 110111011101 ; -- R:D G:D B:D
  2315 : 110111011101 ; -- R:D G:D B:D
  2316 : 110111011101 ; -- R:D G:D B:D
  2317 : 110111011101 ; -- R:D G:D B:D
  2318 : 110011011100 ; -- R:C G:D B:C
  2319 : 110111011101 ; -- R:D G:D B:D
  2320 : 110010111011 ; -- R:C G:B B:B
  2321 : 100001000011 ; -- R:8 G:4 B:3
  2322 : 100001000011 ; -- R:8 G:4 B:3
  2323 : 100001100101 ; -- R:8 G:6 B:5
  2324 : 100001110101 ; -- R:8 G:7 B:5
  2325 : 100101110110 ; -- R:9 G:7 B:6
  2326 : 101110011000 ; -- R:B G:9 B:8
  2327 : 110010101001 ; -- R:C G:A B:9
  2328 : 110010111010 ; -- R:C G:B B:A
  2329 : 110110111010 ; -- R:D G:B B:A
  2330 : 110110111010 ; -- R:D G:B B:A
  2331 : 110110111010 ; -- R:D G:B B:A
  2332 : 110010101001 ; -- R:C G:A B:9
  2333 : 101110011000 ; -- R:B G:9 B:8
  2334 : 101001110101 ; -- R:A G:7 B:5
  2335 : 011101000011 ; -- R:7 G:4 B:3
  2336 : 100001010100 ; -- R:8 G:5 B:4
  2337 : 100101100101 ; -- R:9 G:6 B:5
  2338 : 100101100101 ; -- R:9 G:6 B:5
  2339 : 100001010100 ; -- R:8 G:5 B:4
  2340 : 100101100101 ; -- R:9 G:6 B:5
  2341 : 101110011000 ; -- R:B G:9 B:8
  2342 : 110010101001 ; -- R:C G:A B:9
  2343 : 110110111010 ; -- R:D G:B B:A
  2344 : 110110111010 ; -- R:D G:B B:A
  2345 : 110110111010 ; -- R:D G:B B:A
  2346 : 110110111010 ; -- R:D G:B B:A
  2347 : 110010101010 ; -- R:C G:A B:A
  2348 : 110010101001 ; -- R:C G:A B:9
  2349 : 101110011000 ; -- R:B G:9 B:8
  2350 : 101001110110 ; -- R:A G:7 B:6
  2351 : 100101110110 ; -- R:9 G:7 B:6
  2352 : 100001000011 ; -- R:8 G:4 B:3
  2353 : 100101100110 ; -- R:9 G:6 B:6
  2354 : 110111011101 ; -- R:D G:D B:D
  2355 : 110011001100 ; -- R:C G:C B:C
  2356 : 110011001100 ; -- R:C G:C B:C
  2357 : 110011001100 ; -- R:C G:C B:C
  2358 : 110011001100 ; -- R:C G:C B:C
  2359 : 110011001100 ; -- R:C G:C B:C
  2360 : 110011001100 ; -- R:C G:C B:C
  2361 : 110011001100 ; -- R:C G:C B:C
  2362 : 110011001100 ; -- R:C G:C B:C
  2363 : 110011001100 ; -- R:C G:C B:C
  2364 : 110011001100 ; -- R:C G:C B:C
  2365 : 110011001100 ; -- R:C G:C B:C
  2366 : 110011001100 ; -- R:C G:C B:C
  2367 : 110011001100 ; -- R:C G:C B:C
  2368 : 110011001100 ; -- R:C G:C B:C
  2369 : 110011001100 ; -- R:C G:C B:C
  2370 : 110011001100 ; -- R:C G:C B:C
  2371 : 110011001100 ; -- R:C G:C B:C
  2372 : 110011001100 ; -- R:C G:C B:C
  2373 : 110011001100 ; -- R:C G:C B:C
  2374 : 110011011101 ; -- R:C G:D B:D
  2375 : 110111011101 ; -- R:D G:D B:D
  2376 : 110111011101 ; -- R:D G:D B:D
  2377 : 110111011101 ; -- R:D G:D B:D
  2378 : 110111011101 ; -- R:D G:D B:D
  2379 : 110111011101 ; -- R:D G:D B:D
  2380 : 110111011101 ; -- R:D G:D B:D
  2381 : 110111011101 ; -- R:D G:D B:D
  2382 : 110111011101 ; -- R:D G:D B:D
  2383 : 110011011101 ; -- R:C G:D B:D
  2384 : 110111011101 ; -- R:D G:D B:D
  2385 : 101001110110 ; -- R:A G:7 B:6
  2386 : 100001000011 ; -- R:8 G:4 B:3
  2387 : 100001100101 ; -- R:8 G:6 B:5
  2388 : 100001110101 ; -- R:8 G:7 B:5
  2389 : 100101100101 ; -- R:9 G:6 B:5
  2390 : 101010000111 ; -- R:A G:8 B:7
  2391 : 101110101000 ; -- R:B G:A B:8
  2392 : 110010101001 ; -- R:C G:A B:9
  2393 : 110010111010 ; -- R:C G:B B:A
  2394 : 110110111010 ; -- R:D G:B B:A
  2395 : 110110111010 ; -- R:D G:B B:A
  2396 : 110110111010 ; -- R:D G:B B:A
  2397 : 101110000110 ; -- R:B G:8 B:6
  2398 : 100001000011 ; -- R:8 G:4 B:3
  2399 : 010000100001 ; -- R:4 G:2 B:1
  2400 : 011000110010 ; -- R:6 G:3 B:2
  2401 : 100001000011 ; -- R:8 G:4 B:3
  2402 : 011101000011 ; -- R:7 G:4 B:3
  2403 : 010000100001 ; -- R:4 G:2 B:1
  2404 : 011100110010 ; -- R:7 G:3 B:2
  2405 : 101001110101 ; -- R:A G:7 B:5
  2406 : 110010111001 ; -- R:C G:B B:9
  2407 : 110110111010 ; -- R:D G:B B:A
  2408 : 110110111010 ; -- R:D G:B B:A
  2409 : 110110111010 ; -- R:D G:B B:A
  2410 : 110010101010 ; -- R:C G:A B:A
  2411 : 110010101001 ; -- R:C G:A B:9
  2412 : 101110011000 ; -- R:B G:9 B:8
  2413 : 101010000111 ; -- R:A G:8 B:7
  2414 : 100101110101 ; -- R:9 G:7 B:5
  2415 : 100101110110 ; -- R:9 G:7 B:6
  2416 : 100001000100 ; -- R:8 G:4 B:4
  2417 : 101010011001 ; -- R:A G:9 B:9
  2418 : 110111011101 ; -- R:D G:D B:D
  2419 : 110011001100 ; -- R:C G:C B:C
  2420 : 110011001100 ; -- R:C G:C B:C
  2421 : 110011001100 ; -- R:C G:C B:C
  2422 : 110011001100 ; -- R:C G:C B:C
  2423 : 110011001100 ; -- R:C G:C B:C
  2424 : 110011001100 ; -- R:C G:C B:C
  2425 : 110011001100 ; -- R:C G:C B:C
  2426 : 110011001100 ; -- R:C G:C B:C
  2427 : 110011001100 ; -- R:C G:C B:C
  2428 : 110011001100 ; -- R:C G:C B:C
  2429 : 110011001100 ; -- R:C G:C B:C
  2430 : 110011001100 ; -- R:C G:C B:C
  2431 : 110011001100 ; -- R:C G:C B:C
  2432 : 110011001100 ; -- R:C G:C B:C
  2433 : 110011001100 ; -- R:C G:C B:C
  2434 : 110011001100 ; -- R:C G:C B:C
  2435 : 110011001100 ; -- R:C G:C B:C
  2436 : 110011001100 ; -- R:C G:C B:C
  2437 : 110011001100 ; -- R:C G:C B:C
  2438 : 110011011101 ; -- R:C G:D B:D
  2439 : 110111011101 ; -- R:D G:D B:D
  2440 : 110111011101 ; -- R:D G:D B:D
  2441 : 110111011101 ; -- R:D G:D B:D
  2442 : 110111011101 ; -- R:D G:D B:D
  2443 : 110111011101 ; -- R:D G:D B:D
  2444 : 110111011101 ; -- R:D G:D B:D
  2445 : 110111011101 ; -- R:D G:D B:D
  2446 : 110011011101 ; -- R:C G:D B:D
  2447 : 110011011101 ; -- R:C G:D B:D
  2448 : 110011011101 ; -- R:C G:D B:D
  2449 : 101110101010 ; -- R:B G:A B:A
  2450 : 100101010100 ; -- R:9 G:5 B:4
  2451 : 100001100101 ; -- R:8 G:6 B:5
  2452 : 100101110110 ; -- R:9 G:7 B:6
  2453 : 100101110101 ; -- R:9 G:7 B:5
  2454 : 100101110110 ; -- R:9 G:7 B:6
  2455 : 101110011000 ; -- R:B G:9 B:8
  2456 : 110010101001 ; -- R:C G:A B:9
  2457 : 110010111001 ; -- R:C G:B B:9
  2458 : 110110111010 ; -- R:D G:B B:A
  2459 : 110110111010 ; -- R:D G:B B:A
  2460 : 110111001011 ; -- R:D G:C B:B
  2461 : 101110011000 ; -- R:B G:9 B:8
  2462 : 100001000011 ; -- R:8 G:4 B:3
  2463 : 100001000011 ; -- R:8 G:4 B:3
  2464 : 100001000011 ; -- R:8 G:4 B:3
  2465 : 100001010011 ; -- R:8 G:5 B:3
  2466 : 100001010100 ; -- R:8 G:5 B:4
  2467 : 100001010100 ; -- R:8 G:5 B:4
  2468 : 011101000011 ; -- R:7 G:4 B:3
  2469 : 100101110101 ; -- R:9 G:7 B:5
  2470 : 110110111010 ; -- R:D G:B B:A
  2471 : 110110111010 ; -- R:D G:B B:A
  2472 : 110110111010 ; -- R:D G:B B:A
  2473 : 110010111010 ; -- R:C G:B B:A
  2474 : 110010101001 ; -- R:C G:A B:9
  2475 : 101110011000 ; -- R:B G:9 B:8
  2476 : 101010000111 ; -- R:A G:8 B:7
  2477 : 100101110110 ; -- R:9 G:7 B:6
  2478 : 100101110101 ; -- R:9 G:7 B:5
  2479 : 100101110110 ; -- R:9 G:7 B:6
  2480 : 100101010101 ; -- R:9 G:5 B:5
  2481 : 110010111011 ; -- R:C G:B B:B
  2482 : 110111011101 ; -- R:D G:D B:D
  2483 : 110011001100 ; -- R:C G:C B:C
  2484 : 110011001100 ; -- R:C G:C B:C
  2485 : 110011001100 ; -- R:C G:C B:C
  2486 : 110011001100 ; -- R:C G:C B:C
  2487 : 110011001100 ; -- R:C G:C B:C
  2488 : 110011001100 ; -- R:C G:C B:C
  2489 : 110011001100 ; -- R:C G:C B:C
  2490 : 110011001100 ; -- R:C G:C B:C
  2491 : 110011001100 ; -- R:C G:C B:C
  2492 : 110011001100 ; -- R:C G:C B:C
  2493 : 110011001100 ; -- R:C G:C B:C
  2494 : 110011001100 ; -- R:C G:C B:C
  2495 : 110011001100 ; -- R:C G:C B:C
  2496 : 110011001100 ; -- R:C G:C B:C
  2497 : 110011001100 ; -- R:C G:C B:C
  2498 : 110011001100 ; -- R:C G:C B:C
  2499 : 110011001100 ; -- R:C G:C B:C
  2500 : 110011001100 ; -- R:C G:C B:C
  2501 : 110011011100 ; -- R:C G:D B:C
  2502 : 110011011101 ; -- R:C G:D B:D
  2503 : 110111011101 ; -- R:D G:D B:D
  2504 : 110111011101 ; -- R:D G:D B:D
  2505 : 110111011101 ; -- R:D G:D B:D
  2506 : 110111011101 ; -- R:D G:D B:D
  2507 : 110111011101 ; -- R:D G:D B:D
  2508 : 110111011101 ; -- R:D G:D B:D
  2509 : 110111011101 ; -- R:D G:D B:D
  2510 : 110011011101 ; -- R:C G:D B:D
  2511 : 110011011101 ; -- R:C G:D B:D
  2512 : 110011001101 ; -- R:C G:C B:D
  2513 : 110011001100 ; -- R:C G:C B:C
  2514 : 100101100110 ; -- R:9 G:6 B:6
  2515 : 100101100101 ; -- R:9 G:6 B:5
  2516 : 100101110110 ; -- R:9 G:7 B:6
  2517 : 100101110101 ; -- R:9 G:7 B:5
  2518 : 100101110110 ; -- R:9 G:7 B:6
  2519 : 101010010111 ; -- R:A G:9 B:7
  2520 : 101110101001 ; -- R:B G:A B:9
  2521 : 110010111001 ; -- R:C G:B B:9
  2522 : 110110111010 ; -- R:D G:B B:A
  2523 : 110111001011 ; -- R:D G:C B:B
  2524 : 111011001011 ; -- R:E G:C B:B
  2525 : 110010101001 ; -- R:C G:A B:9
  2526 : 100101100100 ; -- R:9 G:6 B:4
  2527 : 100001100100 ; -- R:8 G:6 B:4
  2528 : 100101110101 ; -- R:9 G:7 B:5
  2529 : 100101100101 ; -- R:9 G:6 B:5
  2530 : 100101110101 ; -- R:9 G:7 B:5
  2531 : 100101100100 ; -- R:9 G:6 B:4
  2532 : 100001010100 ; -- R:8 G:5 B:4
  2533 : 101010000111 ; -- R:A G:8 B:7
  2534 : 110111001010 ; -- R:D G:C B:A
  2535 : 110110111010 ; -- R:D G:B B:A
  2536 : 110010111010 ; -- R:C G:B B:A
  2537 : 110010101001 ; -- R:C G:A B:9
  2538 : 110010101001 ; -- R:C G:A B:9
  2539 : 101110011000 ; -- R:B G:9 B:8
  2540 : 101010000111 ; -- R:A G:8 B:7
  2541 : 100101110110 ; -- R:9 G:7 B:6
  2542 : 100101110110 ; -- R:9 G:7 B:6
  2543 : 100101110110 ; -- R:9 G:7 B:6
  2544 : 101010011000 ; -- R:A G:9 B:8
  2545 : 110011011101 ; -- R:C G:D B:D
  2546 : 110011001100 ; -- R:C G:C B:C
  2547 : 110011001100 ; -- R:C G:C B:C
  2548 : 110011001100 ; -- R:C G:C B:C
  2549 : 110011001100 ; -- R:C G:C B:C
  2550 : 110011001100 ; -- R:C G:C B:C
  2551 : 110011001100 ; -- R:C G:C B:C
  2552 : 110011001100 ; -- R:C G:C B:C
  2553 : 110011001100 ; -- R:C G:C B:C
  2554 : 110011001100 ; -- R:C G:C B:C
  2555 : 110011001100 ; -- R:C G:C B:C
  2556 : 110011001100 ; -- R:C G:C B:C
  2557 : 110011001100 ; -- R:C G:C B:C
  2558 : 110011001100 ; -- R:C G:C B:C
  2559 : 110011001100 ; -- R:C G:C B:C
  2560 : 110011001100 ; -- R:C G:C B:C
  2561 : 110011001100 ; -- R:C G:C B:C
  2562 : 110011001100 ; -- R:C G:C B:C
  2563 : 110011001100 ; -- R:C G:C B:C
  2564 : 110011001100 ; -- R:C G:C B:C
  2565 : 110011011100 ; -- R:C G:D B:C
  2566 : 110011011101 ; -- R:C G:D B:D
  2567 : 110111011101 ; -- R:D G:D B:D
  2568 : 110111011101 ; -- R:D G:D B:D
  2569 : 110111011101 ; -- R:D G:D B:D
  2570 : 110111011101 ; -- R:D G:D B:D
  2571 : 110111011101 ; -- R:D G:D B:D
  2572 : 110111011101 ; -- R:D G:D B:D
  2573 : 110111011101 ; -- R:D G:D B:D
  2574 : 110011011101 ; -- R:C G:D B:D
  2575 : 110011001100 ; -- R:C G:C B:C
  2576 : 110011001100 ; -- R:C G:C B:C
  2577 : 101111001100 ; -- R:B G:C B:C
  2578 : 101010001000 ; -- R:A G:8 B:8
  2579 : 100001100101 ; -- R:8 G:6 B:5
  2580 : 100101110110 ; -- R:9 G:7 B:6
  2581 : 100101110110 ; -- R:9 G:7 B:6
  2582 : 100110000110 ; -- R:9 G:8 B:6
  2583 : 101010000111 ; -- R:A G:8 B:7
  2584 : 101110101000 ; -- R:B G:A B:8
  2585 : 110010101001 ; -- R:C G:A B:9
  2586 : 110110111010 ; -- R:D G:B B:A
  2587 : 110111001011 ; -- R:D G:C B:B
  2588 : 110111001011 ; -- R:D G:C B:B
  2589 : 110110111010 ; -- R:D G:B B:A
  2590 : 101110010111 ; -- R:B G:9 B:7
  2591 : 101010000110 ; -- R:A G:8 B:6
  2592 : 101010000110 ; -- R:A G:8 B:6
  2593 : 100101100101 ; -- R:9 G:6 B:5
  2594 : 100101110101 ; -- R:9 G:7 B:5
  2595 : 100101110101 ; -- R:9 G:7 B:5
  2596 : 100101110101 ; -- R:9 G:7 B:5
  2597 : 101110011000 ; -- R:B G:9 B:8
  2598 : 110111001010 ; -- R:D G:C B:A
  2599 : 110110111010 ; -- R:D G:B B:A
  2600 : 110110111010 ; -- R:D G:B B:A
  2601 : 110010101001 ; -- R:C G:A B:9
  2602 : 101110101000 ; -- R:B G:A B:8
  2603 : 101110011000 ; -- R:B G:9 B:8
  2604 : 101010000111 ; -- R:A G:8 B:7
  2605 : 100101110110 ; -- R:9 G:7 B:6
  2606 : 100101110110 ; -- R:9 G:7 B:6
  2607 : 100101110110 ; -- R:9 G:7 B:6
  2608 : 101110111011 ; -- R:B G:B B:B
  2609 : 110011001100 ; -- R:C G:C B:C
  2610 : 110011001100 ; -- R:C G:C B:C
  2611 : 110011001100 ; -- R:C G:C B:C
  2612 : 110011001100 ; -- R:C G:C B:C
  2613 : 110011001100 ; -- R:C G:C B:C
  2614 : 110011001100 ; -- R:C G:C B:C
  2615 : 110011001100 ; -- R:C G:C B:C
  2616 : 110011001100 ; -- R:C G:C B:C
  2617 : 110011001100 ; -- R:C G:C B:C
  2618 : 110011001100 ; -- R:C G:C B:C
  2619 : 110011001100 ; -- R:C G:C B:C
  2620 : 110011001100 ; -- R:C G:C B:C
  2621 : 110011001100 ; -- R:C G:C B:C
  2622 : 110011001100 ; -- R:C G:C B:C
  2623 : 110011001100 ; -- R:C G:C B:C
  2624 : 110011001100 ; -- R:C G:C B:C
  2625 : 110011001100 ; -- R:C G:C B:C
  2626 : 110011001100 ; -- R:C G:C B:C
  2627 : 110011001100 ; -- R:C G:C B:C
  2628 : 110011001100 ; -- R:C G:C B:C
  2629 : 110011001100 ; -- R:C G:C B:C
  2630 : 110011011100 ; -- R:C G:D B:C
  2631 : 110111011101 ; -- R:D G:D B:D
  2632 : 110111011101 ; -- R:D G:D B:D
  2633 : 110111011101 ; -- R:D G:D B:D
  2634 : 110111011101 ; -- R:D G:D B:D
  2635 : 110111011101 ; -- R:D G:D B:D
  2636 : 110111011101 ; -- R:D G:D B:D
  2637 : 110111011101 ; -- R:D G:D B:D
  2638 : 110111011101 ; -- R:D G:D B:D
  2639 : 110011001100 ; -- R:C G:C B:C
  2640 : 110011001100 ; -- R:C G:C B:C
  2641 : 101110111011 ; -- R:B G:B B:B
  2642 : 101010101010 ; -- R:A G:A B:A
  2643 : 100110011000 ; -- R:9 G:9 B:8
  2644 : 100101110110 ; -- R:9 G:7 B:6
  2645 : 100101110110 ; -- R:9 G:7 B:6
  2646 : 100101110110 ; -- R:9 G:7 B:6
  2647 : 101010000111 ; -- R:A G:8 B:7
  2648 : 101110011000 ; -- R:B G:9 B:8
  2649 : 110010101001 ; -- R:C G:A B:9
  2650 : 110010111010 ; -- R:C G:B B:A
  2651 : 110110111010 ; -- R:D G:B B:A
  2652 : 110110111010 ; -- R:D G:B B:A
  2653 : 110111001010 ; -- R:D G:C B:A
  2654 : 110110111010 ; -- R:D G:B B:A
  2655 : 101110011000 ; -- R:B G:9 B:8
  2656 : 101001110110 ; -- R:A G:7 B:6
  2657 : 101001110110 ; -- R:A G:7 B:6
  2658 : 101001110110 ; -- R:A G:7 B:6
  2659 : 101010000110 ; -- R:A G:8 B:6
  2660 : 101110101000 ; -- R:B G:A B:8
  2661 : 110010101001 ; -- R:C G:A B:9
  2662 : 110010111010 ; -- R:C G:B B:A
  2663 : 110110111010 ; -- R:D G:B B:A
  2664 : 110010111010 ; -- R:C G:B B:A
  2665 : 101110101001 ; -- R:B G:A B:9
  2666 : 101110101000 ; -- R:B G:A B:8
  2667 : 101110011000 ; -- R:B G:9 B:8
  2668 : 101010000111 ; -- R:A G:8 B:7
  2669 : 100101110110 ; -- R:9 G:7 B:6
  2670 : 100101110110 ; -- R:9 G:7 B:6
  2671 : 100110011000 ; -- R:9 G:9 B:8
  2672 : 101110111011 ; -- R:B G:B B:B
  2673 : 110011001100 ; -- R:C G:C B:C
  2674 : 110011001100 ; -- R:C G:C B:C
  2675 : 110011001100 ; -- R:C G:C B:C
  2676 : 110011001100 ; -- R:C G:C B:C
  2677 : 110011001100 ; -- R:C G:C B:C
  2678 : 110011001100 ; -- R:C G:C B:C
  2679 : 110011001100 ; -- R:C G:C B:C
  2680 : 110011001100 ; -- R:C G:C B:C
  2681 : 110011001100 ; -- R:C G:C B:C
  2682 : 110011001100 ; -- R:C G:C B:C
  2683 : 110011001100 ; -- R:C G:C B:C
  2684 : 110011001100 ; -- R:C G:C B:C
  2685 : 110011001100 ; -- R:C G:C B:C
  2686 : 110011001100 ; -- R:C G:C B:C
  2687 : 110011001100 ; -- R:C G:C B:C
  2688 : 110011001100 ; -- R:C G:C B:C
  2689 : 110011001100 ; -- R:C G:C B:C
  2690 : 110011001100 ; -- R:C G:C B:C
  2691 : 110011001100 ; -- R:C G:C B:C
  2692 : 110011001100 ; -- R:C G:C B:C
  2693 : 110011001100 ; -- R:C G:C B:C
  2694 : 110011001100 ; -- R:C G:C B:C
  2695 : 110011001100 ; -- R:C G:C B:C
  2696 : 110111011101 ; -- R:D G:D B:D
  2697 : 110111011101 ; -- R:D G:D B:D
  2698 : 110111011101 ; -- R:D G:D B:D
  2699 : 110111011101 ; -- R:D G:D B:D
  2700 : 110111011101 ; -- R:D G:D B:D
  2701 : 110111011101 ; -- R:D G:D B:D
  2702 : 110011001100 ; -- R:C G:C B:C
  2703 : 110011001100 ; -- R:C G:C B:C
  2704 : 110011001100 ; -- R:C G:C B:C
  2705 : 101010101010 ; -- R:A G:A B:A
  2706 : 100110011001 ; -- R:9 G:9 B:9
  2707 : 100110011000 ; -- R:9 G:9 B:8
  2708 : 100110000111 ; -- R:9 G:8 B:7
  2709 : 100101110101 ; -- R:9 G:7 B:5
  2710 : 100101110110 ; -- R:9 G:7 B:6
  2711 : 101010000110 ; -- R:A G:8 B:6
  2712 : 101110010111 ; -- R:B G:9 B:7
  2713 : 101110101000 ; -- R:B G:A B:8
  2714 : 101110101001 ; -- R:B G:A B:9
  2715 : 110010101001 ; -- R:C G:A B:9
  2716 : 110010111001 ; -- R:C G:B B:9
  2717 : 110010101000 ; -- R:C G:A B:8
  2718 : 101110000111 ; -- R:B G:8 B:7
  2719 : 101110000111 ; -- R:B G:8 B:7
  2720 : 101001110110 ; -- R:A G:7 B:6
  2721 : 101001110110 ; -- R:A G:7 B:6
  2722 : 100101100101 ; -- R:9 G:6 B:5
  2723 : 101001110110 ; -- R:A G:7 B:6
  2724 : 101110000111 ; -- R:B G:8 B:7
  2725 : 110010101000 ; -- R:C G:A B:8
  2726 : 101110101001 ; -- R:B G:A B:9
  2727 : 101110101001 ; -- R:B G:A B:9
  2728 : 110010101001 ; -- R:C G:A B:9
  2729 : 101110101001 ; -- R:B G:A B:9
  2730 : 101110011000 ; -- R:B G:9 B:8
  2731 : 101010000111 ; -- R:A G:8 B:7
  2732 : 101010000110 ; -- R:A G:8 B:6
  2733 : 100101110110 ; -- R:9 G:7 B:6
  2734 : 100101110110 ; -- R:9 G:7 B:6
  2735 : 100110011000 ; -- R:9 G:9 B:8
  2736 : 101010101010 ; -- R:A G:A B:A
  2737 : 110011001100 ; -- R:C G:C B:C
  2738 : 110011001100 ; -- R:C G:C B:C
  2739 : 110011001100 ; -- R:C G:C B:C
  2740 : 110011001100 ; -- R:C G:C B:C
  2741 : 110011001100 ; -- R:C G:C B:C
  2742 : 110011001100 ; -- R:C G:C B:C
  2743 : 110011001100 ; -- R:C G:C B:C
  2744 : 110011001100 ; -- R:C G:C B:C
  2745 : 110011001100 ; -- R:C G:C B:C
  2746 : 110011001100 ; -- R:C G:C B:C
  2747 : 110011001100 ; -- R:C G:C B:C
  2748 : 110011001100 ; -- R:C G:C B:C
  2749 : 110011001100 ; -- R:C G:C B:C
  2750 : 110011001100 ; -- R:C G:C B:C
  2751 : 110011001100 ; -- R:C G:C B:C
  2752 : 110011001100 ; -- R:C G:C B:C
  2753 : 110011001100 ; -- R:C G:C B:C
  2754 : 110011001100 ; -- R:C G:C B:C
  2755 : 110011001100 ; -- R:C G:C B:C
  2756 : 110011001100 ; -- R:C G:C B:C
  2757 : 110011001100 ; -- R:C G:C B:C
  2758 : 110011001100 ; -- R:C G:C B:C
  2759 : 110011001100 ; -- R:C G:C B:C
  2760 : 110011001100 ; -- R:C G:C B:C
  2761 : 110011001100 ; -- R:C G:C B:C
  2762 : 110011001100 ; -- R:C G:C B:C
  2763 : 110011001100 ; -- R:C G:C B:C
  2764 : 110011001100 ; -- R:C G:C B:C
  2765 : 110011001100 ; -- R:C G:C B:C
  2766 : 110011001100 ; -- R:C G:C B:C
  2767 : 110011001100 ; -- R:C G:C B:C
  2768 : 101110111011 ; -- R:B G:B B:B
  2769 : 101010101010 ; -- R:A G:A B:A
  2770 : 100110011001 ; -- R:9 G:9 B:9
  2771 : 100110011000 ; -- R:9 G:9 B:8
  2772 : 100110000111 ; -- R:9 G:8 B:7
  2773 : 100101110101 ; -- R:9 G:7 B:5
  2774 : 100101110101 ; -- R:9 G:7 B:5
  2775 : 100101110110 ; -- R:9 G:7 B:6
  2776 : 101010000111 ; -- R:A G:8 B:7
  2777 : 101110010111 ; -- R:B G:9 B:7
  2778 : 101010010111 ; -- R:A G:9 B:7
  2779 : 101010000110 ; -- R:A G:8 B:6
  2780 : 100101100101 ; -- R:9 G:6 B:5
  2781 : 100001000011 ; -- R:8 G:4 B:3
  2782 : 100001000011 ; -- R:8 G:4 B:3
  2783 : 100101000100 ; -- R:9 G:4 B:4
  2784 : 100101010101 ; -- R:9 G:5 B:5
  2785 : 100101010101 ; -- R:9 G:5 B:5
  2786 : 100101010101 ; -- R:9 G:5 B:5
  2787 : 100101010100 ; -- R:9 G:5 B:4
  2788 : 100001000011 ; -- R:8 G:4 B:3
  2789 : 100001000011 ; -- R:8 G:4 B:3
  2790 : 100101110101 ; -- R:9 G:7 B:5
  2791 : 101010000110 ; -- R:A G:8 B:6
  2792 : 101010010111 ; -- R:A G:9 B:7
  2793 : 101110011000 ; -- R:B G:9 B:8
  2794 : 101110010111 ; -- R:B G:9 B:7
  2795 : 101010000111 ; -- R:A G:8 B:7
  2796 : 100101110110 ; -- R:9 G:7 B:6
  2797 : 100101110110 ; -- R:9 G:7 B:6
  2798 : 100101110110 ; -- R:9 G:7 B:6
  2799 : 100110011000 ; -- R:9 G:9 B:8
  2800 : 101010101010 ; -- R:A G:A B:A
  2801 : 101110111011 ; -- R:B G:B B:B
  2802 : 110011001100 ; -- R:C G:C B:C
  2803 : 110011001100 ; -- R:C G:C B:C
  2804 : 110011001100 ; -- R:C G:C B:C
  2805 : 110011001100 ; -- R:C G:C B:C
  2806 : 110011001100 ; -- R:C G:C B:C
  2807 : 110011001100 ; -- R:C G:C B:C
  2808 : 110011001100 ; -- R:C G:C B:C
  2809 : 110011001100 ; -- R:C G:C B:C
  2810 : 110011001100 ; -- R:C G:C B:C
  2811 : 110011001100 ; -- R:C G:C B:C
  2812 : 110011001100 ; -- R:C G:C B:C
  2813 : 110011001100 ; -- R:C G:C B:C
  2814 : 110011001100 ; -- R:C G:C B:C
  2815 : 110011001100 ; -- R:C G:C B:C
  2816 : 110011001100 ; -- R:C G:C B:C
  2817 : 110011001100 ; -- R:C G:C B:C
  2818 : 110011001100 ; -- R:C G:C B:C
  2819 : 110011001100 ; -- R:C G:C B:C
  2820 : 110011001100 ; -- R:C G:C B:C
  2821 : 110011001100 ; -- R:C G:C B:C
  2822 : 110011001100 ; -- R:C G:C B:C
  2823 : 110011001100 ; -- R:C G:C B:C
  2824 : 110011001100 ; -- R:C G:C B:C
  2825 : 110011001100 ; -- R:C G:C B:C
  2826 : 110011001100 ; -- R:C G:C B:C
  2827 : 110011001100 ; -- R:C G:C B:C
  2828 : 110011001100 ; -- R:C G:C B:C
  2829 : 110011001100 ; -- R:C G:C B:C
  2830 : 110011001100 ; -- R:C G:C B:C
  2831 : 110011001100 ; -- R:C G:C B:C
  2832 : 101110111011 ; -- R:B G:B B:B
  2833 : 101010101010 ; -- R:A G:A B:A
  2834 : 100110011001 ; -- R:9 G:9 B:9
  2835 : 100110011000 ; -- R:9 G:9 B:8
  2836 : 100010000111 ; -- R:8 G:8 B:7
  2837 : 100001100101 ; -- R:8 G:6 B:5
  2838 : 100001100101 ; -- R:8 G:6 B:5
  2839 : 100101110101 ; -- R:9 G:7 B:5
  2840 : 101001110110 ; -- R:A G:7 B:6
  2841 : 100101110110 ; -- R:9 G:7 B:6
  2842 : 100101110101 ; -- R:9 G:7 B:5
  2843 : 011101010011 ; -- R:7 G:5 B:3
  2844 : 011000100010 ; -- R:6 G:2 B:2
  2845 : 011000100010 ; -- R:6 G:2 B:2
  2846 : 011000010001 ; -- R:6 G:1 B:1
  2847 : 011000010001 ; -- R:6 G:1 B:1
  2848 : 011100010001 ; -- R:7 G:1 B:1
  2849 : 011000010001 ; -- R:6 G:1 B:1
  2850 : 011100100001 ; -- R:7 G:2 B:1
  2851 : 011100010010 ; -- R:7 G:1 B:2
  2852 : 011100100010 ; -- R:7 G:2 B:2
  2853 : 011000100010 ; -- R:6 G:2 B:2
  2854 : 011000110010 ; -- R:6 G:3 B:2
  2855 : 100001010100 ; -- R:8 G:5 B:4
  2856 : 100101110110 ; -- R:9 G:7 B:6
  2857 : 101010000110 ; -- R:A G:8 B:6
  2858 : 101010000111 ; -- R:A G:8 B:7
  2859 : 101001110110 ; -- R:A G:7 B:6
  2860 : 100101110101 ; -- R:9 G:7 B:5
  2861 : 100101100101 ; -- R:9 G:6 B:5
  2862 : 100101110111 ; -- R:9 G:7 B:7
  2863 : 100110011001 ; -- R:9 G:9 B:9
  2864 : 101010011001 ; -- R:A G:9 B:9
  2865 : 101110111010 ; -- R:B G:B B:A
  2866 : 110011001100 ; -- R:C G:C B:C
  2867 : 110011001100 ; -- R:C G:C B:C
  2868 : 110011001100 ; -- R:C G:C B:C
  2869 : 110011001100 ; -- R:C G:C B:C
  2870 : 110011001100 ; -- R:C G:C B:C
  2871 : 110011001100 ; -- R:C G:C B:C
  2872 : 110011001100 ; -- R:C G:C B:C
  2873 : 110011001100 ; -- R:C G:C B:C
  2874 : 110011001100 ; -- R:C G:C B:C
  2875 : 110011001100 ; -- R:C G:C B:C
  2876 : 110011001100 ; -- R:C G:C B:C
  2877 : 110011001100 ; -- R:C G:C B:C
  2878 : 110011001100 ; -- R:C G:C B:C
  2879 : 110011001100 ; -- R:C G:C B:C
  2880 : 110011001100 ; -- R:C G:C B:C
  2881 : 110011001100 ; -- R:C G:C B:C
  2882 : 110011001100 ; -- R:C G:C B:C
  2883 : 110011001100 ; -- R:C G:C B:C
  2884 : 110011001100 ; -- R:C G:C B:C
  2885 : 110011001100 ; -- R:C G:C B:C
  2886 : 110011001100 ; -- R:C G:C B:C
  2887 : 110011001100 ; -- R:C G:C B:C
  2888 : 110011001100 ; -- R:C G:C B:C
  2889 : 110011001100 ; -- R:C G:C B:C
  2890 : 110011001100 ; -- R:C G:C B:C
  2891 : 110011001100 ; -- R:C G:C B:C
  2892 : 110011001100 ; -- R:C G:C B:C
  2893 : 110011001100 ; -- R:C G:C B:C
  2894 : 110011001100 ; -- R:C G:C B:C
  2895 : 110011001100 ; -- R:C G:C B:C
  2896 : 101110111011 ; -- R:B G:B B:B
  2897 : 101010101001 ; -- R:A G:A B:9
  2898 : 100110011001 ; -- R:9 G:9 B:9
  2899 : 100110001000 ; -- R:9 G:8 B:8
  2900 : 100010001000 ; -- R:8 G:8 B:8
  2901 : 100001110110 ; -- R:8 G:7 B:6
  2902 : 100001100100 ; -- R:8 G:6 B:4
  2903 : 100001100100 ; -- R:8 G:6 B:4
  2904 : 100101100101 ; -- R:9 G:6 B:5
  2905 : 100101100101 ; -- R:9 G:6 B:5
  2906 : 100001010100 ; -- R:8 G:5 B:4
  2907 : 100001010100 ; -- R:8 G:5 B:4
  2908 : 011100110011 ; -- R:7 G:3 B:3
  2909 : 100000110011 ; -- R:8 G:3 B:3
  2910 : 100100110100 ; -- R:9 G:3 B:4
  2911 : 100101000100 ; -- R:9 G:4 B:4
  2912 : 100101000100 ; -- R:9 G:4 B:4
  2913 : 100000110011 ; -- R:8 G:3 B:3
  2914 : 100000110011 ; -- R:8 G:3 B:3
  2915 : 100100110011 ; -- R:9 G:3 B:3
  2916 : 100000110011 ; -- R:8 G:3 B:3
  2917 : 011100100010 ; -- R:7 G:2 B:2
  2918 : 011100110011 ; -- R:7 G:3 B:3
  2919 : 011101010011 ; -- R:7 G:5 B:3
  2920 : 100001100100 ; -- R:8 G:6 B:4
  2921 : 100101110101 ; -- R:9 G:7 B:5
  2922 : 100101110110 ; -- R:9 G:7 B:6
  2923 : 100101110101 ; -- R:9 G:7 B:5
  2924 : 100001100101 ; -- R:8 G:6 B:5
  2925 : 100001100101 ; -- R:8 G:6 B:5
  2926 : 100110000111 ; -- R:9 G:8 B:7
  2927 : 100110011001 ; -- R:9 G:9 B:9
  2928 : 101010011001 ; -- R:A G:9 B:9
  2929 : 101010101010 ; -- R:A G:A B:A
  2930 : 101110111011 ; -- R:B G:B B:B
  2931 : 110011001100 ; -- R:C G:C B:C
  2932 : 110011001100 ; -- R:C G:C B:C
  2933 : 110011001100 ; -- R:C G:C B:C
  2934 : 110011001100 ; -- R:C G:C B:C
  2935 : 110011001100 ; -- R:C G:C B:C
  2936 : 110011001100 ; -- R:C G:C B:C
  2937 : 110011001100 ; -- R:C G:C B:C
  2938 : 110011001100 ; -- R:C G:C B:C
  2939 : 110011001100 ; -- R:C G:C B:C
  2940 : 110011001100 ; -- R:C G:C B:C
  2941 : 110011001100 ; -- R:C G:C B:C
  2942 : 110011001100 ; -- R:C G:C B:C
  2943 : 110011001100 ; -- R:C G:C B:C
  2944 : 110011001100 ; -- R:C G:C B:C
  2945 : 110011001100 ; -- R:C G:C B:C
  2946 : 110011001100 ; -- R:C G:C B:C
  2947 : 110011001100 ; -- R:C G:C B:C
  2948 : 110011001100 ; -- R:C G:C B:C
  2949 : 110011001100 ; -- R:C G:C B:C
  2950 : 110011001100 ; -- R:C G:C B:C
  2951 : 110011001100 ; -- R:C G:C B:C
  2952 : 110011001100 ; -- R:C G:C B:C
  2953 : 110011001100 ; -- R:C G:C B:C
  2954 : 110011001100 ; -- R:C G:C B:C
  2955 : 110011001100 ; -- R:C G:C B:C
  2956 : 110011001100 ; -- R:C G:C B:C
  2957 : 110011001100 ; -- R:C G:C B:C
  2958 : 110011001100 ; -- R:C G:C B:C
  2959 : 110011001100 ; -- R:C G:C B:C
  2960 : 101110111010 ; -- R:B G:B B:A
  2961 : 101010101001 ; -- R:A G:A B:9
  2962 : 100110011001 ; -- R:9 G:9 B:9
  2963 : 100110011000 ; -- R:9 G:9 B:8
  2964 : 100010001000 ; -- R:8 G:8 B:8
  2965 : 100001110110 ; -- R:8 G:7 B:6
  2966 : 100001100100 ; -- R:8 G:6 B:4
  2967 : 100001010100 ; -- R:8 G:5 B:4
  2968 : 100001010100 ; -- R:8 G:5 B:4
  2969 : 100001100100 ; -- R:8 G:6 B:4
  2970 : 100001010100 ; -- R:8 G:5 B:4
  2971 : 100001100100 ; -- R:8 G:6 B:4
  2972 : 100101010101 ; -- R:9 G:5 B:5
  2973 : 101001100110 ; -- R:A G:6 B:6
  2974 : 101101110111 ; -- R:B G:7 B:7
  2975 : 101101110111 ; -- R:B G:7 B:7
  2976 : 101101110111 ; -- R:B G:7 B:7
  2977 : 101001100110 ; -- R:A G:6 B:6
  2978 : 101001100110 ; -- R:A G:6 B:6
  2979 : 101101100111 ; -- R:B G:6 B:7
  2980 : 101001100110 ; -- R:A G:6 B:6
  2981 : 100101000101 ; -- R:9 G:4 B:5
  2982 : 100101100101 ; -- R:9 G:6 B:5
  2983 : 100001100100 ; -- R:8 G:6 B:4
  2984 : 100001100100 ; -- R:8 G:6 B:4
  2985 : 100101100101 ; -- R:9 G:6 B:5
  2986 : 100101100101 ; -- R:9 G:6 B:5
  2987 : 100001100101 ; -- R:8 G:6 B:5
  2988 : 100001100101 ; -- R:8 G:6 B:5
  2989 : 100001110110 ; -- R:8 G:7 B:6
  2990 : 100110001000 ; -- R:9 G:8 B:8
  2991 : 100110011001 ; -- R:9 G:9 B:9
  2992 : 101010011001 ; -- R:A G:9 B:9
  2993 : 101010101010 ; -- R:A G:A B:A
  2994 : 101110111011 ; -- R:B G:B B:B
  2995 : 110011001100 ; -- R:C G:C B:C
  2996 : 110011001100 ; -- R:C G:C B:C
  2997 : 110011001100 ; -- R:C G:C B:C
  2998 : 110011001100 ; -- R:C G:C B:C
  2999 : 110011001100 ; -- R:C G:C B:C
  3000 : 110011001100 ; -- R:C G:C B:C
  3001 : 110011001100 ; -- R:C G:C B:C
  3002 : 110011001100 ; -- R:C G:C B:C
  3003 : 110011001100 ; -- R:C G:C B:C
  3004 : 110011001100 ; -- R:C G:C B:C
  3005 : 110011001100 ; -- R:C G:C B:C
  3006 : 110011001100 ; -- R:C G:C B:C
  3007 : 110011001100 ; -- R:C G:C B:C
  3008 : 110011001100 ; -- R:C G:C B:C
  3009 : 110011001100 ; -- R:C G:C B:C
  3010 : 110011001100 ; -- R:C G:C B:C
  3011 : 110011001100 ; -- R:C G:C B:C
  3012 : 110011001100 ; -- R:C G:C B:C
  3013 : 110011001100 ; -- R:C G:C B:C
  3014 : 110011001100 ; -- R:C G:C B:C
  3015 : 110011001100 ; -- R:C G:C B:C
  3016 : 110011001100 ; -- R:C G:C B:C
  3017 : 110011001100 ; -- R:C G:C B:C
  3018 : 110011001100 ; -- R:C G:C B:C
  3019 : 110011001100 ; -- R:C G:C B:C
  3020 : 110011001100 ; -- R:C G:C B:C
  3021 : 110011001100 ; -- R:C G:C B:C
  3022 : 110011001100 ; -- R:C G:C B:C
  3023 : 101110111100 ; -- R:B G:B B:C
  3024 : 101110101010 ; -- R:B G:A B:A
  3025 : 101010011001 ; -- R:A G:9 B:9
  3026 : 100110011001 ; -- R:9 G:9 B:9
  3027 : 100110011000 ; -- R:9 G:9 B:8
  3028 : 100010001000 ; -- R:8 G:8 B:8
  3029 : 100010000111 ; -- R:8 G:8 B:7
  3030 : 011101100101 ; -- R:7 G:6 B:5
  3031 : 011101010100 ; -- R:7 G:5 B:4
  3032 : 100001010100 ; -- R:8 G:5 B:4
  3033 : 100001010011 ; -- R:8 G:5 B:3
  3034 : 100001010100 ; -- R:8 G:5 B:4
  3035 : 100001100100 ; -- R:8 G:6 B:4
  3036 : 100001010100 ; -- R:8 G:5 B:4
  3037 : 100001010100 ; -- R:8 G:5 B:4
  3038 : 100101010101 ; -- R:9 G:5 B:5
  3039 : 100001000100 ; -- R:8 G:4 B:4
  3040 : 100001000100 ; -- R:8 G:4 B:4
  3041 : 100001000100 ; -- R:8 G:4 B:4
  3042 : 100101000100 ; -- R:9 G:4 B:4
  3043 : 100101000100 ; -- R:9 G:4 B:4
  3044 : 100101010101 ; -- R:9 G:5 B:5
  3045 : 100101100101 ; -- R:9 G:6 B:5
  3046 : 100001100100 ; -- R:8 G:6 B:4
  3047 : 100101100100 ; -- R:9 G:6 B:4
  3048 : 100001100100 ; -- R:8 G:6 B:4
  3049 : 100001100100 ; -- R:8 G:6 B:4
  3050 : 100001100101 ; -- R:8 G:6 B:5
  3051 : 100001100101 ; -- R:8 G:6 B:5
  3052 : 100001100101 ; -- R:8 G:6 B:5
  3053 : 100001110111 ; -- R:8 G:7 B:7
  3054 : 100110011000 ; -- R:9 G:9 B:8
  3055 : 100110011001 ; -- R:9 G:9 B:9
  3056 : 101010011001 ; -- R:A G:9 B:9
  3057 : 101010101010 ; -- R:A G:A B:A
  3058 : 101110111011 ; -- R:B G:B B:B
  3059 : 110011001100 ; -- R:C G:C B:C
  3060 : 110011001100 ; -- R:C G:C B:C
  3061 : 110011001100 ; -- R:C G:C B:C
  3062 : 110011001100 ; -- R:C G:C B:C
  3063 : 110011001100 ; -- R:C G:C B:C
  3064 : 110011001100 ; -- R:C G:C B:C
  3065 : 110011001100 ; -- R:C G:C B:C
  3066 : 110011001100 ; -- R:C G:C B:C
  3067 : 110011001100 ; -- R:C G:C B:C
  3068 : 110011001100 ; -- R:C G:C B:C
  3069 : 110011001100 ; -- R:C G:C B:C
  3070 : 110011001100 ; -- R:C G:C B:C
  3071 : 110011001100 ; -- R:C G:C B:C
  3072 : 110011001100 ; -- R:C G:C B:C
  3073 : 110011001100 ; -- R:C G:C B:C
  3074 : 110011001100 ; -- R:C G:C B:C
  3075 : 110011001100 ; -- R:C G:C B:C
  3076 : 110011001100 ; -- R:C G:C B:C
  3077 : 110011001100 ; -- R:C G:C B:C
  3078 : 110011001100 ; -- R:C G:C B:C
  3079 : 110011001100 ; -- R:C G:C B:C
  3080 : 110011001100 ; -- R:C G:C B:C
  3081 : 110011001100 ; -- R:C G:C B:C
  3082 : 110011001100 ; -- R:C G:C B:C
  3083 : 110011001100 ; -- R:C G:C B:C
  3084 : 110011001100 ; -- R:C G:C B:C
  3085 : 110011001100 ; -- R:C G:C B:C
  3086 : 110011001100 ; -- R:C G:C B:C
  3087 : 101110111011 ; -- R:B G:B B:B
  3088 : 101010101010 ; -- R:A G:A B:A
  3089 : 101010011001 ; -- R:A G:9 B:9
  3090 : 100110011001 ; -- R:9 G:9 B:9
  3091 : 100110011000 ; -- R:9 G:9 B:8
  3092 : 100110001000 ; -- R:9 G:8 B:8
  3093 : 100010001000 ; -- R:8 G:8 B:8
  3094 : 100001110110 ; -- R:8 G:7 B:6
  3095 : 011101010100 ; -- R:7 G:5 B:4
  3096 : 011101010011 ; -- R:7 G:5 B:3
  3097 : 011101010011 ; -- R:7 G:5 B:3
  3098 : 011101010011 ; -- R:7 G:5 B:3
  3099 : 100001010100 ; -- R:8 G:5 B:4
  3100 : 100001010011 ; -- R:8 G:5 B:3
  3101 : 011101010011 ; -- R:7 G:5 B:3
  3102 : 011101000011 ; -- R:7 G:4 B:3
  3103 : 011101000011 ; -- R:7 G:4 B:3
  3104 : 011000110010 ; -- R:6 G:3 B:2
  3105 : 011000110010 ; -- R:6 G:3 B:2
  3106 : 011000110010 ; -- R:6 G:3 B:2
  3107 : 011101000011 ; -- R:7 G:4 B:3
  3108 : 011101000011 ; -- R:7 G:4 B:3
  3109 : 100001010011 ; -- R:8 G:5 B:3
  3110 : 100001100100 ; -- R:8 G:6 B:4
  3111 : 100001100100 ; -- R:8 G:6 B:4
  3112 : 100001100100 ; -- R:8 G:6 B:4
  3113 : 100001100100 ; -- R:8 G:6 B:4
  3114 : 100001010100 ; -- R:8 G:5 B:4
  3115 : 011101010100 ; -- R:7 G:5 B:4
  3116 : 011101100110 ; -- R:7 G:6 B:6
  3117 : 100010001000 ; -- R:8 G:8 B:8
  3118 : 100110001000 ; -- R:9 G:8 B:8
  3119 : 100110011001 ; -- R:9 G:9 B:9
  3120 : 100110011001 ; -- R:9 G:9 B:9
  3121 : 101010101001 ; -- R:A G:A B:9
  3122 : 101110111010 ; -- R:B G:B B:A
  3123 : 101110111011 ; -- R:B G:B B:B
  3124 : 110011001100 ; -- R:C G:C B:C
  3125 : 110011001100 ; -- R:C G:C B:C
  3126 : 110011001100 ; -- R:C G:C B:C
  3127 : 110011001100 ; -- R:C G:C B:C
  3128 : 110011001100 ; -- R:C G:C B:C
  3129 : 110011001100 ; -- R:C G:C B:C
  3130 : 110011001100 ; -- R:C G:C B:C
  3131 : 110011001100 ; -- R:C G:C B:C
  3132 : 110011001100 ; -- R:C G:C B:C
  3133 : 110011001100 ; -- R:C G:C B:C
  3134 : 110011001100 ; -- R:C G:C B:C
  3135 : 110011001100 ; -- R:C G:C B:C
  3136 : 110011001100 ; -- R:C G:C B:C
  3137 : 110011001100 ; -- R:C G:C B:C
  3138 : 110011001100 ; -- R:C G:C B:C
  3139 : 110011001100 ; -- R:C G:C B:C
  3140 : 110011001100 ; -- R:C G:C B:C
  3141 : 110011001100 ; -- R:C G:C B:C
  3142 : 110011001100 ; -- R:C G:C B:C
  3143 : 110011001100 ; -- R:C G:C B:C
  3144 : 110011001100 ; -- R:C G:C B:C
  3145 : 110011001100 ; -- R:C G:C B:C
  3146 : 110011001100 ; -- R:C G:C B:C
  3147 : 110011001100 ; -- R:C G:C B:C
  3148 : 110011001100 ; -- R:C G:C B:C
  3149 : 110011001100 ; -- R:C G:C B:C
  3150 : 110011001100 ; -- R:C G:C B:C
  3151 : 101110111011 ; -- R:B G:B B:B
  3152 : 101010101010 ; -- R:A G:A B:A
  3153 : 101010011001 ; -- R:A G:9 B:9
  3154 : 100110011001 ; -- R:9 G:9 B:9
  3155 : 100110011000 ; -- R:9 G:9 B:8
  3156 : 100110001000 ; -- R:9 G:8 B:8
  3157 : 100010001000 ; -- R:8 G:8 B:8
  3158 : 100010000111 ; -- R:8 G:8 B:7
  3159 : 011101100101 ; -- R:7 G:6 B:5
  3160 : 011101010011 ; -- R:7 G:5 B:3
  3161 : 011101010011 ; -- R:7 G:5 B:3
  3162 : 100001010011 ; -- R:8 G:5 B:3
  3163 : 100001010100 ; -- R:8 G:5 B:4
  3164 : 100001010100 ; -- R:8 G:5 B:4
  3165 : 100001010011 ; -- R:8 G:5 B:3
  3166 : 100001010011 ; -- R:8 G:5 B:3
  3167 : 100001010011 ; -- R:8 G:5 B:3
  3168 : 100001010100 ; -- R:8 G:5 B:4
  3169 : 100001010011 ; -- R:8 G:5 B:3
  3170 : 011101000011 ; -- R:7 G:4 B:3
  3171 : 011101010011 ; -- R:7 G:5 B:3
  3172 : 100001010011 ; -- R:8 G:5 B:3
  3173 : 100001010100 ; -- R:8 G:5 B:4
  3174 : 100001100100 ; -- R:8 G:6 B:4
  3175 : 100001100100 ; -- R:8 G:6 B:4
  3176 : 100001010100 ; -- R:8 G:5 B:4
  3177 : 100001010100 ; -- R:8 G:5 B:4
  3178 : 011101010100 ; -- R:7 G:5 B:4
  3179 : 011101100101 ; -- R:7 G:6 B:5
  3180 : 100001110111 ; -- R:8 G:7 B:7
  3181 : 100010001000 ; -- R:8 G:8 B:8
  3182 : 100110001000 ; -- R:9 G:8 B:8
  3183 : 100110011001 ; -- R:9 G:9 B:9
  3184 : 100110011001 ; -- R:9 G:9 B:9
  3185 : 101010101001 ; -- R:A G:A B:9
  3186 : 101010101010 ; -- R:A G:A B:A
  3187 : 101110111011 ; -- R:B G:B B:B
  3188 : 110011001100 ; -- R:C G:C B:C
  3189 : 110011001100 ; -- R:C G:C B:C
  3190 : 110011001100 ; -- R:C G:C B:C
  3191 : 110011001100 ; -- R:C G:C B:C
  3192 : 110011001100 ; -- R:C G:C B:C
  3193 : 110011001100 ; -- R:C G:C B:C
  3194 : 110011001100 ; -- R:C G:C B:C
  3195 : 110011001100 ; -- R:C G:C B:C
  3196 : 110011001100 ; -- R:C G:C B:C
  3197 : 110011001100 ; -- R:C G:C B:C
  3198 : 110011001100 ; -- R:C G:C B:C
  3199 : 110011001100 ; -- R:C G:C B:C
  3200 : 110011001100 ; -- R:C G:C B:C
  3201 : 110011001100 ; -- R:C G:C B:C
  3202 : 110011001100 ; -- R:C G:C B:C
  3203 : 110011001100 ; -- R:C G:C B:C
  3204 : 110011001100 ; -- R:C G:C B:C
  3205 : 110011001100 ; -- R:C G:C B:C
  3206 : 110011001100 ; -- R:C G:C B:C
  3207 : 110011001100 ; -- R:C G:C B:C
  3208 : 110011001100 ; -- R:C G:C B:C
  3209 : 110011001100 ; -- R:C G:C B:C
  3210 : 110011001100 ; -- R:C G:C B:C
  3211 : 110011001100 ; -- R:C G:C B:C
  3212 : 110011001100 ; -- R:C G:C B:C
  3213 : 110011001100 ; -- R:C G:C B:C
  3214 : 110011001100 ; -- R:C G:C B:C
  3215 : 101110111011 ; -- R:B G:B B:B
  3216 : 101010101010 ; -- R:A G:A B:A
  3217 : 101010011001 ; -- R:A G:9 B:9
  3218 : 100110011001 ; -- R:9 G:9 B:9
  3219 : 100110011000 ; -- R:9 G:9 B:8
  3220 : 100110001000 ; -- R:9 G:8 B:8
  3221 : 100010001000 ; -- R:8 G:8 B:8
  3222 : 100010000111 ; -- R:8 G:8 B:7
  3223 : 100001110110 ; -- R:8 G:7 B:6
  3224 : 011101010100 ; -- R:7 G:5 B:4
  3225 : 011101010011 ; -- R:7 G:5 B:3
  3226 : 100001010100 ; -- R:8 G:5 B:4
  3227 : 100001100100 ; -- R:8 G:6 B:4
  3228 : 100101100100 ; -- R:9 G:6 B:4
  3229 : 100101100100 ; -- R:9 G:6 B:4
  3230 : 100101100100 ; -- R:9 G:6 B:4
  3231 : 100101100101 ; -- R:9 G:6 B:5
  3232 : 100101110101 ; -- R:9 G:7 B:5
  3233 : 100101110101 ; -- R:9 G:7 B:5
  3234 : 100101100101 ; -- R:9 G:6 B:5
  3235 : 100101100101 ; -- R:9 G:6 B:5
  3236 : 100101100100 ; -- R:9 G:6 B:4
  3237 : 100101100100 ; -- R:9 G:6 B:4
  3238 : 100001100100 ; -- R:8 G:6 B:4
  3239 : 100001100100 ; -- R:8 G:6 B:4
  3240 : 100001100100 ; -- R:8 G:6 B:4
  3241 : 100001010100 ; -- R:8 G:5 B:4
  3242 : 011101010100 ; -- R:7 G:5 B:4
  3243 : 011101110110 ; -- R:7 G:7 B:6
  3244 : 100010001000 ; -- R:8 G:8 B:8
  3245 : 100010001000 ; -- R:8 G:8 B:8
  3246 : 100110011000 ; -- R:9 G:9 B:8
  3247 : 100110011001 ; -- R:9 G:9 B:9
  3248 : 101010011001 ; -- R:A G:9 B:9
  3249 : 101010101001 ; -- R:A G:A B:9
  3250 : 101010101010 ; -- R:A G:A B:A
  3251 : 101110111011 ; -- R:B G:B B:B
  3252 : 110011001100 ; -- R:C G:C B:C
  3253 : 110011001100 ; -- R:C G:C B:C
  3254 : 110011001100 ; -- R:C G:C B:C
  3255 : 110011001100 ; -- R:C G:C B:C
  3256 : 110011001100 ; -- R:C G:C B:C
  3257 : 110011001100 ; -- R:C G:C B:C
  3258 : 110011001100 ; -- R:C G:C B:C
  3259 : 110011001100 ; -- R:C G:C B:C
  3260 : 110011001100 ; -- R:C G:C B:C
  3261 : 110011001100 ; -- R:C G:C B:C
  3262 : 110011001100 ; -- R:C G:C B:C
  3263 : 110011001100 ; -- R:C G:C B:C
  3264 : 110011001100 ; -- R:C G:C B:C
  3265 : 110011001100 ; -- R:C G:C B:C
  3266 : 110011001100 ; -- R:C G:C B:C
  3267 : 110011001100 ; -- R:C G:C B:C
  3268 : 110011001100 ; -- R:C G:C B:C
  3269 : 110011001100 ; -- R:C G:C B:C
  3270 : 110011001100 ; -- R:C G:C B:C
  3271 : 110011001100 ; -- R:C G:C B:C
  3272 : 110011001100 ; -- R:C G:C B:C
  3273 : 110011001100 ; -- R:C G:C B:C
  3274 : 110011001100 ; -- R:C G:C B:C
  3275 : 110011001100 ; -- R:C G:C B:C
  3276 : 110011001100 ; -- R:C G:C B:C
  3277 : 110011001100 ; -- R:C G:C B:C
  3278 : 110011001100 ; -- R:C G:C B:C
  3279 : 101110111011 ; -- R:B G:B B:B
  3280 : 101010101010 ; -- R:A G:A B:A
  3281 : 101010011001 ; -- R:A G:9 B:9
  3282 : 100110011001 ; -- R:9 G:9 B:9
  3283 : 100110011000 ; -- R:9 G:9 B:8
  3284 : 100110001000 ; -- R:9 G:8 B:8
  3285 : 100010001000 ; -- R:8 G:8 B:8
  3286 : 100010000111 ; -- R:8 G:8 B:7
  3287 : 100001110111 ; -- R:8 G:7 B:7
  3288 : 100001100101 ; -- R:8 G:6 B:5
  3289 : 011101010011 ; -- R:7 G:5 B:3
  3290 : 100001010100 ; -- R:8 G:5 B:4
  3291 : 100001100100 ; -- R:8 G:6 B:4
  3292 : 100101100101 ; -- R:9 G:6 B:5
  3293 : 100101110101 ; -- R:9 G:7 B:5
  3294 : 101001110101 ; -- R:A G:7 B:5
  3295 : 101001110101 ; -- R:A G:7 B:5
  3296 : 100101110101 ; -- R:9 G:7 B:5
  3297 : 101001110110 ; -- R:A G:7 B:6
  3298 : 100101110110 ; -- R:9 G:7 B:6
  3299 : 101001110101 ; -- R:A G:7 B:5
  3300 : 100101110101 ; -- R:9 G:7 B:5
  3301 : 100101110101 ; -- R:9 G:7 B:5
  3302 : 100101100100 ; -- R:9 G:6 B:4
  3303 : 100001100100 ; -- R:8 G:6 B:4
  3304 : 100001010100 ; -- R:8 G:5 B:4
  3305 : 011101010011 ; -- R:7 G:5 B:3
  3306 : 011101010100 ; -- R:7 G:5 B:4
  3307 : 100001110111 ; -- R:8 G:7 B:7
  3308 : 100010001000 ; -- R:8 G:8 B:8
  3309 : 100010001000 ; -- R:8 G:8 B:8
  3310 : 100110011000 ; -- R:9 G:9 B:8
  3311 : 100110011001 ; -- R:9 G:9 B:9
  3312 : 100110011001 ; -- R:9 G:9 B:9
  3313 : 101010101001 ; -- R:A G:A B:9
  3314 : 101010101010 ; -- R:A G:A B:A
  3315 : 101110111011 ; -- R:B G:B B:B
  3316 : 101111001100 ; -- R:B G:C B:C
  3317 : 110011001100 ; -- R:C G:C B:C
  3318 : 110011001100 ; -- R:C G:C B:C
  3319 : 110011001100 ; -- R:C G:C B:C
  3320 : 110011001100 ; -- R:C G:C B:C
  3321 : 110011001100 ; -- R:C G:C B:C
  3322 : 110011001100 ; -- R:C G:C B:C
  3323 : 110011001100 ; -- R:C G:C B:C
  3324 : 110011001100 ; -- R:C G:C B:C
  3325 : 110011001100 ; -- R:C G:C B:C
  3326 : 110011001100 ; -- R:C G:C B:C
  3327 : 110011001100 ; -- R:C G:C B:C
  3328 : 110011001100 ; -- R:C G:C B:C
  3329 : 110011001100 ; -- R:C G:C B:C
  3330 : 110011001100 ; -- R:C G:C B:C
  3331 : 110011001100 ; -- R:C G:C B:C
  3332 : 110011001100 ; -- R:C G:C B:C
  3333 : 110011001100 ; -- R:C G:C B:C
  3334 : 110011001100 ; -- R:C G:C B:C
  3335 : 110011001100 ; -- R:C G:C B:C
  3336 : 110011001100 ; -- R:C G:C B:C
  3337 : 110011001100 ; -- R:C G:C B:C
  3338 : 110011001100 ; -- R:C G:C B:C
  3339 : 110011001100 ; -- R:C G:C B:C
  3340 : 110011001100 ; -- R:C G:C B:C
  3341 : 110011001100 ; -- R:C G:C B:C
  3342 : 110011001100 ; -- R:C G:C B:C
  3343 : 101110111010 ; -- R:B G:B B:A
  3344 : 101010101010 ; -- R:A G:A B:A
  3345 : 101010011001 ; -- R:A G:9 B:9
  3346 : 100110011001 ; -- R:9 G:9 B:9
  3347 : 100110011000 ; -- R:9 G:9 B:8
  3348 : 100110001000 ; -- R:9 G:8 B:8
  3349 : 100010001000 ; -- R:8 G:8 B:8
  3350 : 100010000111 ; -- R:8 G:8 B:7
  3351 : 100001110111 ; -- R:8 G:7 B:7
  3352 : 100001100101 ; -- R:8 G:6 B:5
  3353 : 011101010011 ; -- R:7 G:5 B:3
  3354 : 011101000011 ; -- R:7 G:4 B:3
  3355 : 100001010100 ; -- R:8 G:5 B:4
  3356 : 100101100100 ; -- R:9 G:6 B:4
  3357 : 100101110101 ; -- R:9 G:7 B:5
  3358 : 101001110101 ; -- R:A G:7 B:5
  3359 : 100101110101 ; -- R:9 G:7 B:5
  3360 : 100101110101 ; -- R:9 G:7 B:5
  3361 : 101001110110 ; -- R:A G:7 B:6
  3362 : 100101110101 ; -- R:9 G:7 B:5
  3363 : 100101110101 ; -- R:9 G:7 B:5
  3364 : 100101110101 ; -- R:9 G:7 B:5
  3365 : 100101100101 ; -- R:9 G:6 B:5
  3366 : 100101100100 ; -- R:9 G:6 B:4
  3367 : 100001010100 ; -- R:8 G:5 B:4
  3368 : 011101010011 ; -- R:7 G:5 B:3
  3369 : 011101000011 ; -- R:7 G:4 B:3
  3370 : 100001100101 ; -- R:8 G:6 B:5
  3371 : 100001110111 ; -- R:8 G:7 B:7
  3372 : 100010000111 ; -- R:8 G:8 B:7
  3373 : 100110001000 ; -- R:9 G:8 B:8
  3374 : 100110011000 ; -- R:9 G:9 B:8
  3375 : 100110011001 ; -- R:9 G:9 B:9
  3376 : 100110011001 ; -- R:9 G:9 B:9
  3377 : 101010101001 ; -- R:A G:A B:9
  3378 : 101010101010 ; -- R:A G:A B:A
  3379 : 101110111011 ; -- R:B G:B B:B
  3380 : 101110111011 ; -- R:B G:B B:B
  3381 : 110011001100 ; -- R:C G:C B:C
  3382 : 110011001100 ; -- R:C G:C B:C
  3383 : 110011001100 ; -- R:C G:C B:C
  3384 : 110011001100 ; -- R:C G:C B:C
  3385 : 110011001100 ; -- R:C G:C B:C
  3386 : 110011001100 ; -- R:C G:C B:C
  3387 : 110011001100 ; -- R:C G:C B:C
  3388 : 110011001100 ; -- R:C G:C B:C
  3389 : 110011001100 ; -- R:C G:C B:C
  3390 : 110011001100 ; -- R:C G:C B:C
  3391 : 110011001100 ; -- R:C G:C B:C
  3392 : 110011001100 ; -- R:C G:C B:C
  3393 : 110011001100 ; -- R:C G:C B:C
  3394 : 110011001100 ; -- R:C G:C B:C
  3395 : 110011001100 ; -- R:C G:C B:C
  3396 : 110011001100 ; -- R:C G:C B:C
  3397 : 110011001100 ; -- R:C G:C B:C
  3398 : 110011001100 ; -- R:C G:C B:C
  3399 : 110011001100 ; -- R:C G:C B:C
  3400 : 110011001100 ; -- R:C G:C B:C
  3401 : 110011001100 ; -- R:C G:C B:C
  3402 : 110011001100 ; -- R:C G:C B:C
  3403 : 110011001100 ; -- R:C G:C B:C
  3404 : 110011001100 ; -- R:C G:C B:C
  3405 : 110011001100 ; -- R:C G:C B:C
  3406 : 101110111011 ; -- R:B G:B B:B
  3407 : 101110101010 ; -- R:B G:A B:A
  3408 : 101010101010 ; -- R:A G:A B:A
  3409 : 101010011001 ; -- R:A G:9 B:9
  3410 : 100110011001 ; -- R:9 G:9 B:9
  3411 : 100110011000 ; -- R:9 G:9 B:8
  3412 : 100110011000 ; -- R:9 G:9 B:8
  3413 : 100010001000 ; -- R:8 G:8 B:8
  3414 : 100010000111 ; -- R:8 G:8 B:7
  3415 : 100001110111 ; -- R:8 G:7 B:7
  3416 : 100001110110 ; -- R:8 G:7 B:6
  3417 : 011101010100 ; -- R:7 G:5 B:4
  3418 : 011001000011 ; -- R:6 G:4 B:3
  3419 : 011001000011 ; -- R:6 G:4 B:3
  3420 : 011101010011 ; -- R:7 G:5 B:3
  3421 : 100001010100 ; -- R:8 G:5 B:4
  3422 : 100101100100 ; -- R:9 G:6 B:4
  3423 : 100101100101 ; -- R:9 G:6 B:5
  3424 : 100101100101 ; -- R:9 G:6 B:5
  3425 : 100101100101 ; -- R:9 G:6 B:5
  3426 : 100101100101 ; -- R:9 G:6 B:5
  3427 : 100101100101 ; -- R:9 G:6 B:5
  3428 : 100101100100 ; -- R:9 G:6 B:4
  3429 : 100001010100 ; -- R:8 G:5 B:4
  3430 : 011101010100 ; -- R:7 G:5 B:4
  3431 : 011101000011 ; -- R:7 G:4 B:3
  3432 : 011101000011 ; -- R:7 G:4 B:3
  3433 : 011101010011 ; -- R:7 G:5 B:3
  3434 : 100001100101 ; -- R:8 G:6 B:5
  3435 : 100010000111 ; -- R:8 G:8 B:7
  3436 : 100010000111 ; -- R:8 G:8 B:7
  3437 : 100010001000 ; -- R:8 G:8 B:8
  3438 : 100110011000 ; -- R:9 G:9 B:8
  3439 : 100110011001 ; -- R:9 G:9 B:9
  3440 : 100110011001 ; -- R:9 G:9 B:9
  3441 : 101010101001 ; -- R:A G:A B:9
  3442 : 101010101010 ; -- R:A G:A B:A
  3443 : 101110111010 ; -- R:B G:B B:A
  3444 : 101110111011 ; -- R:B G:B B:B
  3445 : 110011001100 ; -- R:C G:C B:C
  3446 : 110011001100 ; -- R:C G:C B:C
  3447 : 110011001100 ; -- R:C G:C B:C
  3448 : 110011001100 ; -- R:C G:C B:C
  3449 : 110011001100 ; -- R:C G:C B:C
  3450 : 110011001100 ; -- R:C G:C B:C
  3451 : 110011001100 ; -- R:C G:C B:C
  3452 : 110011001100 ; -- R:C G:C B:C
  3453 : 110011001100 ; -- R:C G:C B:C
  3454 : 110011001100 ; -- R:C G:C B:C
  3455 : 110011001100 ; -- R:C G:C B:C
  3456 : 110011001100 ; -- R:C G:C B:C
  3457 : 110011001100 ; -- R:C G:C B:C
  3458 : 110011001100 ; -- R:C G:C B:C
  3459 : 110011001100 ; -- R:C G:C B:C
  3460 : 110011001100 ; -- R:C G:C B:C
  3461 : 110011001100 ; -- R:C G:C B:C
  3462 : 110011001100 ; -- R:C G:C B:C
  3463 : 110011001100 ; -- R:C G:C B:C
  3464 : 110011001100 ; -- R:C G:C B:C
  3465 : 110011001100 ; -- R:C G:C B:C
  3466 : 110011001100 ; -- R:C G:C B:C
  3467 : 110011001100 ; -- R:C G:C B:C
  3468 : 110011001100 ; -- R:C G:C B:C
  3469 : 110011001100 ; -- R:C G:C B:C
  3470 : 101110111011 ; -- R:B G:B B:B
  3471 : 101010101010 ; -- R:A G:A B:A
  3472 : 101010101010 ; -- R:A G:A B:A
  3473 : 101010101001 ; -- R:A G:A B:9
  3474 : 100110011001 ; -- R:9 G:9 B:9
  3475 : 100110011000 ; -- R:9 G:9 B:8
  3476 : 100110011000 ; -- R:9 G:9 B:8
  3477 : 100010001000 ; -- R:8 G:8 B:8
  3478 : 100010000111 ; -- R:8 G:8 B:7
  3479 : 100001110111 ; -- R:8 G:7 B:7
  3480 : 100001110110 ; -- R:8 G:7 B:6
  3481 : 100001010100 ; -- R:8 G:5 B:4
  3482 : 011101000011 ; -- R:7 G:4 B:3
  3483 : 011001000011 ; -- R:6 G:4 B:3
  3484 : 011000110010 ; -- R:6 G:3 B:2
  3485 : 011001000011 ; -- R:6 G:4 B:3
  3486 : 011101000011 ; -- R:7 G:4 B:3
  3487 : 011101000011 ; -- R:7 G:4 B:3
  3488 : 011101010100 ; -- R:7 G:5 B:4
  3489 : 011101010100 ; -- R:7 G:5 B:4
  3490 : 011101010100 ; -- R:7 G:5 B:4
  3491 : 011101010100 ; -- R:7 G:5 B:4
  3492 : 011101000011 ; -- R:7 G:4 B:3
  3493 : 011001000011 ; -- R:6 G:4 B:3
  3494 : 011001000011 ; -- R:6 G:4 B:3
  3495 : 011001000011 ; -- R:6 G:4 B:3
  3496 : 011101010011 ; -- R:7 G:5 B:3
  3497 : 100001010100 ; -- R:8 G:5 B:4
  3498 : 100001100101 ; -- R:8 G:6 B:5
  3499 : 011001100101 ; -- R:6 G:6 B:5
  3500 : 100010000111 ; -- R:8 G:8 B:7
  3501 : 100010001000 ; -- R:8 G:8 B:8
  3502 : 100110011000 ; -- R:9 G:9 B:8
  3503 : 100110011001 ; -- R:9 G:9 B:9
  3504 : 100110011001 ; -- R:9 G:9 B:9
  3505 : 101010101001 ; -- R:A G:A B:9
  3506 : 101010101010 ; -- R:A G:A B:A
  3507 : 101010101010 ; -- R:A G:A B:A
  3508 : 101110111011 ; -- R:B G:B B:B
  3509 : 110011001100 ; -- R:C G:C B:C
  3510 : 110011001100 ; -- R:C G:C B:C
  3511 : 110011001100 ; -- R:C G:C B:C
  3512 : 110011001100 ; -- R:C G:C B:C
  3513 : 110011001100 ; -- R:C G:C B:C
  3514 : 110011001100 ; -- R:C G:C B:C
  3515 : 110011001100 ; -- R:C G:C B:C
  3516 : 110011001100 ; -- R:C G:C B:C
  3517 : 110011001100 ; -- R:C G:C B:C
  3518 : 110011001100 ; -- R:C G:C B:C
  3519 : 110011001100 ; -- R:C G:C B:C
  3520 : 110011001100 ; -- R:C G:C B:C
  3521 : 110011001100 ; -- R:C G:C B:C
  3522 : 110011001100 ; -- R:C G:C B:C
  3523 : 110011001100 ; -- R:C G:C B:C
  3524 : 110011001100 ; -- R:C G:C B:C
  3525 : 110011001100 ; -- R:C G:C B:C
  3526 : 110011001100 ; -- R:C G:C B:C
  3527 : 110011001100 ; -- R:C G:C B:C
  3528 : 110011001100 ; -- R:C G:C B:C
  3529 : 110011001100 ; -- R:C G:C B:C
  3530 : 110011001100 ; -- R:C G:C B:C
  3531 : 110011001100 ; -- R:C G:C B:C
  3532 : 110011001100 ; -- R:C G:C B:C
  3533 : 110011001100 ; -- R:C G:C B:C
  3534 : 101110111011 ; -- R:B G:B B:B
  3535 : 101010101010 ; -- R:A G:A B:A
  3536 : 101010101010 ; -- R:A G:A B:A
  3537 : 101010101001 ; -- R:A G:A B:9
  3538 : 100110011001 ; -- R:9 G:9 B:9
  3539 : 100110011001 ; -- R:9 G:9 B:9
  3540 : 100110011000 ; -- R:9 G:9 B:8
  3541 : 100010001000 ; -- R:8 G:8 B:8
  3542 : 100010000111 ; -- R:8 G:8 B:7
  3543 : 011101110111 ; -- R:7 G:7 B:7
  3544 : 011101100101 ; -- R:7 G:6 B:5
  3545 : 100001100100 ; -- R:8 G:6 B:4
  3546 : 011101010100 ; -- R:7 G:5 B:4
  3547 : 011101000011 ; -- R:7 G:4 B:3
  3548 : 011001000011 ; -- R:6 G:4 B:3
  3549 : 011000110010 ; -- R:6 G:3 B:2
  3550 : 010100110010 ; -- R:5 G:3 B:2
  3551 : 010100110010 ; -- R:5 G:3 B:2
  3552 : 011000110010 ; -- R:6 G:3 B:2
  3553 : 011000110010 ; -- R:6 G:3 B:2
  3554 : 011000110010 ; -- R:6 G:3 B:2
  3555 : 011000110010 ; -- R:6 G:3 B:2
  3556 : 011000110010 ; -- R:6 G:3 B:2
  3557 : 011001000011 ; -- R:6 G:4 B:3
  3558 : 011101000011 ; -- R:7 G:4 B:3
  3559 : 011101000011 ; -- R:7 G:4 B:3
  3560 : 100001010100 ; -- R:8 G:5 B:4
  3561 : 100001010100 ; -- R:8 G:5 B:4
  3562 : 100101110101 ; -- R:9 G:7 B:5
  3563 : 001100110010 ; -- R:3 G:3 B:2
  3564 : 001101000100 ; -- R:3 G:4 B:4
  3565 : 100110011000 ; -- R:9 G:9 B:8
  3566 : 100110011000 ; -- R:9 G:9 B:8
  3567 : 100110011001 ; -- R:9 G:9 B:9
  3568 : 100110011001 ; -- R:9 G:9 B:9
  3569 : 101010101001 ; -- R:A G:A B:9
  3570 : 101010101010 ; -- R:A G:A B:A
  3571 : 101010101010 ; -- R:A G:A B:A
  3572 : 101110111011 ; -- R:B G:B B:B
  3573 : 110011001100 ; -- R:C G:C B:C
  3574 : 110011001100 ; -- R:C G:C B:C
  3575 : 110011001100 ; -- R:C G:C B:C
  3576 : 110011001100 ; -- R:C G:C B:C
  3577 : 110011001100 ; -- R:C G:C B:C
  3578 : 110011001100 ; -- R:C G:C B:C
  3579 : 110011001100 ; -- R:C G:C B:C
  3580 : 110011001100 ; -- R:C G:C B:C
  3581 : 110011001100 ; -- R:C G:C B:C
  3582 : 110011001100 ; -- R:C G:C B:C
  3583 : 110011001100 ; -- R:C G:C B:C
  3584 : 110011001011 ; -- R:C G:C B:B
  3585 : 110011001100 ; -- R:C G:C B:C
  3586 : 110011001100 ; -- R:C G:C B:C
  3587 : 110011001100 ; -- R:C G:C B:C
  3588 : 110011001100 ; -- R:C G:C B:C
  3589 : 110011001100 ; -- R:C G:C B:C
  3590 : 110011001100 ; -- R:C G:C B:C
  3591 : 110011001100 ; -- R:C G:C B:C
  3592 : 110011001100 ; -- R:C G:C B:C
  3593 : 110011001100 ; -- R:C G:C B:C
  3594 : 110011001100 ; -- R:C G:C B:C
  3595 : 110011001100 ; -- R:C G:C B:C
  3596 : 110011001100 ; -- R:C G:C B:C
  3597 : 110011001100 ; -- R:C G:C B:C
  3598 : 101110111011 ; -- R:B G:B B:B
  3599 : 101010101010 ; -- R:A G:A B:A
  3600 : 101010101010 ; -- R:A G:A B:A
  3601 : 101010101001 ; -- R:A G:A B:9
  3602 : 100110011001 ; -- R:9 G:9 B:9
  3603 : 100110011001 ; -- R:9 G:9 B:9
  3604 : 100110011000 ; -- R:9 G:9 B:8
  3605 : 100010001000 ; -- R:8 G:8 B:8
  3606 : 100010000111 ; -- R:8 G:8 B:7
  3607 : 011001100110 ; -- R:6 G:6 B:6
  3608 : 010001000011 ; -- R:4 G:4 B:3
  3609 : 100001100101 ; -- R:8 G:6 B:5
  3610 : 100001010100 ; -- R:8 G:5 B:4
  3611 : 011101010011 ; -- R:7 G:5 B:3
  3612 : 011101000011 ; -- R:7 G:4 B:3
  3613 : 011101000011 ; -- R:7 G:4 B:3
  3614 : 011000110010 ; -- R:6 G:3 B:2
  3615 : 011000110010 ; -- R:6 G:3 B:2
  3616 : 011001000011 ; -- R:6 G:4 B:3
  3617 : 011001000011 ; -- R:6 G:4 B:3
  3618 : 011101000011 ; -- R:7 G:4 B:3
  3619 : 011001000011 ; -- R:6 G:4 B:3
  3620 : 011001000011 ; -- R:6 G:4 B:3
  3621 : 011101000011 ; -- R:7 G:4 B:3
  3622 : 011101000011 ; -- R:7 G:4 B:3
  3623 : 011101010100 ; -- R:7 G:5 B:4
  3624 : 100001010100 ; -- R:8 G:5 B:4
  3625 : 100001100100 ; -- R:8 G:6 B:4
  3626 : 100101110101 ; -- R:9 G:7 B:5
  3627 : 011001010100 ; -- R:6 G:5 B:4
  3628 : 000000000000 ; -- R:0 G:0 B:0
  3629 : 010101010101 ; -- R:5 G:5 B:5
  3630 : 100010001000 ; -- R:8 G:8 B:8
  3631 : 100110011001 ; -- R:9 G:9 B:9
  3632 : 100110011001 ; -- R:9 G:9 B:9
  3633 : 100110011001 ; -- R:9 G:9 B:9
  3634 : 101010101010 ; -- R:A G:A B:A
  3635 : 101010101010 ; -- R:A G:A B:A
  3636 : 101110111011 ; -- R:B G:B B:B
  3637 : 110011001100 ; -- R:C G:C B:C
  3638 : 110011001100 ; -- R:C G:C B:C
  3639 : 110011001100 ; -- R:C G:C B:C
  3640 : 110011001100 ; -- R:C G:C B:C
  3641 : 110011001100 ; -- R:C G:C B:C
  3642 : 110011001100 ; -- R:C G:C B:C
  3643 : 110011001100 ; -- R:C G:C B:C
  3644 : 110011001100 ; -- R:C G:C B:C
  3645 : 110011001100 ; -- R:C G:C B:C
  3646 : 110011001100 ; -- R:C G:C B:C
  3647 : 110011001100 ; -- R:C G:C B:C
  3648 : 110011001011 ; -- R:C G:C B:B
  3649 : 110011001100 ; -- R:C G:C B:C
  3650 : 110011001100 ; -- R:C G:C B:C
  3651 : 110011001100 ; -- R:C G:C B:C
  3652 : 110011001100 ; -- R:C G:C B:C
  3653 : 110011001100 ; -- R:C G:C B:C
  3654 : 110011001100 ; -- R:C G:C B:C
  3655 : 110011001100 ; -- R:C G:C B:C
  3656 : 110011001100 ; -- R:C G:C B:C
  3657 : 110011001100 ; -- R:C G:C B:C
  3658 : 110011001100 ; -- R:C G:C B:C
  3659 : 110011001100 ; -- R:C G:C B:C
  3660 : 110011001100 ; -- R:C G:C B:C
  3661 : 110011001100 ; -- R:C G:C B:C
  3662 : 101110111011 ; -- R:B G:B B:B
  3663 : 101010101010 ; -- R:A G:A B:A
  3664 : 101010101010 ; -- R:A G:A B:A
  3665 : 101010101001 ; -- R:A G:A B:9
  3666 : 100110011001 ; -- R:9 G:9 B:9
  3667 : 100110011001 ; -- R:9 G:9 B:9
  3668 : 100110001000 ; -- R:9 G:8 B:8
  3669 : 100010001000 ; -- R:8 G:8 B:8
  3670 : 100010001000 ; -- R:8 G:8 B:8
  3671 : 001101000100 ; -- R:3 G:4 B:4
  3672 : 010000110010 ; -- R:4 G:3 B:2
  3673 : 100101100101 ; -- R:9 G:6 B:5
  3674 : 100001010100 ; -- R:8 G:5 B:4
  3675 : 100001010100 ; -- R:8 G:5 B:4
  3676 : 011101010011 ; -- R:7 G:5 B:3
  3677 : 011101000011 ; -- R:7 G:4 B:3
  3678 : 011001000011 ; -- R:6 G:4 B:3
  3679 : 011001000011 ; -- R:6 G:4 B:3
  3680 : 011001000011 ; -- R:6 G:4 B:3
  3681 : 011101000011 ; -- R:7 G:4 B:3
  3682 : 011101000011 ; -- R:7 G:4 B:3
  3683 : 011001000011 ; -- R:6 G:4 B:3
  3684 : 011101000011 ; -- R:7 G:4 B:3
  3685 : 011101000011 ; -- R:7 G:4 B:3
  3686 : 011101010011 ; -- R:7 G:5 B:3
  3687 : 100001010100 ; -- R:8 G:5 B:4
  3688 : 100001100100 ; -- R:8 G:6 B:4
  3689 : 100001100100 ; -- R:8 G:6 B:4
  3690 : 100101110101 ; -- R:9 G:7 B:5
  3691 : 011101100101 ; -- R:7 G:6 B:5
  3692 : 000100010001 ; -- R:1 G:1 B:1
  3693 : 000000010001 ; -- R:0 G:1 B:1
  3694 : 001000100010 ; -- R:2 G:2 B:2
  3695 : 010001010101 ; -- R:4 G:5 B:5
  3696 : 100010001000 ; -- R:8 G:8 B:8
  3697 : 101010101010 ; -- R:A G:A B:A
  3698 : 101010101010 ; -- R:A G:A B:A
  3699 : 101010101010 ; -- R:A G:A B:A
  3700 : 101110111010 ; -- R:B G:B B:A
  3701 : 101110111011 ; -- R:B G:B B:B
  3702 : 110011001100 ; -- R:C G:C B:C
  3703 : 110011001100 ; -- R:C G:C B:C
  3704 : 110011001100 ; -- R:C G:C B:C
  3705 : 110011001100 ; -- R:C G:C B:C
  3706 : 110011001100 ; -- R:C G:C B:C
  3707 : 110011001100 ; -- R:C G:C B:C
  3708 : 110011001100 ; -- R:C G:C B:C
  3709 : 110011001100 ; -- R:C G:C B:C
  3710 : 110011001100 ; -- R:C G:C B:C
  3711 : 110011001100 ; -- R:C G:C B:C
  3712 : 110011001011 ; -- R:C G:C B:B
  3713 : 110011001011 ; -- R:C G:C B:B
  3714 : 110011001100 ; -- R:C G:C B:C
  3715 : 110011001100 ; -- R:C G:C B:C
  3716 : 110011001100 ; -- R:C G:C B:C
  3717 : 110011001100 ; -- R:C G:C B:C
  3718 : 110011001100 ; -- R:C G:C B:C
  3719 : 110011001100 ; -- R:C G:C B:C
  3720 : 110011001100 ; -- R:C G:C B:C
  3721 : 110011001100 ; -- R:C G:C B:C
  3722 : 110011001100 ; -- R:C G:C B:C
  3723 : 110011001100 ; -- R:C G:C B:C
  3724 : 110011001100 ; -- R:C G:C B:C
  3725 : 110011001100 ; -- R:C G:C B:C
  3726 : 101110111011 ; -- R:B G:B B:B
  3727 : 101010101010 ; -- R:A G:A B:A
  3728 : 101010101001 ; -- R:A G:A B:9
  3729 : 101010011001 ; -- R:A G:9 B:9
  3730 : 100110011001 ; -- R:9 G:9 B:9
  3731 : 100110011000 ; -- R:9 G:9 B:8
  3732 : 100110011000 ; -- R:9 G:9 B:8
  3733 : 100010000111 ; -- R:8 G:8 B:7
  3734 : 010001000100 ; -- R:4 G:4 B:4
  3735 : 000000000001 ; -- R:0 G:0 B:1
  3736 : 010000110010 ; -- R:4 G:3 B:2
  3737 : 100001100101 ; -- R:8 G:6 B:5
  3738 : 100001010100 ; -- R:8 G:5 B:4
  3739 : 100001010100 ; -- R:8 G:5 B:4
  3740 : 100001010100 ; -- R:8 G:5 B:4
  3741 : 011101010011 ; -- R:7 G:5 B:3
  3742 : 011101000011 ; -- R:7 G:4 B:3
  3743 : 011101000011 ; -- R:7 G:4 B:3
  3744 : 011001000011 ; -- R:6 G:4 B:3
  3745 : 011001000011 ; -- R:6 G:4 B:3
  3746 : 011001000011 ; -- R:6 G:4 B:3
  3747 : 011101000011 ; -- R:7 G:4 B:3
  3748 : 011101010011 ; -- R:7 G:5 B:3
  3749 : 011101010100 ; -- R:7 G:5 B:4
  3750 : 100001010100 ; -- R:8 G:5 B:4
  3751 : 100001100100 ; -- R:8 G:6 B:4
  3752 : 100001100101 ; -- R:8 G:6 B:5
  3753 : 100001100101 ; -- R:8 G:6 B:5
  3754 : 100101100101 ; -- R:9 G:6 B:5
  3755 : 011101100100 ; -- R:7 G:6 B:4
  3756 : 000100010001 ; -- R:1 G:1 B:1
  3757 : 000100010001 ; -- R:1 G:1 B:1
  3758 : 000000010001 ; -- R:0 G:1 B:1
  3759 : 000000010001 ; -- R:0 G:1 B:1
  3760 : 000100100010 ; -- R:1 G:2 B:2
  3761 : 010101010101 ; -- R:5 G:5 B:5
  3762 : 100110011001 ; -- R:9 G:9 B:9
  3763 : 101010101010 ; -- R:A G:A B:A
  3764 : 101110111011 ; -- R:B G:B B:B
  3765 : 110010111011 ; -- R:C G:B B:B
  3766 : 110011001100 ; -- R:C G:C B:C
  3767 : 110011001100 ; -- R:C G:C B:C
  3768 : 110011001100 ; -- R:C G:C B:C
  3769 : 110011001100 ; -- R:C G:C B:C
  3770 : 110011001100 ; -- R:C G:C B:C
  3771 : 110011001100 ; -- R:C G:C B:C
  3772 : 110011001100 ; -- R:C G:C B:C
  3773 : 110011001100 ; -- R:C G:C B:C
  3774 : 110011001100 ; -- R:C G:C B:C
  3775 : 110011001100 ; -- R:C G:C B:C
  3776 : 110011001100 ; -- R:C G:C B:C
  3777 : 110011001100 ; -- R:C G:C B:C
  3778 : 110011001100 ; -- R:C G:C B:C
  3779 : 110011001100 ; -- R:C G:C B:C
  3780 : 110011001100 ; -- R:C G:C B:C
  3781 : 110011001100 ; -- R:C G:C B:C
  3782 : 110011001100 ; -- R:C G:C B:C
  3783 : 110011001100 ; -- R:C G:C B:C
  3784 : 110011001100 ; -- R:C G:C B:C
  3785 : 110011001100 ; -- R:C G:C B:C
  3786 : 110011001100 ; -- R:C G:C B:C
  3787 : 110011001100 ; -- R:C G:C B:C
  3788 : 110011001100 ; -- R:C G:C B:C
  3789 : 110011001100 ; -- R:C G:C B:C
  3790 : 101110111011 ; -- R:B G:B B:B
  3791 : 101010101010 ; -- R:A G:A B:A
  3792 : 101010101001 ; -- R:A G:A B:9
  3793 : 100110011001 ; -- R:9 G:9 B:9
  3794 : 100110011001 ; -- R:9 G:9 B:9
  3795 : 100110011001 ; -- R:9 G:9 B:9
  3796 : 011101110110 ; -- R:7 G:7 B:6
  3797 : 001000100010 ; -- R:2 G:2 B:2
  3798 : 000000000000 ; -- R:0 G:0 B:0
  3799 : 000000000001 ; -- R:0 G:0 B:1
  3800 : 001000100001 ; -- R:2 G:2 B:1
  3801 : 100001100100 ; -- R:8 G:6 B:4
  3802 : 100001010100 ; -- R:8 G:5 B:4
  3803 : 100001100100 ; -- R:8 G:6 B:4
  3804 : 100001010100 ; -- R:8 G:5 B:4
  3805 : 100001010100 ; -- R:8 G:5 B:4
  3806 : 011101010011 ; -- R:7 G:5 B:3
  3807 : 011101000011 ; -- R:7 G:4 B:3
  3808 : 011101000011 ; -- R:7 G:4 B:3
  3809 : 011101000011 ; -- R:7 G:4 B:3
  3810 : 011101010011 ; -- R:7 G:5 B:3
  3811 : 011101010100 ; -- R:7 G:5 B:4
  3812 : 011101010100 ; -- R:7 G:5 B:4
  3813 : 100001100100 ; -- R:8 G:6 B:4
  3814 : 100001100101 ; -- R:8 G:6 B:5
  3815 : 100001100101 ; -- R:8 G:6 B:5
  3816 : 100001100101 ; -- R:8 G:6 B:5
  3817 : 100001100101 ; -- R:8 G:6 B:5
  3818 : 100101100101 ; -- R:9 G:6 B:5
  3819 : 011001010100 ; -- R:6 G:5 B:4
  3820 : 000000000001 ; -- R:0 G:0 B:1
  3821 : 000000010001 ; -- R:0 G:1 B:1
  3822 : 000100010001 ; -- R:1 G:1 B:1
  3823 : 000100010001 ; -- R:1 G:1 B:1
  3824 : 000100010001 ; -- R:1 G:1 B:1
  3825 : 000100010001 ; -- R:1 G:1 B:1
  3826 : 000100100010 ; -- R:1 G:2 B:2
  3827 : 010001000101 ; -- R:4 G:4 B:5
  3828 : 100010001000 ; -- R:8 G:8 B:8
  3829 : 101110111011 ; -- R:B G:B B:B
  3830 : 110011001100 ; -- R:C G:C B:C
  3831 : 110111011101 ; -- R:D G:D B:D
  3832 : 110111011101 ; -- R:D G:D B:D
  3833 : 110011001100 ; -- R:C G:C B:C
  3834 : 110011001100 ; -- R:C G:C B:C
  3835 : 110011001100 ; -- R:C G:C B:C
  3836 : 110011001100 ; -- R:C G:C B:C
  3837 : 110011001100 ; -- R:C G:C B:C
  3838 : 110011001100 ; -- R:C G:C B:C
  3839 : 110011001100 ; -- R:C G:C B:C
  3840 : 110011001100 ; -- R:C G:C B:C
  3841 : 110011001100 ; -- R:C G:C B:C
  3842 : 110011001100 ; -- R:C G:C B:C
  3843 : 110011001100 ; -- R:C G:C B:C
  3844 : 110011001100 ; -- R:C G:C B:C
  3845 : 110011001100 ; -- R:C G:C B:C
  3846 : 110011001100 ; -- R:C G:C B:C
  3847 : 110011001100 ; -- R:C G:C B:C
  3848 : 110011001100 ; -- R:C G:C B:C
  3849 : 110011001100 ; -- R:C G:C B:C
  3850 : 110011001100 ; -- R:C G:C B:C
  3851 : 110011001100 ; -- R:C G:C B:C
  3852 : 110011001100 ; -- R:C G:C B:C
  3853 : 101110111011 ; -- R:B G:B B:B
  3854 : 101110111010 ; -- R:B G:B B:A
  3855 : 101010101010 ; -- R:A G:A B:A
  3856 : 101010101010 ; -- R:A G:A B:A
  3857 : 100110011001 ; -- R:9 G:9 B:9
  3858 : 011101110111 ; -- R:7 G:7 B:7
  3859 : 010001000100 ; -- R:4 G:4 B:4
  3860 : 000100010001 ; -- R:1 G:1 B:1
  3861 : 000000000000 ; -- R:0 G:0 B:0
  3862 : 000000010001 ; -- R:0 G:1 B:1
  3863 : 000000010001 ; -- R:0 G:1 B:1
  3864 : 000000000000 ; -- R:0 G:0 B:0
  3865 : 011001000011 ; -- R:6 G:4 B:3
  3866 : 100001010100 ; -- R:8 G:5 B:4
  3867 : 100001100100 ; -- R:8 G:6 B:4
  3868 : 100001100100 ; -- R:8 G:6 B:4
  3869 : 100001100100 ; -- R:8 G:6 B:4
  3870 : 100001010100 ; -- R:8 G:5 B:4
  3871 : 100001010100 ; -- R:8 G:5 B:4
  3872 : 100001010100 ; -- R:8 G:5 B:4
  3873 : 100001010100 ; -- R:8 G:5 B:4
  3874 : 100001010100 ; -- R:8 G:5 B:4
  3875 : 100001100100 ; -- R:8 G:6 B:4
  3876 : 100001100100 ; -- R:8 G:6 B:4
  3877 : 100001100100 ; -- R:8 G:6 B:4
  3878 : 100001100101 ; -- R:8 G:6 B:5
  3879 : 100001110101 ; -- R:8 G:7 B:5
  3880 : 100001100101 ; -- R:8 G:6 B:5
  3881 : 100001100101 ; -- R:8 G:6 B:5
  3882 : 100001100101 ; -- R:8 G:6 B:5
  3883 : 010001000011 ; -- R:4 G:4 B:3
  3884 : 000000000000 ; -- R:0 G:0 B:0
  3885 : 000000010001 ; -- R:0 G:1 B:1
  3886 : 000000010001 ; -- R:0 G:1 B:1
  3887 : 000100010001 ; -- R:1 G:1 B:1
  3888 : 000100010001 ; -- R:1 G:1 B:1
  3889 : 000100010010 ; -- R:1 G:1 B:2
  3890 : 000100010001 ; -- R:1 G:1 B:1
  3891 : 000000010001 ; -- R:0 G:1 B:1
  3892 : 000100100010 ; -- R:1 G:2 B:2
  3893 : 001100110100 ; -- R:3 G:3 B:4
  3894 : 011001100110 ; -- R:6 G:6 B:6
  3895 : 100110011001 ; -- R:9 G:9 B:9
  3896 : 101110111011 ; -- R:B G:B B:B
  3897 : 110111011101 ; -- R:D G:D B:D
  3898 : 110111011101 ; -- R:D G:D B:D
  3899 : 110111011101 ; -- R:D G:D B:D
  3900 : 110111011101 ; -- R:D G:D B:D
  3901 : 110011001100 ; -- R:C G:C B:C
  3902 : 110011001100 ; -- R:C G:C B:C
  3903 : 110011001100 ; -- R:C G:C B:C
  3904 : 110011001100 ; -- R:C G:C B:C
  3905 : 110011001100 ; -- R:C G:C B:C
  3906 : 110011001100 ; -- R:C G:C B:C
  3907 : 110011001100 ; -- R:C G:C B:C
  3908 : 110011001100 ; -- R:C G:C B:C
  3909 : 110011001100 ; -- R:C G:C B:C
  3910 : 110011001100 ; -- R:C G:C B:C
  3911 : 110011001100 ; -- R:C G:C B:C
  3912 : 110011001100 ; -- R:C G:C B:C
  3913 : 110011001100 ; -- R:C G:C B:C
  3914 : 110011001100 ; -- R:C G:C B:C
  3915 : 110011001100 ; -- R:C G:C B:C
  3916 : 110011001100 ; -- R:C G:C B:C
  3917 : 110011001011 ; -- R:C G:C B:B
  3918 : 101110111011 ; -- R:B G:B B:B
  3919 : 101010101001 ; -- R:A G:A B:9
  3920 : 011001110111 ; -- R:6 G:7 B:7
  3921 : 001100110011 ; -- R:3 G:3 B:3
  3922 : 000100010001 ; -- R:1 G:1 B:1
  3923 : 000000000001 ; -- R:0 G:0 B:1
  3924 : 000000010001 ; -- R:0 G:1 B:1
  3925 : 000000010001 ; -- R:0 G:1 B:1
  3926 : 000000000001 ; -- R:0 G:0 B:1
  3927 : 000000000001 ; -- R:0 G:0 B:1
  3928 : 000000000000 ; -- R:0 G:0 B:0
  3929 : 001100100001 ; -- R:3 G:2 B:1
  3930 : 100001010100 ; -- R:8 G:5 B:4
  3931 : 100001010100 ; -- R:8 G:5 B:4
  3932 : 100001100100 ; -- R:8 G:6 B:4
  3933 : 100001100100 ; -- R:8 G:6 B:4
  3934 : 100001100100 ; -- R:8 G:6 B:4
  3935 : 100001100100 ; -- R:8 G:6 B:4
  3936 : 100001100100 ; -- R:8 G:6 B:4
  3937 : 100001100100 ; -- R:8 G:6 B:4
  3938 : 100001100100 ; -- R:8 G:6 B:4
  3939 : 100001100101 ; -- R:8 G:6 B:5
  3940 : 100001100100 ; -- R:8 G:6 B:4
  3941 : 100001100100 ; -- R:8 G:6 B:4
  3942 : 100001100101 ; -- R:8 G:6 B:5
  3943 : 100101110101 ; -- R:9 G:7 B:5
  3944 : 100001100101 ; -- R:8 G:6 B:5
  3945 : 100001100101 ; -- R:8 G:6 B:5
  3946 : 100001100101 ; -- R:8 G:6 B:5
  3947 : 001000100001 ; -- R:2 G:2 B:1
  3948 : 000000000000 ; -- R:0 G:0 B:0
  3949 : 000000010001 ; -- R:0 G:1 B:1
  3950 : 000000010001 ; -- R:0 G:1 B:1
  3951 : 000000010001 ; -- R:0 G:1 B:1
  3952 : 000100010001 ; -- R:1 G:1 B:1
  3953 : 000100010001 ; -- R:1 G:1 B:1
  3954 : 000100010001 ; -- R:1 G:1 B:1
  3955 : 000100010010 ; -- R:1 G:1 B:2
  3956 : 000100100010 ; -- R:1 G:2 B:2
  3957 : 000100100010 ; -- R:1 G:2 B:2
  3958 : 000100100011 ; -- R:1 G:2 B:3
  3959 : 001000100011 ; -- R:2 G:2 B:3
  3960 : 001100110100 ; -- R:3 G:3 B:4
  3961 : 010001010101 ; -- R:4 G:5 B:5
  3962 : 011101111000 ; -- R:7 G:7 B:8
  3963 : 100110101010 ; -- R:9 G:A B:A
  3964 : 110011001100 ; -- R:C G:C B:C
  3965 : 110111011101 ; -- R:D G:D B:D
  3966 : 110111011101 ; -- R:D G:D B:D
  3967 : 110111011101 ; -- R:D G:D B:D
  3968 : 110011001100 ; -- R:C G:C B:C
  3969 : 110011001100 ; -- R:C G:C B:C
  3970 : 110011001100 ; -- R:C G:C B:C
  3971 : 110011001100 ; -- R:C G:C B:C
  3972 : 110011001100 ; -- R:C G:C B:C
  3973 : 110011001100 ; -- R:C G:C B:C
  3974 : 110011001100 ; -- R:C G:C B:C
  3975 : 110011001100 ; -- R:C G:C B:C
  3976 : 110011001100 ; -- R:C G:C B:C
  3977 : 110011001100 ; -- R:C G:C B:C
  3978 : 110011001100 ; -- R:C G:C B:C
  3979 : 110011001100 ; -- R:C G:C B:C
  3980 : 110011001100 ; -- R:C G:C B:C
  3981 : 101110111011 ; -- R:B G:B B:B
  3982 : 011001110111 ; -- R:6 G:7 B:7
  3983 : 001000110011 ; -- R:2 G:3 B:3
  3984 : 000000010001 ; -- R:0 G:1 B:1
  3985 : 000000010001 ; -- R:0 G:1 B:1
  3986 : 000100010001 ; -- R:1 G:1 B:1
  3987 : 000100010001 ; -- R:1 G:1 B:1
  3988 : 000100010001 ; -- R:1 G:1 B:1
  3989 : 000000010001 ; -- R:0 G:1 B:1
  3990 : 000000000001 ; -- R:0 G:0 B:1
  3991 : 000000000000 ; -- R:0 G:0 B:0
  3992 : 000000000000 ; -- R:0 G:0 B:0
  3993 : 000000000000 ; -- R:0 G:0 B:0
  3994 : 011001000011 ; -- R:6 G:4 B:3
  3995 : 100001010100 ; -- R:8 G:5 B:4
  3996 : 100001100100 ; -- R:8 G:6 B:4
  3997 : 100001100100 ; -- R:8 G:6 B:4
  3998 : 100001100100 ; -- R:8 G:6 B:4
  3999 : 100001010100 ; -- R:8 G:5 B:4
  4000 : 100001100100 ; -- R:8 G:6 B:4
  4001 : 100001100100 ; -- R:8 G:6 B:4
  4002 : 100001100101 ; -- R:8 G:6 B:5
  4003 : 100001100100 ; -- R:8 G:6 B:4
  4004 : 100001100100 ; -- R:8 G:6 B:4
  4005 : 100001100101 ; -- R:8 G:6 B:5
  4006 : 100001100101 ; -- R:8 G:6 B:5
  4007 : 100001100101 ; -- R:8 G:6 B:5
  4008 : 100001100100 ; -- R:8 G:6 B:4
  4009 : 100001100101 ; -- R:8 G:6 B:5
  4010 : 010101000011 ; -- R:5 G:4 B:3
  4011 : 000000000000 ; -- R:0 G:0 B:0
  4012 : 000000010001 ; -- R:0 G:1 B:1
  4013 : 000000000001 ; -- R:0 G:0 B:1
  4014 : 000000010001 ; -- R:0 G:1 B:1
  4015 : 000000010001 ; -- R:0 G:1 B:1
  4016 : 000100010001 ; -- R:1 G:1 B:1
  4017 : 000100010001 ; -- R:1 G:1 B:1
  4018 : 000100010001 ; -- R:1 G:1 B:1
  4019 : 000100010010 ; -- R:1 G:1 B:2
  4020 : 000100100010 ; -- R:1 G:2 B:2
  4021 : 000100100010 ; -- R:1 G:2 B:2
  4022 : 001000100011 ; -- R:2 G:2 B:3
  4023 : 001000110011 ; -- R:2 G:3 B:3
  4024 : 001000110011 ; -- R:2 G:3 B:3
  4025 : 001000100011 ; -- R:2 G:2 B:3
  4026 : 000100100011 ; -- R:1 G:2 B:3
  4027 : 001000110011 ; -- R:2 G:3 B:3
  4028 : 001101000100 ; -- R:3 G:4 B:4
  4029 : 010101100110 ; -- R:5 G:6 B:6
  4030 : 100010001000 ; -- R:8 G:8 B:8
  4031 : 101010111011 ; -- R:A G:B B:B
  4032 : 110011001100 ; -- R:C G:C B:C
  4033 : 110011001100 ; -- R:C G:C B:C
  4034 : 110011001100 ; -- R:C G:C B:C
  4035 : 110011001100 ; -- R:C G:C B:C
  4036 : 110011001100 ; -- R:C G:C B:C
  4037 : 110011001100 ; -- R:C G:C B:C
  4038 : 110011001100 ; -- R:C G:C B:C
  4039 : 110011001100 ; -- R:C G:C B:C
  4040 : 110011001100 ; -- R:C G:C B:C
  4041 : 110011001100 ; -- R:C G:C B:C
  4042 : 110011001100 ; -- R:C G:C B:C
  4043 : 101110111011 ; -- R:B G:B B:B
  4044 : 011101111000 ; -- R:7 G:7 B:8
  4045 : 001101000100 ; -- R:3 G:4 B:4
  4046 : 000100100010 ; -- R:1 G:2 B:2
  4047 : 000100010010 ; -- R:1 G:1 B:2
  4048 : 000100010001 ; -- R:1 G:1 B:1
  4049 : 000100010001 ; -- R:1 G:1 B:1
  4050 : 000100010001 ; -- R:1 G:1 B:1
  4051 : 000000010001 ; -- R:0 G:1 B:1
  4052 : 000100010001 ; -- R:1 G:1 B:1
  4053 : 000000010001 ; -- R:0 G:1 B:1
  4054 : 000000000001 ; -- R:0 G:0 B:1
  4055 : 000000000000 ; -- R:0 G:0 B:0
  4056 : 000000000000 ; -- R:0 G:0 B:0
  4057 : 000000000000 ; -- R:0 G:0 B:0
  4058 : 001000010001 ; -- R:2 G:1 B:1
  4059 : 011101010100 ; -- R:7 G:5 B:4
  4060 : 100001100100 ; -- R:8 G:6 B:4
  4061 : 100001100100 ; -- R:8 G:6 B:4
  4062 : 100001100100 ; -- R:8 G:6 B:4
  4063 : 100001010100 ; -- R:8 G:5 B:4
  4064 : 011101010100 ; -- R:7 G:5 B:4
  4065 : 100001010100 ; -- R:8 G:5 B:4
  4066 : 100001010100 ; -- R:8 G:5 B:4
  4067 : 100001010100 ; -- R:8 G:5 B:4
  4068 : 100001100100 ; -- R:8 G:6 B:4
  4069 : 100001100101 ; -- R:8 G:6 B:5
  4070 : 100001100101 ; -- R:8 G:6 B:5
  4071 : 100001100101 ; -- R:8 G:6 B:5
  4072 : 100001100100 ; -- R:8 G:6 B:4
  4073 : 011101010100 ; -- R:7 G:5 B:4
  4074 : 001000100010 ; -- R:2 G:2 B:2
  4075 : 000000000000 ; -- R:0 G:0 B:0
  4076 : 000000000001 ; -- R:0 G:0 B:1
  4077 : 000000000001 ; -- R:0 G:0 B:1
  4078 : 000000000001 ; -- R:0 G:0 B:1
  4079 : 000000010001 ; -- R:0 G:1 B:1
  4080 : 000000010001 ; -- R:0 G:1 B:1
  4081 : 000100010001 ; -- R:1 G:1 B:1
  4082 : 000100010001 ; -- R:1 G:1 B:1
  4083 : 000100010010 ; -- R:1 G:1 B:2
  4084 : 000100100010 ; -- R:1 G:2 B:2
  4085 : 001000100011 ; -- R:2 G:2 B:3
  4086 : 001000100011 ; -- R:2 G:2 B:3
  4087 : 001000110011 ; -- R:2 G:3 B:3
  4088 : 001000110011 ; -- R:2 G:3 B:3
  4089 : 001000110100 ; -- R:2 G:3 B:4
  4090 : 001000110100 ; -- R:2 G:3 B:4
  4091 : 001000110100 ; -- R:2 G:3 B:4
  4092 : 001000110011 ; -- R:2 G:3 B:3
  4093 : 001000100011 ; -- R:2 G:2 B:3
  4094 : 001000100011 ; -- R:2 G:2 B:3
  4095 : 001100110100 ; -- R:3 G:3 B:4
End;
