Depth = 4096;
Width = 12;
Address_radix = dec;
Data_radix = bin;
Content
Begin
  0 : 000000000000 ; -- R:0 G:0 B:0
  1 : 000000000000 ; -- R:0 G:0 B:0
  2 : 000000000000 ; -- R:0 G:0 B:0
  3 : 000000000000 ; -- R:0 G:0 B:0
  4 : 000000000000 ; -- R:0 G:0 B:0
  5 : 000000000000 ; -- R:0 G:0 B:0
  6 : 000000000000 ; -- R:0 G:0 B:0
  7 : 000000000000 ; -- R:0 G:0 B:0
  8 : 000000000000 ; -- R:0 G:0 B:0
  9 : 000000000000 ; -- R:0 G:0 B:0
  10 : 000000000000 ; -- R:0 G:0 B:0
  11 : 000000000000 ; -- R:0 G:0 B:0
  12 : 000000000000 ; -- R:0 G:0 B:0
  13 : 000000000000 ; -- R:0 G:0 B:0
  14 : 000000000000 ; -- R:0 G:0 B:0
  15 : 000000000000 ; -- R:0 G:0 B:0
  16 : 000000000000 ; -- R:0 G:0 B:0
  17 : 000000000000 ; -- R:0 G:0 B:0
  18 : 000000000000 ; -- R:0 G:0 B:0
  19 : 000000000000 ; -- R:0 G:0 B:0
  20 : 000000000000 ; -- R:0 G:0 B:0
  21 : 000000000000 ; -- R:0 G:0 B:0
  22 : 000000000000 ; -- R:0 G:0 B:0
  23 : 000000000000 ; -- R:0 G:0 B:0
  24 : 000000000000 ; -- R:0 G:0 B:0
  25 : 000000000000 ; -- R:0 G:0 B:0
  26 : 000000000000 ; -- R:0 G:0 B:0
  27 : 000000000000 ; -- R:0 G:0 B:0
  28 : 000000000000 ; -- R:0 G:0 B:0
  29 : 000000000000 ; -- R:0 G:0 B:0
  30 : 000000000000 ; -- R:0 G:0 B:0
  31 : 000000000000 ; -- R:0 G:0 B:0
  32 : 000000000000 ; -- R:0 G:0 B:0
  33 : 000000000000 ; -- R:0 G:0 B:0
  34 : 000000000000 ; -- R:0 G:0 B:0
  35 : 000000000000 ; -- R:0 G:0 B:0
  36 : 000000000000 ; -- R:0 G:0 B:0
  37 : 000000000000 ; -- R:0 G:0 B:0
  38 : 000000000000 ; -- R:0 G:0 B:0
  39 : 000000000000 ; -- R:0 G:0 B:0
  40 : 000000000000 ; -- R:0 G:0 B:0
  41 : 000000000000 ; -- R:0 G:0 B:0
  42 : 000000000000 ; -- R:0 G:0 B:0
  43 : 000000000000 ; -- R:0 G:0 B:0
  44 : 000000000000 ; -- R:0 G:0 B:0
  45 : 000000000000 ; -- R:0 G:0 B:0
  46 : 000000000000 ; -- R:0 G:0 B:0
  47 : 000000000000 ; -- R:0 G:0 B:0
  48 : 000000000000 ; -- R:0 G:0 B:0
  49 : 000000000000 ; -- R:0 G:0 B:0
  50 : 000000000000 ; -- R:0 G:0 B:0
  51 : 000000000000 ; -- R:0 G:0 B:0
  52 : 000000000000 ; -- R:0 G:0 B:0
  53 : 000000000000 ; -- R:0 G:0 B:0
  54 : 000000000000 ; -- R:0 G:0 B:0
  55 : 000000000000 ; -- R:0 G:0 B:0
  56 : 000000000000 ; -- R:0 G:0 B:0
  57 : 000000000000 ; -- R:0 G:0 B:0
  58 : 000000000000 ; -- R:0 G:0 B:0
  59 : 000000000000 ; -- R:0 G:0 B:0
  60 : 000000000000 ; -- R:0 G:0 B:0
  61 : 000000000000 ; -- R:0 G:0 B:0
  62 : 000000000000 ; -- R:0 G:0 B:0
  63 : 000000000000 ; -- R:0 G:0 B:0
  64 : 000000000000 ; -- R:0 G:0 B:0
  65 : 000000000000 ; -- R:0 G:0 B:0
  66 : 000000000000 ; -- R:0 G:0 B:0
  67 : 000000000000 ; -- R:0 G:0 B:0
  68 : 000000000000 ; -- R:0 G:0 B:0
  69 : 000000000000 ; -- R:0 G:0 B:0
  70 : 000000000000 ; -- R:0 G:0 B:0
  71 : 000000000000 ; -- R:0 G:0 B:0
  72 : 000000000000 ; -- R:0 G:0 B:0
  73 : 000000000000 ; -- R:0 G:0 B:0
  74 : 000000000000 ; -- R:0 G:0 B:0
  75 : 000000000000 ; -- R:0 G:0 B:0
  76 : 000000000000 ; -- R:0 G:0 B:0
  77 : 000000000000 ; -- R:0 G:0 B:0
  78 : 000000000000 ; -- R:0 G:0 B:0
  79 : 000000000000 ; -- R:0 G:0 B:0
  80 : 000000000000 ; -- R:0 G:0 B:0
  81 : 000000000000 ; -- R:0 G:0 B:0
  82 : 000000000000 ; -- R:0 G:0 B:0
  83 : 000000000000 ; -- R:0 G:0 B:0
  84 : 000000000000 ; -- R:0 G:0 B:0
  85 : 000000000000 ; -- R:0 G:0 B:0
  86 : 000000000000 ; -- R:0 G:0 B:0
  87 : 000000000000 ; -- R:0 G:0 B:0
  88 : 000000000000 ; -- R:0 G:0 B:0
  89 : 000000000000 ; -- R:0 G:0 B:0
  90 : 000000000000 ; -- R:0 G:0 B:0
  91 : 000000000000 ; -- R:0 G:0 B:0
  92 : 000000000000 ; -- R:0 G:0 B:0
  93 : 000000000000 ; -- R:0 G:0 B:0
  94 : 000000000000 ; -- R:0 G:0 B:0
  95 : 000000000000 ; -- R:0 G:0 B:0
  96 : 000000000000 ; -- R:0 G:0 B:0
  97 : 000000000000 ; -- R:0 G:0 B:0
  98 : 000000000000 ; -- R:0 G:0 B:0
  99 : 000000000000 ; -- R:0 G:0 B:0
  100 : 000000000000 ; -- R:0 G:0 B:0
  101 : 000000000000 ; -- R:0 G:0 B:0
  102 : 000000000000 ; -- R:0 G:0 B:0
  103 : 000000000000 ; -- R:0 G:0 B:0
  104 : 000000000000 ; -- R:0 G:0 B:0
  105 : 000000000000 ; -- R:0 G:0 B:0
  106 : 000000000000 ; -- R:0 G:0 B:0
  107 : 000000000000 ; -- R:0 G:0 B:0
  108 : 000000000000 ; -- R:0 G:0 B:0
  109 : 000000000000 ; -- R:0 G:0 B:0
  110 : 000000000000 ; -- R:0 G:0 B:0
  111 : 000000000000 ; -- R:0 G:0 B:0
  112 : 000000000000 ; -- R:0 G:0 B:0
  113 : 000000000000 ; -- R:0 G:0 B:0
  114 : 000000000000 ; -- R:0 G:0 B:0
  115 : 000000000000 ; -- R:0 G:0 B:0
  116 : 000000000000 ; -- R:0 G:0 B:0
  117 : 000000000000 ; -- R:0 G:0 B:0
  118 : 000000000000 ; -- R:0 G:0 B:0
  119 : 000000000000 ; -- R:0 G:0 B:0
  120 : 000000000000 ; -- R:0 G:0 B:0
  121 : 000000000000 ; -- R:0 G:0 B:0
  122 : 000000000000 ; -- R:0 G:0 B:0
  123 : 000000000000 ; -- R:0 G:0 B:0
  124 : 000000000000 ; -- R:0 G:0 B:0
  125 : 000000000000 ; -- R:0 G:0 B:0
  126 : 000000000000 ; -- R:0 G:0 B:0
  127 : 000000000000 ; -- R:0 G:0 B:0
  128 : 000000000000 ; -- R:0 G:0 B:0
  129 : 000000000000 ; -- R:0 G:0 B:0
  130 : 000000000000 ; -- R:0 G:0 B:0
  131 : 000000000000 ; -- R:0 G:0 B:0
  132 : 000000000000 ; -- R:0 G:0 B:0
  133 : 000000000000 ; -- R:0 G:0 B:0
  134 : 000000000000 ; -- R:0 G:0 B:0
  135 : 000000000000 ; -- R:0 G:0 B:0
  136 : 000000000000 ; -- R:0 G:0 B:0
  137 : 000000000000 ; -- R:0 G:0 B:0
  138 : 000000000000 ; -- R:0 G:0 B:0
  139 : 000000000000 ; -- R:0 G:0 B:0
  140 : 000000000000 ; -- R:0 G:0 B:0
  141 : 000000000000 ; -- R:0 G:0 B:0
  142 : 000000000000 ; -- R:0 G:0 B:0
  143 : 000000000000 ; -- R:0 G:0 B:0
  144 : 000000000000 ; -- R:0 G:0 B:0
  145 : 000000000000 ; -- R:0 G:0 B:0
  146 : 000000000000 ; -- R:0 G:0 B:0
  147 : 000000000000 ; -- R:0 G:0 B:0
  148 : 000000000000 ; -- R:0 G:0 B:0
  149 : 000000000000 ; -- R:0 G:0 B:0
  150 : 000000000000 ; -- R:0 G:0 B:0
  151 : 000000000000 ; -- R:0 G:0 B:0
  152 : 000000000000 ; -- R:0 G:0 B:0
  153 : 000000000000 ; -- R:0 G:0 B:0
  154 : 000000000000 ; -- R:0 G:0 B:0
  155 : 000000000000 ; -- R:0 G:0 B:0
  156 : 000000000000 ; -- R:0 G:0 B:0
  157 : 000000000000 ; -- R:0 G:0 B:0
  158 : 000000000000 ; -- R:0 G:0 B:0
  159 : 000000000000 ; -- R:0 G:0 B:0
  160 : 000000000000 ; -- R:0 G:0 B:0
  161 : 000000000000 ; -- R:0 G:0 B:0
  162 : 000000000000 ; -- R:0 G:0 B:0
  163 : 000000000000 ; -- R:0 G:0 B:0
  164 : 000000000000 ; -- R:0 G:0 B:0
  165 : 000000000000 ; -- R:0 G:0 B:0
  166 : 000000000000 ; -- R:0 G:0 B:0
  167 : 000000000000 ; -- R:0 G:0 B:0
  168 : 000000000000 ; -- R:0 G:0 B:0
  169 : 000000000000 ; -- R:0 G:0 B:0
  170 : 000000000000 ; -- R:0 G:0 B:0
  171 : 000000000000 ; -- R:0 G:0 B:0
  172 : 000000000000 ; -- R:0 G:0 B:0
  173 : 000000000000 ; -- R:0 G:0 B:0
  174 : 000000000000 ; -- R:0 G:0 B:0
  175 : 000000000000 ; -- R:0 G:0 B:0
  176 : 000000000000 ; -- R:0 G:0 B:0
  177 : 000000000000 ; -- R:0 G:0 B:0
  178 : 000000000000 ; -- R:0 G:0 B:0
  179 : 000000000000 ; -- R:0 G:0 B:0
  180 : 000000000000 ; -- R:0 G:0 B:0
  181 : 000000000000 ; -- R:0 G:0 B:0
  182 : 000000000000 ; -- R:0 G:0 B:0
  183 : 000000000000 ; -- R:0 G:0 B:0
  184 : 000000000000 ; -- R:0 G:0 B:0
  185 : 000000000000 ; -- R:0 G:0 B:0
  186 : 000000000000 ; -- R:0 G:0 B:0
  187 : 000000000000 ; -- R:0 G:0 B:0
  188 : 000000000000 ; -- R:0 G:0 B:0
  189 : 000000000000 ; -- R:0 G:0 B:0
  190 : 000000000000 ; -- R:0 G:0 B:0
  191 : 000000000000 ; -- R:0 G:0 B:0
  192 : 000000000000 ; -- R:0 G:0 B:0
  193 : 000000000000 ; -- R:0 G:0 B:0
  194 : 000000000000 ; -- R:0 G:0 B:0
  195 : 000000000000 ; -- R:0 G:0 B:0
  196 : 000000000000 ; -- R:0 G:0 B:0
  197 : 000000000000 ; -- R:0 G:0 B:0
  198 : 000000000000 ; -- R:0 G:0 B:0
  199 : 000000000000 ; -- R:0 G:0 B:0
  200 : 000000000000 ; -- R:0 G:0 B:0
  201 : 010101010101 ; -- R:5 G:5 B:5
  202 : 110011001100 ; -- R:C G:C B:C
  203 : 110011001100 ; -- R:C G:C B:C
  204 : 100110011001 ; -- R:9 G:9 B:9
  205 : 000000000000 ; -- R:0 G:0 B:0
  206 : 000000000000 ; -- R:0 G:0 B:0
  207 : 000000000000 ; -- R:0 G:0 B:0
  208 : 000000000000 ; -- R:0 G:0 B:0
  209 : 000000000000 ; -- R:0 G:0 B:0
  210 : 000000000000 ; -- R:0 G:0 B:0
  211 : 000000000000 ; -- R:0 G:0 B:0
  212 : 000000000000 ; -- R:0 G:0 B:0
  213 : 000000000000 ; -- R:0 G:0 B:0
  214 : 000000000000 ; -- R:0 G:0 B:0
  215 : 000000000000 ; -- R:0 G:0 B:0
  216 : 000000000000 ; -- R:0 G:0 B:0
  217 : 000000000000 ; -- R:0 G:0 B:0
  218 : 000000000000 ; -- R:0 G:0 B:0
  219 : 000000000000 ; -- R:0 G:0 B:0
  220 : 000000000000 ; -- R:0 G:0 B:0
  221 : 000000000000 ; -- R:0 G:0 B:0
  222 : 000000000000 ; -- R:0 G:0 B:0
  223 : 000000000000 ; -- R:0 G:0 B:0
  224 : 000000000000 ; -- R:0 G:0 B:0
  225 : 000000000000 ; -- R:0 G:0 B:0
  226 : 000000000000 ; -- R:0 G:0 B:0
  227 : 000000000000 ; -- R:0 G:0 B:0
  228 : 000000000000 ; -- R:0 G:0 B:0
  229 : 000000000000 ; -- R:0 G:0 B:0
  230 : 000000000000 ; -- R:0 G:0 B:0
  231 : 000000000000 ; -- R:0 G:0 B:0
  232 : 000000000000 ; -- R:0 G:0 B:0
  233 : 000000000000 ; -- R:0 G:0 B:0
  234 : 000000000000 ; -- R:0 G:0 B:0
  235 : 000000000000 ; -- R:0 G:0 B:0
  236 : 000000000000 ; -- R:0 G:0 B:0
  237 : 000000000000 ; -- R:0 G:0 B:0
  238 : 000000000000 ; -- R:0 G:0 B:0
  239 : 000000000000 ; -- R:0 G:0 B:0
  240 : 000000000000 ; -- R:0 G:0 B:0
  241 : 000000000000 ; -- R:0 G:0 B:0
  242 : 000000000000 ; -- R:0 G:0 B:0
  243 : 100110011001 ; -- R:9 G:9 B:9
  244 : 110011001100 ; -- R:C G:C B:C
  245 : 110011001100 ; -- R:C G:C B:C
  246 : 010101010101 ; -- R:5 G:5 B:5
  247 : 000000000000 ; -- R:0 G:0 B:0
  248 : 000000000000 ; -- R:0 G:0 B:0
  249 : 000000000000 ; -- R:0 G:0 B:0
  250 : 000000000000 ; -- R:0 G:0 B:0
  251 : 000000000000 ; -- R:0 G:0 B:0
  252 : 000000000000 ; -- R:0 G:0 B:0
  253 : 000000000000 ; -- R:0 G:0 B:0
  254 : 000000000000 ; -- R:0 G:0 B:0
  255 : 000000000000 ; -- R:0 G:0 B:0
  256 : 000000000000 ; -- R:0 G:0 B:0
  257 : 000000000000 ; -- R:0 G:0 B:0
  258 : 000000000000 ; -- R:0 G:0 B:0
  259 : 000000000000 ; -- R:0 G:0 B:0
  260 : 000000000000 ; -- R:0 G:0 B:0
  261 : 000000000000 ; -- R:0 G:0 B:0
  262 : 000000000000 ; -- R:0 G:0 B:0
  263 : 000000000000 ; -- R:0 G:0 B:0
  264 : 000000000000 ; -- R:0 G:0 B:0
  265 : 011001100110 ; -- R:6 G:6 B:6
  266 : 111111111111 ; -- R:F G:F B:F
  267 : 111111111111 ; -- R:F G:F B:F
  268 : 110111011101 ; -- R:D G:D B:D
  269 : 000000000000 ; -- R:0 G:0 B:0
  270 : 000000000000 ; -- R:0 G:0 B:0
  271 : 000000000000 ; -- R:0 G:0 B:0
  272 : 000000000000 ; -- R:0 G:0 B:0
  273 : 000000000000 ; -- R:0 G:0 B:0
  274 : 000000000000 ; -- R:0 G:0 B:0
  275 : 000000000000 ; -- R:0 G:0 B:0
  276 : 000000000000 ; -- R:0 G:0 B:0
  277 : 000000000000 ; -- R:0 G:0 B:0
  278 : 000000000000 ; -- R:0 G:0 B:0
  279 : 000000000000 ; -- R:0 G:0 B:0
  280 : 000000000000 ; -- R:0 G:0 B:0
  281 : 000000000000 ; -- R:0 G:0 B:0
  282 : 000000000000 ; -- R:0 G:0 B:0
  283 : 000000000000 ; -- R:0 G:0 B:0
  284 : 000000000000 ; -- R:0 G:0 B:0
  285 : 000000000000 ; -- R:0 G:0 B:0
  286 : 000000000000 ; -- R:0 G:0 B:0
  287 : 000000000000 ; -- R:0 G:0 B:0
  288 : 000000000000 ; -- R:0 G:0 B:0
  289 : 000000000000 ; -- R:0 G:0 B:0
  290 : 000000000000 ; -- R:0 G:0 B:0
  291 : 000000000000 ; -- R:0 G:0 B:0
  292 : 000000000000 ; -- R:0 G:0 B:0
  293 : 000000000000 ; -- R:0 G:0 B:0
  294 : 000000000000 ; -- R:0 G:0 B:0
  295 : 000000000000 ; -- R:0 G:0 B:0
  296 : 000000000000 ; -- R:0 G:0 B:0
  297 : 000000000000 ; -- R:0 G:0 B:0
  298 : 000000000000 ; -- R:0 G:0 B:0
  299 : 000000000000 ; -- R:0 G:0 B:0
  300 : 000000000000 ; -- R:0 G:0 B:0
  301 : 000000000000 ; -- R:0 G:0 B:0
  302 : 000000000000 ; -- R:0 G:0 B:0
  303 : 000000000000 ; -- R:0 G:0 B:0
  304 : 000000000000 ; -- R:0 G:0 B:0
  305 : 000000000000 ; -- R:0 G:0 B:0
  306 : 000000000000 ; -- R:0 G:0 B:0
  307 : 110111011101 ; -- R:D G:D B:D
  308 : 111111111111 ; -- R:F G:F B:F
  309 : 111111111111 ; -- R:F G:F B:F
  310 : 011001100110 ; -- R:6 G:6 B:6
  311 : 000000000000 ; -- R:0 G:0 B:0
  312 : 000000000000 ; -- R:0 G:0 B:0
  313 : 000000000000 ; -- R:0 G:0 B:0
  314 : 000000000000 ; -- R:0 G:0 B:0
  315 : 000000000000 ; -- R:0 G:0 B:0
  316 : 000000000000 ; -- R:0 G:0 B:0
  317 : 000000000000 ; -- R:0 G:0 B:0
  318 : 000000000000 ; -- R:0 G:0 B:0
  319 : 000000000000 ; -- R:0 G:0 B:0
  320 : 000000000000 ; -- R:0 G:0 B:0
  321 : 000000000000 ; -- R:0 G:0 B:0
  322 : 000000000000 ; -- R:0 G:0 B:0
  323 : 000000000000 ; -- R:0 G:0 B:0
  324 : 000000000000 ; -- R:0 G:0 B:0
  325 : 000000000000 ; -- R:0 G:0 B:0
  326 : 000000000000 ; -- R:0 G:0 B:0
  327 : 000000000000 ; -- R:0 G:0 B:0
  328 : 000000000000 ; -- R:0 G:0 B:0
  329 : 010101010101 ; -- R:5 G:5 B:5
  330 : 111111111111 ; -- R:F G:F B:F
  331 : 111111111111 ; -- R:F G:F B:F
  332 : 110011001100 ; -- R:C G:C B:C
  333 : 000000000000 ; -- R:0 G:0 B:0
  334 : 000000000000 ; -- R:0 G:0 B:0
  335 : 000000000000 ; -- R:0 G:0 B:0
  336 : 000000000000 ; -- R:0 G:0 B:0
  337 : 000000000000 ; -- R:0 G:0 B:0
  338 : 000000000000 ; -- R:0 G:0 B:0
  339 : 000000000000 ; -- R:0 G:0 B:0
  340 : 000000000000 ; -- R:0 G:0 B:0
  341 : 000000000000 ; -- R:0 G:0 B:0
  342 : 000000000000 ; -- R:0 G:0 B:0
  343 : 000000000000 ; -- R:0 G:0 B:0
  344 : 000000000000 ; -- R:0 G:0 B:0
  345 : 000000000000 ; -- R:0 G:0 B:0
  346 : 000000000000 ; -- R:0 G:0 B:0
  347 : 000000000000 ; -- R:0 G:0 B:0
  348 : 000000000000 ; -- R:0 G:0 B:0
  349 : 000000000000 ; -- R:0 G:0 B:0
  350 : 000000000000 ; -- R:0 G:0 B:0
  351 : 000000000000 ; -- R:0 G:0 B:0
  352 : 000000000000 ; -- R:0 G:0 B:0
  353 : 000000000000 ; -- R:0 G:0 B:0
  354 : 000000000000 ; -- R:0 G:0 B:0
  355 : 000000000000 ; -- R:0 G:0 B:0
  356 : 000000000000 ; -- R:0 G:0 B:0
  357 : 000000000000 ; -- R:0 G:0 B:0
  358 : 000000000000 ; -- R:0 G:0 B:0
  359 : 000000000000 ; -- R:0 G:0 B:0
  360 : 000000000000 ; -- R:0 G:0 B:0
  361 : 000000000000 ; -- R:0 G:0 B:0
  362 : 000000000000 ; -- R:0 G:0 B:0
  363 : 000000000000 ; -- R:0 G:0 B:0
  364 : 000000000000 ; -- R:0 G:0 B:0
  365 : 000000000000 ; -- R:0 G:0 B:0
  366 : 000000000000 ; -- R:0 G:0 B:0
  367 : 000000000000 ; -- R:0 G:0 B:0
  368 : 000000000000 ; -- R:0 G:0 B:0
  369 : 000000000000 ; -- R:0 G:0 B:0
  370 : 000000000000 ; -- R:0 G:0 B:0
  371 : 110011001100 ; -- R:C G:C B:C
  372 : 111111111111 ; -- R:F G:F B:F
  373 : 111111111111 ; -- R:F G:F B:F
  374 : 010101010101 ; -- R:5 G:5 B:5
  375 : 000000000000 ; -- R:0 G:0 B:0
  376 : 000000000000 ; -- R:0 G:0 B:0
  377 : 000000000000 ; -- R:0 G:0 B:0
  378 : 000000000000 ; -- R:0 G:0 B:0
  379 : 000000000000 ; -- R:0 G:0 B:0
  380 : 000000000000 ; -- R:0 G:0 B:0
  381 : 000000000000 ; -- R:0 G:0 B:0
  382 : 000000000000 ; -- R:0 G:0 B:0
  383 : 000000000000 ; -- R:0 G:0 B:0
  384 : 000000000000 ; -- R:0 G:0 B:0
  385 : 000000000000 ; -- R:0 G:0 B:0
  386 : 000000000000 ; -- R:0 G:0 B:0
  387 : 000000000000 ; -- R:0 G:0 B:0
  388 : 000000000000 ; -- R:0 G:0 B:0
  389 : 000000000000 ; -- R:0 G:0 B:0
  390 : 010101010101 ; -- R:5 G:5 B:5
  391 : 100110011001 ; -- R:9 G:9 B:9
  392 : 100110011001 ; -- R:9 G:9 B:9
  393 : 110011001100 ; -- R:C G:C B:C
  394 : 111111111111 ; -- R:F G:F B:F
  395 : 111111111111 ; -- R:F G:F B:F
  396 : 110011001100 ; -- R:C G:C B:C
  397 : 000000000000 ; -- R:0 G:0 B:0
  398 : 000000000000 ; -- R:0 G:0 B:0
  399 : 000000000000 ; -- R:0 G:0 B:0
  400 : 000000000000 ; -- R:0 G:0 B:0
  401 : 000000000000 ; -- R:0 G:0 B:0
  402 : 000000000000 ; -- R:0 G:0 B:0
  403 : 000000000000 ; -- R:0 G:0 B:0
  404 : 000000000000 ; -- R:0 G:0 B:0
  405 : 000000000000 ; -- R:0 G:0 B:0
  406 : 000000000000 ; -- R:0 G:0 B:0
  407 : 000000000000 ; -- R:0 G:0 B:0
  408 : 000000000000 ; -- R:0 G:0 B:0
  409 : 000000000000 ; -- R:0 G:0 B:0
  410 : 000000000000 ; -- R:0 G:0 B:0
  411 : 000000000000 ; -- R:0 G:0 B:0
  412 : 000000000000 ; -- R:0 G:0 B:0
  413 : 000000000000 ; -- R:0 G:0 B:0
  414 : 000000000000 ; -- R:0 G:0 B:0
  415 : 000000000000 ; -- R:0 G:0 B:0
  416 : 000000000000 ; -- R:0 G:0 B:0
  417 : 000000000000 ; -- R:0 G:0 B:0
  418 : 000000000000 ; -- R:0 G:0 B:0
  419 : 000000000000 ; -- R:0 G:0 B:0
  420 : 000000000000 ; -- R:0 G:0 B:0
  421 : 000000000000 ; -- R:0 G:0 B:0
  422 : 000000000000 ; -- R:0 G:0 B:0
  423 : 000000000000 ; -- R:0 G:0 B:0
  424 : 000000000000 ; -- R:0 G:0 B:0
  425 : 000000000000 ; -- R:0 G:0 B:0
  426 : 000000000000 ; -- R:0 G:0 B:0
  427 : 000000000000 ; -- R:0 G:0 B:0
  428 : 000000000000 ; -- R:0 G:0 B:0
  429 : 000000000000 ; -- R:0 G:0 B:0
  430 : 000000000000 ; -- R:0 G:0 B:0
  431 : 000000000000 ; -- R:0 G:0 B:0
  432 : 000000000000 ; -- R:0 G:0 B:0
  433 : 000000000000 ; -- R:0 G:0 B:0
  434 : 000000000000 ; -- R:0 G:0 B:0
  435 : 110011001100 ; -- R:C G:C B:C
  436 : 111111111111 ; -- R:F G:F B:F
  437 : 111111111111 ; -- R:F G:F B:F
  438 : 110011001100 ; -- R:C G:C B:C
  439 : 100110011001 ; -- R:9 G:9 B:9
  440 : 100110011001 ; -- R:9 G:9 B:9
  441 : 010101010101 ; -- R:5 G:5 B:5
  442 : 000000000000 ; -- R:0 G:0 B:0
  443 : 000000000000 ; -- R:0 G:0 B:0
  444 : 000000000000 ; -- R:0 G:0 B:0
  445 : 000000000000 ; -- R:0 G:0 B:0
  446 : 000000000000 ; -- R:0 G:0 B:0
  447 : 000000000000 ; -- R:0 G:0 B:0
  448 : 000000000000 ; -- R:0 G:0 B:0
  449 : 000000000000 ; -- R:0 G:0 B:0
  450 : 000000000000 ; -- R:0 G:0 B:0
  451 : 000000000000 ; -- R:0 G:0 B:0
  452 : 000000000000 ; -- R:0 G:0 B:0
  453 : 000000000000 ; -- R:0 G:0 B:0
  454 : 101010101010 ; -- R:A G:A B:A
  455 : 111111111111 ; -- R:F G:F B:F
  456 : 111111111111 ; -- R:F G:F B:F
  457 : 111111111111 ; -- R:F G:F B:F
  458 : 111111111111 ; -- R:F G:F B:F
  459 : 111111111111 ; -- R:F G:F B:F
  460 : 110011001100 ; -- R:C G:C B:C
  461 : 000000000000 ; -- R:0 G:0 B:0
  462 : 000000000000 ; -- R:0 G:0 B:0
  463 : 000000000000 ; -- R:0 G:0 B:0
  464 : 000000000000 ; -- R:0 G:0 B:0
  465 : 000000000000 ; -- R:0 G:0 B:0
  466 : 000000000000 ; -- R:0 G:0 B:0
  467 : 000000000000 ; -- R:0 G:0 B:0
  468 : 000000000000 ; -- R:0 G:0 B:0
  469 : 000000000000 ; -- R:0 G:0 B:0
  470 : 000000000000 ; -- R:0 G:0 B:0
  471 : 000000000000 ; -- R:0 G:0 B:0
  472 : 000000000000 ; -- R:0 G:0 B:0
  473 : 000000000000 ; -- R:0 G:0 B:0
  474 : 000000000000 ; -- R:0 G:0 B:0
  475 : 000000000000 ; -- R:0 G:0 B:0
  476 : 000000000000 ; -- R:0 G:0 B:0
  477 : 000000000000 ; -- R:0 G:0 B:0
  478 : 000000000000 ; -- R:0 G:0 B:0
  479 : 000000000000 ; -- R:0 G:0 B:0
  480 : 000000000000 ; -- R:0 G:0 B:0
  481 : 000000000000 ; -- R:0 G:0 B:0
  482 : 000000000000 ; -- R:0 G:0 B:0
  483 : 000000000000 ; -- R:0 G:0 B:0
  484 : 000000000000 ; -- R:0 G:0 B:0
  485 : 000000000000 ; -- R:0 G:0 B:0
  486 : 000000000000 ; -- R:0 G:0 B:0
  487 : 000000000000 ; -- R:0 G:0 B:0
  488 : 000000000000 ; -- R:0 G:0 B:0
  489 : 000000000000 ; -- R:0 G:0 B:0
  490 : 000000000000 ; -- R:0 G:0 B:0
  491 : 000000000000 ; -- R:0 G:0 B:0
  492 : 000000000000 ; -- R:0 G:0 B:0
  493 : 000000000000 ; -- R:0 G:0 B:0
  494 : 000000000000 ; -- R:0 G:0 B:0
  495 : 000000000000 ; -- R:0 G:0 B:0
  496 : 000000000000 ; -- R:0 G:0 B:0
  497 : 000000000000 ; -- R:0 G:0 B:0
  498 : 000000000000 ; -- R:0 G:0 B:0
  499 : 110011001100 ; -- R:C G:C B:C
  500 : 111111111111 ; -- R:F G:F B:F
  501 : 111111111111 ; -- R:F G:F B:F
  502 : 111111111111 ; -- R:F G:F B:F
  503 : 111111111111 ; -- R:F G:F B:F
  504 : 111111111111 ; -- R:F G:F B:F
  505 : 101010101010 ; -- R:A G:A B:A
  506 : 000000000000 ; -- R:0 G:0 B:0
  507 : 000000000000 ; -- R:0 G:0 B:0
  508 : 000000000000 ; -- R:0 G:0 B:0
  509 : 000000000000 ; -- R:0 G:0 B:0
  510 : 000000000000 ; -- R:0 G:0 B:0
  511 : 000000000000 ; -- R:0 G:0 B:0
  512 : 000000000000 ; -- R:0 G:0 B:0
  513 : 000000000000 ; -- R:0 G:0 B:0
  514 : 000000000000 ; -- R:0 G:0 B:0
  515 : 000000000000 ; -- R:0 G:0 B:0
  516 : 000000000000 ; -- R:0 G:0 B:0
  517 : 000000000000 ; -- R:0 G:0 B:0
  518 : 101010101010 ; -- R:A G:A B:A
  519 : 111111111111 ; -- R:F G:F B:F
  520 : 111111111111 ; -- R:F G:F B:F
  521 : 111111111111 ; -- R:F G:F B:F
  522 : 111111111111 ; -- R:F G:F B:F
  523 : 111111111111 ; -- R:F G:F B:F
  524 : 110111011101 ; -- R:D G:D B:D
  525 : 000000000000 ; -- R:0 G:0 B:0
  526 : 000000000000 ; -- R:0 G:0 B:0
  527 : 000000000000 ; -- R:0 G:0 B:0
  528 : 000000000000 ; -- R:0 G:0 B:0
  529 : 000000000000 ; -- R:0 G:0 B:0
  530 : 000000000000 ; -- R:0 G:0 B:0
  531 : 000000000000 ; -- R:0 G:0 B:0
  532 : 000000000000 ; -- R:0 G:0 B:0
  533 : 000000000000 ; -- R:0 G:0 B:0
  534 : 000000000000 ; -- R:0 G:0 B:0
  535 : 000000000000 ; -- R:0 G:0 B:0
  536 : 000000000000 ; -- R:0 G:0 B:0
  537 : 000000000000 ; -- R:0 G:0 B:0
  538 : 000000000000 ; -- R:0 G:0 B:0
  539 : 000000000000 ; -- R:0 G:0 B:0
  540 : 000000000000 ; -- R:0 G:0 B:0
  541 : 000000000000 ; -- R:0 G:0 B:0
  542 : 000000000000 ; -- R:0 G:0 B:0
  543 : 000000000000 ; -- R:0 G:0 B:0
  544 : 000000000000 ; -- R:0 G:0 B:0
  545 : 000000000000 ; -- R:0 G:0 B:0
  546 : 000000000000 ; -- R:0 G:0 B:0
  547 : 000000000000 ; -- R:0 G:0 B:0
  548 : 000000000000 ; -- R:0 G:0 B:0
  549 : 000000000000 ; -- R:0 G:0 B:0
  550 : 000000000000 ; -- R:0 G:0 B:0
  551 : 000000000000 ; -- R:0 G:0 B:0
  552 : 000000000000 ; -- R:0 G:0 B:0
  553 : 000000000000 ; -- R:0 G:0 B:0
  554 : 000000000000 ; -- R:0 G:0 B:0
  555 : 000000000000 ; -- R:0 G:0 B:0
  556 : 000000000000 ; -- R:0 G:0 B:0
  557 : 000000000000 ; -- R:0 G:0 B:0
  558 : 000000000000 ; -- R:0 G:0 B:0
  559 : 000000000000 ; -- R:0 G:0 B:0
  560 : 000000000000 ; -- R:0 G:0 B:0
  561 : 000000000000 ; -- R:0 G:0 B:0
  562 : 000000000000 ; -- R:0 G:0 B:0
  563 : 110111011101 ; -- R:D G:D B:D
  564 : 111111111111 ; -- R:F G:F B:F
  565 : 111111111111 ; -- R:F G:F B:F
  566 : 111111111111 ; -- R:F G:F B:F
  567 : 111111111111 ; -- R:F G:F B:F
  568 : 111111111111 ; -- R:F G:F B:F
  569 : 101010101010 ; -- R:A G:A B:A
  570 : 000000000000 ; -- R:0 G:0 B:0
  571 : 000000000000 ; -- R:0 G:0 B:0
  572 : 000000000000 ; -- R:0 G:0 B:0
  573 : 000000000000 ; -- R:0 G:0 B:0
  574 : 000000000000 ; -- R:0 G:0 B:0
  575 : 000000000000 ; -- R:0 G:0 B:0
  576 : 000000000000 ; -- R:0 G:0 B:0
  577 : 000000000000 ; -- R:0 G:0 B:0
  578 : 000000000000 ; -- R:0 G:0 B:0
  579 : 000000000000 ; -- R:0 G:0 B:0
  580 : 000000000000 ; -- R:0 G:0 B:0
  581 : 000000000000 ; -- R:0 G:0 B:0
  582 : 010101010101 ; -- R:5 G:5 B:5
  583 : 100110011001 ; -- R:9 G:9 B:9
  584 : 100110011001 ; -- R:9 G:9 B:9
  585 : 100110011001 ; -- R:9 G:9 B:9
  586 : 100110011001 ; -- R:9 G:9 B:9
  587 : 100110011001 ; -- R:9 G:9 B:9
  588 : 100010001000 ; -- R:8 G:8 B:8
  589 : 011001100110 ; -- R:6 G:6 B:6
  590 : 011001100110 ; -- R:6 G:6 B:6
  591 : 011001100110 ; -- R:6 G:6 B:6
  592 : 000100010001 ; -- R:1 G:1 B:1
  593 : 000000000000 ; -- R:0 G:0 B:0
  594 : 000000000000 ; -- R:0 G:0 B:0
  595 : 000000000000 ; -- R:0 G:0 B:0
  596 : 000000000000 ; -- R:0 G:0 B:0
  597 : 000000000000 ; -- R:0 G:0 B:0
  598 : 000000000000 ; -- R:0 G:0 B:0
  599 : 000000000000 ; -- R:0 G:0 B:0
  600 : 000000000000 ; -- R:0 G:0 B:0
  601 : 000000000000 ; -- R:0 G:0 B:0
  602 : 000000000000 ; -- R:0 G:0 B:0
  603 : 000000000000 ; -- R:0 G:0 B:0
  604 : 000000000000 ; -- R:0 G:0 B:0
  605 : 000000000000 ; -- R:0 G:0 B:0
  606 : 000000000000 ; -- R:0 G:0 B:0
  607 : 000000000000 ; -- R:0 G:0 B:0
  608 : 000000000000 ; -- R:0 G:0 B:0
  609 : 000000000000 ; -- R:0 G:0 B:0
  610 : 000000000000 ; -- R:0 G:0 B:0
  611 : 000000000000 ; -- R:0 G:0 B:0
  612 : 000000000000 ; -- R:0 G:0 B:0
  613 : 000000000000 ; -- R:0 G:0 B:0
  614 : 000000000000 ; -- R:0 G:0 B:0
  615 : 000000000000 ; -- R:0 G:0 B:0
  616 : 000000000000 ; -- R:0 G:0 B:0
  617 : 000000000000 ; -- R:0 G:0 B:0
  618 : 000000000000 ; -- R:0 G:0 B:0
  619 : 000000000000 ; -- R:0 G:0 B:0
  620 : 000000000000 ; -- R:0 G:0 B:0
  621 : 000000000000 ; -- R:0 G:0 B:0
  622 : 000000000000 ; -- R:0 G:0 B:0
  623 : 000000000000 ; -- R:0 G:0 B:0
  624 : 011001100110 ; -- R:6 G:6 B:6
  625 : 011001100110 ; -- R:6 G:6 B:6
  626 : 011001100110 ; -- R:6 G:6 B:6
  627 : 100010001000 ; -- R:8 G:8 B:8
  628 : 100110011001 ; -- R:9 G:9 B:9
  629 : 100110011001 ; -- R:9 G:9 B:9
  630 : 100110011001 ; -- R:9 G:9 B:9
  631 : 100110011001 ; -- R:9 G:9 B:9
  632 : 100110011001 ; -- R:9 G:9 B:9
  633 : 010101010101 ; -- R:5 G:5 B:5
  634 : 000000000000 ; -- R:0 G:0 B:0
  635 : 000000000000 ; -- R:0 G:0 B:0
  636 : 000000000000 ; -- R:0 G:0 B:0
  637 : 000000000000 ; -- R:0 G:0 B:0
  638 : 000000000000 ; -- R:0 G:0 B:0
  639 : 000000000000 ; -- R:0 G:0 B:0
  640 : 000000000000 ; -- R:0 G:0 B:0
  641 : 000000000000 ; -- R:0 G:0 B:0
  642 : 000000000000 ; -- R:0 G:0 B:0
  643 : 000000000000 ; -- R:0 G:0 B:0
  644 : 000000000000 ; -- R:0 G:0 B:0
  645 : 000000000000 ; -- R:0 G:0 B:0
  646 : 000000000000 ; -- R:0 G:0 B:0
  647 : 000000000000 ; -- R:0 G:0 B:0
  648 : 000000000000 ; -- R:0 G:0 B:0
  649 : 000000000000 ; -- R:0 G:0 B:0
  650 : 000000000000 ; -- R:0 G:0 B:0
  651 : 000000000000 ; -- R:0 G:0 B:0
  652 : 001000100010 ; -- R:2 G:2 B:2
  653 : 111111111111 ; -- R:F G:F B:F
  654 : 111111111111 ; -- R:F G:F B:F
  655 : 111111111111 ; -- R:F G:F B:F
  656 : 000100010001 ; -- R:1 G:1 B:1
  657 : 000000000000 ; -- R:0 G:0 B:0
  658 : 000000000000 ; -- R:0 G:0 B:0
  659 : 000000000000 ; -- R:0 G:0 B:0
  660 : 000000000000 ; -- R:0 G:0 B:0
  661 : 000000000000 ; -- R:0 G:0 B:0
  662 : 000000000000 ; -- R:0 G:0 B:0
  663 : 000000000000 ; -- R:0 G:0 B:0
  664 : 000000000000 ; -- R:0 G:0 B:0
  665 : 000000000000 ; -- R:0 G:0 B:0
  666 : 000000000000 ; -- R:0 G:0 B:0
  667 : 000000000000 ; -- R:0 G:0 B:0
  668 : 000000000000 ; -- R:0 G:0 B:0
  669 : 000000000000 ; -- R:0 G:0 B:0
  670 : 000000000000 ; -- R:0 G:0 B:0
  671 : 000000000000 ; -- R:0 G:0 B:0
  672 : 000000000000 ; -- R:0 G:0 B:0
  673 : 000000000000 ; -- R:0 G:0 B:0
  674 : 000000000000 ; -- R:0 G:0 B:0
  675 : 000000000000 ; -- R:0 G:0 B:0
  676 : 000000000000 ; -- R:0 G:0 B:0
  677 : 000000000000 ; -- R:0 G:0 B:0
  678 : 000000000000 ; -- R:0 G:0 B:0
  679 : 000000000000 ; -- R:0 G:0 B:0
  680 : 000000000000 ; -- R:0 G:0 B:0
  681 : 000000000000 ; -- R:0 G:0 B:0
  682 : 000000000000 ; -- R:0 G:0 B:0
  683 : 000000000000 ; -- R:0 G:0 B:0
  684 : 000000000000 ; -- R:0 G:0 B:0
  685 : 000000000000 ; -- R:0 G:0 B:0
  686 : 000000000000 ; -- R:0 G:0 B:0
  687 : 000100010001 ; -- R:1 G:1 B:1
  688 : 111111111111 ; -- R:F G:F B:F
  689 : 111111111111 ; -- R:F G:F B:F
  690 : 111111111111 ; -- R:F G:F B:F
  691 : 001000100010 ; -- R:2 G:2 B:2
  692 : 000000000000 ; -- R:0 G:0 B:0
  693 : 000000000000 ; -- R:0 G:0 B:0
  694 : 000000000000 ; -- R:0 G:0 B:0
  695 : 000000000000 ; -- R:0 G:0 B:0
  696 : 000000000000 ; -- R:0 G:0 B:0
  697 : 000000000000 ; -- R:0 G:0 B:0
  698 : 000000000000 ; -- R:0 G:0 B:0
  699 : 000000000000 ; -- R:0 G:0 B:0
  700 : 000000000000 ; -- R:0 G:0 B:0
  701 : 000000000000 ; -- R:0 G:0 B:0
  702 : 000000000000 ; -- R:0 G:0 B:0
  703 : 000000000000 ; -- R:0 G:0 B:0
  704 : 000000000000 ; -- R:0 G:0 B:0
  705 : 000000000000 ; -- R:0 G:0 B:0
  706 : 000000000000 ; -- R:0 G:0 B:0
  707 : 000000000000 ; -- R:0 G:0 B:0
  708 : 000000000000 ; -- R:0 G:0 B:0
  709 : 000000000000 ; -- R:0 G:0 B:0
  710 : 000000000000 ; -- R:0 G:0 B:0
  711 : 000000000000 ; -- R:0 G:0 B:0
  712 : 000000000000 ; -- R:0 G:0 B:0
  713 : 000000000000 ; -- R:0 G:0 B:0
  714 : 000000000000 ; -- R:0 G:0 B:0
  715 : 000000000000 ; -- R:0 G:0 B:0
  716 : 001100110011 ; -- R:3 G:3 B:3
  717 : 111111111111 ; -- R:F G:F B:F
  718 : 111111111111 ; -- R:F G:F B:F
  719 : 111111111111 ; -- R:F G:F B:F
  720 : 000000000000 ; -- R:0 G:0 B:0
  721 : 000000000000 ; -- R:0 G:0 B:0
  722 : 000000000000 ; -- R:0 G:0 B:0
  723 : 000000000000 ; -- R:0 G:0 B:0
  724 : 000000000000 ; -- R:0 G:0 B:0
  725 : 000000000000 ; -- R:0 G:0 B:0
  726 : 000000000000 ; -- R:0 G:0 B:0
  727 : 000000000000 ; -- R:0 G:0 B:0
  728 : 000000000000 ; -- R:0 G:0 B:0
  729 : 000000000000 ; -- R:0 G:0 B:0
  730 : 000000000000 ; -- R:0 G:0 B:0
  731 : 000000000000 ; -- R:0 G:0 B:0
  732 : 000000000000 ; -- R:0 G:0 B:0
  733 : 000000000000 ; -- R:0 G:0 B:0
  734 : 000000000000 ; -- R:0 G:0 B:0
  735 : 000000000000 ; -- R:0 G:0 B:0
  736 : 000000000000 ; -- R:0 G:0 B:0
  737 : 000000000000 ; -- R:0 G:0 B:0
  738 : 000000000000 ; -- R:0 G:0 B:0
  739 : 000000000000 ; -- R:0 G:0 B:0
  740 : 000000000000 ; -- R:0 G:0 B:0
  741 : 000000000000 ; -- R:0 G:0 B:0
  742 : 000000000000 ; -- R:0 G:0 B:0
  743 : 000000000000 ; -- R:0 G:0 B:0
  744 : 000000000000 ; -- R:0 G:0 B:0
  745 : 000000000000 ; -- R:0 G:0 B:0
  746 : 000000000000 ; -- R:0 G:0 B:0
  747 : 000000000000 ; -- R:0 G:0 B:0
  748 : 000000000000 ; -- R:0 G:0 B:0
  749 : 000000000000 ; -- R:0 G:0 B:0
  750 : 000000000000 ; -- R:0 G:0 B:0
  751 : 000000000000 ; -- R:0 G:0 B:0
  752 : 111111111111 ; -- R:F G:F B:F
  753 : 111111111111 ; -- R:F G:F B:F
  754 : 111111111111 ; -- R:F G:F B:F
  755 : 001100110011 ; -- R:3 G:3 B:3
  756 : 000000000000 ; -- R:0 G:0 B:0
  757 : 000000000000 ; -- R:0 G:0 B:0
  758 : 000000000000 ; -- R:0 G:0 B:0
  759 : 000000000000 ; -- R:0 G:0 B:0
  760 : 000000000000 ; -- R:0 G:0 B:0
  761 : 000000000000 ; -- R:0 G:0 B:0
  762 : 000000000000 ; -- R:0 G:0 B:0
  763 : 000000000000 ; -- R:0 G:0 B:0
  764 : 000000000000 ; -- R:0 G:0 B:0
  765 : 000000000000 ; -- R:0 G:0 B:0
  766 : 000000000000 ; -- R:0 G:0 B:0
  767 : 000000000000 ; -- R:0 G:0 B:0
  768 : 000000000000 ; -- R:0 G:0 B:0
  769 : 000000000000 ; -- R:0 G:0 B:0
  770 : 000000000000 ; -- R:0 G:0 B:0
  771 : 000000000000 ; -- R:0 G:0 B:0
  772 : 000000000000 ; -- R:0 G:0 B:0
  773 : 000000000000 ; -- R:0 G:0 B:0
  774 : 000000000000 ; -- R:0 G:0 B:0
  775 : 000000000000 ; -- R:0 G:0 B:0
  776 : 000000000000 ; -- R:0 G:0 B:0
  777 : 000000000000 ; -- R:0 G:0 B:0
  778 : 000000000000 ; -- R:0 G:0 B:0
  779 : 000000000000 ; -- R:0 G:0 B:0
  780 : 001100110011 ; -- R:3 G:3 B:3
  781 : 110011001100 ; -- R:C G:C B:C
  782 : 110011001100 ; -- R:C G:C B:C
  783 : 101110111011 ; -- R:B G:B B:B
  784 : 010001000100 ; -- R:4 G:4 B:4
  785 : 001100110011 ; -- R:3 G:3 B:3
  786 : 001100110011 ; -- R:3 G:3 B:3
  787 : 000000000000 ; -- R:0 G:0 B:0
  788 : 000000000000 ; -- R:0 G:0 B:0
  789 : 000000000000 ; -- R:0 G:0 B:0
  790 : 000000000000 ; -- R:0 G:0 B:0
  791 : 000000000000 ; -- R:0 G:0 B:0
  792 : 000000000000 ; -- R:0 G:0 B:0
  793 : 000100010001 ; -- R:1 G:1 B:1
  794 : 001100110011 ; -- R:3 G:3 B:3
  795 : 001100110011 ; -- R:3 G:3 B:3
  796 : 001100110011 ; -- R:3 G:3 B:3
  797 : 001100110011 ; -- R:3 G:3 B:3
  798 : 001100110011 ; -- R:3 G:3 B:3
  799 : 001100110011 ; -- R:3 G:3 B:3
  800 : 001100110011 ; -- R:3 G:3 B:3
  801 : 001100110011 ; -- R:3 G:3 B:3
  802 : 001100110011 ; -- R:3 G:3 B:3
  803 : 001100110011 ; -- R:3 G:3 B:3
  804 : 001100110011 ; -- R:3 G:3 B:3
  805 : 001100110011 ; -- R:3 G:3 B:3
  806 : 000100010001 ; -- R:1 G:1 B:1
  807 : 000000000000 ; -- R:0 G:0 B:0
  808 : 000000000000 ; -- R:0 G:0 B:0
  809 : 000000000000 ; -- R:0 G:0 B:0
  810 : 000000000000 ; -- R:0 G:0 B:0
  811 : 000000000000 ; -- R:0 G:0 B:0
  812 : 000000000000 ; -- R:0 G:0 B:0
  813 : 001100110011 ; -- R:3 G:3 B:3
  814 : 001100110011 ; -- R:3 G:3 B:3
  815 : 010001000100 ; -- R:4 G:4 B:4
  816 : 101110111011 ; -- R:B G:B B:B
  817 : 110011001100 ; -- R:C G:C B:C
  818 : 110011001100 ; -- R:C G:C B:C
  819 : 001000100010 ; -- R:2 G:2 B:2
  820 : 000000000000 ; -- R:0 G:0 B:0
  821 : 000000000000 ; -- R:0 G:0 B:0
  822 : 000000000000 ; -- R:0 G:0 B:0
  823 : 000000000000 ; -- R:0 G:0 B:0
  824 : 000000000000 ; -- R:0 G:0 B:0
  825 : 000000000000 ; -- R:0 G:0 B:0
  826 : 000000000000 ; -- R:0 G:0 B:0
  827 : 000000000000 ; -- R:0 G:0 B:0
  828 : 000000000000 ; -- R:0 G:0 B:0
  829 : 000000000000 ; -- R:0 G:0 B:0
  830 : 000000000000 ; -- R:0 G:0 B:0
  831 : 000000000000 ; -- R:0 G:0 B:0
  832 : 000000000000 ; -- R:0 G:0 B:0
  833 : 000000000000 ; -- R:0 G:0 B:0
  834 : 000000000000 ; -- R:0 G:0 B:0
  835 : 000000000000 ; -- R:0 G:0 B:0
  836 : 000000000000 ; -- R:0 G:0 B:0
  837 : 000000000000 ; -- R:0 G:0 B:0
  838 : 000000000000 ; -- R:0 G:0 B:0
  839 : 000000000000 ; -- R:0 G:0 B:0
  840 : 000000000000 ; -- R:0 G:0 B:0
  841 : 000000000000 ; -- R:0 G:0 B:0
  842 : 000000000000 ; -- R:0 G:0 B:0
  843 : 000000000000 ; -- R:0 G:0 B:0
  844 : 000000000000 ; -- R:0 G:0 B:0
  845 : 000000000000 ; -- R:0 G:0 B:0
  846 : 000000000000 ; -- R:0 G:0 B:0
  847 : 000000000000 ; -- R:0 G:0 B:0
  848 : 111111111111 ; -- R:F G:F B:F
  849 : 111111111111 ; -- R:F G:F B:F
  850 : 111111111111 ; -- R:F G:F B:F
  851 : 001100110011 ; -- R:3 G:3 B:3
  852 : 000000000000 ; -- R:0 G:0 B:0
  853 : 000000000000 ; -- R:0 G:0 B:0
  854 : 000000000000 ; -- R:0 G:0 B:0
  855 : 000000000000 ; -- R:0 G:0 B:0
  856 : 000000000000 ; -- R:0 G:0 B:0
  857 : 011001100110 ; -- R:6 G:6 B:6
  858 : 111111111111 ; -- R:F G:F B:F
  859 : 111111111111 ; -- R:F G:F B:F
  860 : 111111111111 ; -- R:F G:F B:F
  861 : 111111111111 ; -- R:F G:F B:F
  862 : 111111111111 ; -- R:F G:F B:F
  863 : 111111111111 ; -- R:F G:F B:F
  864 : 111111111111 ; -- R:F G:F B:F
  865 : 111111111111 ; -- R:F G:F B:F
  866 : 111111111111 ; -- R:F G:F B:F
  867 : 111111111111 ; -- R:F G:F B:F
  868 : 111111111111 ; -- R:F G:F B:F
  869 : 111111111111 ; -- R:F G:F B:F
  870 : 011001100110 ; -- R:6 G:6 B:6
  871 : 000000000000 ; -- R:0 G:0 B:0
  872 : 000000000000 ; -- R:0 G:0 B:0
  873 : 000000000000 ; -- R:0 G:0 B:0
  874 : 000000000000 ; -- R:0 G:0 B:0
  875 : 000000000000 ; -- R:0 G:0 B:0
  876 : 001100110011 ; -- R:3 G:3 B:3
  877 : 111111111111 ; -- R:F G:F B:F
  878 : 111111111111 ; -- R:F G:F B:F
  879 : 111111111111 ; -- R:F G:F B:F
  880 : 000000000000 ; -- R:0 G:0 B:0
  881 : 000000000000 ; -- R:0 G:0 B:0
  882 : 000000000000 ; -- R:0 G:0 B:0
  883 : 000000000000 ; -- R:0 G:0 B:0
  884 : 000000000000 ; -- R:0 G:0 B:0
  885 : 000000000000 ; -- R:0 G:0 B:0
  886 : 000000000000 ; -- R:0 G:0 B:0
  887 : 000000000000 ; -- R:0 G:0 B:0
  888 : 000000000000 ; -- R:0 G:0 B:0
  889 : 000000000000 ; -- R:0 G:0 B:0
  890 : 000000000000 ; -- R:0 G:0 B:0
  891 : 000000000000 ; -- R:0 G:0 B:0
  892 : 000000000000 ; -- R:0 G:0 B:0
  893 : 000000000000 ; -- R:0 G:0 B:0
  894 : 000000000000 ; -- R:0 G:0 B:0
  895 : 000000000000 ; -- R:0 G:0 B:0
  896 : 000000000000 ; -- R:0 G:0 B:0
  897 : 000000000000 ; -- R:0 G:0 B:0
  898 : 000000000000 ; -- R:0 G:0 B:0
  899 : 000000000000 ; -- R:0 G:0 B:0
  900 : 000000000000 ; -- R:0 G:0 B:0
  901 : 000000000000 ; -- R:0 G:0 B:0
  902 : 000000000000 ; -- R:0 G:0 B:0
  903 : 000000000000 ; -- R:0 G:0 B:0
  904 : 000000000000 ; -- R:0 G:0 B:0
  905 : 000000000000 ; -- R:0 G:0 B:0
  906 : 000000000000 ; -- R:0 G:0 B:0
  907 : 000000000000 ; -- R:0 G:0 B:0
  908 : 000000000000 ; -- R:0 G:0 B:0
  909 : 000000000000 ; -- R:0 G:0 B:0
  910 : 000000000000 ; -- R:0 G:0 B:0
  911 : 000100010001 ; -- R:1 G:1 B:1
  912 : 111111111111 ; -- R:F G:F B:F
  913 : 111111111111 ; -- R:F G:F B:F
  914 : 111111111111 ; -- R:F G:F B:F
  915 : 001100110011 ; -- R:3 G:3 B:3
  916 : 000000000000 ; -- R:0 G:0 B:0
  917 : 000000000000 ; -- R:0 G:0 B:0
  918 : 000000000000 ; -- R:0 G:0 B:0
  919 : 000000000000 ; -- R:0 G:0 B:0
  920 : 000000000000 ; -- R:0 G:0 B:0
  921 : 011001100110 ; -- R:6 G:6 B:6
  922 : 111111111111 ; -- R:F G:F B:F
  923 : 111111111111 ; -- R:F G:F B:F
  924 : 111111111111 ; -- R:F G:F B:F
  925 : 111111111111 ; -- R:F G:F B:F
  926 : 111111111111 ; -- R:F G:F B:F
  927 : 111111111111 ; -- R:F G:F B:F
  928 : 111111111111 ; -- R:F G:F B:F
  929 : 111111111111 ; -- R:F G:F B:F
  930 : 111111111111 ; -- R:F G:F B:F
  931 : 111111111111 ; -- R:F G:F B:F
  932 : 111111111111 ; -- R:F G:F B:F
  933 : 111111111111 ; -- R:F G:F B:F
  934 : 011001100110 ; -- R:6 G:6 B:6
  935 : 000000000000 ; -- R:0 G:0 B:0
  936 : 000000000000 ; -- R:0 G:0 B:0
  937 : 000000000000 ; -- R:0 G:0 B:0
  938 : 000000000000 ; -- R:0 G:0 B:0
  939 : 000000000000 ; -- R:0 G:0 B:0
  940 : 001100110011 ; -- R:3 G:3 B:3
  941 : 111111111111 ; -- R:F G:F B:F
  942 : 111111111111 ; -- R:F G:F B:F
  943 : 111111111111 ; -- R:F G:F B:F
  944 : 000100010001 ; -- R:1 G:1 B:1
  945 : 000000000000 ; -- R:0 G:0 B:0
  946 : 000000000000 ; -- R:0 G:0 B:0
  947 : 000000000000 ; -- R:0 G:0 B:0
  948 : 000000000000 ; -- R:0 G:0 B:0
  949 : 000000000000 ; -- R:0 G:0 B:0
  950 : 000000000000 ; -- R:0 G:0 B:0
  951 : 000000000000 ; -- R:0 G:0 B:0
  952 : 000000000000 ; -- R:0 G:0 B:0
  953 : 000000000000 ; -- R:0 G:0 B:0
  954 : 000000000000 ; -- R:0 G:0 B:0
  955 : 000000000000 ; -- R:0 G:0 B:0
  956 : 000000000000 ; -- R:0 G:0 B:0
  957 : 000000000000 ; -- R:0 G:0 B:0
  958 : 000000000000 ; -- R:0 G:0 B:0
  959 : 000000000000 ; -- R:0 G:0 B:0
  960 : 000000000000 ; -- R:0 G:0 B:0
  961 : 000000000000 ; -- R:0 G:0 B:0
  962 : 000000000000 ; -- R:0 G:0 B:0
  963 : 000000000000 ; -- R:0 G:0 B:0
  964 : 000000000000 ; -- R:0 G:0 B:0
  965 : 000000000000 ; -- R:0 G:0 B:0
  966 : 000000000000 ; -- R:0 G:0 B:0
  967 : 000000000000 ; -- R:0 G:0 B:0
  968 : 000000000000 ; -- R:0 G:0 B:0
  969 : 000000000000 ; -- R:0 G:0 B:0
  970 : 000000000000 ; -- R:0 G:0 B:0
  971 : 000000000000 ; -- R:0 G:0 B:0
  972 : 000000000000 ; -- R:0 G:0 B:0
  973 : 000000000000 ; -- R:0 G:0 B:0
  974 : 000000000000 ; -- R:0 G:0 B:0
  975 : 000100010001 ; -- R:1 G:1 B:1
  976 : 110111011101 ; -- R:D G:D B:D
  977 : 111011101110 ; -- R:E G:E B:E
  978 : 111011101110 ; -- R:E G:E B:E
  979 : 001100110011 ; -- R:3 G:3 B:3
  980 : 000000000000 ; -- R:0 G:0 B:0
  981 : 000000000000 ; -- R:0 G:0 B:0
  982 : 000000000000 ; -- R:0 G:0 B:0
  983 : 000100010001 ; -- R:1 G:1 B:1
  984 : 000100010001 ; -- R:1 G:1 B:1
  985 : 011101110111 ; -- R:7 G:7 B:7
  986 : 111111111111 ; -- R:F G:F B:F
  987 : 111111111111 ; -- R:F G:F B:F
  988 : 111111111111 ; -- R:F G:F B:F
  989 : 111111111111 ; -- R:F G:F B:F
  990 : 111111111111 ; -- R:F G:F B:F
  991 : 111111111111 ; -- R:F G:F B:F
  992 : 111111111111 ; -- R:F G:F B:F
  993 : 111111111111 ; -- R:F G:F B:F
  994 : 111111111111 ; -- R:F G:F B:F
  995 : 111111111111 ; -- R:F G:F B:F
  996 : 111111111111 ; -- R:F G:F B:F
  997 : 111111111111 ; -- R:F G:F B:F
  998 : 011101110111 ; -- R:7 G:7 B:7
  999 : 000100010001 ; -- R:1 G:1 B:1
  1000 : 000100010001 ; -- R:1 G:1 B:1
  1001 : 000000000000 ; -- R:0 G:0 B:0
  1002 : 000000000000 ; -- R:0 G:0 B:0
  1003 : 000000000000 ; -- R:0 G:0 B:0
  1004 : 001100110011 ; -- R:3 G:3 B:3
  1005 : 111011101110 ; -- R:E G:E B:E
  1006 : 111011101110 ; -- R:E G:E B:E
  1007 : 110111011101 ; -- R:D G:D B:D
  1008 : 000100010001 ; -- R:1 G:1 B:1
  1009 : 000000000000 ; -- R:0 G:0 B:0
  1010 : 000000000000 ; -- R:0 G:0 B:0
  1011 : 000000000000 ; -- R:0 G:0 B:0
  1012 : 000000000000 ; -- R:0 G:0 B:0
  1013 : 000000000000 ; -- R:0 G:0 B:0
  1014 : 000000000000 ; -- R:0 G:0 B:0
  1015 : 000000000000 ; -- R:0 G:0 B:0
  1016 : 000000000000 ; -- R:0 G:0 B:0
  1017 : 000000000000 ; -- R:0 G:0 B:0
  1018 : 000000000000 ; -- R:0 G:0 B:0
  1019 : 000000000000 ; -- R:0 G:0 B:0
  1020 : 000000000000 ; -- R:0 G:0 B:0
  1021 : 000000000000 ; -- R:0 G:0 B:0
  1022 : 000000000000 ; -- R:0 G:0 B:0
  1023 : 000000000000 ; -- R:0 G:0 B:0
  1024 : 000000000000 ; -- R:0 G:0 B:0
  1025 : 000000000000 ; -- R:0 G:0 B:0
  1026 : 000000000000 ; -- R:0 G:0 B:0
  1027 : 000000000000 ; -- R:0 G:0 B:0
  1028 : 000000000000 ; -- R:0 G:0 B:0
  1029 : 000000000000 ; -- R:0 G:0 B:0
  1030 : 000000000000 ; -- R:0 G:0 B:0
  1031 : 000000000000 ; -- R:0 G:0 B:0
  1032 : 000000000000 ; -- R:0 G:0 B:0
  1033 : 000000000000 ; -- R:0 G:0 B:0
  1034 : 000000000000 ; -- R:0 G:0 B:0
  1035 : 000000000000 ; -- R:0 G:0 B:0
  1036 : 000000000000 ; -- R:0 G:0 B:0
  1037 : 000000000000 ; -- R:0 G:0 B:0
  1038 : 000000000000 ; -- R:0 G:0 B:0
  1039 : 000000000000 ; -- R:0 G:0 B:0
  1040 : 000100010001 ; -- R:1 G:1 B:1
  1041 : 000100010001 ; -- R:1 G:1 B:1
  1042 : 000100010001 ; -- R:1 G:1 B:1
  1043 : 000000000000 ; -- R:0 G:0 B:0
  1044 : 000000000000 ; -- R:0 G:0 B:0
  1045 : 000000000000 ; -- R:0 G:0 B:0
  1046 : 100010001000 ; -- R:8 G:8 B:8
  1047 : 111011101110 ; -- R:E G:E B:E
  1048 : 111011101110 ; -- R:E G:E B:E
  1049 : 111111111111 ; -- R:F G:F B:F
  1050 : 111111111111 ; -- R:F G:F B:F
  1051 : 111111111111 ; -- R:F G:F B:F
  1052 : 111111111111 ; -- R:F G:F B:F
  1053 : 111111111111 ; -- R:F G:F B:F
  1054 : 111111111111 ; -- R:F G:F B:F
  1055 : 111111111111 ; -- R:F G:F B:F
  1056 : 111111111111 ; -- R:F G:F B:F
  1057 : 111111111111 ; -- R:F G:F B:F
  1058 : 111111111111 ; -- R:F G:F B:F
  1059 : 111111111111 ; -- R:F G:F B:F
  1060 : 111111111111 ; -- R:F G:F B:F
  1061 : 111111111111 ; -- R:F G:F B:F
  1062 : 111111111111 ; -- R:F G:F B:F
  1063 : 111011101110 ; -- R:E G:E B:E
  1064 : 111011101110 ; -- R:E G:E B:E
  1065 : 100110011001 ; -- R:9 G:9 B:9
  1066 : 000000000000 ; -- R:0 G:0 B:0
  1067 : 000000000000 ; -- R:0 G:0 B:0
  1068 : 000000000000 ; -- R:0 G:0 B:0
  1069 : 000100010001 ; -- R:1 G:1 B:1
  1070 : 000100010001 ; -- R:1 G:1 B:1
  1071 : 000100010001 ; -- R:1 G:1 B:1
  1072 : 000000000000 ; -- R:0 G:0 B:0
  1073 : 000000000000 ; -- R:0 G:0 B:0
  1074 : 000000000000 ; -- R:0 G:0 B:0
  1075 : 000000000000 ; -- R:0 G:0 B:0
  1076 : 000000000000 ; -- R:0 G:0 B:0
  1077 : 000000000000 ; -- R:0 G:0 B:0
  1078 : 000000000000 ; -- R:0 G:0 B:0
  1079 : 000000000000 ; -- R:0 G:0 B:0
  1080 : 000000000000 ; -- R:0 G:0 B:0
  1081 : 000000000000 ; -- R:0 G:0 B:0
  1082 : 000000000000 ; -- R:0 G:0 B:0
  1083 : 000000000000 ; -- R:0 G:0 B:0
  1084 : 000000000000 ; -- R:0 G:0 B:0
  1085 : 000000000000 ; -- R:0 G:0 B:0
  1086 : 000000000000 ; -- R:0 G:0 B:0
  1087 : 000000000000 ; -- R:0 G:0 B:0
  1088 : 000000000000 ; -- R:0 G:0 B:0
  1089 : 000000000000 ; -- R:0 G:0 B:0
  1090 : 000000000000 ; -- R:0 G:0 B:0
  1091 : 000000000000 ; -- R:0 G:0 B:0
  1092 : 000000000000 ; -- R:0 G:0 B:0
  1093 : 000000000000 ; -- R:0 G:0 B:0
  1094 : 000000000000 ; -- R:0 G:0 B:0
  1095 : 000000000000 ; -- R:0 G:0 B:0
  1096 : 000000000000 ; -- R:0 G:0 B:0
  1097 : 000000000000 ; -- R:0 G:0 B:0
  1098 : 000000000000 ; -- R:0 G:0 B:0
  1099 : 000000000000 ; -- R:0 G:0 B:0
  1100 : 000000000000 ; -- R:0 G:0 B:0
  1101 : 000000000000 ; -- R:0 G:0 B:0
  1102 : 000000000000 ; -- R:0 G:0 B:0
  1103 : 000000000000 ; -- R:0 G:0 B:0
  1104 : 000000000000 ; -- R:0 G:0 B:0
  1105 : 000000000000 ; -- R:0 G:0 B:0
  1106 : 000000000000 ; -- R:0 G:0 B:0
  1107 : 000000000000 ; -- R:0 G:0 B:0
  1108 : 000000000000 ; -- R:0 G:0 B:0
  1109 : 000000000000 ; -- R:0 G:0 B:0
  1110 : 100110011001 ; -- R:9 G:9 B:9
  1111 : 111111111111 ; -- R:F G:F B:F
  1112 : 111111111111 ; -- R:F G:F B:F
  1113 : 111111111111 ; -- R:F G:F B:F
  1114 : 111111111111 ; -- R:F G:F B:F
  1115 : 111111111111 ; -- R:F G:F B:F
  1116 : 111111111111 ; -- R:F G:F B:F
  1117 : 111111111111 ; -- R:F G:F B:F
  1118 : 111111111111 ; -- R:F G:F B:F
  1119 : 111111111111 ; -- R:F G:F B:F
  1120 : 111111111111 ; -- R:F G:F B:F
  1121 : 111111111111 ; -- R:F G:F B:F
  1122 : 111111111111 ; -- R:F G:F B:F
  1123 : 111111111111 ; -- R:F G:F B:F
  1124 : 111111111111 ; -- R:F G:F B:F
  1125 : 111111111111 ; -- R:F G:F B:F
  1126 : 111111111111 ; -- R:F G:F B:F
  1127 : 111111111111 ; -- R:F G:F B:F
  1128 : 111111111111 ; -- R:F G:F B:F
  1129 : 100110011001 ; -- R:9 G:9 B:9
  1130 : 000000000000 ; -- R:0 G:0 B:0
  1131 : 000000000000 ; -- R:0 G:0 B:0
  1132 : 000000000000 ; -- R:0 G:0 B:0
  1133 : 000000000000 ; -- R:0 G:0 B:0
  1134 : 000000000000 ; -- R:0 G:0 B:0
  1135 : 000000000000 ; -- R:0 G:0 B:0
  1136 : 000000000000 ; -- R:0 G:0 B:0
  1137 : 000000000000 ; -- R:0 G:0 B:0
  1138 : 000000000000 ; -- R:0 G:0 B:0
  1139 : 000000000000 ; -- R:0 G:0 B:0
  1140 : 000000000000 ; -- R:0 G:0 B:0
  1141 : 000000000000 ; -- R:0 G:0 B:0
  1142 : 000000000000 ; -- R:0 G:0 B:0
  1143 : 000000000000 ; -- R:0 G:0 B:0
  1144 : 000000000000 ; -- R:0 G:0 B:0
  1145 : 000000000000 ; -- R:0 G:0 B:0
  1146 : 000000000000 ; -- R:0 G:0 B:0
  1147 : 000000000000 ; -- R:0 G:0 B:0
  1148 : 000000000000 ; -- R:0 G:0 B:0
  1149 : 000000000000 ; -- R:0 G:0 B:0
  1150 : 000000000000 ; -- R:0 G:0 B:0
  1151 : 000000000000 ; -- R:0 G:0 B:0
  1152 : 000000000000 ; -- R:0 G:0 B:0
  1153 : 000000000000 ; -- R:0 G:0 B:0
  1154 : 000000000000 ; -- R:0 G:0 B:0
  1155 : 000000000000 ; -- R:0 G:0 B:0
  1156 : 000000000000 ; -- R:0 G:0 B:0
  1157 : 000000000000 ; -- R:0 G:0 B:0
  1158 : 000000000000 ; -- R:0 G:0 B:0
  1159 : 000000000000 ; -- R:0 G:0 B:0
  1160 : 000000000000 ; -- R:0 G:0 B:0
  1161 : 000000000000 ; -- R:0 G:0 B:0
  1162 : 000000000000 ; -- R:0 G:0 B:0
  1163 : 000000000000 ; -- R:0 G:0 B:0
  1164 : 000000000000 ; -- R:0 G:0 B:0
  1165 : 000000000000 ; -- R:0 G:0 B:0
  1166 : 000000000000 ; -- R:0 G:0 B:0
  1167 : 000000000000 ; -- R:0 G:0 B:0
  1168 : 000000000000 ; -- R:0 G:0 B:0
  1169 : 000000000000 ; -- R:0 G:0 B:0
  1170 : 000000000000 ; -- R:0 G:0 B:0
  1171 : 000000000000 ; -- R:0 G:0 B:0
  1172 : 000000000000 ; -- R:0 G:0 B:0
  1173 : 000000000000 ; -- R:0 G:0 B:0
  1174 : 100110011001 ; -- R:9 G:9 B:9
  1175 : 111111111111 ; -- R:F G:F B:F
  1176 : 111111111111 ; -- R:F G:F B:F
  1177 : 111111111111 ; -- R:F G:F B:F
  1178 : 111111111111 ; -- R:F G:F B:F
  1179 : 111111111111 ; -- R:F G:F B:F
  1180 : 111111111111 ; -- R:F G:F B:F
  1181 : 111111111111 ; -- R:F G:F B:F
  1182 : 111111111111 ; -- R:F G:F B:F
  1183 : 111111111111 ; -- R:F G:F B:F
  1184 : 111111111111 ; -- R:F G:F B:F
  1185 : 111111111111 ; -- R:F G:F B:F
  1186 : 111111111111 ; -- R:F G:F B:F
  1187 : 111111111111 ; -- R:F G:F B:F
  1188 : 111111111111 ; -- R:F G:F B:F
  1189 : 111111111111 ; -- R:F G:F B:F
  1190 : 111111111111 ; -- R:F G:F B:F
  1191 : 111111111111 ; -- R:F G:F B:F
  1192 : 111111111111 ; -- R:F G:F B:F
  1193 : 100110011001 ; -- R:9 G:9 B:9
  1194 : 000000000000 ; -- R:0 G:0 B:0
  1195 : 000000000000 ; -- R:0 G:0 B:0
  1196 : 000000000000 ; -- R:0 G:0 B:0
  1197 : 000000000000 ; -- R:0 G:0 B:0
  1198 : 000000000000 ; -- R:0 G:0 B:0
  1199 : 000000000000 ; -- R:0 G:0 B:0
  1200 : 000000000000 ; -- R:0 G:0 B:0
  1201 : 000000000000 ; -- R:0 G:0 B:0
  1202 : 000000000000 ; -- R:0 G:0 B:0
  1203 : 000000000000 ; -- R:0 G:0 B:0
  1204 : 000000000000 ; -- R:0 G:0 B:0
  1205 : 000000000000 ; -- R:0 G:0 B:0
  1206 : 000000000000 ; -- R:0 G:0 B:0
  1207 : 000000000000 ; -- R:0 G:0 B:0
  1208 : 000000000000 ; -- R:0 G:0 B:0
  1209 : 000000000000 ; -- R:0 G:0 B:0
  1210 : 000000000000 ; -- R:0 G:0 B:0
  1211 : 000000000000 ; -- R:0 G:0 B:0
  1212 : 000000000000 ; -- R:0 G:0 B:0
  1213 : 000000000000 ; -- R:0 G:0 B:0
  1214 : 000000000000 ; -- R:0 G:0 B:0
  1215 : 000000000000 ; -- R:0 G:0 B:0
  1216 : 000000000000 ; -- R:0 G:0 B:0
  1217 : 000000000000 ; -- R:0 G:0 B:0
  1218 : 000000000000 ; -- R:0 G:0 B:0
  1219 : 000000000000 ; -- R:0 G:0 B:0
  1220 : 000000000000 ; -- R:0 G:0 B:0
  1221 : 000000000000 ; -- R:0 G:0 B:0
  1222 : 000000000000 ; -- R:0 G:0 B:0
  1223 : 000000000000 ; -- R:0 G:0 B:0
  1224 : 000000000000 ; -- R:0 G:0 B:0
  1225 : 000000000000 ; -- R:0 G:0 B:0
  1226 : 000000000000 ; -- R:0 G:0 B:0
  1227 : 000000000000 ; -- R:0 G:0 B:0
  1228 : 000000000000 ; -- R:0 G:0 B:0
  1229 : 000000000000 ; -- R:0 G:0 B:0
  1230 : 000000000000 ; -- R:0 G:0 B:0
  1231 : 000000000000 ; -- R:0 G:0 B:0
  1232 : 000000000000 ; -- R:0 G:0 B:0
  1233 : 000000000000 ; -- R:0 G:0 B:0
  1234 : 000000000000 ; -- R:0 G:0 B:0
  1235 : 100110011001 ; -- R:9 G:9 B:9
  1236 : 110011001100 ; -- R:C G:C B:C
  1237 : 110011001100 ; -- R:C G:C B:C
  1238 : 111011101110 ; -- R:E G:E B:E
  1239 : 111111111111 ; -- R:F G:F B:F
  1240 : 111111111111 ; -- R:F G:F B:F
  1241 : 111111111111 ; -- R:F G:F B:F
  1242 : 111111111111 ; -- R:F G:F B:F
  1243 : 111111111111 ; -- R:F G:F B:F
  1244 : 111111111111 ; -- R:F G:F B:F
  1245 : 111111111111 ; -- R:F G:F B:F
  1246 : 111111111111 ; -- R:F G:F B:F
  1247 : 111111111111 ; -- R:F G:F B:F
  1248 : 111111111111 ; -- R:F G:F B:F
  1249 : 111111111111 ; -- R:F G:F B:F
  1250 : 111111111111 ; -- R:F G:F B:F
  1251 : 111111111111 ; -- R:F G:F B:F
  1252 : 111111111111 ; -- R:F G:F B:F
  1253 : 111111111111 ; -- R:F G:F B:F
  1254 : 111111111111 ; -- R:F G:F B:F
  1255 : 111111111111 ; -- R:F G:F B:F
  1256 : 111111111111 ; -- R:F G:F B:F
  1257 : 111011101110 ; -- R:E G:E B:E
  1258 : 110011001100 ; -- R:C G:C B:C
  1259 : 110011001100 ; -- R:C G:C B:C
  1260 : 100110011001 ; -- R:9 G:9 B:9
  1261 : 000000000000 ; -- R:0 G:0 B:0
  1262 : 000000000000 ; -- R:0 G:0 B:0
  1263 : 000000000000 ; -- R:0 G:0 B:0
  1264 : 000000000000 ; -- R:0 G:0 B:0
  1265 : 000000000000 ; -- R:0 G:0 B:0
  1266 : 000000000000 ; -- R:0 G:0 B:0
  1267 : 000000000000 ; -- R:0 G:0 B:0
  1268 : 000000000000 ; -- R:0 G:0 B:0
  1269 : 000000000000 ; -- R:0 G:0 B:0
  1270 : 000000000000 ; -- R:0 G:0 B:0
  1271 : 000000000000 ; -- R:0 G:0 B:0
  1272 : 000000000000 ; -- R:0 G:0 B:0
  1273 : 000000000000 ; -- R:0 G:0 B:0
  1274 : 000000000000 ; -- R:0 G:0 B:0
  1275 : 000000000000 ; -- R:0 G:0 B:0
  1276 : 000000000000 ; -- R:0 G:0 B:0
  1277 : 000000000000 ; -- R:0 G:0 B:0
  1278 : 000000000000 ; -- R:0 G:0 B:0
  1279 : 000000000000 ; -- R:0 G:0 B:0
  1280 : 000000000000 ; -- R:0 G:0 B:0
  1281 : 000000000000 ; -- R:0 G:0 B:0
  1282 : 000000000000 ; -- R:0 G:0 B:0
  1283 : 000000000000 ; -- R:0 G:0 B:0
  1284 : 000000000000 ; -- R:0 G:0 B:0
  1285 : 000000000000 ; -- R:0 G:0 B:0
  1286 : 000000000000 ; -- R:0 G:0 B:0
  1287 : 000000000000 ; -- R:0 G:0 B:0
  1288 : 000000000000 ; -- R:0 G:0 B:0
  1289 : 000000000000 ; -- R:0 G:0 B:0
  1290 : 000000000000 ; -- R:0 G:0 B:0
  1291 : 000000000000 ; -- R:0 G:0 B:0
  1292 : 000000000000 ; -- R:0 G:0 B:0
  1293 : 000000000000 ; -- R:0 G:0 B:0
  1294 : 000000000000 ; -- R:0 G:0 B:0
  1295 : 000000000000 ; -- R:0 G:0 B:0
  1296 : 000000000000 ; -- R:0 G:0 B:0
  1297 : 000000000000 ; -- R:0 G:0 B:0
  1298 : 000000000000 ; -- R:0 G:0 B:0
  1299 : 110111011101 ; -- R:D G:D B:D
  1300 : 111111111111 ; -- R:F G:F B:F
  1301 : 111111111111 ; -- R:F G:F B:F
  1302 : 111111111111 ; -- R:F G:F B:F
  1303 : 111111111111 ; -- R:F G:F B:F
  1304 : 111111111111 ; -- R:F G:F B:F
  1305 : 111111111111 ; -- R:F G:F B:F
  1306 : 111111111111 ; -- R:F G:F B:F
  1307 : 111111111111 ; -- R:F G:F B:F
  1308 : 111111111111 ; -- R:F G:F B:F
  1309 : 111111111111 ; -- R:F G:F B:F
  1310 : 111111111111 ; -- R:F G:F B:F
  1311 : 111111111111 ; -- R:F G:F B:F
  1312 : 111111111111 ; -- R:F G:F B:F
  1313 : 111111111111 ; -- R:F G:F B:F
  1314 : 111111111111 ; -- R:F G:F B:F
  1315 : 111111111111 ; -- R:F G:F B:F
  1316 : 111111111111 ; -- R:F G:F B:F
  1317 : 111111111111 ; -- R:F G:F B:F
  1318 : 111111111111 ; -- R:F G:F B:F
  1319 : 111111111111 ; -- R:F G:F B:F
  1320 : 111111111111 ; -- R:F G:F B:F
  1321 : 111111111111 ; -- R:F G:F B:F
  1322 : 111111111111 ; -- R:F G:F B:F
  1323 : 111111111111 ; -- R:F G:F B:F
  1324 : 110111011101 ; -- R:D G:D B:D
  1325 : 000000000000 ; -- R:0 G:0 B:0
  1326 : 000000000000 ; -- R:0 G:0 B:0
  1327 : 000000000000 ; -- R:0 G:0 B:0
  1328 : 000000000000 ; -- R:0 G:0 B:0
  1329 : 000000000000 ; -- R:0 G:0 B:0
  1330 : 000000000000 ; -- R:0 G:0 B:0
  1331 : 000000000000 ; -- R:0 G:0 B:0
  1332 : 000000000000 ; -- R:0 G:0 B:0
  1333 : 000000000000 ; -- R:0 G:0 B:0
  1334 : 000000000000 ; -- R:0 G:0 B:0
  1335 : 000000000000 ; -- R:0 G:0 B:0
  1336 : 000000000000 ; -- R:0 G:0 B:0
  1337 : 000000000000 ; -- R:0 G:0 B:0
  1338 : 000000000000 ; -- R:0 G:0 B:0
  1339 : 000000000000 ; -- R:0 G:0 B:0
  1340 : 000000000000 ; -- R:0 G:0 B:0
  1341 : 000000000000 ; -- R:0 G:0 B:0
  1342 : 000000000000 ; -- R:0 G:0 B:0
  1343 : 000000000000 ; -- R:0 G:0 B:0
  1344 : 000000000000 ; -- R:0 G:0 B:0
  1345 : 000000000000 ; -- R:0 G:0 B:0
  1346 : 000000000000 ; -- R:0 G:0 B:0
  1347 : 000000000000 ; -- R:0 G:0 B:0
  1348 : 000000000000 ; -- R:0 G:0 B:0
  1349 : 000000000000 ; -- R:0 G:0 B:0
  1350 : 000000000000 ; -- R:0 G:0 B:0
  1351 : 000000000000 ; -- R:0 G:0 B:0
  1352 : 000000000000 ; -- R:0 G:0 B:0
  1353 : 000000000000 ; -- R:0 G:0 B:0
  1354 : 000000000000 ; -- R:0 G:0 B:0
  1355 : 000000000000 ; -- R:0 G:0 B:0
  1356 : 000000000000 ; -- R:0 G:0 B:0
  1357 : 000000000000 ; -- R:0 G:0 B:0
  1358 : 000000000000 ; -- R:0 G:0 B:0
  1359 : 000000000000 ; -- R:0 G:0 B:0
  1360 : 000000000000 ; -- R:0 G:0 B:0
  1361 : 000000000000 ; -- R:0 G:0 B:0
  1362 : 000000000000 ; -- R:0 G:0 B:0
  1363 : 110011001100 ; -- R:C G:C B:C
  1364 : 111111111111 ; -- R:F G:F B:F
  1365 : 111111111111 ; -- R:F G:F B:F
  1366 : 111111111111 ; -- R:F G:F B:F
  1367 : 111111111111 ; -- R:F G:F B:F
  1368 : 111111111111 ; -- R:F G:F B:F
  1369 : 111111111111 ; -- R:F G:F B:F
  1370 : 111111111111 ; -- R:F G:F B:F
  1371 : 111111111111 ; -- R:F G:F B:F
  1372 : 111111111111 ; -- R:F G:F B:F
  1373 : 111111111111 ; -- R:F G:F B:F
  1374 : 111111111111 ; -- R:F G:F B:F
  1375 : 111111111111 ; -- R:F G:F B:F
  1376 : 111111111111 ; -- R:F G:F B:F
  1377 : 111111111111 ; -- R:F G:F B:F
  1378 : 111111111111 ; -- R:F G:F B:F
  1379 : 111111111111 ; -- R:F G:F B:F
  1380 : 111111111111 ; -- R:F G:F B:F
  1381 : 111111111111 ; -- R:F G:F B:F
  1382 : 111111111111 ; -- R:F G:F B:F
  1383 : 111111111111 ; -- R:F G:F B:F
  1384 : 111111111111 ; -- R:F G:F B:F
  1385 : 111111111111 ; -- R:F G:F B:F
  1386 : 111111111111 ; -- R:F G:F B:F
  1387 : 111111111111 ; -- R:F G:F B:F
  1388 : 110011001100 ; -- R:C G:C B:C
  1389 : 000000000000 ; -- R:0 G:0 B:0
  1390 : 000000000000 ; -- R:0 G:0 B:0
  1391 : 000000000000 ; -- R:0 G:0 B:0
  1392 : 000000000000 ; -- R:0 G:0 B:0
  1393 : 000000000000 ; -- R:0 G:0 B:0
  1394 : 000000000000 ; -- R:0 G:0 B:0
  1395 : 000000000000 ; -- R:0 G:0 B:0
  1396 : 000000000000 ; -- R:0 G:0 B:0
  1397 : 000000000000 ; -- R:0 G:0 B:0
  1398 : 000000000000 ; -- R:0 G:0 B:0
  1399 : 000000000000 ; -- R:0 G:0 B:0
  1400 : 000000000000 ; -- R:0 G:0 B:0
  1401 : 000000000000 ; -- R:0 G:0 B:0
  1402 : 000000000000 ; -- R:0 G:0 B:0
  1403 : 000000000000 ; -- R:0 G:0 B:0
  1404 : 000000000000 ; -- R:0 G:0 B:0
  1405 : 000000000000 ; -- R:0 G:0 B:0
  1406 : 000000000000 ; -- R:0 G:0 B:0
  1407 : 000000000000 ; -- R:0 G:0 B:0
  1408 : 000000000000 ; -- R:0 G:0 B:0
  1409 : 000000000000 ; -- R:0 G:0 B:0
  1410 : 000000000000 ; -- R:0 G:0 B:0
  1411 : 000000000000 ; -- R:0 G:0 B:0
  1412 : 000000000000 ; -- R:0 G:0 B:0
  1413 : 000000000000 ; -- R:0 G:0 B:0
  1414 : 000000000000 ; -- R:0 G:0 B:0
  1415 : 000000000000 ; -- R:0 G:0 B:0
  1416 : 000000000000 ; -- R:0 G:0 B:0
  1417 : 000000000000 ; -- R:0 G:0 B:0
  1418 : 000000000000 ; -- R:0 G:0 B:0
  1419 : 000000000000 ; -- R:0 G:0 B:0
  1420 : 000000000000 ; -- R:0 G:0 B:0
  1421 : 000000000000 ; -- R:0 G:0 B:0
  1422 : 000000000000 ; -- R:0 G:0 B:0
  1423 : 000000000000 ; -- R:0 G:0 B:0
  1424 : 100010001000 ; -- R:8 G:8 B:8
  1425 : 100110011001 ; -- R:9 G:9 B:9
  1426 : 100110011001 ; -- R:9 G:9 B:9
  1427 : 111011101110 ; -- R:E G:E B:E
  1428 : 111111111111 ; -- R:F G:F B:F
  1429 : 111111111111 ; -- R:F G:F B:F
  1430 : 101010101010 ; -- R:A G:A B:A
  1431 : 011001100110 ; -- R:6 G:6 B:6
  1432 : 011001100110 ; -- R:6 G:6 B:6
  1433 : 011001100110 ; -- R:6 G:6 B:6
  1434 : 011001100110 ; -- R:6 G:6 B:6
  1435 : 011001100110 ; -- R:6 G:6 B:6
  1436 : 100010001000 ; -- R:8 G:8 B:8
  1437 : 111111111111 ; -- R:F G:F B:F
  1438 : 111111111111 ; -- R:F G:F B:F
  1439 : 111111111111 ; -- R:F G:F B:F
  1440 : 111111111111 ; -- R:F G:F B:F
  1441 : 111111111111 ; -- R:F G:F B:F
  1442 : 111111111111 ; -- R:F G:F B:F
  1443 : 100010001000 ; -- R:8 G:8 B:8
  1444 : 011001100110 ; -- R:6 G:6 B:6
  1445 : 011001100110 ; -- R:6 G:6 B:6
  1446 : 011001100110 ; -- R:6 G:6 B:6
  1447 : 011001100110 ; -- R:6 G:6 B:6
  1448 : 011001100110 ; -- R:6 G:6 B:6
  1449 : 101010101010 ; -- R:A G:A B:A
  1450 : 111111111111 ; -- R:F G:F B:F
  1451 : 111111111111 ; -- R:F G:F B:F
  1452 : 111011101110 ; -- R:E G:E B:E
  1453 : 100110011001 ; -- R:9 G:9 B:9
  1454 : 100110011001 ; -- R:9 G:9 B:9
  1455 : 100110011001 ; -- R:9 G:9 B:9
  1456 : 000000000000 ; -- R:0 G:0 B:0
  1457 : 000000000000 ; -- R:0 G:0 B:0
  1458 : 000000000000 ; -- R:0 G:0 B:0
  1459 : 000000000000 ; -- R:0 G:0 B:0
  1460 : 000000000000 ; -- R:0 G:0 B:0
  1461 : 000000000000 ; -- R:0 G:0 B:0
  1462 : 000000000000 ; -- R:0 G:0 B:0
  1463 : 000000000000 ; -- R:0 G:0 B:0
  1464 : 000000000000 ; -- R:0 G:0 B:0
  1465 : 000000000000 ; -- R:0 G:0 B:0
  1466 : 000000000000 ; -- R:0 G:0 B:0
  1467 : 000000000000 ; -- R:0 G:0 B:0
  1468 : 000000000000 ; -- R:0 G:0 B:0
  1469 : 000000000000 ; -- R:0 G:0 B:0
  1470 : 000000000000 ; -- R:0 G:0 B:0
  1471 : 000000000000 ; -- R:0 G:0 B:0
  1472 : 000000000000 ; -- R:0 G:0 B:0
  1473 : 000000000000 ; -- R:0 G:0 B:0
  1474 : 000000000000 ; -- R:0 G:0 B:0
  1475 : 000000000000 ; -- R:0 G:0 B:0
  1476 : 000000000000 ; -- R:0 G:0 B:0
  1477 : 000000000000 ; -- R:0 G:0 B:0
  1478 : 000000000000 ; -- R:0 G:0 B:0
  1479 : 000000000000 ; -- R:0 G:0 B:0
  1480 : 000000000000 ; -- R:0 G:0 B:0
  1481 : 000000000000 ; -- R:0 G:0 B:0
  1482 : 000000000000 ; -- R:0 G:0 B:0
  1483 : 000000000000 ; -- R:0 G:0 B:0
  1484 : 000000000000 ; -- R:0 G:0 B:0
  1485 : 000000000000 ; -- R:0 G:0 B:0
  1486 : 000000000000 ; -- R:0 G:0 B:0
  1487 : 000100010001 ; -- R:1 G:1 B:1
  1488 : 111111111111 ; -- R:F G:F B:F
  1489 : 111111111111 ; -- R:F G:F B:F
  1490 : 111111111111 ; -- R:F G:F B:F
  1491 : 111111111111 ; -- R:F G:F B:F
  1492 : 111111111111 ; -- R:F G:F B:F
  1493 : 111111111111 ; -- R:F G:F B:F
  1494 : 010101010101 ; -- R:5 G:5 B:5
  1495 : 000000000000 ; -- R:0 G:0 B:0
  1496 : 000000000000 ; -- R:0 G:0 B:0
  1497 : 000000000000 ; -- R:0 G:0 B:0
  1498 : 000000000000 ; -- R:0 G:0 B:0
  1499 : 000000000000 ; -- R:0 G:0 B:0
  1500 : 001000100010 ; -- R:2 G:2 B:2
  1501 : 111111111111 ; -- R:F G:F B:F
  1502 : 111111111111 ; -- R:F G:F B:F
  1503 : 111111111111 ; -- R:F G:F B:F
  1504 : 111111111111 ; -- R:F G:F B:F
  1505 : 111111111111 ; -- R:F G:F B:F
  1506 : 111111111111 ; -- R:F G:F B:F
  1507 : 001000100010 ; -- R:2 G:2 B:2
  1508 : 000000000000 ; -- R:0 G:0 B:0
  1509 : 000000000000 ; -- R:0 G:0 B:0
  1510 : 000000000000 ; -- R:0 G:0 B:0
  1511 : 000000000000 ; -- R:0 G:0 B:0
  1512 : 000000000000 ; -- R:0 G:0 B:0
  1513 : 010101010101 ; -- R:5 G:5 B:5
  1514 : 111111111111 ; -- R:F G:F B:F
  1515 : 111111111111 ; -- R:F G:F B:F
  1516 : 111111111111 ; -- R:F G:F B:F
  1517 : 111111111111 ; -- R:F G:F B:F
  1518 : 111111111111 ; -- R:F G:F B:F
  1519 : 111111111111 ; -- R:F G:F B:F
  1520 : 000100010001 ; -- R:1 G:1 B:1
  1521 : 000000000000 ; -- R:0 G:0 B:0
  1522 : 000000000000 ; -- R:0 G:0 B:0
  1523 : 000000000000 ; -- R:0 G:0 B:0
  1524 : 000000000000 ; -- R:0 G:0 B:0
  1525 : 000000000000 ; -- R:0 G:0 B:0
  1526 : 000000000000 ; -- R:0 G:0 B:0
  1527 : 000000000000 ; -- R:0 G:0 B:0
  1528 : 000000000000 ; -- R:0 G:0 B:0
  1529 : 000000000000 ; -- R:0 G:0 B:0
  1530 : 000000000000 ; -- R:0 G:0 B:0
  1531 : 000000000000 ; -- R:0 G:0 B:0
  1532 : 000000000000 ; -- R:0 G:0 B:0
  1533 : 000000000000 ; -- R:0 G:0 B:0
  1534 : 000000000000 ; -- R:0 G:0 B:0
  1535 : 000000000000 ; -- R:0 G:0 B:0
  1536 : 000000000000 ; -- R:0 G:0 B:0
  1537 : 000000000000 ; -- R:0 G:0 B:0
  1538 : 000000000000 ; -- R:0 G:0 B:0
  1539 : 000000000000 ; -- R:0 G:0 B:0
  1540 : 000000000000 ; -- R:0 G:0 B:0
  1541 : 000000000000 ; -- R:0 G:0 B:0
  1542 : 000000000000 ; -- R:0 G:0 B:0
  1543 : 000000000000 ; -- R:0 G:0 B:0
  1544 : 000000000000 ; -- R:0 G:0 B:0
  1545 : 000000000000 ; -- R:0 G:0 B:0
  1546 : 000000000000 ; -- R:0 G:0 B:0
  1547 : 000000000000 ; -- R:0 G:0 B:0
  1548 : 000000000000 ; -- R:0 G:0 B:0
  1549 : 000000000000 ; -- R:0 G:0 B:0
  1550 : 000000000000 ; -- R:0 G:0 B:0
  1551 : 000100010001 ; -- R:1 G:1 B:1
  1552 : 111011101110 ; -- R:E G:E B:E
  1553 : 111111111111 ; -- R:F G:F B:F
  1554 : 111111111111 ; -- R:F G:F B:F
  1555 : 111111111111 ; -- R:F G:F B:F
  1556 : 111111111111 ; -- R:F G:F B:F
  1557 : 111111111111 ; -- R:F G:F B:F
  1558 : 011101110111 ; -- R:7 G:7 B:7
  1559 : 000000000000 ; -- R:0 G:0 B:0
  1560 : 000000000000 ; -- R:0 G:0 B:0
  1561 : 000000000000 ; -- R:0 G:0 B:0
  1562 : 000000000000 ; -- R:0 G:0 B:0
  1563 : 000000000000 ; -- R:0 G:0 B:0
  1564 : 001100110011 ; -- R:3 G:3 B:3
  1565 : 111111111111 ; -- R:F G:F B:F
  1566 : 111111111111 ; -- R:F G:F B:F
  1567 : 111111111111 ; -- R:F G:F B:F
  1568 : 111111111111 ; -- R:F G:F B:F
  1569 : 111111111111 ; -- R:F G:F B:F
  1570 : 111111111111 ; -- R:F G:F B:F
  1571 : 001100110011 ; -- R:3 G:3 B:3
  1572 : 000000000000 ; -- R:0 G:0 B:0
  1573 : 000000000000 ; -- R:0 G:0 B:0
  1574 : 000000000000 ; -- R:0 G:0 B:0
  1575 : 000000000000 ; -- R:0 G:0 B:0
  1576 : 000000000000 ; -- R:0 G:0 B:0
  1577 : 011001100110 ; -- R:6 G:6 B:6
  1578 : 111111111111 ; -- R:F G:F B:F
  1579 : 111111111111 ; -- R:F G:F B:F
  1580 : 111111111111 ; -- R:F G:F B:F
  1581 : 111111111111 ; -- R:F G:F B:F
  1582 : 111111111111 ; -- R:F G:F B:F
  1583 : 111011101110 ; -- R:E G:E B:E
  1584 : 000100010001 ; -- R:1 G:1 B:1
  1585 : 000000000000 ; -- R:0 G:0 B:0
  1586 : 000000000000 ; -- R:0 G:0 B:0
  1587 : 000000000000 ; -- R:0 G:0 B:0
  1588 : 000000000000 ; -- R:0 G:0 B:0
  1589 : 000000000000 ; -- R:0 G:0 B:0
  1590 : 000000000000 ; -- R:0 G:0 B:0
  1591 : 000000000000 ; -- R:0 G:0 B:0
  1592 : 000000000000 ; -- R:0 G:0 B:0
  1593 : 000000000000 ; -- R:0 G:0 B:0
  1594 : 000000000000 ; -- R:0 G:0 B:0
  1595 : 000000000000 ; -- R:0 G:0 B:0
  1596 : 000000000000 ; -- R:0 G:0 B:0
  1597 : 000000000000 ; -- R:0 G:0 B:0
  1598 : 000000000000 ; -- R:0 G:0 B:0
  1599 : 000000000000 ; -- R:0 G:0 B:0
  1600 : 000000000000 ; -- R:0 G:0 B:0
  1601 : 000000000000 ; -- R:0 G:0 B:0
  1602 : 000000000000 ; -- R:0 G:0 B:0
  1603 : 000000000000 ; -- R:0 G:0 B:0
  1604 : 000000000000 ; -- R:0 G:0 B:0
  1605 : 000000000000 ; -- R:0 G:0 B:0
  1606 : 000000000000 ; -- R:0 G:0 B:0
  1607 : 000000000000 ; -- R:0 G:0 B:0
  1608 : 000000000000 ; -- R:0 G:0 B:0
  1609 : 000000000000 ; -- R:0 G:0 B:0
  1610 : 000000000000 ; -- R:0 G:0 B:0
  1611 : 000000000000 ; -- R:0 G:0 B:0
  1612 : 000000000000 ; -- R:0 G:0 B:0
  1613 : 000000000000 ; -- R:0 G:0 B:0
  1614 : 000000000000 ; -- R:0 G:0 B:0
  1615 : 000100010001 ; -- R:1 G:1 B:1
  1616 : 111011101110 ; -- R:E G:E B:E
  1617 : 111111111111 ; -- R:F G:F B:F
  1618 : 111111111111 ; -- R:F G:F B:F
  1619 : 101010101010 ; -- R:A G:A B:A
  1620 : 100110011001 ; -- R:9 G:9 B:9
  1621 : 100110011001 ; -- R:9 G:9 B:9
  1622 : 001100110011 ; -- R:3 G:3 B:3
  1623 : 000000000000 ; -- R:0 G:0 B:0
  1624 : 000000000000 ; -- R:0 G:0 B:0
  1625 : 000000000000 ; -- R:0 G:0 B:0
  1626 : 000000000000 ; -- R:0 G:0 B:0
  1627 : 000000000000 ; -- R:0 G:0 B:0
  1628 : 001100110011 ; -- R:3 G:3 B:3
  1629 : 111111111111 ; -- R:F G:F B:F
  1630 : 111111111111 ; -- R:F G:F B:F
  1631 : 111111111111 ; -- R:F G:F B:F
  1632 : 111111111111 ; -- R:F G:F B:F
  1633 : 111111111111 ; -- R:F G:F B:F
  1634 : 111111111111 ; -- R:F G:F B:F
  1635 : 001100110011 ; -- R:3 G:3 B:3
  1636 : 000000000000 ; -- R:0 G:0 B:0
  1637 : 000000000000 ; -- R:0 G:0 B:0
  1638 : 000000000000 ; -- R:0 G:0 B:0
  1639 : 000000000000 ; -- R:0 G:0 B:0
  1640 : 000000000000 ; -- R:0 G:0 B:0
  1641 : 001100110011 ; -- R:3 G:3 B:3
  1642 : 100110011001 ; -- R:9 G:9 B:9
  1643 : 100110011001 ; -- R:9 G:9 B:9
  1644 : 101010101010 ; -- R:A G:A B:A
  1645 : 111111111111 ; -- R:F G:F B:F
  1646 : 111111111111 ; -- R:F G:F B:F
  1647 : 111011101110 ; -- R:E G:E B:E
  1648 : 000100010001 ; -- R:1 G:1 B:1
  1649 : 000000000000 ; -- R:0 G:0 B:0
  1650 : 000000000000 ; -- R:0 G:0 B:0
  1651 : 000000000000 ; -- R:0 G:0 B:0
  1652 : 000000000000 ; -- R:0 G:0 B:0
  1653 : 000000000000 ; -- R:0 G:0 B:0
  1654 : 000000000000 ; -- R:0 G:0 B:0
  1655 : 000000000000 ; -- R:0 G:0 B:0
  1656 : 000000000000 ; -- R:0 G:0 B:0
  1657 : 000000000000 ; -- R:0 G:0 B:0
  1658 : 000000000000 ; -- R:0 G:0 B:0
  1659 : 000000000000 ; -- R:0 G:0 B:0
  1660 : 000000000000 ; -- R:0 G:0 B:0
  1661 : 000000000000 ; -- R:0 G:0 B:0
  1662 : 000000000000 ; -- R:0 G:0 B:0
  1663 : 000000000000 ; -- R:0 G:0 B:0
  1664 : 000000000000 ; -- R:0 G:0 B:0
  1665 : 000000000000 ; -- R:0 G:0 B:0
  1666 : 000000000000 ; -- R:0 G:0 B:0
  1667 : 000000000000 ; -- R:0 G:0 B:0
  1668 : 000000000000 ; -- R:0 G:0 B:0
  1669 : 000000000000 ; -- R:0 G:0 B:0
  1670 : 000000000000 ; -- R:0 G:0 B:0
  1671 : 000000000000 ; -- R:0 G:0 B:0
  1672 : 000000000000 ; -- R:0 G:0 B:0
  1673 : 000000000000 ; -- R:0 G:0 B:0
  1674 : 000000000000 ; -- R:0 G:0 B:0
  1675 : 000000000000 ; -- R:0 G:0 B:0
  1676 : 000000000000 ; -- R:0 G:0 B:0
  1677 : 000000000000 ; -- R:0 G:0 B:0
  1678 : 000000000000 ; -- R:0 G:0 B:0
  1679 : 000100010001 ; -- R:1 G:1 B:1
  1680 : 111011101110 ; -- R:E G:E B:E
  1681 : 111111111111 ; -- R:F G:F B:F
  1682 : 111111111111 ; -- R:F G:F B:F
  1683 : 001000100010 ; -- R:2 G:2 B:2
  1684 : 000000000000 ; -- R:0 G:0 B:0
  1685 : 000000000000 ; -- R:0 G:0 B:0
  1686 : 000000000000 ; -- R:0 G:0 B:0
  1687 : 000000000000 ; -- R:0 G:0 B:0
  1688 : 000000000000 ; -- R:0 G:0 B:0
  1689 : 000000000000 ; -- R:0 G:0 B:0
  1690 : 000000000000 ; -- R:0 G:0 B:0
  1691 : 000000000000 ; -- R:0 G:0 B:0
  1692 : 001100110011 ; -- R:3 G:3 B:3
  1693 : 111111111111 ; -- R:F G:F B:F
  1694 : 111111111111 ; -- R:F G:F B:F
  1695 : 111111111111 ; -- R:F G:F B:F
  1696 : 111111111111 ; -- R:F G:F B:F
  1697 : 111111111111 ; -- R:F G:F B:F
  1698 : 111111111111 ; -- R:F G:F B:F
  1699 : 001100110011 ; -- R:3 G:3 B:3
  1700 : 000000000000 ; -- R:0 G:0 B:0
  1701 : 000000000000 ; -- R:0 G:0 B:0
  1702 : 000000000000 ; -- R:0 G:0 B:0
  1703 : 000000000000 ; -- R:0 G:0 B:0
  1704 : 000000000000 ; -- R:0 G:0 B:0
  1705 : 000000000000 ; -- R:0 G:0 B:0
  1706 : 000000000000 ; -- R:0 G:0 B:0
  1707 : 000000000000 ; -- R:0 G:0 B:0
  1708 : 001000100010 ; -- R:2 G:2 B:2
  1709 : 111111111111 ; -- R:F G:F B:F
  1710 : 111111111111 ; -- R:F G:F B:F
  1711 : 111011101110 ; -- R:E G:E B:E
  1712 : 000100010001 ; -- R:1 G:1 B:1
  1713 : 000000000000 ; -- R:0 G:0 B:0
  1714 : 000000000000 ; -- R:0 G:0 B:0
  1715 : 000000000000 ; -- R:0 G:0 B:0
  1716 : 000000000000 ; -- R:0 G:0 B:0
  1717 : 000000000000 ; -- R:0 G:0 B:0
  1718 : 000000000000 ; -- R:0 G:0 B:0
  1719 : 000000000000 ; -- R:0 G:0 B:0
  1720 : 000000000000 ; -- R:0 G:0 B:0
  1721 : 000000000000 ; -- R:0 G:0 B:0
  1722 : 000000000000 ; -- R:0 G:0 B:0
  1723 : 000000000000 ; -- R:0 G:0 B:0
  1724 : 000000000000 ; -- R:0 G:0 B:0
  1725 : 000000000000 ; -- R:0 G:0 B:0
  1726 : 000000000000 ; -- R:0 G:0 B:0
  1727 : 000000000000 ; -- R:0 G:0 B:0
  1728 : 000000000000 ; -- R:0 G:0 B:0
  1729 : 000000000000 ; -- R:0 G:0 B:0
  1730 : 000000000000 ; -- R:0 G:0 B:0
  1731 : 000000000000 ; -- R:0 G:0 B:0
  1732 : 000000000000 ; -- R:0 G:0 B:0
  1733 : 000000000000 ; -- R:0 G:0 B:0
  1734 : 000000000000 ; -- R:0 G:0 B:0
  1735 : 000000000000 ; -- R:0 G:0 B:0
  1736 : 000000000000 ; -- R:0 G:0 B:0
  1737 : 000000000000 ; -- R:0 G:0 B:0
  1738 : 000000000000 ; -- R:0 G:0 B:0
  1739 : 000000000000 ; -- R:0 G:0 B:0
  1740 : 000000000000 ; -- R:0 G:0 B:0
  1741 : 000000000000 ; -- R:0 G:0 B:0
  1742 : 000000000000 ; -- R:0 G:0 B:0
  1743 : 000100010001 ; -- R:1 G:1 B:1
  1744 : 111011101110 ; -- R:E G:E B:E
  1745 : 111111111111 ; -- R:F G:F B:F
  1746 : 111111111111 ; -- R:F G:F B:F
  1747 : 001100110011 ; -- R:3 G:3 B:3
  1748 : 000000000000 ; -- R:0 G:0 B:0
  1749 : 000000000000 ; -- R:0 G:0 B:0
  1750 : 000000000000 ; -- R:0 G:0 B:0
  1751 : 000000000000 ; -- R:0 G:0 B:0
  1752 : 000000000000 ; -- R:0 G:0 B:0
  1753 : 000000000000 ; -- R:0 G:0 B:0
  1754 : 000000000000 ; -- R:0 G:0 B:0
  1755 : 000000000000 ; -- R:0 G:0 B:0
  1756 : 001000100010 ; -- R:2 G:2 B:2
  1757 : 111111111111 ; -- R:F G:F B:F
  1758 : 111111111111 ; -- R:F G:F B:F
  1759 : 111111111111 ; -- R:F G:F B:F
  1760 : 111111111111 ; -- R:F G:F B:F
  1761 : 111111111111 ; -- R:F G:F B:F
  1762 : 111111111111 ; -- R:F G:F B:F
  1763 : 001000100010 ; -- R:2 G:2 B:2
  1764 : 000000000000 ; -- R:0 G:0 B:0
  1765 : 000000000000 ; -- R:0 G:0 B:0
  1766 : 000000000000 ; -- R:0 G:0 B:0
  1767 : 000000000000 ; -- R:0 G:0 B:0
  1768 : 000000000000 ; -- R:0 G:0 B:0
  1769 : 000000000000 ; -- R:0 G:0 B:0
  1770 : 000000000000 ; -- R:0 G:0 B:0
  1771 : 000000000000 ; -- R:0 G:0 B:0
  1772 : 001100110011 ; -- R:3 G:3 B:3
  1773 : 111111111111 ; -- R:F G:F B:F
  1774 : 111111111111 ; -- R:F G:F B:F
  1775 : 111011101110 ; -- R:E G:E B:E
  1776 : 000100010001 ; -- R:1 G:1 B:1
  1777 : 000000000000 ; -- R:0 G:0 B:0
  1778 : 000000000000 ; -- R:0 G:0 B:0
  1779 : 000000000000 ; -- R:0 G:0 B:0
  1780 : 000000000000 ; -- R:0 G:0 B:0
  1781 : 000000000000 ; -- R:0 G:0 B:0
  1782 : 000000000000 ; -- R:0 G:0 B:0
  1783 : 000000000000 ; -- R:0 G:0 B:0
  1784 : 000000000000 ; -- R:0 G:0 B:0
  1785 : 000000000000 ; -- R:0 G:0 B:0
  1786 : 000000000000 ; -- R:0 G:0 B:0
  1787 : 000000000000 ; -- R:0 G:0 B:0
  1788 : 000000000000 ; -- R:0 G:0 B:0
  1789 : 000000000000 ; -- R:0 G:0 B:0
  1790 : 000000000000 ; -- R:0 G:0 B:0
  1791 : 000000000000 ; -- R:0 G:0 B:0
  1792 : 000000000000 ; -- R:0 G:0 B:0
  1793 : 000000000000 ; -- R:0 G:0 B:0
  1794 : 000000000000 ; -- R:0 G:0 B:0
  1795 : 000000000000 ; -- R:0 G:0 B:0
  1796 : 000000000000 ; -- R:0 G:0 B:0
  1797 : 000000000000 ; -- R:0 G:0 B:0
  1798 : 000000000000 ; -- R:0 G:0 B:0
  1799 : 000000000000 ; -- R:0 G:0 B:0
  1800 : 000000000000 ; -- R:0 G:0 B:0
  1801 : 000000000000 ; -- R:0 G:0 B:0
  1802 : 000000000000 ; -- R:0 G:0 B:0
  1803 : 000000000000 ; -- R:0 G:0 B:0
  1804 : 000000000000 ; -- R:0 G:0 B:0
  1805 : 000000000000 ; -- R:0 G:0 B:0
  1806 : 000000000000 ; -- R:0 G:0 B:0
  1807 : 000100010001 ; -- R:1 G:1 B:1
  1808 : 111011101110 ; -- R:E G:E B:E
  1809 : 111111111111 ; -- R:F G:F B:F
  1810 : 111111111111 ; -- R:F G:F B:F
  1811 : 001100110011 ; -- R:3 G:3 B:3
  1812 : 000000000000 ; -- R:0 G:0 B:0
  1813 : 000000000000 ; -- R:0 G:0 B:0
  1814 : 000000000000 ; -- R:0 G:0 B:0
  1815 : 000000000000 ; -- R:0 G:0 B:0
  1816 : 000000000000 ; -- R:0 G:0 B:0
  1817 : 000100010001 ; -- R:1 G:1 B:1
  1818 : 001100110011 ; -- R:3 G:3 B:3
  1819 : 001100110011 ; -- R:3 G:3 B:3
  1820 : 011001100110 ; -- R:6 G:6 B:6
  1821 : 111111111111 ; -- R:F G:F B:F
  1822 : 111111111111 ; -- R:F G:F B:F
  1823 : 111111111111 ; -- R:F G:F B:F
  1824 : 111111111111 ; -- R:F G:F B:F
  1825 : 111111111111 ; -- R:F G:F B:F
  1826 : 111111111111 ; -- R:F G:F B:F
  1827 : 011001100110 ; -- R:6 G:6 B:6
  1828 : 001100110011 ; -- R:3 G:3 B:3
  1829 : 001100110011 ; -- R:3 G:3 B:3
  1830 : 000100010001 ; -- R:1 G:1 B:1
  1831 : 000000000000 ; -- R:0 G:0 B:0
  1832 : 000000000000 ; -- R:0 G:0 B:0
  1833 : 000000000000 ; -- R:0 G:0 B:0
  1834 : 000000000000 ; -- R:0 G:0 B:0
  1835 : 000000000000 ; -- R:0 G:0 B:0
  1836 : 001100110011 ; -- R:3 G:3 B:3
  1837 : 111111111111 ; -- R:F G:F B:F
  1838 : 111111111111 ; -- R:F G:F B:F
  1839 : 111011101110 ; -- R:E G:E B:E
  1840 : 000100010001 ; -- R:1 G:1 B:1
  1841 : 000000000000 ; -- R:0 G:0 B:0
  1842 : 000000000000 ; -- R:0 G:0 B:0
  1843 : 000000000000 ; -- R:0 G:0 B:0
  1844 : 000000000000 ; -- R:0 G:0 B:0
  1845 : 000000000000 ; -- R:0 G:0 B:0
  1846 : 000000000000 ; -- R:0 G:0 B:0
  1847 : 000000000000 ; -- R:0 G:0 B:0
  1848 : 000000000000 ; -- R:0 G:0 B:0
  1849 : 000000000000 ; -- R:0 G:0 B:0
  1850 : 000000000000 ; -- R:0 G:0 B:0
  1851 : 000000000000 ; -- R:0 G:0 B:0
  1852 : 000000000000 ; -- R:0 G:0 B:0
  1853 : 000000000000 ; -- R:0 G:0 B:0
  1854 : 000000000000 ; -- R:0 G:0 B:0
  1855 : 000000000000 ; -- R:0 G:0 B:0
  1856 : 000000000000 ; -- R:0 G:0 B:0
  1857 : 000000000000 ; -- R:0 G:0 B:0
  1858 : 000000000000 ; -- R:0 G:0 B:0
  1859 : 000000000000 ; -- R:0 G:0 B:0
  1860 : 000000000000 ; -- R:0 G:0 B:0
  1861 : 000000000000 ; -- R:0 G:0 B:0
  1862 : 000000000000 ; -- R:0 G:0 B:0
  1863 : 000000000000 ; -- R:0 G:0 B:0
  1864 : 000000000000 ; -- R:0 G:0 B:0
  1865 : 000000000000 ; -- R:0 G:0 B:0
  1866 : 000000000000 ; -- R:0 G:0 B:0
  1867 : 000000000000 ; -- R:0 G:0 B:0
  1868 : 000000000000 ; -- R:0 G:0 B:0
  1869 : 000000000000 ; -- R:0 G:0 B:0
  1870 : 000000000000 ; -- R:0 G:0 B:0
  1871 : 000100010001 ; -- R:1 G:1 B:1
  1872 : 111011101110 ; -- R:E G:E B:E
  1873 : 111111111111 ; -- R:F G:F B:F
  1874 : 111111111111 ; -- R:F G:F B:F
  1875 : 001100110011 ; -- R:3 G:3 B:3
  1876 : 000000000000 ; -- R:0 G:0 B:0
  1877 : 000000000000 ; -- R:0 G:0 B:0
  1878 : 000000000000 ; -- R:0 G:0 B:0
  1879 : 000000000000 ; -- R:0 G:0 B:0
  1880 : 000000000000 ; -- R:0 G:0 B:0
  1881 : 011001100110 ; -- R:6 G:6 B:6
  1882 : 111111111111 ; -- R:F G:F B:F
  1883 : 111111111111 ; -- R:F G:F B:F
  1884 : 111111111111 ; -- R:F G:F B:F
  1885 : 111111111111 ; -- R:F G:F B:F
  1886 : 111111111111 ; -- R:F G:F B:F
  1887 : 111111111111 ; -- R:F G:F B:F
  1888 : 111111111111 ; -- R:F G:F B:F
  1889 : 111111111111 ; -- R:F G:F B:F
  1890 : 111111111111 ; -- R:F G:F B:F
  1891 : 111111111111 ; -- R:F G:F B:F
  1892 : 111111111111 ; -- R:F G:F B:F
  1893 : 111111111111 ; -- R:F G:F B:F
  1894 : 011001100110 ; -- R:6 G:6 B:6
  1895 : 000000000000 ; -- R:0 G:0 B:0
  1896 : 000000000000 ; -- R:0 G:0 B:0
  1897 : 000000000000 ; -- R:0 G:0 B:0
  1898 : 000000000000 ; -- R:0 G:0 B:0
  1899 : 000000000000 ; -- R:0 G:0 B:0
  1900 : 001100110011 ; -- R:3 G:3 B:3
  1901 : 111111111111 ; -- R:F G:F B:F
  1902 : 111111111111 ; -- R:F G:F B:F
  1903 : 111011101110 ; -- R:E G:E B:E
  1904 : 000100010001 ; -- R:1 G:1 B:1
  1905 : 000000000000 ; -- R:0 G:0 B:0
  1906 : 000000000000 ; -- R:0 G:0 B:0
  1907 : 000000000000 ; -- R:0 G:0 B:0
  1908 : 000000000000 ; -- R:0 G:0 B:0
  1909 : 000000000000 ; -- R:0 G:0 B:0
  1910 : 000000000000 ; -- R:0 G:0 B:0
  1911 : 000000000000 ; -- R:0 G:0 B:0
  1912 : 000000000000 ; -- R:0 G:0 B:0
  1913 : 000000000000 ; -- R:0 G:0 B:0
  1914 : 000000000000 ; -- R:0 G:0 B:0
  1915 : 000000000000 ; -- R:0 G:0 B:0
  1916 : 000000000000 ; -- R:0 G:0 B:0
  1917 : 000000000000 ; -- R:0 G:0 B:0
  1918 : 000000000000 ; -- R:0 G:0 B:0
  1919 : 000000000000 ; -- R:0 G:0 B:0
  1920 : 000000000000 ; -- R:0 G:0 B:0
  1921 : 000000000000 ; -- R:0 G:0 B:0
  1922 : 000000000000 ; -- R:0 G:0 B:0
  1923 : 000000000000 ; -- R:0 G:0 B:0
  1924 : 000000000000 ; -- R:0 G:0 B:0
  1925 : 000000000000 ; -- R:0 G:0 B:0
  1926 : 000000000000 ; -- R:0 G:0 B:0
  1927 : 000000000000 ; -- R:0 G:0 B:0
  1928 : 000000000000 ; -- R:0 G:0 B:0
  1929 : 000000000000 ; -- R:0 G:0 B:0
  1930 : 000000000000 ; -- R:0 G:0 B:0
  1931 : 000000000000 ; -- R:0 G:0 B:0
  1932 : 000000000000 ; -- R:0 G:0 B:0
  1933 : 000000000000 ; -- R:0 G:0 B:0
  1934 : 000000000000 ; -- R:0 G:0 B:0
  1935 : 000100010001 ; -- R:1 G:1 B:1
  1936 : 111011101110 ; -- R:E G:E B:E
  1937 : 111111111111 ; -- R:F G:F B:F
  1938 : 111111111111 ; -- R:F G:F B:F
  1939 : 001100110011 ; -- R:3 G:3 B:3
  1940 : 000000000000 ; -- R:0 G:0 B:0
  1941 : 000000000000 ; -- R:0 G:0 B:0
  1942 : 000000000000 ; -- R:0 G:0 B:0
  1943 : 000000000000 ; -- R:0 G:0 B:0
  1944 : 000000000000 ; -- R:0 G:0 B:0
  1945 : 011001100110 ; -- R:6 G:6 B:6
  1946 : 111111111111 ; -- R:F G:F B:F
  1947 : 111111111111 ; -- R:F G:F B:F
  1948 : 111111111111 ; -- R:F G:F B:F
  1949 : 111111111111 ; -- R:F G:F B:F
  1950 : 111111111111 ; -- R:F G:F B:F
  1951 : 111111111111 ; -- R:F G:F B:F
  1952 : 111111111111 ; -- R:F G:F B:F
  1953 : 111111111111 ; -- R:F G:F B:F
  1954 : 111111111111 ; -- R:F G:F B:F
  1955 : 111111111111 ; -- R:F G:F B:F
  1956 : 111111111111 ; -- R:F G:F B:F
  1957 : 111111111111 ; -- R:F G:F B:F
  1958 : 011001100110 ; -- R:6 G:6 B:6
  1959 : 000000000000 ; -- R:0 G:0 B:0
  1960 : 000000000000 ; -- R:0 G:0 B:0
  1961 : 000000000000 ; -- R:0 G:0 B:0
  1962 : 000000000000 ; -- R:0 G:0 B:0
  1963 : 000000000000 ; -- R:0 G:0 B:0
  1964 : 001100110011 ; -- R:3 G:3 B:3
  1965 : 111111111111 ; -- R:F G:F B:F
  1966 : 111111111111 ; -- R:F G:F B:F
  1967 : 111011101110 ; -- R:E G:E B:E
  1968 : 000100010001 ; -- R:1 G:1 B:1
  1969 : 000000000000 ; -- R:0 G:0 B:0
  1970 : 000000000000 ; -- R:0 G:0 B:0
  1971 : 000000000000 ; -- R:0 G:0 B:0
  1972 : 000000000000 ; -- R:0 G:0 B:0
  1973 : 000000000000 ; -- R:0 G:0 B:0
  1974 : 000000000000 ; -- R:0 G:0 B:0
  1975 : 000000000000 ; -- R:0 G:0 B:0
  1976 : 000000000000 ; -- R:0 G:0 B:0
  1977 : 000000000000 ; -- R:0 G:0 B:0
  1978 : 000000000000 ; -- R:0 G:0 B:0
  1979 : 000000000000 ; -- R:0 G:0 B:0
  1980 : 000000000000 ; -- R:0 G:0 B:0
  1981 : 000000000000 ; -- R:0 G:0 B:0
  1982 : 000000000000 ; -- R:0 G:0 B:0
  1983 : 000000000000 ; -- R:0 G:0 B:0
  1984 : 000000000000 ; -- R:0 G:0 B:0
  1985 : 000000000000 ; -- R:0 G:0 B:0
  1986 : 000000000000 ; -- R:0 G:0 B:0
  1987 : 000000000000 ; -- R:0 G:0 B:0
  1988 : 000000000000 ; -- R:0 G:0 B:0
  1989 : 000000000000 ; -- R:0 G:0 B:0
  1990 : 000000000000 ; -- R:0 G:0 B:0
  1991 : 000000000000 ; -- R:0 G:0 B:0
  1992 : 000000000000 ; -- R:0 G:0 B:0
  1993 : 000000000000 ; -- R:0 G:0 B:0
  1994 : 000000000000 ; -- R:0 G:0 B:0
  1995 : 000000000000 ; -- R:0 G:0 B:0
  1996 : 000000000000 ; -- R:0 G:0 B:0
  1997 : 000000000000 ; -- R:0 G:0 B:0
  1998 : 000000000000 ; -- R:0 G:0 B:0
  1999 : 000100010001 ; -- R:1 G:1 B:1
  2000 : 111011101110 ; -- R:E G:E B:E
  2001 : 111111111111 ; -- R:F G:F B:F
  2002 : 111111111111 ; -- R:F G:F B:F
  2003 : 010001000100 ; -- R:4 G:4 B:4
  2004 : 000100010001 ; -- R:1 G:1 B:1
  2005 : 000100010001 ; -- R:1 G:1 B:1
  2006 : 000100010001 ; -- R:1 G:1 B:1
  2007 : 000100010001 ; -- R:1 G:1 B:1
  2008 : 000100010001 ; -- R:1 G:1 B:1
  2009 : 011101110111 ; -- R:7 G:7 B:7
  2010 : 111111111111 ; -- R:F G:F B:F
  2011 : 111111111111 ; -- R:F G:F B:F
  2012 : 111111111111 ; -- R:F G:F B:F
  2013 : 111011101110 ; -- R:E G:E B:E
  2014 : 111011101110 ; -- R:E G:E B:E
  2015 : 111011101110 ; -- R:E G:E B:E
  2016 : 111011101110 ; -- R:E G:E B:E
  2017 : 111011101110 ; -- R:E G:E B:E
  2018 : 111011101110 ; -- R:E G:E B:E
  2019 : 111111111111 ; -- R:F G:F B:F
  2020 : 111111111111 ; -- R:F G:F B:F
  2021 : 111111111111 ; -- R:F G:F B:F
  2022 : 011101110111 ; -- R:7 G:7 B:7
  2023 : 000100010001 ; -- R:1 G:1 B:1
  2024 : 000100010001 ; -- R:1 G:1 B:1
  2025 : 000100010001 ; -- R:1 G:1 B:1
  2026 : 000100010001 ; -- R:1 G:1 B:1
  2027 : 000100010001 ; -- R:1 G:1 B:1
  2028 : 010001000100 ; -- R:4 G:4 B:4
  2029 : 111111111111 ; -- R:F G:F B:F
  2030 : 111111111111 ; -- R:F G:F B:F
  2031 : 111011101110 ; -- R:E G:E B:E
  2032 : 000100010001 ; -- R:1 G:1 B:1
  2033 : 000000000000 ; -- R:0 G:0 B:0
  2034 : 000000000000 ; -- R:0 G:0 B:0
  2035 : 000000000000 ; -- R:0 G:0 B:0
  2036 : 000000000000 ; -- R:0 G:0 B:0
  2037 : 000000000000 ; -- R:0 G:0 B:0
  2038 : 000000000000 ; -- R:0 G:0 B:0
  2039 : 000000000000 ; -- R:0 G:0 B:0
  2040 : 000000000000 ; -- R:0 G:0 B:0
  2041 : 000000000000 ; -- R:0 G:0 B:0
  2042 : 000000000000 ; -- R:0 G:0 B:0
  2043 : 000000000000 ; -- R:0 G:0 B:0
  2044 : 000000000000 ; -- R:0 G:0 B:0
  2045 : 000000000000 ; -- R:0 G:0 B:0
  2046 : 000000000000 ; -- R:0 G:0 B:0
  2047 : 000000000000 ; -- R:0 G:0 B:0
  2048 : 000000000000 ; -- R:0 G:0 B:0
  2049 : 000000000000 ; -- R:0 G:0 B:0
  2050 : 000000000000 ; -- R:0 G:0 B:0
  2051 : 000000000000 ; -- R:0 G:0 B:0
  2052 : 000000000000 ; -- R:0 G:0 B:0
  2053 : 000000000000 ; -- R:0 G:0 B:0
  2054 : 000000000000 ; -- R:0 G:0 B:0
  2055 : 000000000000 ; -- R:0 G:0 B:0
  2056 : 000000000000 ; -- R:0 G:0 B:0
  2057 : 000000000000 ; -- R:0 G:0 B:0
  2058 : 000000000000 ; -- R:0 G:0 B:0
  2059 : 000000000000 ; -- R:0 G:0 B:0
  2060 : 000000000000 ; -- R:0 G:0 B:0
  2061 : 000000000000 ; -- R:0 G:0 B:0
  2062 : 000000000000 ; -- R:0 G:0 B:0
  2063 : 000100010001 ; -- R:1 G:1 B:1
  2064 : 111011101110 ; -- R:E G:E B:E
  2065 : 111111111111 ; -- R:F G:F B:F
  2066 : 111111111111 ; -- R:F G:F B:F
  2067 : 111111111111 ; -- R:F G:F B:F
  2068 : 111011101110 ; -- R:E G:E B:E
  2069 : 111011101110 ; -- R:E G:E B:E
  2070 : 111011101110 ; -- R:E G:E B:E
  2071 : 111011101110 ; -- R:E G:E B:E
  2072 : 111011101110 ; -- R:E G:E B:E
  2073 : 111111111111 ; -- R:F G:F B:F
  2074 : 111111111111 ; -- R:F G:F B:F
  2075 : 111111111111 ; -- R:F G:F B:F
  2076 : 110011001100 ; -- R:C G:C B:C
  2077 : 000100010001 ; -- R:1 G:1 B:1
  2078 : 000100010001 ; -- R:1 G:1 B:1
  2079 : 000100010001 ; -- R:1 G:1 B:1
  2080 : 000100010001 ; -- R:1 G:1 B:1
  2081 : 000100010001 ; -- R:1 G:1 B:1
  2082 : 000100010001 ; -- R:1 G:1 B:1
  2083 : 110011001100 ; -- R:C G:C B:C
  2084 : 111111111111 ; -- R:F G:F B:F
  2085 : 111111111111 ; -- R:F G:F B:F
  2086 : 111111111111 ; -- R:F G:F B:F
  2087 : 111011101110 ; -- R:E G:E B:E
  2088 : 111011101110 ; -- R:E G:E B:E
  2089 : 111011101110 ; -- R:E G:E B:E
  2090 : 111011101110 ; -- R:E G:E B:E
  2091 : 111011101110 ; -- R:E G:E B:E
  2092 : 111111111111 ; -- R:F G:F B:F
  2093 : 111111111111 ; -- R:F G:F B:F
  2094 : 111111111111 ; -- R:F G:F B:F
  2095 : 111011101110 ; -- R:E G:E B:E
  2096 : 000100010001 ; -- R:1 G:1 B:1
  2097 : 000000000000 ; -- R:0 G:0 B:0
  2098 : 000000000000 ; -- R:0 G:0 B:0
  2099 : 000000000000 ; -- R:0 G:0 B:0
  2100 : 000000000000 ; -- R:0 G:0 B:0
  2101 : 000000000000 ; -- R:0 G:0 B:0
  2102 : 000000000000 ; -- R:0 G:0 B:0
  2103 : 000000000000 ; -- R:0 G:0 B:0
  2104 : 000000000000 ; -- R:0 G:0 B:0
  2105 : 000000000000 ; -- R:0 G:0 B:0
  2106 : 000000000000 ; -- R:0 G:0 B:0
  2107 : 000000000000 ; -- R:0 G:0 B:0
  2108 : 000000000000 ; -- R:0 G:0 B:0
  2109 : 000000000000 ; -- R:0 G:0 B:0
  2110 : 000000000000 ; -- R:0 G:0 B:0
  2111 : 000000000000 ; -- R:0 G:0 B:0
  2112 : 000000000000 ; -- R:0 G:0 B:0
  2113 : 000000000000 ; -- R:0 G:0 B:0
  2114 : 000000000000 ; -- R:0 G:0 B:0
  2115 : 000000000000 ; -- R:0 G:0 B:0
  2116 : 000000000000 ; -- R:0 G:0 B:0
  2117 : 000000000000 ; -- R:0 G:0 B:0
  2118 : 000000000000 ; -- R:0 G:0 B:0
  2119 : 000000000000 ; -- R:0 G:0 B:0
  2120 : 000000000000 ; -- R:0 G:0 B:0
  2121 : 000000000000 ; -- R:0 G:0 B:0
  2122 : 000000000000 ; -- R:0 G:0 B:0
  2123 : 000000000000 ; -- R:0 G:0 B:0
  2124 : 000000000000 ; -- R:0 G:0 B:0
  2125 : 000000000000 ; -- R:0 G:0 B:0
  2126 : 000000000000 ; -- R:0 G:0 B:0
  2127 : 000100010001 ; -- R:1 G:1 B:1
  2128 : 111011101110 ; -- R:E G:E B:E
  2129 : 111111111111 ; -- R:F G:F B:F
  2130 : 111111111111 ; -- R:F G:F B:F
  2131 : 111111111111 ; -- R:F G:F B:F
  2132 : 111111111111 ; -- R:F G:F B:F
  2133 : 111111111111 ; -- R:F G:F B:F
  2134 : 111111111111 ; -- R:F G:F B:F
  2135 : 111111111111 ; -- R:F G:F B:F
  2136 : 111111111111 ; -- R:F G:F B:F
  2137 : 111111111111 ; -- R:F G:F B:F
  2138 : 111111111111 ; -- R:F G:F B:F
  2139 : 111111111111 ; -- R:F G:F B:F
  2140 : 110011001100 ; -- R:C G:C B:C
  2141 : 000000000000 ; -- R:0 G:0 B:0
  2142 : 000000000000 ; -- R:0 G:0 B:0
  2143 : 000000000000 ; -- R:0 G:0 B:0
  2144 : 000000000000 ; -- R:0 G:0 B:0
  2145 : 000000000000 ; -- R:0 G:0 B:0
  2146 : 000000000000 ; -- R:0 G:0 B:0
  2147 : 110011001100 ; -- R:C G:C B:C
  2148 : 111111111111 ; -- R:F G:F B:F
  2149 : 111111111111 ; -- R:F G:F B:F
  2150 : 111111111111 ; -- R:F G:F B:F
  2151 : 111111111111 ; -- R:F G:F B:F
  2152 : 111111111111 ; -- R:F G:F B:F
  2153 : 111111111111 ; -- R:F G:F B:F
  2154 : 111111111111 ; -- R:F G:F B:F
  2155 : 111111111111 ; -- R:F G:F B:F
  2156 : 111111111111 ; -- R:F G:F B:F
  2157 : 111111111111 ; -- R:F G:F B:F
  2158 : 111111111111 ; -- R:F G:F B:F
  2159 : 111011101110 ; -- R:E G:E B:E
  2160 : 000100010001 ; -- R:1 G:1 B:1
  2161 : 000000000000 ; -- R:0 G:0 B:0
  2162 : 000000000000 ; -- R:0 G:0 B:0
  2163 : 000000000000 ; -- R:0 G:0 B:0
  2164 : 000000000000 ; -- R:0 G:0 B:0
  2165 : 000000000000 ; -- R:0 G:0 B:0
  2166 : 000000000000 ; -- R:0 G:0 B:0
  2167 : 000000000000 ; -- R:0 G:0 B:0
  2168 : 000000000000 ; -- R:0 G:0 B:0
  2169 : 000000000000 ; -- R:0 G:0 B:0
  2170 : 000000000000 ; -- R:0 G:0 B:0
  2171 : 000000000000 ; -- R:0 G:0 B:0
  2172 : 000000000000 ; -- R:0 G:0 B:0
  2173 : 000000000000 ; -- R:0 G:0 B:0
  2174 : 000000000000 ; -- R:0 G:0 B:0
  2175 : 000000000000 ; -- R:0 G:0 B:0
  2176 : 000000000000 ; -- R:0 G:0 B:0
  2177 : 000000000000 ; -- R:0 G:0 B:0
  2178 : 000000000000 ; -- R:0 G:0 B:0
  2179 : 000000000000 ; -- R:0 G:0 B:0
  2180 : 000000000000 ; -- R:0 G:0 B:0
  2181 : 000000000000 ; -- R:0 G:0 B:0
  2182 : 000000000000 ; -- R:0 G:0 B:0
  2183 : 000000000000 ; -- R:0 G:0 B:0
  2184 : 000000000000 ; -- R:0 G:0 B:0
  2185 : 000000000000 ; -- R:0 G:0 B:0
  2186 : 000000000000 ; -- R:0 G:0 B:0
  2187 : 000000000000 ; -- R:0 G:0 B:0
  2188 : 000000000000 ; -- R:0 G:0 B:0
  2189 : 000000000000 ; -- R:0 G:0 B:0
  2190 : 000000000000 ; -- R:0 G:0 B:0
  2191 : 000100010001 ; -- R:1 G:1 B:1
  2192 : 111011101110 ; -- R:E G:E B:E
  2193 : 111111111111 ; -- R:F G:F B:F
  2194 : 111111111111 ; -- R:F G:F B:F
  2195 : 111111111111 ; -- R:F G:F B:F
  2196 : 111111111111 ; -- R:F G:F B:F
  2197 : 111111111111 ; -- R:F G:F B:F
  2198 : 111111111111 ; -- R:F G:F B:F
  2199 : 111111111111 ; -- R:F G:F B:F
  2200 : 111111111111 ; -- R:F G:F B:F
  2201 : 111111111111 ; -- R:F G:F B:F
  2202 : 111111111111 ; -- R:F G:F B:F
  2203 : 111111111111 ; -- R:F G:F B:F
  2204 : 110011001100 ; -- R:C G:C B:C
  2205 : 000000000000 ; -- R:0 G:0 B:0
  2206 : 000000000000 ; -- R:0 G:0 B:0
  2207 : 000000000000 ; -- R:0 G:0 B:0
  2208 : 000000000000 ; -- R:0 G:0 B:0
  2209 : 000000000000 ; -- R:0 G:0 B:0
  2210 : 000000000000 ; -- R:0 G:0 B:0
  2211 : 110011001100 ; -- R:C G:C B:C
  2212 : 111111111111 ; -- R:F G:F B:F
  2213 : 111111111111 ; -- R:F G:F B:F
  2214 : 111111111111 ; -- R:F G:F B:F
  2215 : 111111111111 ; -- R:F G:F B:F
  2216 : 111111111111 ; -- R:F G:F B:F
  2217 : 111111111111 ; -- R:F G:F B:F
  2218 : 111111111111 ; -- R:F G:F B:F
  2219 : 111111111111 ; -- R:F G:F B:F
  2220 : 111111111111 ; -- R:F G:F B:F
  2221 : 111111111111 ; -- R:F G:F B:F
  2222 : 111111111111 ; -- R:F G:F B:F
  2223 : 111011101110 ; -- R:E G:E B:E
  2224 : 000100010001 ; -- R:1 G:1 B:1
  2225 : 000000000000 ; -- R:0 G:0 B:0
  2226 : 000000000000 ; -- R:0 G:0 B:0
  2227 : 000000000000 ; -- R:0 G:0 B:0
  2228 : 000000000000 ; -- R:0 G:0 B:0
  2229 : 000000000000 ; -- R:0 G:0 B:0
  2230 : 000000000000 ; -- R:0 G:0 B:0
  2231 : 000000000000 ; -- R:0 G:0 B:0
  2232 : 000000000000 ; -- R:0 G:0 B:0
  2233 : 000000000000 ; -- R:0 G:0 B:0
  2234 : 000000000000 ; -- R:0 G:0 B:0
  2235 : 000000000000 ; -- R:0 G:0 B:0
  2236 : 000000000000 ; -- R:0 G:0 B:0
  2237 : 000000000000 ; -- R:0 G:0 B:0
  2238 : 000000000000 ; -- R:0 G:0 B:0
  2239 : 000000000000 ; -- R:0 G:0 B:0
  2240 : 000000000000 ; -- R:0 G:0 B:0
  2241 : 000000000000 ; -- R:0 G:0 B:0
  2242 : 000000000000 ; -- R:0 G:0 B:0
  2243 : 000000000000 ; -- R:0 G:0 B:0
  2244 : 000000000000 ; -- R:0 G:0 B:0
  2245 : 000000000000 ; -- R:0 G:0 B:0
  2246 : 000000000000 ; -- R:0 G:0 B:0
  2247 : 000000000000 ; -- R:0 G:0 B:0
  2248 : 000000000000 ; -- R:0 G:0 B:0
  2249 : 000000000000 ; -- R:0 G:0 B:0
  2250 : 000000000000 ; -- R:0 G:0 B:0
  2251 : 000000000000 ; -- R:0 G:0 B:0
  2252 : 000000000000 ; -- R:0 G:0 B:0
  2253 : 000000000000 ; -- R:0 G:0 B:0
  2254 : 000000000000 ; -- R:0 G:0 B:0
  2255 : 000100010001 ; -- R:1 G:1 B:1
  2256 : 111011101110 ; -- R:E G:E B:E
  2257 : 111111111111 ; -- R:F G:F B:F
  2258 : 111111111111 ; -- R:F G:F B:F
  2259 : 111111111111 ; -- R:F G:F B:F
  2260 : 111111111111 ; -- R:F G:F B:F
  2261 : 111111111111 ; -- R:F G:F B:F
  2262 : 111111111111 ; -- R:F G:F B:F
  2263 : 111111111111 ; -- R:F G:F B:F
  2264 : 111111111111 ; -- R:F G:F B:F
  2265 : 111111111111 ; -- R:F G:F B:F
  2266 : 111111111111 ; -- R:F G:F B:F
  2267 : 111111111111 ; -- R:F G:F B:F
  2268 : 110011001100 ; -- R:C G:C B:C
  2269 : 000000000000 ; -- R:0 G:0 B:0
  2270 : 000000000000 ; -- R:0 G:0 B:0
  2271 : 000000000000 ; -- R:0 G:0 B:0
  2272 : 000000000000 ; -- R:0 G:0 B:0
  2273 : 000000000000 ; -- R:0 G:0 B:0
  2274 : 000000000000 ; -- R:0 G:0 B:0
  2275 : 110011001100 ; -- R:C G:C B:C
  2276 : 111111111111 ; -- R:F G:F B:F
  2277 : 111111111111 ; -- R:F G:F B:F
  2278 : 111111111111 ; -- R:F G:F B:F
  2279 : 111111111111 ; -- R:F G:F B:F
  2280 : 111111111111 ; -- R:F G:F B:F
  2281 : 111111111111 ; -- R:F G:F B:F
  2282 : 111111111111 ; -- R:F G:F B:F
  2283 : 111111111111 ; -- R:F G:F B:F
  2284 : 111111111111 ; -- R:F G:F B:F
  2285 : 111111111111 ; -- R:F G:F B:F
  2286 : 111111111111 ; -- R:F G:F B:F
  2287 : 111011101110 ; -- R:E G:E B:E
  2288 : 000100010001 ; -- R:1 G:1 B:1
  2289 : 000000000000 ; -- R:0 G:0 B:0
  2290 : 000000000000 ; -- R:0 G:0 B:0
  2291 : 000000000000 ; -- R:0 G:0 B:0
  2292 : 000000000000 ; -- R:0 G:0 B:0
  2293 : 000000000000 ; -- R:0 G:0 B:0
  2294 : 000000000000 ; -- R:0 G:0 B:0
  2295 : 000000000000 ; -- R:0 G:0 B:0
  2296 : 000000000000 ; -- R:0 G:0 B:0
  2297 : 000000000000 ; -- R:0 G:0 B:0
  2298 : 000000000000 ; -- R:0 G:0 B:0
  2299 : 000000000000 ; -- R:0 G:0 B:0
  2300 : 000000000000 ; -- R:0 G:0 B:0
  2301 : 000000000000 ; -- R:0 G:0 B:0
  2302 : 000000000000 ; -- R:0 G:0 B:0
  2303 : 000000000000 ; -- R:0 G:0 B:0
  2304 : 000000000000 ; -- R:0 G:0 B:0
  2305 : 000000000000 ; -- R:0 G:0 B:0
  2306 : 000000000000 ; -- R:0 G:0 B:0
  2307 : 000000000000 ; -- R:0 G:0 B:0
  2308 : 000000000000 ; -- R:0 G:0 B:0
  2309 : 000000000000 ; -- R:0 G:0 B:0
  2310 : 000000000000 ; -- R:0 G:0 B:0
  2311 : 000000000000 ; -- R:0 G:0 B:0
  2312 : 000000000000 ; -- R:0 G:0 B:0
  2313 : 000000000000 ; -- R:0 G:0 B:0
  2314 : 000000000000 ; -- R:0 G:0 B:0
  2315 : 000000000000 ; -- R:0 G:0 B:0
  2316 : 000000000000 ; -- R:0 G:0 B:0
  2317 : 000000000000 ; -- R:0 G:0 B:0
  2318 : 000000000000 ; -- R:0 G:0 B:0
  2319 : 000100010001 ; -- R:1 G:1 B:1
  2320 : 111011101110 ; -- R:E G:E B:E
  2321 : 111111111111 ; -- R:F G:F B:F
  2322 : 111111111111 ; -- R:F G:F B:F
  2323 : 111111111111 ; -- R:F G:F B:F
  2324 : 111111111111 ; -- R:F G:F B:F
  2325 : 111111111111 ; -- R:F G:F B:F
  2326 : 111111111111 ; -- R:F G:F B:F
  2327 : 111111111111 ; -- R:F G:F B:F
  2328 : 111111111111 ; -- R:F G:F B:F
  2329 : 111111111111 ; -- R:F G:F B:F
  2330 : 111111111111 ; -- R:F G:F B:F
  2331 : 111111111111 ; -- R:F G:F B:F
  2332 : 110011001100 ; -- R:C G:C B:C
  2333 : 000000000000 ; -- R:0 G:0 B:0
  2334 : 000000000000 ; -- R:0 G:0 B:0
  2335 : 000000000000 ; -- R:0 G:0 B:0
  2336 : 000000000000 ; -- R:0 G:0 B:0
  2337 : 000000000000 ; -- R:0 G:0 B:0
  2338 : 000000000000 ; -- R:0 G:0 B:0
  2339 : 110011001100 ; -- R:C G:C B:C
  2340 : 111111111111 ; -- R:F G:F B:F
  2341 : 111111111111 ; -- R:F G:F B:F
  2342 : 111111111111 ; -- R:F G:F B:F
  2343 : 111111111111 ; -- R:F G:F B:F
  2344 : 111111111111 ; -- R:F G:F B:F
  2345 : 111111111111 ; -- R:F G:F B:F
  2346 : 111111111111 ; -- R:F G:F B:F
  2347 : 111111111111 ; -- R:F G:F B:F
  2348 : 111111111111 ; -- R:F G:F B:F
  2349 : 111111111111 ; -- R:F G:F B:F
  2350 : 111111111111 ; -- R:F G:F B:F
  2351 : 111011101110 ; -- R:E G:E B:E
  2352 : 000100010001 ; -- R:1 G:1 B:1
  2353 : 000000000000 ; -- R:0 G:0 B:0
  2354 : 000000000000 ; -- R:0 G:0 B:0
  2355 : 000000000000 ; -- R:0 G:0 B:0
  2356 : 000000000000 ; -- R:0 G:0 B:0
  2357 : 000000000000 ; -- R:0 G:0 B:0
  2358 : 000000000000 ; -- R:0 G:0 B:0
  2359 : 000000000000 ; -- R:0 G:0 B:0
  2360 : 000000000000 ; -- R:0 G:0 B:0
  2361 : 000000000000 ; -- R:0 G:0 B:0
  2362 : 000000000000 ; -- R:0 G:0 B:0
  2363 : 000000000000 ; -- R:0 G:0 B:0
  2364 : 000000000000 ; -- R:0 G:0 B:0
  2365 : 000000000000 ; -- R:0 G:0 B:0
  2366 : 000000000000 ; -- R:0 G:0 B:0
  2367 : 000000000000 ; -- R:0 G:0 B:0
  2368 : 000000000000 ; -- R:0 G:0 B:0
  2369 : 000000000000 ; -- R:0 G:0 B:0
  2370 : 000000000000 ; -- R:0 G:0 B:0
  2371 : 000000000000 ; -- R:0 G:0 B:0
  2372 : 000000000000 ; -- R:0 G:0 B:0
  2373 : 000000000000 ; -- R:0 G:0 B:0
  2374 : 000000000000 ; -- R:0 G:0 B:0
  2375 : 000000000000 ; -- R:0 G:0 B:0
  2376 : 000000000000 ; -- R:0 G:0 B:0
  2377 : 000000000000 ; -- R:0 G:0 B:0
  2378 : 000000000000 ; -- R:0 G:0 B:0
  2379 : 000000000000 ; -- R:0 G:0 B:0
  2380 : 000000000000 ; -- R:0 G:0 B:0
  2381 : 000000000000 ; -- R:0 G:0 B:0
  2382 : 000000000000 ; -- R:0 G:0 B:0
  2383 : 000100010001 ; -- R:1 G:1 B:1
  2384 : 111111111111 ; -- R:F G:F B:F
  2385 : 111111111111 ; -- R:F G:F B:F
  2386 : 111111111111 ; -- R:F G:F B:F
  2387 : 111111111111 ; -- R:F G:F B:F
  2388 : 111111111111 ; -- R:F G:F B:F
  2389 : 111111111111 ; -- R:F G:F B:F
  2390 : 111111111111 ; -- R:F G:F B:F
  2391 : 111111111111 ; -- R:F G:F B:F
  2392 : 111111111111 ; -- R:F G:F B:F
  2393 : 111111111111 ; -- R:F G:F B:F
  2394 : 111111111111 ; -- R:F G:F B:F
  2395 : 111111111111 ; -- R:F G:F B:F
  2396 : 110011001100 ; -- R:C G:C B:C
  2397 : 000000000000 ; -- R:0 G:0 B:0
  2398 : 000000000000 ; -- R:0 G:0 B:0
  2399 : 000000000000 ; -- R:0 G:0 B:0
  2400 : 000000000000 ; -- R:0 G:0 B:0
  2401 : 000000000000 ; -- R:0 G:0 B:0
  2402 : 000000000000 ; -- R:0 G:0 B:0
  2403 : 110011001100 ; -- R:C G:C B:C
  2404 : 111111111111 ; -- R:F G:F B:F
  2405 : 111111111111 ; -- R:F G:F B:F
  2406 : 111111111111 ; -- R:F G:F B:F
  2407 : 111111111111 ; -- R:F G:F B:F
  2408 : 111111111111 ; -- R:F G:F B:F
  2409 : 111111111111 ; -- R:F G:F B:F
  2410 : 111111111111 ; -- R:F G:F B:F
  2411 : 111111111111 ; -- R:F G:F B:F
  2412 : 111111111111 ; -- R:F G:F B:F
  2413 : 111111111111 ; -- R:F G:F B:F
  2414 : 111111111111 ; -- R:F G:F B:F
  2415 : 111111111111 ; -- R:F G:F B:F
  2416 : 000100010001 ; -- R:1 G:1 B:1
  2417 : 000000000000 ; -- R:0 G:0 B:0
  2418 : 000000000000 ; -- R:0 G:0 B:0
  2419 : 000000000000 ; -- R:0 G:0 B:0
  2420 : 000000000000 ; -- R:0 G:0 B:0
  2421 : 000000000000 ; -- R:0 G:0 B:0
  2422 : 000000000000 ; -- R:0 G:0 B:0
  2423 : 000000000000 ; -- R:0 G:0 B:0
  2424 : 000000000000 ; -- R:0 G:0 B:0
  2425 : 000000000000 ; -- R:0 G:0 B:0
  2426 : 000000000000 ; -- R:0 G:0 B:0
  2427 : 000000000000 ; -- R:0 G:0 B:0
  2428 : 000000000000 ; -- R:0 G:0 B:0
  2429 : 000000000000 ; -- R:0 G:0 B:0
  2430 : 000000000000 ; -- R:0 G:0 B:0
  2431 : 000000000000 ; -- R:0 G:0 B:0
  2432 : 000000000000 ; -- R:0 G:0 B:0
  2433 : 000000000000 ; -- R:0 G:0 B:0
  2434 : 000000000000 ; -- R:0 G:0 B:0
  2435 : 000000000000 ; -- R:0 G:0 B:0
  2436 : 000000000000 ; -- R:0 G:0 B:0
  2437 : 000000000000 ; -- R:0 G:0 B:0
  2438 : 000000000000 ; -- R:0 G:0 B:0
  2439 : 000000000000 ; -- R:0 G:0 B:0
  2440 : 000000000000 ; -- R:0 G:0 B:0
  2441 : 000000000000 ; -- R:0 G:0 B:0
  2442 : 000000000000 ; -- R:0 G:0 B:0
  2443 : 000000000000 ; -- R:0 G:0 B:0
  2444 : 000000000000 ; -- R:0 G:0 B:0
  2445 : 000000000000 ; -- R:0 G:0 B:0
  2446 : 000000000000 ; -- R:0 G:0 B:0
  2447 : 000000000000 ; -- R:0 G:0 B:0
  2448 : 011001100110 ; -- R:6 G:6 B:6
  2449 : 011001100110 ; -- R:6 G:6 B:6
  2450 : 011001100110 ; -- R:6 G:6 B:6
  2451 : 110111011101 ; -- R:D G:D B:D
  2452 : 111111111111 ; -- R:F G:F B:F
  2453 : 111111111111 ; -- R:F G:F B:F
  2454 : 111111111111 ; -- R:F G:F B:F
  2455 : 111111111111 ; -- R:F G:F B:F
  2456 : 111111111111 ; -- R:F G:F B:F
  2457 : 111111111111 ; -- R:F G:F B:F
  2458 : 111111111111 ; -- R:F G:F B:F
  2459 : 111111111111 ; -- R:F G:F B:F
  2460 : 111011101110 ; -- R:E G:E B:E
  2461 : 100110011001 ; -- R:9 G:9 B:9
  2462 : 100110011001 ; -- R:9 G:9 B:9
  2463 : 100110011001 ; -- R:9 G:9 B:9
  2464 : 100110011001 ; -- R:9 G:9 B:9
  2465 : 100110011001 ; -- R:9 G:9 B:9
  2466 : 100110011001 ; -- R:9 G:9 B:9
  2467 : 111011101110 ; -- R:E G:E B:E
  2468 : 111111111111 ; -- R:F G:F B:F
  2469 : 111111111111 ; -- R:F G:F B:F
  2470 : 111111111111 ; -- R:F G:F B:F
  2471 : 111111111111 ; -- R:F G:F B:F
  2472 : 111111111111 ; -- R:F G:F B:F
  2473 : 111111111111 ; -- R:F G:F B:F
  2474 : 111111111111 ; -- R:F G:F B:F
  2475 : 111111111111 ; -- R:F G:F B:F
  2476 : 110111011101 ; -- R:D G:D B:D
  2477 : 011001100110 ; -- R:6 G:6 B:6
  2478 : 011001100110 ; -- R:6 G:6 B:6
  2479 : 010101010101 ; -- R:5 G:5 B:5
  2480 : 000000000000 ; -- R:0 G:0 B:0
  2481 : 000000000000 ; -- R:0 G:0 B:0
  2482 : 000000000000 ; -- R:0 G:0 B:0
  2483 : 000000000000 ; -- R:0 G:0 B:0
  2484 : 000000000000 ; -- R:0 G:0 B:0
  2485 : 000000000000 ; -- R:0 G:0 B:0
  2486 : 000000000000 ; -- R:0 G:0 B:0
  2487 : 000000000000 ; -- R:0 G:0 B:0
  2488 : 000000000000 ; -- R:0 G:0 B:0
  2489 : 000000000000 ; -- R:0 G:0 B:0
  2490 : 000000000000 ; -- R:0 G:0 B:0
  2491 : 000000000000 ; -- R:0 G:0 B:0
  2492 : 000000000000 ; -- R:0 G:0 B:0
  2493 : 000000000000 ; -- R:0 G:0 B:0
  2494 : 000000000000 ; -- R:0 G:0 B:0
  2495 : 000000000000 ; -- R:0 G:0 B:0
  2496 : 000000000000 ; -- R:0 G:0 B:0
  2497 : 000000000000 ; -- R:0 G:0 B:0
  2498 : 000000000000 ; -- R:0 G:0 B:0
  2499 : 000000000000 ; -- R:0 G:0 B:0
  2500 : 000000000000 ; -- R:0 G:0 B:0
  2501 : 000000000000 ; -- R:0 G:0 B:0
  2502 : 000000000000 ; -- R:0 G:0 B:0
  2503 : 000000000000 ; -- R:0 G:0 B:0
  2504 : 000000000000 ; -- R:0 G:0 B:0
  2505 : 000000000000 ; -- R:0 G:0 B:0
  2506 : 000000000000 ; -- R:0 G:0 B:0
  2507 : 000000000000 ; -- R:0 G:0 B:0
  2508 : 000000000000 ; -- R:0 G:0 B:0
  2509 : 000000000000 ; -- R:0 G:0 B:0
  2510 : 000000000000 ; -- R:0 G:0 B:0
  2511 : 000000000000 ; -- R:0 G:0 B:0
  2512 : 000000000000 ; -- R:0 G:0 B:0
  2513 : 000000000000 ; -- R:0 G:0 B:0
  2514 : 000000000000 ; -- R:0 G:0 B:0
  2515 : 110011001100 ; -- R:C G:C B:C
  2516 : 111111111111 ; -- R:F G:F B:F
  2517 : 111111111111 ; -- R:F G:F B:F
  2518 : 111111111111 ; -- R:F G:F B:F
  2519 : 111111111111 ; -- R:F G:F B:F
  2520 : 111111111111 ; -- R:F G:F B:F
  2521 : 111111111111 ; -- R:F G:F B:F
  2522 : 111111111111 ; -- R:F G:F B:F
  2523 : 111111111111 ; -- R:F G:F B:F
  2524 : 111111111111 ; -- R:F G:F B:F
  2525 : 111111111111 ; -- R:F G:F B:F
  2526 : 111111111111 ; -- R:F G:F B:F
  2527 : 111111111111 ; -- R:F G:F B:F
  2528 : 111111111111 ; -- R:F G:F B:F
  2529 : 111111111111 ; -- R:F G:F B:F
  2530 : 111111111111 ; -- R:F G:F B:F
  2531 : 111111111111 ; -- R:F G:F B:F
  2532 : 111111111111 ; -- R:F G:F B:F
  2533 : 111111111111 ; -- R:F G:F B:F
  2534 : 111111111111 ; -- R:F G:F B:F
  2535 : 111111111111 ; -- R:F G:F B:F
  2536 : 111111111111 ; -- R:F G:F B:F
  2537 : 111111111111 ; -- R:F G:F B:F
  2538 : 111111111111 ; -- R:F G:F B:F
  2539 : 111111111111 ; -- R:F G:F B:F
  2540 : 110011001100 ; -- R:C G:C B:C
  2541 : 000000000000 ; -- R:0 G:0 B:0
  2542 : 000000000000 ; -- R:0 G:0 B:0
  2543 : 000000000000 ; -- R:0 G:0 B:0
  2544 : 000000000000 ; -- R:0 G:0 B:0
  2545 : 000000000000 ; -- R:0 G:0 B:0
  2546 : 000000000000 ; -- R:0 G:0 B:0
  2547 : 000000000000 ; -- R:0 G:0 B:0
  2548 : 000000000000 ; -- R:0 G:0 B:0
  2549 : 000000000000 ; -- R:0 G:0 B:0
  2550 : 000000000000 ; -- R:0 G:0 B:0
  2551 : 000000000000 ; -- R:0 G:0 B:0
  2552 : 000000000000 ; -- R:0 G:0 B:0
  2553 : 000000000000 ; -- R:0 G:0 B:0
  2554 : 000000000000 ; -- R:0 G:0 B:0
  2555 : 000000000000 ; -- R:0 G:0 B:0
  2556 : 000000000000 ; -- R:0 G:0 B:0
  2557 : 000000000000 ; -- R:0 G:0 B:0
  2558 : 000000000000 ; -- R:0 G:0 B:0
  2559 : 000000000000 ; -- R:0 G:0 B:0
  2560 : 000000000000 ; -- R:0 G:0 B:0
  2561 : 000000000000 ; -- R:0 G:0 B:0
  2562 : 000000000000 ; -- R:0 G:0 B:0
  2563 : 000000000000 ; -- R:0 G:0 B:0
  2564 : 000000000000 ; -- R:0 G:0 B:0
  2565 : 000000000000 ; -- R:0 G:0 B:0
  2566 : 000000000000 ; -- R:0 G:0 B:0
  2567 : 000000000000 ; -- R:0 G:0 B:0
  2568 : 000000000000 ; -- R:0 G:0 B:0
  2569 : 000000000000 ; -- R:0 G:0 B:0
  2570 : 000000000000 ; -- R:0 G:0 B:0
  2571 : 000000000000 ; -- R:0 G:0 B:0
  2572 : 000000000000 ; -- R:0 G:0 B:0
  2573 : 000000000000 ; -- R:0 G:0 B:0
  2574 : 000000000000 ; -- R:0 G:0 B:0
  2575 : 000000000000 ; -- R:0 G:0 B:0
  2576 : 000000000000 ; -- R:0 G:0 B:0
  2577 : 000000000000 ; -- R:0 G:0 B:0
  2578 : 000000000000 ; -- R:0 G:0 B:0
  2579 : 110111011101 ; -- R:D G:D B:D
  2580 : 111111111111 ; -- R:F G:F B:F
  2581 : 111111111111 ; -- R:F G:F B:F
  2582 : 111111111111 ; -- R:F G:F B:F
  2583 : 111111111111 ; -- R:F G:F B:F
  2584 : 111111111111 ; -- R:F G:F B:F
  2585 : 111111111111 ; -- R:F G:F B:F
  2586 : 111111111111 ; -- R:F G:F B:F
  2587 : 111111111111 ; -- R:F G:F B:F
  2588 : 111111111111 ; -- R:F G:F B:F
  2589 : 111111111111 ; -- R:F G:F B:F
  2590 : 111111111111 ; -- R:F G:F B:F
  2591 : 111111111111 ; -- R:F G:F B:F
  2592 : 111111111111 ; -- R:F G:F B:F
  2593 : 111111111111 ; -- R:F G:F B:F
  2594 : 111111111111 ; -- R:F G:F B:F
  2595 : 111111111111 ; -- R:F G:F B:F
  2596 : 111111111111 ; -- R:F G:F B:F
  2597 : 111111111111 ; -- R:F G:F B:F
  2598 : 111111111111 ; -- R:F G:F B:F
  2599 : 111111111111 ; -- R:F G:F B:F
  2600 : 111111111111 ; -- R:F G:F B:F
  2601 : 111111111111 ; -- R:F G:F B:F
  2602 : 111111111111 ; -- R:F G:F B:F
  2603 : 111111111111 ; -- R:F G:F B:F
  2604 : 110111011101 ; -- R:D G:D B:D
  2605 : 000000000000 ; -- R:0 G:0 B:0
  2606 : 000000000000 ; -- R:0 G:0 B:0
  2607 : 000000000000 ; -- R:0 G:0 B:0
  2608 : 000000000000 ; -- R:0 G:0 B:0
  2609 : 000000000000 ; -- R:0 G:0 B:0
  2610 : 000000000000 ; -- R:0 G:0 B:0
  2611 : 000000000000 ; -- R:0 G:0 B:0
  2612 : 000000000000 ; -- R:0 G:0 B:0
  2613 : 000000000000 ; -- R:0 G:0 B:0
  2614 : 000000000000 ; -- R:0 G:0 B:0
  2615 : 000000000000 ; -- R:0 G:0 B:0
  2616 : 000000000000 ; -- R:0 G:0 B:0
  2617 : 000000000000 ; -- R:0 G:0 B:0
  2618 : 000000000000 ; -- R:0 G:0 B:0
  2619 : 000000000000 ; -- R:0 G:0 B:0
  2620 : 000000000000 ; -- R:0 G:0 B:0
  2621 : 000000000000 ; -- R:0 G:0 B:0
  2622 : 000000000000 ; -- R:0 G:0 B:0
  2623 : 000000000000 ; -- R:0 G:0 B:0
  2624 : 000000000000 ; -- R:0 G:0 B:0
  2625 : 000000000000 ; -- R:0 G:0 B:0
  2626 : 000000000000 ; -- R:0 G:0 B:0
  2627 : 000000000000 ; -- R:0 G:0 B:0
  2628 : 000000000000 ; -- R:0 G:0 B:0
  2629 : 000000000000 ; -- R:0 G:0 B:0
  2630 : 000000000000 ; -- R:0 G:0 B:0
  2631 : 000000000000 ; -- R:0 G:0 B:0
  2632 : 000000000000 ; -- R:0 G:0 B:0
  2633 : 000000000000 ; -- R:0 G:0 B:0
  2634 : 000000000000 ; -- R:0 G:0 B:0
  2635 : 000000000000 ; -- R:0 G:0 B:0
  2636 : 000000000000 ; -- R:0 G:0 B:0
  2637 : 000000000000 ; -- R:0 G:0 B:0
  2638 : 000000000000 ; -- R:0 G:0 B:0
  2639 : 000000000000 ; -- R:0 G:0 B:0
  2640 : 000000000000 ; -- R:0 G:0 B:0
  2641 : 000000000000 ; -- R:0 G:0 B:0
  2642 : 000000000000 ; -- R:0 G:0 B:0
  2643 : 011101110111 ; -- R:7 G:7 B:7
  2644 : 100110011001 ; -- R:9 G:9 B:9
  2645 : 100110011001 ; -- R:9 G:9 B:9
  2646 : 100110011001 ; -- R:9 G:9 B:9
  2647 : 100110011001 ; -- R:9 G:9 B:9
  2648 : 100110011001 ; -- R:9 G:9 B:9
  2649 : 110011001100 ; -- R:C G:C B:C
  2650 : 111111111111 ; -- R:F G:F B:F
  2651 : 111111111111 ; -- R:F G:F B:F
  2652 : 111011101110 ; -- R:E G:E B:E
  2653 : 100110011001 ; -- R:9 G:9 B:9
  2654 : 100110011001 ; -- R:9 G:9 B:9
  2655 : 100110011001 ; -- R:9 G:9 B:9
  2656 : 100110011001 ; -- R:9 G:9 B:9
  2657 : 100110011001 ; -- R:9 G:9 B:9
  2658 : 100110011001 ; -- R:9 G:9 B:9
  2659 : 111011101110 ; -- R:E G:E B:E
  2660 : 111111111111 ; -- R:F G:F B:F
  2661 : 111111111111 ; -- R:F G:F B:F
  2662 : 110011001100 ; -- R:C G:C B:C
  2663 : 100110011001 ; -- R:9 G:9 B:9
  2664 : 100110011001 ; -- R:9 G:9 B:9
  2665 : 100110011001 ; -- R:9 G:9 B:9
  2666 : 100110011001 ; -- R:9 G:9 B:9
  2667 : 100110011001 ; -- R:9 G:9 B:9
  2668 : 011101110111 ; -- R:7 G:7 B:7
  2669 : 000000000000 ; -- R:0 G:0 B:0
  2670 : 000000000000 ; -- R:0 G:0 B:0
  2671 : 000000000000 ; -- R:0 G:0 B:0
  2672 : 000000000000 ; -- R:0 G:0 B:0
  2673 : 000000000000 ; -- R:0 G:0 B:0
  2674 : 000000000000 ; -- R:0 G:0 B:0
  2675 : 000000000000 ; -- R:0 G:0 B:0
  2676 : 000000000000 ; -- R:0 G:0 B:0
  2677 : 000000000000 ; -- R:0 G:0 B:0
  2678 : 000000000000 ; -- R:0 G:0 B:0
  2679 : 000000000000 ; -- R:0 G:0 B:0
  2680 : 000000000000 ; -- R:0 G:0 B:0
  2681 : 000000000000 ; -- R:0 G:0 B:0
  2682 : 000000000000 ; -- R:0 G:0 B:0
  2683 : 000000000000 ; -- R:0 G:0 B:0
  2684 : 000000000000 ; -- R:0 G:0 B:0
  2685 : 000000000000 ; -- R:0 G:0 B:0
  2686 : 000000000000 ; -- R:0 G:0 B:0
  2687 : 000000000000 ; -- R:0 G:0 B:0
  2688 : 000000000000 ; -- R:0 G:0 B:0
  2689 : 000000000000 ; -- R:0 G:0 B:0
  2690 : 000000000000 ; -- R:0 G:0 B:0
  2691 : 000000000000 ; -- R:0 G:0 B:0
  2692 : 000000000000 ; -- R:0 G:0 B:0
  2693 : 000000000000 ; -- R:0 G:0 B:0
  2694 : 000000000000 ; -- R:0 G:0 B:0
  2695 : 000000000000 ; -- R:0 G:0 B:0
  2696 : 000000000000 ; -- R:0 G:0 B:0
  2697 : 000000000000 ; -- R:0 G:0 B:0
  2698 : 000000000000 ; -- R:0 G:0 B:0
  2699 : 000000000000 ; -- R:0 G:0 B:0
  2700 : 000000000000 ; -- R:0 G:0 B:0
  2701 : 000000000000 ; -- R:0 G:0 B:0
  2702 : 000000000000 ; -- R:0 G:0 B:0
  2703 : 000000000000 ; -- R:0 G:0 B:0
  2704 : 000000000000 ; -- R:0 G:0 B:0
  2705 : 000000000000 ; -- R:0 G:0 B:0
  2706 : 000000000000 ; -- R:0 G:0 B:0
  2707 : 000000000000 ; -- R:0 G:0 B:0
  2708 : 000000000000 ; -- R:0 G:0 B:0
  2709 : 000000000000 ; -- R:0 G:0 B:0
  2710 : 000000000000 ; -- R:0 G:0 B:0
  2711 : 000000000000 ; -- R:0 G:0 B:0
  2712 : 000000000000 ; -- R:0 G:0 B:0
  2713 : 010101010101 ; -- R:5 G:5 B:5
  2714 : 111111111111 ; -- R:F G:F B:F
  2715 : 111111111111 ; -- R:F G:F B:F
  2716 : 110011001100 ; -- R:C G:C B:C
  2717 : 000000000000 ; -- R:0 G:0 B:0
  2718 : 000000000000 ; -- R:0 G:0 B:0
  2719 : 000000000000 ; -- R:0 G:0 B:0
  2720 : 000000000000 ; -- R:0 G:0 B:0
  2721 : 000000000000 ; -- R:0 G:0 B:0
  2722 : 000000000000 ; -- R:0 G:0 B:0
  2723 : 110011001100 ; -- R:C G:C B:C
  2724 : 111111111111 ; -- R:F G:F B:F
  2725 : 111111111111 ; -- R:F G:F B:F
  2726 : 010101010101 ; -- R:5 G:5 B:5
  2727 : 000000000000 ; -- R:0 G:0 B:0
  2728 : 000000000000 ; -- R:0 G:0 B:0
  2729 : 000000000000 ; -- R:0 G:0 B:0
  2730 : 000000000000 ; -- R:0 G:0 B:0
  2731 : 000000000000 ; -- R:0 G:0 B:0
  2732 : 000000000000 ; -- R:0 G:0 B:0
  2733 : 000000000000 ; -- R:0 G:0 B:0
  2734 : 000000000000 ; -- R:0 G:0 B:0
  2735 : 000000000000 ; -- R:0 G:0 B:0
  2736 : 000000000000 ; -- R:0 G:0 B:0
  2737 : 000000000000 ; -- R:0 G:0 B:0
  2738 : 000000000000 ; -- R:0 G:0 B:0
  2739 : 000000000000 ; -- R:0 G:0 B:0
  2740 : 000000000000 ; -- R:0 G:0 B:0
  2741 : 000000000000 ; -- R:0 G:0 B:0
  2742 : 000000000000 ; -- R:0 G:0 B:0
  2743 : 000000000000 ; -- R:0 G:0 B:0
  2744 : 000000000000 ; -- R:0 G:0 B:0
  2745 : 000000000000 ; -- R:0 G:0 B:0
  2746 : 000000000000 ; -- R:0 G:0 B:0
  2747 : 000000000000 ; -- R:0 G:0 B:0
  2748 : 000000000000 ; -- R:0 G:0 B:0
  2749 : 000000000000 ; -- R:0 G:0 B:0
  2750 : 000000000000 ; -- R:0 G:0 B:0
  2751 : 000000000000 ; -- R:0 G:0 B:0
  2752 : 000000000000 ; -- R:0 G:0 B:0
  2753 : 000000000000 ; -- R:0 G:0 B:0
  2754 : 000000000000 ; -- R:0 G:0 B:0
  2755 : 000000000000 ; -- R:0 G:0 B:0
  2756 : 000000000000 ; -- R:0 G:0 B:0
  2757 : 000000000000 ; -- R:0 G:0 B:0
  2758 : 000000000000 ; -- R:0 G:0 B:0
  2759 : 000000000000 ; -- R:0 G:0 B:0
  2760 : 000000000000 ; -- R:0 G:0 B:0
  2761 : 000000000000 ; -- R:0 G:0 B:0
  2762 : 000000000000 ; -- R:0 G:0 B:0
  2763 : 000000000000 ; -- R:0 G:0 B:0
  2764 : 000000000000 ; -- R:0 G:0 B:0
  2765 : 000000000000 ; -- R:0 G:0 B:0
  2766 : 000000000000 ; -- R:0 G:0 B:0
  2767 : 000000000000 ; -- R:0 G:0 B:0
  2768 : 000000000000 ; -- R:0 G:0 B:0
  2769 : 000000000000 ; -- R:0 G:0 B:0
  2770 : 000000000000 ; -- R:0 G:0 B:0
  2771 : 000000000000 ; -- R:0 G:0 B:0
  2772 : 000000000000 ; -- R:0 G:0 B:0
  2773 : 000000000000 ; -- R:0 G:0 B:0
  2774 : 000000000000 ; -- R:0 G:0 B:0
  2775 : 000000000000 ; -- R:0 G:0 B:0
  2776 : 000000000000 ; -- R:0 G:0 B:0
  2777 : 011001100110 ; -- R:6 G:6 B:6
  2778 : 111111111111 ; -- R:F G:F B:F
  2779 : 111111111111 ; -- R:F G:F B:F
  2780 : 110111011101 ; -- R:D G:D B:D
  2781 : 000000000000 ; -- R:0 G:0 B:0
  2782 : 000000000000 ; -- R:0 G:0 B:0
  2783 : 000000000000 ; -- R:0 G:0 B:0
  2784 : 000000000000 ; -- R:0 G:0 B:0
  2785 : 000000000000 ; -- R:0 G:0 B:0
  2786 : 000000000000 ; -- R:0 G:0 B:0
  2787 : 110011001100 ; -- R:C G:C B:C
  2788 : 111111111111 ; -- R:F G:F B:F
  2789 : 111111111111 ; -- R:F G:F B:F
  2790 : 011001100110 ; -- R:6 G:6 B:6
  2791 : 000000000000 ; -- R:0 G:0 B:0
  2792 : 000000000000 ; -- R:0 G:0 B:0
  2793 : 000000000000 ; -- R:0 G:0 B:0
  2794 : 000000000000 ; -- R:0 G:0 B:0
  2795 : 000000000000 ; -- R:0 G:0 B:0
  2796 : 000000000000 ; -- R:0 G:0 B:0
  2797 : 000000000000 ; -- R:0 G:0 B:0
  2798 : 000000000000 ; -- R:0 G:0 B:0
  2799 : 000000000000 ; -- R:0 G:0 B:0
  2800 : 000000000000 ; -- R:0 G:0 B:0
  2801 : 000000000000 ; -- R:0 G:0 B:0
  2802 : 000000000000 ; -- R:0 G:0 B:0
  2803 : 000000000000 ; -- R:0 G:0 B:0
  2804 : 000000000000 ; -- R:0 G:0 B:0
  2805 : 000000000000 ; -- R:0 G:0 B:0
  2806 : 000000000000 ; -- R:0 G:0 B:0
  2807 : 000000000000 ; -- R:0 G:0 B:0
  2808 : 000000000000 ; -- R:0 G:0 B:0
  2809 : 000000000000 ; -- R:0 G:0 B:0
  2810 : 000000000000 ; -- R:0 G:0 B:0
  2811 : 000000000000 ; -- R:0 G:0 B:0
  2812 : 000000000000 ; -- R:0 G:0 B:0
  2813 : 000000000000 ; -- R:0 G:0 B:0
  2814 : 000000000000 ; -- R:0 G:0 B:0
  2815 : 000000000000 ; -- R:0 G:0 B:0
  2816 : 000000000000 ; -- R:0 G:0 B:0
  2817 : 000000000000 ; -- R:0 G:0 B:0
  2818 : 000000000000 ; -- R:0 G:0 B:0
  2819 : 000000000000 ; -- R:0 G:0 B:0
  2820 : 000000000000 ; -- R:0 G:0 B:0
  2821 : 000000000000 ; -- R:0 G:0 B:0
  2822 : 000000000000 ; -- R:0 G:0 B:0
  2823 : 000000000000 ; -- R:0 G:0 B:0
  2824 : 000000000000 ; -- R:0 G:0 B:0
  2825 : 000000000000 ; -- R:0 G:0 B:0
  2826 : 000000000000 ; -- R:0 G:0 B:0
  2827 : 000000000000 ; -- R:0 G:0 B:0
  2828 : 000000000000 ; -- R:0 G:0 B:0
  2829 : 000000000000 ; -- R:0 G:0 B:0
  2830 : 000000000000 ; -- R:0 G:0 B:0
  2831 : 000000000000 ; -- R:0 G:0 B:0
  2832 : 001100110011 ; -- R:3 G:3 B:3
  2833 : 001100110011 ; -- R:3 G:3 B:3
  2834 : 001100110011 ; -- R:3 G:3 B:3
  2835 : 000000000000 ; -- R:0 G:0 B:0
  2836 : 000000000000 ; -- R:0 G:0 B:0
  2837 : 000000000000 ; -- R:0 G:0 B:0
  2838 : 001000100010 ; -- R:2 G:2 B:2
  2839 : 001100110011 ; -- R:3 G:3 B:3
  2840 : 001100110011 ; -- R:3 G:3 B:3
  2841 : 011101110111 ; -- R:7 G:7 B:7
  2842 : 110011001100 ; -- R:C G:C B:C
  2843 : 110011001100 ; -- R:C G:C B:C
  2844 : 101010101010 ; -- R:A G:A B:A
  2845 : 001100110011 ; -- R:3 G:3 B:3
  2846 : 001100110011 ; -- R:3 G:3 B:3
  2847 : 001100110011 ; -- R:3 G:3 B:3
  2848 : 001100110011 ; -- R:3 G:3 B:3
  2849 : 001100110011 ; -- R:3 G:3 B:3
  2850 : 001100110011 ; -- R:3 G:3 B:3
  2851 : 101010101010 ; -- R:A G:A B:A
  2852 : 110011001100 ; -- R:C G:C B:C
  2853 : 110011001100 ; -- R:C G:C B:C
  2854 : 011101110111 ; -- R:7 G:7 B:7
  2855 : 001100110011 ; -- R:3 G:3 B:3
  2856 : 001100110011 ; -- R:3 G:3 B:3
  2857 : 001000100010 ; -- R:2 G:2 B:2
  2858 : 000000000000 ; -- R:0 G:0 B:0
  2859 : 000000000000 ; -- R:0 G:0 B:0
  2860 : 000000000000 ; -- R:0 G:0 B:0
  2861 : 001100110011 ; -- R:3 G:3 B:3
  2862 : 001100110011 ; -- R:3 G:3 B:3
  2863 : 001100110011 ; -- R:3 G:3 B:3
  2864 : 000000000000 ; -- R:0 G:0 B:0
  2865 : 000000000000 ; -- R:0 G:0 B:0
  2866 : 000000000000 ; -- R:0 G:0 B:0
  2867 : 000000000000 ; -- R:0 G:0 B:0
  2868 : 000000000000 ; -- R:0 G:0 B:0
  2869 : 000000000000 ; -- R:0 G:0 B:0
  2870 : 000000000000 ; -- R:0 G:0 B:0
  2871 : 000000000000 ; -- R:0 G:0 B:0
  2872 : 000000000000 ; -- R:0 G:0 B:0
  2873 : 000000000000 ; -- R:0 G:0 B:0
  2874 : 000000000000 ; -- R:0 G:0 B:0
  2875 : 000000000000 ; -- R:0 G:0 B:0
  2876 : 000000000000 ; -- R:0 G:0 B:0
  2877 : 000000000000 ; -- R:0 G:0 B:0
  2878 : 000000000000 ; -- R:0 G:0 B:0
  2879 : 000000000000 ; -- R:0 G:0 B:0
  2880 : 000000000000 ; -- R:0 G:0 B:0
  2881 : 000000000000 ; -- R:0 G:0 B:0
  2882 : 000000000000 ; -- R:0 G:0 B:0
  2883 : 000000000000 ; -- R:0 G:0 B:0
  2884 : 000000000000 ; -- R:0 G:0 B:0
  2885 : 000000000000 ; -- R:0 G:0 B:0
  2886 : 000000000000 ; -- R:0 G:0 B:0
  2887 : 000000000000 ; -- R:0 G:0 B:0
  2888 : 000000000000 ; -- R:0 G:0 B:0
  2889 : 000000000000 ; -- R:0 G:0 B:0
  2890 : 000000000000 ; -- R:0 G:0 B:0
  2891 : 000000000000 ; -- R:0 G:0 B:0
  2892 : 000000000000 ; -- R:0 G:0 B:0
  2893 : 000000000000 ; -- R:0 G:0 B:0
  2894 : 000000000000 ; -- R:0 G:0 B:0
  2895 : 000100010001 ; -- R:1 G:1 B:1
  2896 : 111111111111 ; -- R:F G:F B:F
  2897 : 111111111111 ; -- R:F G:F B:F
  2898 : 111111111111 ; -- R:F G:F B:F
  2899 : 001100110011 ; -- R:3 G:3 B:3
  2900 : 000000000000 ; -- R:0 G:0 B:0
  2901 : 000000000000 ; -- R:0 G:0 B:0
  2902 : 100110011001 ; -- R:9 G:9 B:9
  2903 : 111111111111 ; -- R:F G:F B:F
  2904 : 111111111111 ; -- R:F G:F B:F
  2905 : 100110011001 ; -- R:9 G:9 B:9
  2906 : 000000000000 ; -- R:0 G:0 B:0
  2907 : 000000000000 ; -- R:0 G:0 B:0
  2908 : 001100110011 ; -- R:3 G:3 B:3
  2909 : 111111111111 ; -- R:F G:F B:F
  2910 : 111111111111 ; -- R:F G:F B:F
  2911 : 111111111111 ; -- R:F G:F B:F
  2912 : 111111111111 ; -- R:F G:F B:F
  2913 : 111111111111 ; -- R:F G:F B:F
  2914 : 111111111111 ; -- R:F G:F B:F
  2915 : 001100110011 ; -- R:3 G:3 B:3
  2916 : 000000000000 ; -- R:0 G:0 B:0
  2917 : 000000000000 ; -- R:0 G:0 B:0
  2918 : 100110011001 ; -- R:9 G:9 B:9
  2919 : 111111111111 ; -- R:F G:F B:F
  2920 : 111111111111 ; -- R:F G:F B:F
  2921 : 100110011001 ; -- R:9 G:9 B:9
  2922 : 000000000000 ; -- R:0 G:0 B:0
  2923 : 000000000000 ; -- R:0 G:0 B:0
  2924 : 001100110011 ; -- R:3 G:3 B:3
  2925 : 111111111111 ; -- R:F G:F B:F
  2926 : 111111111111 ; -- R:F G:F B:F
  2927 : 111111111111 ; -- R:F G:F B:F
  2928 : 000100010001 ; -- R:1 G:1 B:1
  2929 : 000000000000 ; -- R:0 G:0 B:0
  2930 : 000000000000 ; -- R:0 G:0 B:0
  2931 : 000000000000 ; -- R:0 G:0 B:0
  2932 : 000000000000 ; -- R:0 G:0 B:0
  2933 : 000000000000 ; -- R:0 G:0 B:0
  2934 : 000000000000 ; -- R:0 G:0 B:0
  2935 : 000000000000 ; -- R:0 G:0 B:0
  2936 : 000000000000 ; -- R:0 G:0 B:0
  2937 : 000000000000 ; -- R:0 G:0 B:0
  2938 : 000000000000 ; -- R:0 G:0 B:0
  2939 : 000000000000 ; -- R:0 G:0 B:0
  2940 : 000000000000 ; -- R:0 G:0 B:0
  2941 : 000000000000 ; -- R:0 G:0 B:0
  2942 : 000000000000 ; -- R:0 G:0 B:0
  2943 : 000000000000 ; -- R:0 G:0 B:0
  2944 : 000000000000 ; -- R:0 G:0 B:0
  2945 : 000000000000 ; -- R:0 G:0 B:0
  2946 : 000000000000 ; -- R:0 G:0 B:0
  2947 : 000000000000 ; -- R:0 G:0 B:0
  2948 : 000000000000 ; -- R:0 G:0 B:0
  2949 : 000000000000 ; -- R:0 G:0 B:0
  2950 : 000000000000 ; -- R:0 G:0 B:0
  2951 : 000000000000 ; -- R:0 G:0 B:0
  2952 : 000000000000 ; -- R:0 G:0 B:0
  2953 : 000000000000 ; -- R:0 G:0 B:0
  2954 : 000000000000 ; -- R:0 G:0 B:0
  2955 : 000000000000 ; -- R:0 G:0 B:0
  2956 : 000000000000 ; -- R:0 G:0 B:0
  2957 : 000000000000 ; -- R:0 G:0 B:0
  2958 : 000000000000 ; -- R:0 G:0 B:0
  2959 : 000000000000 ; -- R:0 G:0 B:0
  2960 : 111111111111 ; -- R:F G:F B:F
  2961 : 111111111111 ; -- R:F G:F B:F
  2962 : 111111111111 ; -- R:F G:F B:F
  2963 : 001100110011 ; -- R:3 G:3 B:3
  2964 : 000000000000 ; -- R:0 G:0 B:0
  2965 : 000000000000 ; -- R:0 G:0 B:0
  2966 : 100110011001 ; -- R:9 G:9 B:9
  2967 : 111111111111 ; -- R:F G:F B:F
  2968 : 111111111111 ; -- R:F G:F B:F
  2969 : 100110011001 ; -- R:9 G:9 B:9
  2970 : 000000000000 ; -- R:0 G:0 B:0
  2971 : 000000000000 ; -- R:0 G:0 B:0
  2972 : 001100110011 ; -- R:3 G:3 B:3
  2973 : 111111111111 ; -- R:F G:F B:F
  2974 : 111111111111 ; -- R:F G:F B:F
  2975 : 111111111111 ; -- R:F G:F B:F
  2976 : 111111111111 ; -- R:F G:F B:F
  2977 : 111111111111 ; -- R:F G:F B:F
  2978 : 111111111111 ; -- R:F G:F B:F
  2979 : 001100110011 ; -- R:3 G:3 B:3
  2980 : 000000000000 ; -- R:0 G:0 B:0
  2981 : 000000000000 ; -- R:0 G:0 B:0
  2982 : 100110011001 ; -- R:9 G:9 B:9
  2983 : 111111111111 ; -- R:F G:F B:F
  2984 : 111111111111 ; -- R:F G:F B:F
  2985 : 100110011001 ; -- R:9 G:9 B:9
  2986 : 000000000000 ; -- R:0 G:0 B:0
  2987 : 000000000000 ; -- R:0 G:0 B:0
  2988 : 001100110011 ; -- R:3 G:3 B:3
  2989 : 111111111111 ; -- R:F G:F B:F
  2990 : 111111111111 ; -- R:F G:F B:F
  2991 : 111111111111 ; -- R:F G:F B:F
  2992 : 000000000000 ; -- R:0 G:0 B:0
  2993 : 000000000000 ; -- R:0 G:0 B:0
  2994 : 000000000000 ; -- R:0 G:0 B:0
  2995 : 000000000000 ; -- R:0 G:0 B:0
  2996 : 000000000000 ; -- R:0 G:0 B:0
  2997 : 000000000000 ; -- R:0 G:0 B:0
  2998 : 000000000000 ; -- R:0 G:0 B:0
  2999 : 000000000000 ; -- R:0 G:0 B:0
  3000 : 000000000000 ; -- R:0 G:0 B:0
  3001 : 000000000000 ; -- R:0 G:0 B:0
  3002 : 000000000000 ; -- R:0 G:0 B:0
  3003 : 000000000000 ; -- R:0 G:0 B:0
  3004 : 000000000000 ; -- R:0 G:0 B:0
  3005 : 000000000000 ; -- R:0 G:0 B:0
  3006 : 000000000000 ; -- R:0 G:0 B:0
  3007 : 000000000000 ; -- R:0 G:0 B:0
  3008 : 000000000000 ; -- R:0 G:0 B:0
  3009 : 000000000000 ; -- R:0 G:0 B:0
  3010 : 000000000000 ; -- R:0 G:0 B:0
  3011 : 000000000000 ; -- R:0 G:0 B:0
  3012 : 000000000000 ; -- R:0 G:0 B:0
  3013 : 000000000000 ; -- R:0 G:0 B:0
  3014 : 000000000000 ; -- R:0 G:0 B:0
  3015 : 000000000000 ; -- R:0 G:0 B:0
  3016 : 000000000000 ; -- R:0 G:0 B:0
  3017 : 000000000000 ; -- R:0 G:0 B:0
  3018 : 000000000000 ; -- R:0 G:0 B:0
  3019 : 000000000000 ; -- R:0 G:0 B:0
  3020 : 000000000000 ; -- R:0 G:0 B:0
  3021 : 000100010001 ; -- R:1 G:1 B:1
  3022 : 000100010001 ; -- R:1 G:1 B:1
  3023 : 001000100010 ; -- R:2 G:2 B:2
  3024 : 110111011101 ; -- R:D G:D B:D
  3025 : 111011101110 ; -- R:E G:E B:E
  3026 : 111011101110 ; -- R:E G:E B:E
  3027 : 001100110011 ; -- R:3 G:3 B:3
  3028 : 000000000000 ; -- R:0 G:0 B:0
  3029 : 000000000000 ; -- R:0 G:0 B:0
  3030 : 100010001000 ; -- R:8 G:8 B:8
  3031 : 111011101110 ; -- R:E G:E B:E
  3032 : 111011101110 ; -- R:E G:E B:E
  3033 : 100110011001 ; -- R:9 G:9 B:9
  3034 : 000100010001 ; -- R:1 G:1 B:1
  3035 : 000100010001 ; -- R:1 G:1 B:1
  3036 : 010001000100 ; -- R:4 G:4 B:4
  3037 : 111111111111 ; -- R:F G:F B:F
  3038 : 111111111111 ; -- R:F G:F B:F
  3039 : 111111111111 ; -- R:F G:F B:F
  3040 : 111111111111 ; -- R:F G:F B:F
  3041 : 111111111111 ; -- R:F G:F B:F
  3042 : 111111111111 ; -- R:F G:F B:F
  3043 : 010001000100 ; -- R:4 G:4 B:4
  3044 : 000100010001 ; -- R:1 G:1 B:1
  3045 : 000100010001 ; -- R:1 G:1 B:1
  3046 : 100110011001 ; -- R:9 G:9 B:9
  3047 : 111011101110 ; -- R:E G:E B:E
  3048 : 111011101110 ; -- R:E G:E B:E
  3049 : 100010001000 ; -- R:8 G:8 B:8
  3050 : 000000000000 ; -- R:0 G:0 B:0
  3051 : 000000000000 ; -- R:0 G:0 B:0
  3052 : 001100110011 ; -- R:3 G:3 B:3
  3053 : 111011101110 ; -- R:E G:E B:E
  3054 : 111011101110 ; -- R:E G:E B:E
  3055 : 110111011101 ; -- R:D G:D B:D
  3056 : 001000100010 ; -- R:2 G:2 B:2
  3057 : 000100010001 ; -- R:1 G:1 B:1
  3058 : 000100010001 ; -- R:1 G:1 B:1
  3059 : 000000000000 ; -- R:0 G:0 B:0
  3060 : 000000000000 ; -- R:0 G:0 B:0
  3061 : 000000000000 ; -- R:0 G:0 B:0
  3062 : 000000000000 ; -- R:0 G:0 B:0
  3063 : 000000000000 ; -- R:0 G:0 B:0
  3064 : 000000000000 ; -- R:0 G:0 B:0
  3065 : 000000000000 ; -- R:0 G:0 B:0
  3066 : 000000000000 ; -- R:0 G:0 B:0
  3067 : 000000000000 ; -- R:0 G:0 B:0
  3068 : 000000000000 ; -- R:0 G:0 B:0
  3069 : 000000000000 ; -- R:0 G:0 B:0
  3070 : 000000000000 ; -- R:0 G:0 B:0
  3071 : 000000000000 ; -- R:0 G:0 B:0
  3072 : 000000000000 ; -- R:0 G:0 B:0
  3073 : 000000000000 ; -- R:0 G:0 B:0
  3074 : 000000000000 ; -- R:0 G:0 B:0
  3075 : 000000000000 ; -- R:0 G:0 B:0
  3076 : 000000000000 ; -- R:0 G:0 B:0
  3077 : 000000000000 ; -- R:0 G:0 B:0
  3078 : 000000000000 ; -- R:0 G:0 B:0
  3079 : 000000000000 ; -- R:0 G:0 B:0
  3080 : 000000000000 ; -- R:0 G:0 B:0
  3081 : 000000000000 ; -- R:0 G:0 B:0
  3082 : 000000000000 ; -- R:0 G:0 B:0
  3083 : 000000000000 ; -- R:0 G:0 B:0
  3084 : 001100110011 ; -- R:3 G:3 B:3
  3085 : 111011101110 ; -- R:E G:E B:E
  3086 : 111011101110 ; -- R:E G:E B:E
  3087 : 110111011101 ; -- R:D G:D B:D
  3088 : 001000100010 ; -- R:2 G:2 B:2
  3089 : 000100010001 ; -- R:1 G:1 B:1
  3090 : 000100010001 ; -- R:1 G:1 B:1
  3091 : 000000000000 ; -- R:0 G:0 B:0
  3092 : 000000000000 ; -- R:0 G:0 B:0
  3093 : 000000000000 ; -- R:0 G:0 B:0
  3094 : 000000000000 ; -- R:0 G:0 B:0
  3095 : 000100010001 ; -- R:1 G:1 B:1
  3096 : 000100010001 ; -- R:1 G:1 B:1
  3097 : 011001100110 ; -- R:6 G:6 B:6
  3098 : 111011101110 ; -- R:E G:E B:E
  3099 : 111011101110 ; -- R:E G:E B:E
  3100 : 111111111111 ; -- R:F G:F B:F
  3101 : 111111111111 ; -- R:F G:F B:F
  3102 : 111111111111 ; -- R:F G:F B:F
  3103 : 111111111111 ; -- R:F G:F B:F
  3104 : 111111111111 ; -- R:F G:F B:F
  3105 : 111111111111 ; -- R:F G:F B:F
  3106 : 111111111111 ; -- R:F G:F B:F
  3107 : 111111111111 ; -- R:F G:F B:F
  3108 : 111011101110 ; -- R:E G:E B:E
  3109 : 111011101110 ; -- R:E G:E B:E
  3110 : 011001100110 ; -- R:6 G:6 B:6
  3111 : 000100010001 ; -- R:1 G:1 B:1
  3112 : 000100010001 ; -- R:1 G:1 B:1
  3113 : 000000000000 ; -- R:0 G:0 B:0
  3114 : 000000000000 ; -- R:0 G:0 B:0
  3115 : 000000000000 ; -- R:0 G:0 B:0
  3116 : 000000000000 ; -- R:0 G:0 B:0
  3117 : 000100010001 ; -- R:1 G:1 B:1
  3118 : 000100010001 ; -- R:1 G:1 B:1
  3119 : 001000100010 ; -- R:2 G:2 B:2
  3120 : 110111011101 ; -- R:D G:D B:D
  3121 : 111011101110 ; -- R:E G:E B:E
  3122 : 111011101110 ; -- R:E G:E B:E
  3123 : 001100110011 ; -- R:3 G:3 B:3
  3124 : 000000000000 ; -- R:0 G:0 B:0
  3125 : 000000000000 ; -- R:0 G:0 B:0
  3126 : 000000000000 ; -- R:0 G:0 B:0
  3127 : 000000000000 ; -- R:0 G:0 B:0
  3128 : 000000000000 ; -- R:0 G:0 B:0
  3129 : 000000000000 ; -- R:0 G:0 B:0
  3130 : 000000000000 ; -- R:0 G:0 B:0
  3131 : 000000000000 ; -- R:0 G:0 B:0
  3132 : 000000000000 ; -- R:0 G:0 B:0
  3133 : 000000000000 ; -- R:0 G:0 B:0
  3134 : 000000000000 ; -- R:0 G:0 B:0
  3135 : 000000000000 ; -- R:0 G:0 B:0
  3136 : 000000000000 ; -- R:0 G:0 B:0
  3137 : 001100110011 ; -- R:3 G:3 B:3
  3138 : 000000000000 ; -- R:0 G:0 B:0
  3139 : 000000000000 ; -- R:0 G:0 B:0
  3140 : 000000000000 ; -- R:0 G:0 B:0
  3141 : 000000000000 ; -- R:0 G:0 B:0
  3142 : 000000000000 ; -- R:0 G:0 B:0
  3143 : 000000000000 ; -- R:0 G:0 B:0
  3144 : 000000000000 ; -- R:0 G:0 B:0
  3145 : 000000000000 ; -- R:0 G:0 B:0
  3146 : 000000000000 ; -- R:0 G:0 B:0
  3147 : 000000000000 ; -- R:0 G:0 B:0
  3148 : 001100110011 ; -- R:3 G:3 B:3
  3149 : 111111111111 ; -- R:F G:F B:F
  3150 : 111111111111 ; -- R:F G:F B:F
  3151 : 111111111111 ; -- R:F G:F B:F
  3152 : 000000000000 ; -- R:0 G:0 B:0
  3153 : 000000000000 ; -- R:0 G:0 B:0
  3154 : 000000000000 ; -- R:0 G:0 B:0
  3155 : 000000000000 ; -- R:0 G:0 B:0
  3156 : 000000000000 ; -- R:0 G:0 B:0
  3157 : 000000000000 ; -- R:0 G:0 B:0
  3158 : 000000000000 ; -- R:0 G:0 B:0
  3159 : 000000000000 ; -- R:0 G:0 B:0
  3160 : 000000000000 ; -- R:0 G:0 B:0
  3161 : 011001100110 ; -- R:6 G:6 B:6
  3162 : 111111111111 ; -- R:F G:F B:F
  3163 : 111111111111 ; -- R:F G:F B:F
  3164 : 111111111111 ; -- R:F G:F B:F
  3165 : 111111111111 ; -- R:F G:F B:F
  3166 : 111111111111 ; -- R:F G:F B:F
  3167 : 111111111111 ; -- R:F G:F B:F
  3168 : 111111111111 ; -- R:F G:F B:F
  3169 : 111111111111 ; -- R:F G:F B:F
  3170 : 111111111111 ; -- R:F G:F B:F
  3171 : 111111111111 ; -- R:F G:F B:F
  3172 : 111111111111 ; -- R:F G:F B:F
  3173 : 111111111111 ; -- R:F G:F B:F
  3174 : 011001100110 ; -- R:6 G:6 B:6
  3175 : 000000000000 ; -- R:0 G:0 B:0
  3176 : 000000000000 ; -- R:0 G:0 B:0
  3177 : 000000000000 ; -- R:0 G:0 B:0
  3178 : 000000000000 ; -- R:0 G:0 B:0
  3179 : 000000000000 ; -- R:0 G:0 B:0
  3180 : 000000000000 ; -- R:0 G:0 B:0
  3181 : 000000000000 ; -- R:0 G:0 B:0
  3182 : 000000000000 ; -- R:0 G:0 B:0
  3183 : 000000000000 ; -- R:0 G:0 B:0
  3184 : 111111111111 ; -- R:F G:F B:F
  3185 : 111111111111 ; -- R:F G:F B:F
  3186 : 111111111111 ; -- R:F G:F B:F
  3187 : 001100110011 ; -- R:3 G:3 B:3
  3188 : 000000000000 ; -- R:0 G:0 B:0
  3189 : 000000000000 ; -- R:0 G:0 B:0
  3190 : 000000000000 ; -- R:0 G:0 B:0
  3191 : 000000000000 ; -- R:0 G:0 B:0
  3192 : 000000000000 ; -- R:0 G:0 B:0
  3193 : 000000000000 ; -- R:0 G:0 B:0
  3194 : 000000000000 ; -- R:0 G:0 B:0
  3195 : 000000000000 ; -- R:0 G:0 B:0
  3196 : 000000000000 ; -- R:0 G:0 B:0
  3197 : 000000000000 ; -- R:0 G:0 B:0
  3198 : 000000000000 ; -- R:0 G:0 B:0
  3199 : 000000000000 ; -- R:0 G:0 B:0
  3200 : 000000000000 ; -- R:0 G:0 B:0
  3201 : 001100110011 ; -- R:3 G:3 B:3
  3202 : 000000000000 ; -- R:0 G:0 B:0
  3203 : 000000000000 ; -- R:0 G:0 B:0
  3204 : 000000000000 ; -- R:0 G:0 B:0
  3205 : 000000000000 ; -- R:0 G:0 B:0
  3206 : 000000000000 ; -- R:0 G:0 B:0
  3207 : 000000000000 ; -- R:0 G:0 B:0
  3208 : 000000000000 ; -- R:0 G:0 B:0
  3209 : 000000000000 ; -- R:0 G:0 B:0
  3210 : 000000000000 ; -- R:0 G:0 B:0
  3211 : 000000000000 ; -- R:0 G:0 B:0
  3212 : 001100110011 ; -- R:3 G:3 B:3
  3213 : 111111111111 ; -- R:F G:F B:F
  3214 : 111111111111 ; -- R:F G:F B:F
  3215 : 111111111111 ; -- R:F G:F B:F
  3216 : 000100010001 ; -- R:1 G:1 B:1
  3217 : 000000000000 ; -- R:0 G:0 B:0
  3218 : 000000000000 ; -- R:0 G:0 B:0
  3219 : 000000000000 ; -- R:0 G:0 B:0
  3220 : 000000000000 ; -- R:0 G:0 B:0
  3221 : 000000000000 ; -- R:0 G:0 B:0
  3222 : 000000000000 ; -- R:0 G:0 B:0
  3223 : 000000000000 ; -- R:0 G:0 B:0
  3224 : 000000000000 ; -- R:0 G:0 B:0
  3225 : 011001100110 ; -- R:6 G:6 B:6
  3226 : 111111111111 ; -- R:F G:F B:F
  3227 : 111111111111 ; -- R:F G:F B:F
  3228 : 111111111111 ; -- R:F G:F B:F
  3229 : 111111111111 ; -- R:F G:F B:F
  3230 : 111111111111 ; -- R:F G:F B:F
  3231 : 111111111111 ; -- R:F G:F B:F
  3232 : 111111111111 ; -- R:F G:F B:F
  3233 : 111111111111 ; -- R:F G:F B:F
  3234 : 111111111111 ; -- R:F G:F B:F
  3235 : 111111111111 ; -- R:F G:F B:F
  3236 : 111111111111 ; -- R:F G:F B:F
  3237 : 111111111111 ; -- R:F G:F B:F
  3238 : 011001100110 ; -- R:6 G:6 B:6
  3239 : 000000000000 ; -- R:0 G:0 B:0
  3240 : 000000000000 ; -- R:0 G:0 B:0
  3241 : 000000000000 ; -- R:0 G:0 B:0
  3242 : 000000000000 ; -- R:0 G:0 B:0
  3243 : 000000000000 ; -- R:0 G:0 B:0
  3244 : 000000000000 ; -- R:0 G:0 B:0
  3245 : 000000000000 ; -- R:0 G:0 B:0
  3246 : 000000000000 ; -- R:0 G:0 B:0
  3247 : 000100010001 ; -- R:1 G:1 B:1
  3248 : 111111111111 ; -- R:F G:F B:F
  3249 : 111111111111 ; -- R:F G:F B:F
  3250 : 111111111111 ; -- R:F G:F B:F
  3251 : 001100110011 ; -- R:3 G:3 B:3
  3252 : 000000000000 ; -- R:0 G:0 B:0
  3253 : 000000000000 ; -- R:0 G:0 B:0
  3254 : 000000000000 ; -- R:0 G:0 B:0
  3255 : 000000000000 ; -- R:0 G:0 B:0
  3256 : 000000000000 ; -- R:0 G:0 B:0
  3257 : 000000000000 ; -- R:0 G:0 B:0
  3258 : 000000000000 ; -- R:0 G:0 B:0
  3259 : 000000000000 ; -- R:0 G:0 B:0
  3260 : 000000000000 ; -- R:0 G:0 B:0
  3261 : 000000000000 ; -- R:0 G:0 B:0
  3262 : 000000000000 ; -- R:0 G:0 B:0
  3263 : 000000000000 ; -- R:0 G:0 B:0
  3264 : 000000000000 ; -- R:0 G:0 B:0
  3265 : 001100110011 ; -- R:3 G:3 B:3
  3266 : 000000000000 ; -- R:0 G:0 B:0
  3267 : 000000000000 ; -- R:0 G:0 B:0
  3268 : 000000000000 ; -- R:0 G:0 B:0
  3269 : 000000000000 ; -- R:0 G:0 B:0
  3270 : 011101110111 ; -- R:7 G:7 B:7
  3271 : 110011001100 ; -- R:C G:C B:C
  3272 : 110011001100 ; -- R:C G:C B:C
  3273 : 110011001100 ; -- R:C G:C B:C
  3274 : 110011001100 ; -- R:C G:C B:C
  3275 : 110011001100 ; -- R:C G:C B:C
  3276 : 101010101010 ; -- R:A G:A B:A
  3277 : 001100110011 ; -- R:3 G:3 B:3
  3278 : 001100110011 ; -- R:3 G:3 B:3
  3279 : 001100110011 ; -- R:3 G:3 B:3
  3280 : 000000000000 ; -- R:0 G:0 B:0
  3281 : 000000000000 ; -- R:0 G:0 B:0
  3282 : 000000000000 ; -- R:0 G:0 B:0
  3283 : 000000000000 ; -- R:0 G:0 B:0
  3284 : 000000000000 ; -- R:0 G:0 B:0
  3285 : 000000000000 ; -- R:0 G:0 B:0
  3286 : 000000000000 ; -- R:0 G:0 B:0
  3287 : 000000000000 ; -- R:0 G:0 B:0
  3288 : 000000000000 ; -- R:0 G:0 B:0
  3289 : 000100010001 ; -- R:1 G:1 B:1
  3290 : 001100110011 ; -- R:3 G:3 B:3
  3291 : 001100110011 ; -- R:3 G:3 B:3
  3292 : 001100110011 ; -- R:3 G:3 B:3
  3293 : 001100110011 ; -- R:3 G:3 B:3
  3294 : 001100110011 ; -- R:3 G:3 B:3
  3295 : 001100110011 ; -- R:3 G:3 B:3
  3296 : 001100110011 ; -- R:3 G:3 B:3
  3297 : 001100110011 ; -- R:3 G:3 B:3
  3298 : 001100110011 ; -- R:3 G:3 B:3
  3299 : 001100110011 ; -- R:3 G:3 B:3
  3300 : 001100110011 ; -- R:3 G:3 B:3
  3301 : 001100110011 ; -- R:3 G:3 B:3
  3302 : 000100010001 ; -- R:1 G:1 B:1
  3303 : 000000000000 ; -- R:0 G:0 B:0
  3304 : 000000000000 ; -- R:0 G:0 B:0
  3305 : 000000000000 ; -- R:0 G:0 B:0
  3306 : 000000000000 ; -- R:0 G:0 B:0
  3307 : 000000000000 ; -- R:0 G:0 B:0
  3308 : 000000000000 ; -- R:0 G:0 B:0
  3309 : 000000000000 ; -- R:0 G:0 B:0
  3310 : 000000000000 ; -- R:0 G:0 B:0
  3311 : 000000000000 ; -- R:0 G:0 B:0
  3312 : 001100110011 ; -- R:3 G:3 B:3
  3313 : 001100110011 ; -- R:3 G:3 B:3
  3314 : 001100110011 ; -- R:3 G:3 B:3
  3315 : 101010101010 ; -- R:A G:A B:A
  3316 : 110011001100 ; -- R:C G:C B:C
  3317 : 110011001100 ; -- R:C G:C B:C
  3318 : 110011001100 ; -- R:C G:C B:C
  3319 : 110011001100 ; -- R:C G:C B:C
  3320 : 110011001100 ; -- R:C G:C B:C
  3321 : 011101110111 ; -- R:7 G:7 B:7
  3322 : 000000000000 ; -- R:0 G:0 B:0
  3323 : 000000000000 ; -- R:0 G:0 B:0
  3324 : 000000000000 ; -- R:0 G:0 B:0
  3325 : 000000000000 ; -- R:0 G:0 B:0
  3326 : 000000000000 ; -- R:0 G:0 B:0
  3327 : 000000000000 ; -- R:0 G:0 B:0
  3328 : 000000000000 ; -- R:0 G:0 B:0
  3329 : 001100110011 ; -- R:3 G:3 B:3
  3330 : 000000000000 ; -- R:0 G:0 B:0
  3331 : 000000000000 ; -- R:0 G:0 B:0
  3332 : 000000000000 ; -- R:0 G:0 B:0
  3333 : 000000000000 ; -- R:0 G:0 B:0
  3334 : 101010101010 ; -- R:A G:A B:A
  3335 : 111111111111 ; -- R:F G:F B:F
  3336 : 111111111111 ; -- R:F G:F B:F
  3337 : 111111111111 ; -- R:F G:F B:F
  3338 : 111111111111 ; -- R:F G:F B:F
  3339 : 111111111111 ; -- R:F G:F B:F
  3340 : 110011001100 ; -- R:C G:C B:C
  3341 : 000000000000 ; -- R:0 G:0 B:0
  3342 : 000000000000 ; -- R:0 G:0 B:0
  3343 : 000000000000 ; -- R:0 G:0 B:0
  3344 : 000000000000 ; -- R:0 G:0 B:0
  3345 : 000000000000 ; -- R:0 G:0 B:0
  3346 : 000000000000 ; -- R:0 G:0 B:0
  3347 : 000000000000 ; -- R:0 G:0 B:0
  3348 : 000000000000 ; -- R:0 G:0 B:0
  3349 : 000000000000 ; -- R:0 G:0 B:0
  3350 : 000000000000 ; -- R:0 G:0 B:0
  3351 : 000000000000 ; -- R:0 G:0 B:0
  3352 : 000000000000 ; -- R:0 G:0 B:0
  3353 : 000000000000 ; -- R:0 G:0 B:0
  3354 : 000000000000 ; -- R:0 G:0 B:0
  3355 : 000000000000 ; -- R:0 G:0 B:0
  3356 : 000000000000 ; -- R:0 G:0 B:0
  3357 : 000000000000 ; -- R:0 G:0 B:0
  3358 : 000000000000 ; -- R:0 G:0 B:0
  3359 : 000000000000 ; -- R:0 G:0 B:0
  3360 : 000000000000 ; -- R:0 G:0 B:0
  3361 : 000000000000 ; -- R:0 G:0 B:0
  3362 : 000000000000 ; -- R:0 G:0 B:0
  3363 : 000000000000 ; -- R:0 G:0 B:0
  3364 : 000000000000 ; -- R:0 G:0 B:0
  3365 : 000000000000 ; -- R:0 G:0 B:0
  3366 : 000000000000 ; -- R:0 G:0 B:0
  3367 : 000000000000 ; -- R:0 G:0 B:0
  3368 : 000000000000 ; -- R:0 G:0 B:0
  3369 : 000000000000 ; -- R:0 G:0 B:0
  3370 : 000000000000 ; -- R:0 G:0 B:0
  3371 : 000000000000 ; -- R:0 G:0 B:0
  3372 : 000000000000 ; -- R:0 G:0 B:0
  3373 : 000000000000 ; -- R:0 G:0 B:0
  3374 : 000000000000 ; -- R:0 G:0 B:0
  3375 : 000000000000 ; -- R:0 G:0 B:0
  3376 : 000000000000 ; -- R:0 G:0 B:0
  3377 : 000000000000 ; -- R:0 G:0 B:0
  3378 : 000000000000 ; -- R:0 G:0 B:0
  3379 : 110011001100 ; -- R:C G:C B:C
  3380 : 111111111111 ; -- R:F G:F B:F
  3381 : 111111111111 ; -- R:F G:F B:F
  3382 : 111111111111 ; -- R:F G:F B:F
  3383 : 111111111111 ; -- R:F G:F B:F
  3384 : 111111111111 ; -- R:F G:F B:F
  3385 : 100110011001 ; -- R:9 G:9 B:9
  3386 : 000000000000 ; -- R:0 G:0 B:0
  3387 : 000000000000 ; -- R:0 G:0 B:0
  3388 : 000000000000 ; -- R:0 G:0 B:0
  3389 : 000000000000 ; -- R:0 G:0 B:0
  3390 : 000000000000 ; -- R:0 G:0 B:0
  3391 : 000000000000 ; -- R:0 G:0 B:0
  3392 : 000000000000 ; -- R:0 G:0 B:0
  3393 : 001100110011 ; -- R:3 G:3 B:3
  3394 : 000000000000 ; -- R:0 G:0 B:0
  3395 : 000000000000 ; -- R:0 G:0 B:0
  3396 : 000000000000 ; -- R:0 G:0 B:0
  3397 : 000000000000 ; -- R:0 G:0 B:0
  3398 : 101010101010 ; -- R:A G:A B:A
  3399 : 111111111111 ; -- R:F G:F B:F
  3400 : 111111111111 ; -- R:F G:F B:F
  3401 : 111111111111 ; -- R:F G:F B:F
  3402 : 111111111111 ; -- R:F G:F B:F
  3403 : 111111111111 ; -- R:F G:F B:F
  3404 : 110011001100 ; -- R:C G:C B:C
  3405 : 000000000000 ; -- R:0 G:0 B:0
  3406 : 000000000000 ; -- R:0 G:0 B:0
  3407 : 000000000000 ; -- R:0 G:0 B:0
  3408 : 000000000000 ; -- R:0 G:0 B:0
  3409 : 000000000000 ; -- R:0 G:0 B:0
  3410 : 000000000000 ; -- R:0 G:0 B:0
  3411 : 000000000000 ; -- R:0 G:0 B:0
  3412 : 000000000000 ; -- R:0 G:0 B:0
  3413 : 000000000000 ; -- R:0 G:0 B:0
  3414 : 000000000000 ; -- R:0 G:0 B:0
  3415 : 000000000000 ; -- R:0 G:0 B:0
  3416 : 000000000000 ; -- R:0 G:0 B:0
  3417 : 000000000000 ; -- R:0 G:0 B:0
  3418 : 000000000000 ; -- R:0 G:0 B:0
  3419 : 000000000000 ; -- R:0 G:0 B:0
  3420 : 000000000000 ; -- R:0 G:0 B:0
  3421 : 000000000000 ; -- R:0 G:0 B:0
  3422 : 000000000000 ; -- R:0 G:0 B:0
  3423 : 000000000000 ; -- R:0 G:0 B:0
  3424 : 000000000000 ; -- R:0 G:0 B:0
  3425 : 000000000000 ; -- R:0 G:0 B:0
  3426 : 000000000000 ; -- R:0 G:0 B:0
  3427 : 000000000000 ; -- R:0 G:0 B:0
  3428 : 000000000000 ; -- R:0 G:0 B:0
  3429 : 000000000000 ; -- R:0 G:0 B:0
  3430 : 000000000000 ; -- R:0 G:0 B:0
  3431 : 000000000000 ; -- R:0 G:0 B:0
  3432 : 000000000000 ; -- R:0 G:0 B:0
  3433 : 000000000000 ; -- R:0 G:0 B:0
  3434 : 000000000000 ; -- R:0 G:0 B:0
  3435 : 000000000000 ; -- R:0 G:0 B:0
  3436 : 000000000000 ; -- R:0 G:0 B:0
  3437 : 000000000000 ; -- R:0 G:0 B:0
  3438 : 000000000000 ; -- R:0 G:0 B:0
  3439 : 000000000000 ; -- R:0 G:0 B:0
  3440 : 000000000000 ; -- R:0 G:0 B:0
  3441 : 000000000000 ; -- R:0 G:0 B:0
  3442 : 000000000000 ; -- R:0 G:0 B:0
  3443 : 110011001100 ; -- R:C G:C B:C
  3444 : 111111111111 ; -- R:F G:F B:F
  3445 : 111111111111 ; -- R:F G:F B:F
  3446 : 111111111111 ; -- R:F G:F B:F
  3447 : 111111111111 ; -- R:F G:F B:F
  3448 : 111111111111 ; -- R:F G:F B:F
  3449 : 101010101010 ; -- R:A G:A B:A
  3450 : 000000000000 ; -- R:0 G:0 B:0
  3451 : 000000000000 ; -- R:0 G:0 B:0
  3452 : 000000000000 ; -- R:0 G:0 B:0
  3453 : 000000000000 ; -- R:0 G:0 B:0
  3454 : 000000000000 ; -- R:0 G:0 B:0
  3455 : 000000000000 ; -- R:0 G:0 B:0
  3456 : 000000000000 ; -- R:0 G:0 B:0
  3457 : 001100110011 ; -- R:3 G:3 B:3
  3458 : 000000000000 ; -- R:0 G:0 B:0
  3459 : 000000000000 ; -- R:0 G:0 B:0
  3460 : 000000000000 ; -- R:0 G:0 B:0
  3461 : 000000000000 ; -- R:0 G:0 B:0
  3462 : 001100110011 ; -- R:3 G:3 B:3
  3463 : 011001100110 ; -- R:6 G:6 B:6
  3464 : 011001100110 ; -- R:6 G:6 B:6
  3465 : 101010101010 ; -- R:A G:A B:A
  3466 : 111111111111 ; -- R:F G:F B:F
  3467 : 111111111111 ; -- R:F G:F B:F
  3468 : 110011001100 ; -- R:C G:C B:C
  3469 : 000000000000 ; -- R:0 G:0 B:0
  3470 : 000000000000 ; -- R:0 G:0 B:0
  3471 : 000000000000 ; -- R:0 G:0 B:0
  3472 : 000000000000 ; -- R:0 G:0 B:0
  3473 : 000000000000 ; -- R:0 G:0 B:0
  3474 : 000000000000 ; -- R:0 G:0 B:0
  3475 : 000000000000 ; -- R:0 G:0 B:0
  3476 : 000000000000 ; -- R:0 G:0 B:0
  3477 : 000000000000 ; -- R:0 G:0 B:0
  3478 : 000000000000 ; -- R:0 G:0 B:0
  3479 : 000000000000 ; -- R:0 G:0 B:0
  3480 : 000000000000 ; -- R:0 G:0 B:0
  3481 : 000000000000 ; -- R:0 G:0 B:0
  3482 : 000000000000 ; -- R:0 G:0 B:0
  3483 : 000000000000 ; -- R:0 G:0 B:0
  3484 : 000000000000 ; -- R:0 G:0 B:0
  3485 : 000000000000 ; -- R:0 G:0 B:0
  3486 : 000000000000 ; -- R:0 G:0 B:0
  3487 : 000000000000 ; -- R:0 G:0 B:0
  3488 : 000000000000 ; -- R:0 G:0 B:0
  3489 : 000000000000 ; -- R:0 G:0 B:0
  3490 : 000000000000 ; -- R:0 G:0 B:0
  3491 : 000000000000 ; -- R:0 G:0 B:0
  3492 : 000000000000 ; -- R:0 G:0 B:0
  3493 : 000000000000 ; -- R:0 G:0 B:0
  3494 : 000000000000 ; -- R:0 G:0 B:0
  3495 : 000000000000 ; -- R:0 G:0 B:0
  3496 : 000000000000 ; -- R:0 G:0 B:0
  3497 : 000000000000 ; -- R:0 G:0 B:0
  3498 : 000000000000 ; -- R:0 G:0 B:0
  3499 : 000000000000 ; -- R:0 G:0 B:0
  3500 : 000000000000 ; -- R:0 G:0 B:0
  3501 : 000000000000 ; -- R:0 G:0 B:0
  3502 : 000000000000 ; -- R:0 G:0 B:0
  3503 : 000000000000 ; -- R:0 G:0 B:0
  3504 : 000000000000 ; -- R:0 G:0 B:0
  3505 : 000000000000 ; -- R:0 G:0 B:0
  3506 : 000000000000 ; -- R:0 G:0 B:0
  3507 : 110011001100 ; -- R:C G:C B:C
  3508 : 111111111111 ; -- R:F G:F B:F
  3509 : 111111111111 ; -- R:F G:F B:F
  3510 : 101010101010 ; -- R:A G:A B:A
  3511 : 011001100110 ; -- R:6 G:6 B:6
  3512 : 011001100110 ; -- R:6 G:6 B:6
  3513 : 001100110011 ; -- R:3 G:3 B:3
  3514 : 000000000000 ; -- R:0 G:0 B:0
  3515 : 000000000000 ; -- R:0 G:0 B:0
  3516 : 000000000000 ; -- R:0 G:0 B:0
  3517 : 000000000000 ; -- R:0 G:0 B:0
  3518 : 000000000000 ; -- R:0 G:0 B:0
  3519 : 000000000000 ; -- R:0 G:0 B:0
  3520 : 000000000000 ; -- R:0 G:0 B:0
  3521 : 001000100010 ; -- R:2 G:2 B:2
  3522 : 000000000000 ; -- R:0 G:0 B:0
  3523 : 000000000000 ; -- R:0 G:0 B:0
  3524 : 000000000000 ; -- R:0 G:0 B:0
  3525 : 000000000000 ; -- R:0 G:0 B:0
  3526 : 000000000000 ; -- R:0 G:0 B:0
  3527 : 000000000000 ; -- R:0 G:0 B:0
  3528 : 000000000000 ; -- R:0 G:0 B:0
  3529 : 010101010101 ; -- R:5 G:5 B:5
  3530 : 111111111111 ; -- R:F G:F B:F
  3531 : 111111111111 ; -- R:F G:F B:F
  3532 : 110011001100 ; -- R:C G:C B:C
  3533 : 000000000000 ; -- R:0 G:0 B:0
  3534 : 000000000000 ; -- R:0 G:0 B:0
  3535 : 000000000000 ; -- R:0 G:0 B:0
  3536 : 000000000000 ; -- R:0 G:0 B:0
  3537 : 000000000000 ; -- R:0 G:0 B:0
  3538 : 000000000000 ; -- R:0 G:0 B:0
  3539 : 000000000000 ; -- R:0 G:0 B:0
  3540 : 000000000000 ; -- R:0 G:0 B:0
  3541 : 000000000000 ; -- R:0 G:0 B:0
  3542 : 000000000000 ; -- R:0 G:0 B:0
  3543 : 000000000000 ; -- R:0 G:0 B:0
  3544 : 000000000000 ; -- R:0 G:0 B:0
  3545 : 000000000000 ; -- R:0 G:0 B:0
  3546 : 000000000000 ; -- R:0 G:0 B:0
  3547 : 000000000000 ; -- R:0 G:0 B:0
  3548 : 000000000000 ; -- R:0 G:0 B:0
  3549 : 000000000000 ; -- R:0 G:0 B:0
  3550 : 000000000000 ; -- R:0 G:0 B:0
  3551 : 000000000000 ; -- R:0 G:0 B:0
  3552 : 000000000000 ; -- R:0 G:0 B:0
  3553 : 000000000000 ; -- R:0 G:0 B:0
  3554 : 000000000000 ; -- R:0 G:0 B:0
  3555 : 000000000000 ; -- R:0 G:0 B:0
  3556 : 000000000000 ; -- R:0 G:0 B:0
  3557 : 000000000000 ; -- R:0 G:0 B:0
  3558 : 000000000000 ; -- R:0 G:0 B:0
  3559 : 000000000000 ; -- R:0 G:0 B:0
  3560 : 000000000000 ; -- R:0 G:0 B:0
  3561 : 000000000000 ; -- R:0 G:0 B:0
  3562 : 000000000000 ; -- R:0 G:0 B:0
  3563 : 000000000000 ; -- R:0 G:0 B:0
  3564 : 000000000000 ; -- R:0 G:0 B:0
  3565 : 000000000000 ; -- R:0 G:0 B:0
  3566 : 000000000000 ; -- R:0 G:0 B:0
  3567 : 000000000000 ; -- R:0 G:0 B:0
  3568 : 000000000000 ; -- R:0 G:0 B:0
  3569 : 000000000000 ; -- R:0 G:0 B:0
  3570 : 000000000000 ; -- R:0 G:0 B:0
  3571 : 110011001100 ; -- R:C G:C B:C
  3572 : 111111111111 ; -- R:F G:F B:F
  3573 : 111111111111 ; -- R:F G:F B:F
  3574 : 010101010101 ; -- R:5 G:5 B:5
  3575 : 000000000000 ; -- R:0 G:0 B:0
  3576 : 000000000000 ; -- R:0 G:0 B:0
  3577 : 000000000000 ; -- R:0 G:0 B:0
  3578 : 000000000000 ; -- R:0 G:0 B:0
  3579 : 000000000000 ; -- R:0 G:0 B:0
  3580 : 000000000000 ; -- R:0 G:0 B:0
  3581 : 000000000000 ; -- R:0 G:0 B:0
  3582 : 000000000000 ; -- R:0 G:0 B:0
  3583 : 000000000000 ; -- R:0 G:0 B:0
  3584 : 000000000000 ; -- R:0 G:0 B:0
  3585 : 001000100010 ; -- R:2 G:2 B:2
  3586 : 000000000000 ; -- R:0 G:0 B:0
  3587 : 000000000000 ; -- R:0 G:0 B:0
  3588 : 000000000000 ; -- R:0 G:0 B:0
  3589 : 000000000000 ; -- R:0 G:0 B:0
  3590 : 000000000000 ; -- R:0 G:0 B:0
  3591 : 000000000000 ; -- R:0 G:0 B:0
  3592 : 000000000000 ; -- R:0 G:0 B:0
  3593 : 011001100110 ; -- R:6 G:6 B:6
  3594 : 111111111111 ; -- R:F G:F B:F
  3595 : 111111111111 ; -- R:F G:F B:F
  3596 : 110111011101 ; -- R:D G:D B:D
  3597 : 000000000000 ; -- R:0 G:0 B:0
  3598 : 000000000000 ; -- R:0 G:0 B:0
  3599 : 000000000000 ; -- R:0 G:0 B:0
  3600 : 000000000000 ; -- R:0 G:0 B:0
  3601 : 000000000000 ; -- R:0 G:0 B:0
  3602 : 000000000000 ; -- R:0 G:0 B:0
  3603 : 000000000000 ; -- R:0 G:0 B:0
  3604 : 000000000000 ; -- R:0 G:0 B:0
  3605 : 000000000000 ; -- R:0 G:0 B:0
  3606 : 000000000000 ; -- R:0 G:0 B:0
  3607 : 000000000000 ; -- R:0 G:0 B:0
  3608 : 000000000000 ; -- R:0 G:0 B:0
  3609 : 000000000000 ; -- R:0 G:0 B:0
  3610 : 000000000000 ; -- R:0 G:0 B:0
  3611 : 000000000000 ; -- R:0 G:0 B:0
  3612 : 000000000000 ; -- R:0 G:0 B:0
  3613 : 000000000000 ; -- R:0 G:0 B:0
  3614 : 000000000000 ; -- R:0 G:0 B:0
  3615 : 000000000000 ; -- R:0 G:0 B:0
  3616 : 000000000000 ; -- R:0 G:0 B:0
  3617 : 000000000000 ; -- R:0 G:0 B:0
  3618 : 000000000000 ; -- R:0 G:0 B:0
  3619 : 000000000000 ; -- R:0 G:0 B:0
  3620 : 000000000000 ; -- R:0 G:0 B:0
  3621 : 000000000000 ; -- R:0 G:0 B:0
  3622 : 000000000000 ; -- R:0 G:0 B:0
  3623 : 000000000000 ; -- R:0 G:0 B:0
  3624 : 000000000000 ; -- R:0 G:0 B:0
  3625 : 000000000000 ; -- R:0 G:0 B:0
  3626 : 000000000000 ; -- R:0 G:0 B:0
  3627 : 000000000000 ; -- R:0 G:0 B:0
  3628 : 000000000000 ; -- R:0 G:0 B:0
  3629 : 000000000000 ; -- R:0 G:0 B:0
  3630 : 000000000000 ; -- R:0 G:0 B:0
  3631 : 000000000000 ; -- R:0 G:0 B:0
  3632 : 000000000000 ; -- R:0 G:0 B:0
  3633 : 000000000000 ; -- R:0 G:0 B:0
  3634 : 000000000000 ; -- R:0 G:0 B:0
  3635 : 110111011101 ; -- R:D G:D B:D
  3636 : 111111111111 ; -- R:F G:F B:F
  3637 : 111111111111 ; -- R:F G:F B:F
  3638 : 011001100110 ; -- R:6 G:6 B:6
  3639 : 000000000000 ; -- R:0 G:0 B:0
  3640 : 000100010001 ; -- R:1 G:1 B:1
  3641 : 000000000000 ; -- R:0 G:0 B:0
  3642 : 000000000000 ; -- R:0 G:0 B:0
  3643 : 000000000000 ; -- R:0 G:0 B:0
  3644 : 000000000000 ; -- R:0 G:0 B:0
  3645 : 000000000000 ; -- R:0 G:0 B:0
  3646 : 000000000000 ; -- R:0 G:0 B:0
  3647 : 000000000000 ; -- R:0 G:0 B:0
  3648 : 000000000000 ; -- R:0 G:0 B:0
  3649 : 001100110011 ; -- R:3 G:3 B:3
  3650 : 000000000000 ; -- R:0 G:0 B:0
  3651 : 000000000000 ; -- R:0 G:0 B:0
  3652 : 000000000000 ; -- R:0 G:0 B:0
  3653 : 000000000000 ; -- R:0 G:0 B:0
  3654 : 000000000000 ; -- R:0 G:0 B:0
  3655 : 000000000000 ; -- R:0 G:0 B:0
  3656 : 000000000000 ; -- R:0 G:0 B:0
  3657 : 001100110011 ; -- R:3 G:3 B:3
  3658 : 100110011001 ; -- R:9 G:9 B:9
  3659 : 100110011001 ; -- R:9 G:9 B:9
  3660 : 011101110111 ; -- R:7 G:7 B:7
  3661 : 000000000000 ; -- R:0 G:0 B:0
  3662 : 000000000000 ; -- R:0 G:0 B:0
  3663 : 000000000000 ; -- R:0 G:0 B:0
  3664 : 000000000000 ; -- R:0 G:0 B:0
  3665 : 000000000000 ; -- R:0 G:0 B:0
  3666 : 000000000000 ; -- R:0 G:0 B:0
  3667 : 000000000000 ; -- R:0 G:0 B:0
  3668 : 000000000000 ; -- R:0 G:0 B:0
  3669 : 000000000000 ; -- R:0 G:0 B:0
  3670 : 000000000000 ; -- R:0 G:0 B:0
  3671 : 000000000000 ; -- R:0 G:0 B:0
  3672 : 000000000000 ; -- R:0 G:0 B:0
  3673 : 000000000000 ; -- R:0 G:0 B:0
  3674 : 000000000000 ; -- R:0 G:0 B:0
  3675 : 000000000000 ; -- R:0 G:0 B:0
  3676 : 000000000000 ; -- R:0 G:0 B:0
  3677 : 000000000000 ; -- R:0 G:0 B:0
  3678 : 000000000000 ; -- R:0 G:0 B:0
  3679 : 000000000000 ; -- R:0 G:0 B:0
  3680 : 000000000000 ; -- R:0 G:0 B:0
  3681 : 000000000000 ; -- R:0 G:0 B:0
  3682 : 000000000000 ; -- R:0 G:0 B:0
  3683 : 000000000000 ; -- R:0 G:0 B:0
  3684 : 000000000000 ; -- R:0 G:0 B:0
  3685 : 000000000000 ; -- R:0 G:0 B:0
  3686 : 000000000000 ; -- R:0 G:0 B:0
  3687 : 000000000000 ; -- R:0 G:0 B:0
  3688 : 000000000000 ; -- R:0 G:0 B:0
  3689 : 000000000000 ; -- R:0 G:0 B:0
  3690 : 000000000000 ; -- R:0 G:0 B:0
  3691 : 000000000000 ; -- R:0 G:0 B:0
  3692 : 000000000000 ; -- R:0 G:0 B:0
  3693 : 000000000000 ; -- R:0 G:0 B:0
  3694 : 000000000000 ; -- R:0 G:0 B:0
  3695 : 000000000000 ; -- R:0 G:0 B:0
  3696 : 000000000000 ; -- R:0 G:0 B:0
  3697 : 000000000000 ; -- R:0 G:0 B:0
  3698 : 000000000000 ; -- R:0 G:0 B:0
  3699 : 011101110111 ; -- R:7 G:7 B:7
  3700 : 100110011001 ; -- R:9 G:9 B:9
  3701 : 100110011001 ; -- R:9 G:9 B:9
  3702 : 001100110011 ; -- R:3 G:3 B:3
  3703 : 000000000000 ; -- R:0 G:0 B:0
  3704 : 000000000000 ; -- R:0 G:0 B:0
  3705 : 000000000000 ; -- R:0 G:0 B:0
  3706 : 000000000000 ; -- R:0 G:0 B:0
  3707 : 000000000000 ; -- R:0 G:0 B:0
  3708 : 000000000000 ; -- R:0 G:0 B:0
  3709 : 000000000000 ; -- R:0 G:0 B:0
  3710 : 000000000000 ; -- R:0 G:0 B:0
  3711 : 000000000000 ; -- R:0 G:0 B:0
  3712 : 000100010001 ; -- R:1 G:1 B:1
  3713 : 001100110011 ; -- R:3 G:3 B:3
  3714 : 000000000000 ; -- R:0 G:0 B:0
  3715 : 000000000000 ; -- R:0 G:0 B:0
  3716 : 000000000000 ; -- R:0 G:0 B:0
  3717 : 000000000000 ; -- R:0 G:0 B:0
  3718 : 000000000000 ; -- R:0 G:0 B:0
  3719 : 000000000000 ; -- R:0 G:0 B:0
  3720 : 000000000000 ; -- R:0 G:0 B:0
  3721 : 000000000000 ; -- R:0 G:0 B:0
  3722 : 000000000000 ; -- R:0 G:0 B:0
  3723 : 000000000000 ; -- R:0 G:0 B:0
  3724 : 000000000000 ; -- R:0 G:0 B:0
  3725 : 000000000000 ; -- R:0 G:0 B:0
  3726 : 000000000000 ; -- R:0 G:0 B:0
  3727 : 000000000000 ; -- R:0 G:0 B:0
  3728 : 000000000000 ; -- R:0 G:0 B:0
  3729 : 000000000000 ; -- R:0 G:0 B:0
  3730 : 000000000000 ; -- R:0 G:0 B:0
  3731 : 000000000000 ; -- R:0 G:0 B:0
  3732 : 000000000000 ; -- R:0 G:0 B:0
  3733 : 000000000000 ; -- R:0 G:0 B:0
  3734 : 000000000000 ; -- R:0 G:0 B:0
  3735 : 000000000000 ; -- R:0 G:0 B:0
  3736 : 000000000000 ; -- R:0 G:0 B:0
  3737 : 000000000000 ; -- R:0 G:0 B:0
  3738 : 000000000000 ; -- R:0 G:0 B:0
  3739 : 000000000000 ; -- R:0 G:0 B:0
  3740 : 000000000000 ; -- R:0 G:0 B:0
  3741 : 000000000000 ; -- R:0 G:0 B:0
  3742 : 000000000000 ; -- R:0 G:0 B:0
  3743 : 000000000000 ; -- R:0 G:0 B:0
  3744 : 000000000000 ; -- R:0 G:0 B:0
  3745 : 000000000000 ; -- R:0 G:0 B:0
  3746 : 000000000000 ; -- R:0 G:0 B:0
  3747 : 000000000000 ; -- R:0 G:0 B:0
  3748 : 000000000000 ; -- R:0 G:0 B:0
  3749 : 000000000000 ; -- R:0 G:0 B:0
  3750 : 000000000000 ; -- R:0 G:0 B:0
  3751 : 000000000000 ; -- R:0 G:0 B:0
  3752 : 000000000000 ; -- R:0 G:0 B:0
  3753 : 000000000000 ; -- R:0 G:0 B:0
  3754 : 000000000000 ; -- R:0 G:0 B:0
  3755 : 000000000000 ; -- R:0 G:0 B:0
  3756 : 000000000000 ; -- R:0 G:0 B:0
  3757 : 000000000000 ; -- R:0 G:0 B:0
  3758 : 000000000000 ; -- R:0 G:0 B:0
  3759 : 000000000000 ; -- R:0 G:0 B:0
  3760 : 000000000000 ; -- R:0 G:0 B:0
  3761 : 000000000000 ; -- R:0 G:0 B:0
  3762 : 000000000000 ; -- R:0 G:0 B:0
  3763 : 000000000000 ; -- R:0 G:0 B:0
  3764 : 000000000000 ; -- R:0 G:0 B:0
  3765 : 000000000000 ; -- R:0 G:0 B:0
  3766 : 000000000000 ; -- R:0 G:0 B:0
  3767 : 000000000000 ; -- R:0 G:0 B:0
  3768 : 000000000000 ; -- R:0 G:0 B:0
  3769 : 000000000000 ; -- R:0 G:0 B:0
  3770 : 000000000000 ; -- R:0 G:0 B:0
  3771 : 000000000000 ; -- R:0 G:0 B:0
  3772 : 000000000000 ; -- R:0 G:0 B:0
  3773 : 000000000000 ; -- R:0 G:0 B:0
  3774 : 000000000000 ; -- R:0 G:0 B:0
  3775 : 000000000000 ; -- R:0 G:0 B:0
  3776 : 000000000000 ; -- R:0 G:0 B:0
  3777 : 001000100010 ; -- R:2 G:2 B:2
  3778 : 000000000000 ; -- R:0 G:0 B:0
  3779 : 000000000000 ; -- R:0 G:0 B:0
  3780 : 000000000000 ; -- R:0 G:0 B:0
  3781 : 000000000000 ; -- R:0 G:0 B:0
  3782 : 000000000000 ; -- R:0 G:0 B:0
  3783 : 000000000000 ; -- R:0 G:0 B:0
  3784 : 000000000000 ; -- R:0 G:0 B:0
  3785 : 000000000000 ; -- R:0 G:0 B:0
  3786 : 000000000000 ; -- R:0 G:0 B:0
  3787 : 000000000000 ; -- R:0 G:0 B:0
  3788 : 000000000000 ; -- R:0 G:0 B:0
  3789 : 000000000000 ; -- R:0 G:0 B:0
  3790 : 000000000000 ; -- R:0 G:0 B:0
  3791 : 000000000000 ; -- R:0 G:0 B:0
  3792 : 000000000000 ; -- R:0 G:0 B:0
  3793 : 000000000000 ; -- R:0 G:0 B:0
  3794 : 000000000000 ; -- R:0 G:0 B:0
  3795 : 000000000000 ; -- R:0 G:0 B:0
  3796 : 000000000000 ; -- R:0 G:0 B:0
  3797 : 000000000000 ; -- R:0 G:0 B:0
  3798 : 000000000000 ; -- R:0 G:0 B:0
  3799 : 000000000000 ; -- R:0 G:0 B:0
  3800 : 000000000000 ; -- R:0 G:0 B:0
  3801 : 000000000000 ; -- R:0 G:0 B:0
  3802 : 000000000000 ; -- R:0 G:0 B:0
  3803 : 000000000000 ; -- R:0 G:0 B:0
  3804 : 000000000000 ; -- R:0 G:0 B:0
  3805 : 000000000000 ; -- R:0 G:0 B:0
  3806 : 000000000000 ; -- R:0 G:0 B:0
  3807 : 000000000000 ; -- R:0 G:0 B:0
  3808 : 000000000000 ; -- R:0 G:0 B:0
  3809 : 000000000000 ; -- R:0 G:0 B:0
  3810 : 000000000000 ; -- R:0 G:0 B:0
  3811 : 000000000000 ; -- R:0 G:0 B:0
  3812 : 000000000000 ; -- R:0 G:0 B:0
  3813 : 000000000000 ; -- R:0 G:0 B:0
  3814 : 000000000000 ; -- R:0 G:0 B:0
  3815 : 000000000000 ; -- R:0 G:0 B:0
  3816 : 000000000000 ; -- R:0 G:0 B:0
  3817 : 000000000000 ; -- R:0 G:0 B:0
  3818 : 000000000000 ; -- R:0 G:0 B:0
  3819 : 000000000000 ; -- R:0 G:0 B:0
  3820 : 000000000000 ; -- R:0 G:0 B:0
  3821 : 000000000000 ; -- R:0 G:0 B:0
  3822 : 000000000000 ; -- R:0 G:0 B:0
  3823 : 000000000000 ; -- R:0 G:0 B:0
  3824 : 000000000000 ; -- R:0 G:0 B:0
  3825 : 000000000000 ; -- R:0 G:0 B:0
  3826 : 000000000000 ; -- R:0 G:0 B:0
  3827 : 000000000000 ; -- R:0 G:0 B:0
  3828 : 000000000000 ; -- R:0 G:0 B:0
  3829 : 000000000000 ; -- R:0 G:0 B:0
  3830 : 000000000000 ; -- R:0 G:0 B:0
  3831 : 000000000000 ; -- R:0 G:0 B:0
  3832 : 000000000000 ; -- R:0 G:0 B:0
  3833 : 000000000000 ; -- R:0 G:0 B:0
  3834 : 000000000000 ; -- R:0 G:0 B:0
  3835 : 000000000000 ; -- R:0 G:0 B:0
  3836 : 000000000000 ; -- R:0 G:0 B:0
  3837 : 000000000000 ; -- R:0 G:0 B:0
  3838 : 000000000000 ; -- R:0 G:0 B:0
  3839 : 000000000000 ; -- R:0 G:0 B:0
  3840 : 000000000000 ; -- R:0 G:0 B:0
  3841 : 001100110011 ; -- R:3 G:3 B:3
  3842 : 000000000000 ; -- R:0 G:0 B:0
  3843 : 000000000000 ; -- R:0 G:0 B:0
  3844 : 000000000000 ; -- R:0 G:0 B:0
  3845 : 000000000000 ; -- R:0 G:0 B:0
  3846 : 000000000000 ; -- R:0 G:0 B:0
  3847 : 000000000000 ; -- R:0 G:0 B:0
  3848 : 000000000000 ; -- R:0 G:0 B:0
  3849 : 000000000000 ; -- R:0 G:0 B:0
  3850 : 000000000000 ; -- R:0 G:0 B:0
  3851 : 000000000000 ; -- R:0 G:0 B:0
  3852 : 000000000000 ; -- R:0 G:0 B:0
  3853 : 000000000000 ; -- R:0 G:0 B:0
  3854 : 000000000000 ; -- R:0 G:0 B:0
  3855 : 000000000000 ; -- R:0 G:0 B:0
  3856 : 000000000000 ; -- R:0 G:0 B:0
  3857 : 000000000000 ; -- R:0 G:0 B:0
  3858 : 000000000000 ; -- R:0 G:0 B:0
  3859 : 000000000000 ; -- R:0 G:0 B:0
  3860 : 000000000000 ; -- R:0 G:0 B:0
  3861 : 000000000000 ; -- R:0 G:0 B:0
  3862 : 000000000000 ; -- R:0 G:0 B:0
  3863 : 000000000000 ; -- R:0 G:0 B:0
  3864 : 000000000000 ; -- R:0 G:0 B:0
  3865 : 000000000000 ; -- R:0 G:0 B:0
  3866 : 000000000000 ; -- R:0 G:0 B:0
  3867 : 000000000000 ; -- R:0 G:0 B:0
  3868 : 000000000000 ; -- R:0 G:0 B:0
  3869 : 000000000000 ; -- R:0 G:0 B:0
  3870 : 000000000000 ; -- R:0 G:0 B:0
  3871 : 000000000000 ; -- R:0 G:0 B:0
  3872 : 000000000000 ; -- R:0 G:0 B:0
  3873 : 000000000000 ; -- R:0 G:0 B:0
  3874 : 000000000000 ; -- R:0 G:0 B:0
  3875 : 000000000000 ; -- R:0 G:0 B:0
  3876 : 000000000000 ; -- R:0 G:0 B:0
  3877 : 000000000000 ; -- R:0 G:0 B:0
  3878 : 000000000000 ; -- R:0 G:0 B:0
  3879 : 000000000000 ; -- R:0 G:0 B:0
  3880 : 000000000000 ; -- R:0 G:0 B:0
  3881 : 000000000000 ; -- R:0 G:0 B:0
  3882 : 000000000000 ; -- R:0 G:0 B:0
  3883 : 000000000000 ; -- R:0 G:0 B:0
  3884 : 000000000000 ; -- R:0 G:0 B:0
  3885 : 000000000000 ; -- R:0 G:0 B:0
  3886 : 000000000000 ; -- R:0 G:0 B:0
  3887 : 000000000000 ; -- R:0 G:0 B:0
  3888 : 000000000000 ; -- R:0 G:0 B:0
  3889 : 000000000000 ; -- R:0 G:0 B:0
  3890 : 000000000000 ; -- R:0 G:0 B:0
  3891 : 000000000000 ; -- R:0 G:0 B:0
  3892 : 000000000000 ; -- R:0 G:0 B:0
  3893 : 000000000000 ; -- R:0 G:0 B:0
  3894 : 000000000000 ; -- R:0 G:0 B:0
  3895 : 000000000000 ; -- R:0 G:0 B:0
  3896 : 000000000000 ; -- R:0 G:0 B:0
  3897 : 000000000000 ; -- R:0 G:0 B:0
  3898 : 000000000000 ; -- R:0 G:0 B:0
  3899 : 000000000000 ; -- R:0 G:0 B:0
  3900 : 000000000000 ; -- R:0 G:0 B:0
  3901 : 000000000000 ; -- R:0 G:0 B:0
  3902 : 000000000000 ; -- R:0 G:0 B:0
  3903 : 000000000000 ; -- R:0 G:0 B:0
  3904 : 000000000000 ; -- R:0 G:0 B:0
  3905 : 001100110011 ; -- R:3 G:3 B:3
  3906 : 000000000000 ; -- R:0 G:0 B:0
  3907 : 000000000000 ; -- R:0 G:0 B:0
  3908 : 000000000000 ; -- R:0 G:0 B:0
  3909 : 000000000000 ; -- R:0 G:0 B:0
  3910 : 000000000000 ; -- R:0 G:0 B:0
  3911 : 000000000000 ; -- R:0 G:0 B:0
  3912 : 000000000000 ; -- R:0 G:0 B:0
  3913 : 000000000000 ; -- R:0 G:0 B:0
  3914 : 000000000000 ; -- R:0 G:0 B:0
  3915 : 000000000000 ; -- R:0 G:0 B:0
  3916 : 000000000000 ; -- R:0 G:0 B:0
  3917 : 000000000000 ; -- R:0 G:0 B:0
  3918 : 000000000000 ; -- R:0 G:0 B:0
  3919 : 000000000000 ; -- R:0 G:0 B:0
  3920 : 000000000000 ; -- R:0 G:0 B:0
  3921 : 000000000000 ; -- R:0 G:0 B:0
  3922 : 000000000000 ; -- R:0 G:0 B:0
  3923 : 000000000000 ; -- R:0 G:0 B:0
  3924 : 000000000000 ; -- R:0 G:0 B:0
  3925 : 000000000000 ; -- R:0 G:0 B:0
  3926 : 000000000000 ; -- R:0 G:0 B:0
  3927 : 000000000000 ; -- R:0 G:0 B:0
  3928 : 000000000000 ; -- R:0 G:0 B:0
  3929 : 000000000000 ; -- R:0 G:0 B:0
  3930 : 000000000000 ; -- R:0 G:0 B:0
  3931 : 000000000000 ; -- R:0 G:0 B:0
  3932 : 000000000000 ; -- R:0 G:0 B:0
  3933 : 000000000000 ; -- R:0 G:0 B:0
  3934 : 000000000000 ; -- R:0 G:0 B:0
  3935 : 000000000000 ; -- R:0 G:0 B:0
  3936 : 000000000000 ; -- R:0 G:0 B:0
  3937 : 000000000000 ; -- R:0 G:0 B:0
  3938 : 000000000000 ; -- R:0 G:0 B:0
  3939 : 000000000000 ; -- R:0 G:0 B:0
  3940 : 000000000000 ; -- R:0 G:0 B:0
  3941 : 000000000000 ; -- R:0 G:0 B:0
  3942 : 000000000000 ; -- R:0 G:0 B:0
  3943 : 000000000000 ; -- R:0 G:0 B:0
  3944 : 000000000000 ; -- R:0 G:0 B:0
  3945 : 000000000000 ; -- R:0 G:0 B:0
  3946 : 000000000000 ; -- R:0 G:0 B:0
  3947 : 000000000000 ; -- R:0 G:0 B:0
  3948 : 000000000000 ; -- R:0 G:0 B:0
  3949 : 000000000000 ; -- R:0 G:0 B:0
  3950 : 000000000000 ; -- R:0 G:0 B:0
  3951 : 000000000000 ; -- R:0 G:0 B:0
  3952 : 000000000000 ; -- R:0 G:0 B:0
  3953 : 000000000000 ; -- R:0 G:0 B:0
  3954 : 000000000000 ; -- R:0 G:0 B:0
  3955 : 000000000000 ; -- R:0 G:0 B:0
  3956 : 000000000000 ; -- R:0 G:0 B:0
  3957 : 000000000000 ; -- R:0 G:0 B:0
  3958 : 000000000000 ; -- R:0 G:0 B:0
  3959 : 000000000000 ; -- R:0 G:0 B:0
  3960 : 000000000000 ; -- R:0 G:0 B:0
  3961 : 000000000000 ; -- R:0 G:0 B:0
  3962 : 000000000000 ; -- R:0 G:0 B:0
  3963 : 000000000000 ; -- R:0 G:0 B:0
  3964 : 000000000000 ; -- R:0 G:0 B:0
  3965 : 000000000000 ; -- R:0 G:0 B:0
  3966 : 000000000000 ; -- R:0 G:0 B:0
  3967 : 000000000000 ; -- R:0 G:0 B:0
  3968 : 000000000000 ; -- R:0 G:0 B:0
  3969 : 001100110011 ; -- R:3 G:3 B:3
  3970 : 000000000000 ; -- R:0 G:0 B:0
  3971 : 000000000000 ; -- R:0 G:0 B:0
  3972 : 000000000000 ; -- R:0 G:0 B:0
  3973 : 000000000000 ; -- R:0 G:0 B:0
  3974 : 000000000000 ; -- R:0 G:0 B:0
  3975 : 000000000000 ; -- R:0 G:0 B:0
  3976 : 000000000000 ; -- R:0 G:0 B:0
  3977 : 000000000000 ; -- R:0 G:0 B:0
  3978 : 000000000000 ; -- R:0 G:0 B:0
  3979 : 000000000000 ; -- R:0 G:0 B:0
  3980 : 000000000000 ; -- R:0 G:0 B:0
  3981 : 000000000000 ; -- R:0 G:0 B:0
  3982 : 000000000000 ; -- R:0 G:0 B:0
  3983 : 000000000000 ; -- R:0 G:0 B:0
  3984 : 000000000000 ; -- R:0 G:0 B:0
  3985 : 000000000000 ; -- R:0 G:0 B:0
  3986 : 000000000000 ; -- R:0 G:0 B:0
  3987 : 000000000000 ; -- R:0 G:0 B:0
  3988 : 000000000000 ; -- R:0 G:0 B:0
  3989 : 000000000000 ; -- R:0 G:0 B:0
  3990 : 000000000000 ; -- R:0 G:0 B:0
  3991 : 000000000000 ; -- R:0 G:0 B:0
  3992 : 000000000000 ; -- R:0 G:0 B:0
  3993 : 000000000000 ; -- R:0 G:0 B:0
  3994 : 000000000000 ; -- R:0 G:0 B:0
  3995 : 000000000000 ; -- R:0 G:0 B:0
  3996 : 000000000000 ; -- R:0 G:0 B:0
  3997 : 000000000000 ; -- R:0 G:0 B:0
  3998 : 000000000000 ; -- R:0 G:0 B:0
  3999 : 000000000000 ; -- R:0 G:0 B:0
  4000 : 000000000000 ; -- R:0 G:0 B:0
  4001 : 000000000000 ; -- R:0 G:0 B:0
  4002 : 000000000000 ; -- R:0 G:0 B:0
  4003 : 000000000000 ; -- R:0 G:0 B:0
  4004 : 000000000000 ; -- R:0 G:0 B:0
  4005 : 000000000000 ; -- R:0 G:0 B:0
  4006 : 000000000000 ; -- R:0 G:0 B:0
  4007 : 000000000000 ; -- R:0 G:0 B:0
  4008 : 000000000000 ; -- R:0 G:0 B:0
  4009 : 000000000000 ; -- R:0 G:0 B:0
  4010 : 000000000000 ; -- R:0 G:0 B:0
  4011 : 000000000000 ; -- R:0 G:0 B:0
  4012 : 000000000000 ; -- R:0 G:0 B:0
  4013 : 000000000000 ; -- R:0 G:0 B:0
  4014 : 000000000000 ; -- R:0 G:0 B:0
  4015 : 000000000000 ; -- R:0 G:0 B:0
  4016 : 000000000000 ; -- R:0 G:0 B:0
  4017 : 000000000000 ; -- R:0 G:0 B:0
  4018 : 000000000000 ; -- R:0 G:0 B:0
  4019 : 000000000000 ; -- R:0 G:0 B:0
  4020 : 000000000000 ; -- R:0 G:0 B:0
  4021 : 000000000000 ; -- R:0 G:0 B:0
  4022 : 000000000000 ; -- R:0 G:0 B:0
  4023 : 000000000000 ; -- R:0 G:0 B:0
  4024 : 000000000000 ; -- R:0 G:0 B:0
  4025 : 000000000000 ; -- R:0 G:0 B:0
  4026 : 000000000000 ; -- R:0 G:0 B:0
  4027 : 000000000000 ; -- R:0 G:0 B:0
  4028 : 000000000000 ; -- R:0 G:0 B:0
  4029 : 000000000000 ; -- R:0 G:0 B:0
  4030 : 000000000000 ; -- R:0 G:0 B:0
  4031 : 000000000000 ; -- R:0 G:0 B:0
  4032 : 000000000000 ; -- R:0 G:0 B:0
  4033 : 000000000000 ; -- R:0 G:0 B:0
  4034 : 000000000000 ; -- R:0 G:0 B:0
  4035 : 000000000000 ; -- R:0 G:0 B:0
  4036 : 000000000000 ; -- R:0 G:0 B:0
  4037 : 000000000000 ; -- R:0 G:0 B:0
  4038 : 000000000000 ; -- R:0 G:0 B:0
  4039 : 000000000000 ; -- R:0 G:0 B:0
  4040 : 000000000000 ; -- R:0 G:0 B:0
  4041 : 000000000000 ; -- R:0 G:0 B:0
  4042 : 000000000000 ; -- R:0 G:0 B:0
  4043 : 000000000000 ; -- R:0 G:0 B:0
  4044 : 000000000000 ; -- R:0 G:0 B:0
  4045 : 000000000000 ; -- R:0 G:0 B:0
  4046 : 000000000000 ; -- R:0 G:0 B:0
  4047 : 000000000000 ; -- R:0 G:0 B:0
  4048 : 000000000000 ; -- R:0 G:0 B:0
  4049 : 000000000000 ; -- R:0 G:0 B:0
  4050 : 000000000000 ; -- R:0 G:0 B:0
  4051 : 000000000000 ; -- R:0 G:0 B:0
  4052 : 000000000000 ; -- R:0 G:0 B:0
  4053 : 000000000000 ; -- R:0 G:0 B:0
  4054 : 000000000000 ; -- R:0 G:0 B:0
  4055 : 000000000000 ; -- R:0 G:0 B:0
  4056 : 000000000000 ; -- R:0 G:0 B:0
  4057 : 000000000000 ; -- R:0 G:0 B:0
  4058 : 000000000000 ; -- R:0 G:0 B:0
  4059 : 000000000000 ; -- R:0 G:0 B:0
  4060 : 000000000000 ; -- R:0 G:0 B:0
  4061 : 000000000000 ; -- R:0 G:0 B:0
  4062 : 000000000000 ; -- R:0 G:0 B:0
  4063 : 000000000000 ; -- R:0 G:0 B:0
  4064 : 000000000000 ; -- R:0 G:0 B:0
  4065 : 000000000000 ; -- R:0 G:0 B:0
  4066 : 000000000000 ; -- R:0 G:0 B:0
  4067 : 000000000000 ; -- R:0 G:0 B:0
  4068 : 000000000000 ; -- R:0 G:0 B:0
  4069 : 000000000000 ; -- R:0 G:0 B:0
  4070 : 000000000000 ; -- R:0 G:0 B:0
  4071 : 000000000000 ; -- R:0 G:0 B:0
  4072 : 000000000000 ; -- R:0 G:0 B:0
  4073 : 000000000000 ; -- R:0 G:0 B:0
  4074 : 000000000000 ; -- R:0 G:0 B:0
  4075 : 000000000000 ; -- R:0 G:0 B:0
  4076 : 000000000000 ; -- R:0 G:0 B:0
  4077 : 000000000000 ; -- R:0 G:0 B:0
  4078 : 000000000000 ; -- R:0 G:0 B:0
  4079 : 000000000000 ; -- R:0 G:0 B:0
  4080 : 000000000000 ; -- R:0 G:0 B:0
  4081 : 000000000000 ; -- R:0 G:0 B:0
  4082 : 000000000000 ; -- R:0 G:0 B:0
  4083 : 000000000000 ; -- R:0 G:0 B:0
  4084 : 000000000000 ; -- R:0 G:0 B:0
  4085 : 000000000000 ; -- R:0 G:0 B:0
  4086 : 000000000000 ; -- R:0 G:0 B:0
  4087 : 000000000000 ; -- R:0 G:0 B:0
  4088 : 000000000000 ; -- R:0 G:0 B:0
  4089 : 000000000000 ; -- R:0 G:0 B:0
  4090 : 000000000000 ; -- R:0 G:0 B:0
  4091 : 000000000000 ; -- R:0 G:0 B:0
  4092 : 000000000000 ; -- R:0 G:0 B:0
  4093 : 000000000000 ; -- R:0 G:0 B:0
  4094 : 000000000000 ; -- R:0 G:0 B:0
  4095 : 000000000000 ; -- R:0 G:0 B:0
End;
