Depth = 4096;
Width = 12;
Address_radix = dec;
Data_radix = bin;
Content
Begin
  0 : 000000000000 ; -- R:0 G:0 B:0
  1 : 000000000000 ; -- R:0 G:0 B:0
  2 : 000000000000 ; -- R:0 G:0 B:0
  3 : 000000000000 ; -- R:0 G:0 B:0
  4 : 000000000000 ; -- R:0 G:0 B:0
  5 : 000000000000 ; -- R:0 G:0 B:0
  6 : 000000000000 ; -- R:0 G:0 B:0
  7 : 000000000000 ; -- R:0 G:0 B:0
  8 : 000000000000 ; -- R:0 G:0 B:0
  9 : 000000000000 ; -- R:0 G:0 B:0
  10 : 000000000000 ; -- R:0 G:0 B:0
  11 : 000000000000 ; -- R:0 G:0 B:0
  12 : 000000000000 ; -- R:0 G:0 B:0
  13 : 000000000000 ; -- R:0 G:0 B:0
  14 : 000000000000 ; -- R:0 G:0 B:0
  15 : 000000000000 ; -- R:0 G:0 B:0
  16 : 000000000000 ; -- R:0 G:0 B:0
  17 : 000000000000 ; -- R:0 G:0 B:0
  18 : 000000000000 ; -- R:0 G:0 B:0
  19 : 000000000000 ; -- R:0 G:0 B:0
  20 : 000000000000 ; -- R:0 G:0 B:0
  21 : 000000000000 ; -- R:0 G:0 B:0
  22 : 000000000000 ; -- R:0 G:0 B:0
  23 : 000000000000 ; -- R:0 G:0 B:0
  24 : 000000000000 ; -- R:0 G:0 B:0
  25 : 000000000000 ; -- R:0 G:0 B:0
  26 : 000000000000 ; -- R:0 G:0 B:0
  27 : 000000000000 ; -- R:0 G:0 B:0
  28 : 000000000000 ; -- R:0 G:0 B:0
  29 : 000000000000 ; -- R:0 G:0 B:0
  30 : 000000000000 ; -- R:0 G:0 B:0
  31 : 000000000000 ; -- R:0 G:0 B:0
  32 : 000000000000 ; -- R:0 G:0 B:0
  33 : 000000000000 ; -- R:0 G:0 B:0
  34 : 000000000000 ; -- R:0 G:0 B:0
  35 : 000000000000 ; -- R:0 G:0 B:0
  36 : 000000000000 ; -- R:0 G:0 B:0
  37 : 000000000000 ; -- R:0 G:0 B:0
  38 : 000000000000 ; -- R:0 G:0 B:0
  39 : 000000000000 ; -- R:0 G:0 B:0
  40 : 000000000000 ; -- R:0 G:0 B:0
  41 : 000000000000 ; -- R:0 G:0 B:0
  42 : 000000000000 ; -- R:0 G:0 B:0
  43 : 000000000000 ; -- R:0 G:0 B:0
  44 : 000000000000 ; -- R:0 G:0 B:0
  45 : 000000000000 ; -- R:0 G:0 B:0
  46 : 000000000000 ; -- R:0 G:0 B:0
  47 : 000000000000 ; -- R:0 G:0 B:0
  48 : 000000000000 ; -- R:0 G:0 B:0
  49 : 000000000000 ; -- R:0 G:0 B:0
  50 : 000000000000 ; -- R:0 G:0 B:0
  51 : 000000000000 ; -- R:0 G:0 B:0
  52 : 000000000000 ; -- R:0 G:0 B:0
  53 : 000000000000 ; -- R:0 G:0 B:0
  54 : 000000000000 ; -- R:0 G:0 B:0
  55 : 000000000000 ; -- R:0 G:0 B:0
  56 : 000000000000 ; -- R:0 G:0 B:0
  57 : 000000000000 ; -- R:0 G:0 B:0
  58 : 000000000000 ; -- R:0 G:0 B:0
  59 : 000000000000 ; -- R:0 G:0 B:0
  60 : 000000000000 ; -- R:0 G:0 B:0
  61 : 000000000000 ; -- R:0 G:0 B:0
  62 : 000000000000 ; -- R:0 G:0 B:0
  63 : 000000000000 ; -- R:0 G:0 B:0
  64 : 000000000000 ; -- R:0 G:0 B:0
  65 : 000000000000 ; -- R:0 G:0 B:0
  66 : 000000000000 ; -- R:0 G:0 B:0
  67 : 000000000000 ; -- R:0 G:0 B:0
  68 : 000000000000 ; -- R:0 G:0 B:0
  69 : 000000000000 ; -- R:0 G:0 B:0
  70 : 000000000000 ; -- R:0 G:0 B:0
  71 : 000000000000 ; -- R:0 G:0 B:0
  72 : 000000000000 ; -- R:0 G:0 B:0
  73 : 000000000000 ; -- R:0 G:0 B:0
  74 : 000000000000 ; -- R:0 G:0 B:0
  75 : 000000000000 ; -- R:0 G:0 B:0
  76 : 000000000000 ; -- R:0 G:0 B:0
  77 : 000000000000 ; -- R:0 G:0 B:0
  78 : 000000000000 ; -- R:0 G:0 B:0
  79 : 000000000000 ; -- R:0 G:0 B:0
  80 : 000000000000 ; -- R:0 G:0 B:0
  81 : 000000000000 ; -- R:0 G:0 B:0
  82 : 000000000000 ; -- R:0 G:0 B:0
  83 : 000000000000 ; -- R:0 G:0 B:0
  84 : 000000000000 ; -- R:0 G:0 B:0
  85 : 000000000000 ; -- R:0 G:0 B:0
  86 : 000000000000 ; -- R:0 G:0 B:0
  87 : 000000000000 ; -- R:0 G:0 B:0
  88 : 000000000000 ; -- R:0 G:0 B:0
  89 : 000000000000 ; -- R:0 G:0 B:0
  90 : 000000000000 ; -- R:0 G:0 B:0
  91 : 000000000000 ; -- R:0 G:0 B:0
  92 : 000000000000 ; -- R:0 G:0 B:0
  93 : 000000000000 ; -- R:0 G:0 B:0
  94 : 000000000000 ; -- R:0 G:0 B:0
  95 : 000000000000 ; -- R:0 G:0 B:0
  96 : 000000000000 ; -- R:0 G:0 B:0
  97 : 000000000000 ; -- R:0 G:0 B:0
  98 : 000000000000 ; -- R:0 G:0 B:0
  99 : 000000000000 ; -- R:0 G:0 B:0
  100 : 000000000000 ; -- R:0 G:0 B:0
  101 : 000000000000 ; -- R:0 G:0 B:0
  102 : 000000000000 ; -- R:0 G:0 B:0
  103 : 000000000000 ; -- R:0 G:0 B:0
  104 : 000000000000 ; -- R:0 G:0 B:0
  105 : 000000000000 ; -- R:0 G:0 B:0
  106 : 000000000000 ; -- R:0 G:0 B:0
  107 : 000000000000 ; -- R:0 G:0 B:0
  108 : 000000000000 ; -- R:0 G:0 B:0
  109 : 000000000000 ; -- R:0 G:0 B:0
  110 : 000000000000 ; -- R:0 G:0 B:0
  111 : 000000000000 ; -- R:0 G:0 B:0
  112 : 000000000000 ; -- R:0 G:0 B:0
  113 : 000000000000 ; -- R:0 G:0 B:0
  114 : 000000000000 ; -- R:0 G:0 B:0
  115 : 000000000000 ; -- R:0 G:0 B:0
  116 : 000000000000 ; -- R:0 G:0 B:0
  117 : 000000000000 ; -- R:0 G:0 B:0
  118 : 000000000000 ; -- R:0 G:0 B:0
  119 : 000000000000 ; -- R:0 G:0 B:0
  120 : 000000000000 ; -- R:0 G:0 B:0
  121 : 000000000000 ; -- R:0 G:0 B:0
  122 : 000000000000 ; -- R:0 G:0 B:0
  123 : 000000000000 ; -- R:0 G:0 B:0
  124 : 000000000000 ; -- R:0 G:0 B:0
  125 : 000000000000 ; -- R:0 G:0 B:0
  126 : 000000000000 ; -- R:0 G:0 B:0
  127 : 000000000000 ; -- R:0 G:0 B:0
  128 : 000000000000 ; -- R:0 G:0 B:0
  129 : 000000000000 ; -- R:0 G:0 B:0
  130 : 000000000000 ; -- R:0 G:0 B:0
  131 : 000000000000 ; -- R:0 G:0 B:0
  132 : 000000000000 ; -- R:0 G:0 B:0
  133 : 000000000000 ; -- R:0 G:0 B:0
  134 : 000000000000 ; -- R:0 G:0 B:0
  135 : 000000000000 ; -- R:0 G:0 B:0
  136 : 000000000000 ; -- R:0 G:0 B:0
  137 : 000000000000 ; -- R:0 G:0 B:0
  138 : 000000000000 ; -- R:0 G:0 B:0
  139 : 000000000000 ; -- R:0 G:0 B:0
  140 : 000000000000 ; -- R:0 G:0 B:0
  141 : 000000000000 ; -- R:0 G:0 B:0
  142 : 000000000000 ; -- R:0 G:0 B:0
  143 : 000000000000 ; -- R:0 G:0 B:0
  144 : 000000000000 ; -- R:0 G:0 B:0
  145 : 000000000000 ; -- R:0 G:0 B:0
  146 : 000000000000 ; -- R:0 G:0 B:0
  147 : 000000000000 ; -- R:0 G:0 B:0
  148 : 000000000000 ; -- R:0 G:0 B:0
  149 : 000000000000 ; -- R:0 G:0 B:0
  150 : 000000000000 ; -- R:0 G:0 B:0
  151 : 000000000000 ; -- R:0 G:0 B:0
  152 : 000000000000 ; -- R:0 G:0 B:0
  153 : 000000000000 ; -- R:0 G:0 B:0
  154 : 000000000000 ; -- R:0 G:0 B:0
  155 : 000000000000 ; -- R:0 G:0 B:0
  156 : 000000000000 ; -- R:0 G:0 B:0
  157 : 000000000000 ; -- R:0 G:0 B:0
  158 : 000000000000 ; -- R:0 G:0 B:0
  159 : 000000000000 ; -- R:0 G:0 B:0
  160 : 000000000000 ; -- R:0 G:0 B:0
  161 : 000000000000 ; -- R:0 G:0 B:0
  162 : 000000000000 ; -- R:0 G:0 B:0
  163 : 000000000000 ; -- R:0 G:0 B:0
  164 : 000000000000 ; -- R:0 G:0 B:0
  165 : 000000000000 ; -- R:0 G:0 B:0
  166 : 000000000000 ; -- R:0 G:0 B:0
  167 : 000000000000 ; -- R:0 G:0 B:0
  168 : 000000000000 ; -- R:0 G:0 B:0
  169 : 000000000000 ; -- R:0 G:0 B:0
  170 : 000000000000 ; -- R:0 G:0 B:0
  171 : 000000000000 ; -- R:0 G:0 B:0
  172 : 000000000000 ; -- R:0 G:0 B:0
  173 : 000000000000 ; -- R:0 G:0 B:0
  174 : 000000000000 ; -- R:0 G:0 B:0
  175 : 000000000000 ; -- R:0 G:0 B:0
  176 : 000000000000 ; -- R:0 G:0 B:0
  177 : 000000000000 ; -- R:0 G:0 B:0
  178 : 000000000000 ; -- R:0 G:0 B:0
  179 : 000000000000 ; -- R:0 G:0 B:0
  180 : 000000000000 ; -- R:0 G:0 B:0
  181 : 000000000000 ; -- R:0 G:0 B:0
  182 : 000000000000 ; -- R:0 G:0 B:0
  183 : 000000000000 ; -- R:0 G:0 B:0
  184 : 000000000000 ; -- R:0 G:0 B:0
  185 : 000000000000 ; -- R:0 G:0 B:0
  186 : 000000000000 ; -- R:0 G:0 B:0
  187 : 000000000000 ; -- R:0 G:0 B:0
  188 : 000000000000 ; -- R:0 G:0 B:0
  189 : 000000000000 ; -- R:0 G:0 B:0
  190 : 000000000000 ; -- R:0 G:0 B:0
  191 : 000000000000 ; -- R:0 G:0 B:0
  192 : 000000000000 ; -- R:0 G:0 B:0
  193 : 000000000000 ; -- R:0 G:0 B:0
  194 : 000000000000 ; -- R:0 G:0 B:0
  195 : 000000000000 ; -- R:0 G:0 B:0
  196 : 000000000000 ; -- R:0 G:0 B:0
  197 : 000000000000 ; -- R:0 G:0 B:0
  198 : 000000000000 ; -- R:0 G:0 B:0
  199 : 000000000000 ; -- R:0 G:0 B:0
  200 : 000000000000 ; -- R:0 G:0 B:0
  201 : 000000000000 ; -- R:0 G:0 B:0
  202 : 000000000000 ; -- R:0 G:0 B:0
  203 : 000000000000 ; -- R:0 G:0 B:0
  204 : 000000000000 ; -- R:0 G:0 B:0
  205 : 000000000000 ; -- R:0 G:0 B:0
  206 : 000000000000 ; -- R:0 G:0 B:0
  207 : 000000000000 ; -- R:0 G:0 B:0
  208 : 000000000000 ; -- R:0 G:0 B:0
  209 : 000000000000 ; -- R:0 G:0 B:0
  210 : 000000000000 ; -- R:0 G:0 B:0
  211 : 000000000000 ; -- R:0 G:0 B:0
  212 : 000000000000 ; -- R:0 G:0 B:0
  213 : 000000000000 ; -- R:0 G:0 B:0
  214 : 000000000000 ; -- R:0 G:0 B:0
  215 : 000000000000 ; -- R:0 G:0 B:0
  216 : 000000000000 ; -- R:0 G:0 B:0
  217 : 000000000000 ; -- R:0 G:0 B:0
  218 : 000000000000 ; -- R:0 G:0 B:0
  219 : 000000000000 ; -- R:0 G:0 B:0
  220 : 000000000000 ; -- R:0 G:0 B:0
  221 : 000000000000 ; -- R:0 G:0 B:0
  222 : 000000000000 ; -- R:0 G:0 B:0
  223 : 000000000000 ; -- R:0 G:0 B:0
  224 : 000000000000 ; -- R:0 G:0 B:0
  225 : 000000000000 ; -- R:0 G:0 B:0
  226 : 000000000000 ; -- R:0 G:0 B:0
  227 : 000000000000 ; -- R:0 G:0 B:0
  228 : 000000000000 ; -- R:0 G:0 B:0
  229 : 000000000000 ; -- R:0 G:0 B:0
  230 : 000000000000 ; -- R:0 G:0 B:0
  231 : 000000000000 ; -- R:0 G:0 B:0
  232 : 000000000000 ; -- R:0 G:0 B:0
  233 : 000000000000 ; -- R:0 G:0 B:0
  234 : 000000000000 ; -- R:0 G:0 B:0
  235 : 000000000000 ; -- R:0 G:0 B:0
  236 : 000000000000 ; -- R:0 G:0 B:0
  237 : 000000000000 ; -- R:0 G:0 B:0
  238 : 000000000000 ; -- R:0 G:0 B:0
  239 : 000000000000 ; -- R:0 G:0 B:0
  240 : 000000000000 ; -- R:0 G:0 B:0
  241 : 000000000000 ; -- R:0 G:0 B:0
  242 : 000000000000 ; -- R:0 G:0 B:0
  243 : 000000000000 ; -- R:0 G:0 B:0
  244 : 000000000000 ; -- R:0 G:0 B:0
  245 : 000000000000 ; -- R:0 G:0 B:0
  246 : 000000000000 ; -- R:0 G:0 B:0
  247 : 000000000000 ; -- R:0 G:0 B:0
  248 : 000000000000 ; -- R:0 G:0 B:0
  249 : 000000000000 ; -- R:0 G:0 B:0
  250 : 000000000000 ; -- R:0 G:0 B:0
  251 : 000000000000 ; -- R:0 G:0 B:0
  252 : 000000000000 ; -- R:0 G:0 B:0
  253 : 000000000000 ; -- R:0 G:0 B:0
  254 : 000000000000 ; -- R:0 G:0 B:0
  255 : 000000000000 ; -- R:0 G:0 B:0
  256 : 000000000000 ; -- R:0 G:0 B:0
  257 : 000000000000 ; -- R:0 G:0 B:0
  258 : 000000000000 ; -- R:0 G:0 B:0
  259 : 000000000000 ; -- R:0 G:0 B:0
  260 : 000000000000 ; -- R:0 G:0 B:0
  261 : 000000000000 ; -- R:0 G:0 B:0
  262 : 000000000000 ; -- R:0 G:0 B:0
  263 : 000000000000 ; -- R:0 G:0 B:0
  264 : 000000000000 ; -- R:0 G:0 B:0
  265 : 000000000000 ; -- R:0 G:0 B:0
  266 : 000000000000 ; -- R:0 G:0 B:0
  267 : 000000000000 ; -- R:0 G:0 B:0
  268 : 000000000000 ; -- R:0 G:0 B:0
  269 : 000000000000 ; -- R:0 G:0 B:0
  270 : 000000000000 ; -- R:0 G:0 B:0
  271 : 000000000000 ; -- R:0 G:0 B:0
  272 : 000000000000 ; -- R:0 G:0 B:0
  273 : 000000000000 ; -- R:0 G:0 B:0
  274 : 000000000000 ; -- R:0 G:0 B:0
  275 : 000000000000 ; -- R:0 G:0 B:0
  276 : 000000000000 ; -- R:0 G:0 B:0
  277 : 000000000000 ; -- R:0 G:0 B:0
  278 : 000000000000 ; -- R:0 G:0 B:0
  279 : 000000000000 ; -- R:0 G:0 B:0
  280 : 000000000000 ; -- R:0 G:0 B:0
  281 : 000000000000 ; -- R:0 G:0 B:0
  282 : 000000000000 ; -- R:0 G:0 B:0
  283 : 000000000000 ; -- R:0 G:0 B:0
  284 : 000000000000 ; -- R:0 G:0 B:0
  285 : 000000000000 ; -- R:0 G:0 B:0
  286 : 000000000000 ; -- R:0 G:0 B:0
  287 : 000000000000 ; -- R:0 G:0 B:0
  288 : 000000000000 ; -- R:0 G:0 B:0
  289 : 000000000000 ; -- R:0 G:0 B:0
  290 : 000000000000 ; -- R:0 G:0 B:0
  291 : 000000000000 ; -- R:0 G:0 B:0
  292 : 000000000000 ; -- R:0 G:0 B:0
  293 : 000000000000 ; -- R:0 G:0 B:0
  294 : 000000000000 ; -- R:0 G:0 B:0
  295 : 000000000000 ; -- R:0 G:0 B:0
  296 : 000000000000 ; -- R:0 G:0 B:0
  297 : 000000000000 ; -- R:0 G:0 B:0
  298 : 000000000000 ; -- R:0 G:0 B:0
  299 : 000000000000 ; -- R:0 G:0 B:0
  300 : 000000000000 ; -- R:0 G:0 B:0
  301 : 000000000000 ; -- R:0 G:0 B:0
  302 : 000000000000 ; -- R:0 G:0 B:0
  303 : 000000000000 ; -- R:0 G:0 B:0
  304 : 000000000000 ; -- R:0 G:0 B:0
  305 : 000000000000 ; -- R:0 G:0 B:0
  306 : 000000000000 ; -- R:0 G:0 B:0
  307 : 000000000000 ; -- R:0 G:0 B:0
  308 : 000000000000 ; -- R:0 G:0 B:0
  309 : 000000000000 ; -- R:0 G:0 B:0
  310 : 000000000000 ; -- R:0 G:0 B:0
  311 : 000000000000 ; -- R:0 G:0 B:0
  312 : 000000000000 ; -- R:0 G:0 B:0
  313 : 000000000000 ; -- R:0 G:0 B:0
  314 : 000000000000 ; -- R:0 G:0 B:0
  315 : 000000000000 ; -- R:0 G:0 B:0
  316 : 000000000000 ; -- R:0 G:0 B:0
  317 : 000000000000 ; -- R:0 G:0 B:0
  318 : 000000000000 ; -- R:0 G:0 B:0
  319 : 000000000000 ; -- R:0 G:0 B:0
  320 : 000000000000 ; -- R:0 G:0 B:0
  321 : 000000000000 ; -- R:0 G:0 B:0
  322 : 000000000000 ; -- R:0 G:0 B:0
  323 : 000000000000 ; -- R:0 G:0 B:0
  324 : 000000000000 ; -- R:0 G:0 B:0
  325 : 000000000000 ; -- R:0 G:0 B:0
  326 : 000000000000 ; -- R:0 G:0 B:0
  327 : 000000000000 ; -- R:0 G:0 B:0
  328 : 000000000000 ; -- R:0 G:0 B:0
  329 : 000000000000 ; -- R:0 G:0 B:0
  330 : 000000000000 ; -- R:0 G:0 B:0
  331 : 000000000000 ; -- R:0 G:0 B:0
  332 : 000000000000 ; -- R:0 G:0 B:0
  333 : 000000000000 ; -- R:0 G:0 B:0
  334 : 000000000000 ; -- R:0 G:0 B:0
  335 : 000000000000 ; -- R:0 G:0 B:0
  336 : 000000000000 ; -- R:0 G:0 B:0
  337 : 000000000000 ; -- R:0 G:0 B:0
  338 : 000000000000 ; -- R:0 G:0 B:0
  339 : 000000000000 ; -- R:0 G:0 B:0
  340 : 000000000000 ; -- R:0 G:0 B:0
  341 : 000000000000 ; -- R:0 G:0 B:0
  342 : 000000000000 ; -- R:0 G:0 B:0
  343 : 000000000000 ; -- R:0 G:0 B:0
  344 : 000000000000 ; -- R:0 G:0 B:0
  345 : 000000000000 ; -- R:0 G:0 B:0
  346 : 000000000000 ; -- R:0 G:0 B:0
  347 : 000000000000 ; -- R:0 G:0 B:0
  348 : 000000000000 ; -- R:0 G:0 B:0
  349 : 000000000000 ; -- R:0 G:0 B:0
  350 : 000000000000 ; -- R:0 G:0 B:0
  351 : 000000000000 ; -- R:0 G:0 B:0
  352 : 000000000000 ; -- R:0 G:0 B:0
  353 : 000000000000 ; -- R:0 G:0 B:0
  354 : 000000000000 ; -- R:0 G:0 B:0
  355 : 000000000000 ; -- R:0 G:0 B:0
  356 : 000000000000 ; -- R:0 G:0 B:0
  357 : 000000000000 ; -- R:0 G:0 B:0
  358 : 000000000000 ; -- R:0 G:0 B:0
  359 : 000000000000 ; -- R:0 G:0 B:0
  360 : 000000000000 ; -- R:0 G:0 B:0
  361 : 000000000000 ; -- R:0 G:0 B:0
  362 : 000000000000 ; -- R:0 G:0 B:0
  363 : 000000000000 ; -- R:0 G:0 B:0
  364 : 000000000000 ; -- R:0 G:0 B:0
  365 : 000000000000 ; -- R:0 G:0 B:0
  366 : 000000000000 ; -- R:0 G:0 B:0
  367 : 000000000000 ; -- R:0 G:0 B:0
  368 : 000000000000 ; -- R:0 G:0 B:0
  369 : 000000000000 ; -- R:0 G:0 B:0
  370 : 000000000000 ; -- R:0 G:0 B:0
  371 : 000000000000 ; -- R:0 G:0 B:0
  372 : 000000000000 ; -- R:0 G:0 B:0
  373 : 000000000000 ; -- R:0 G:0 B:0
  374 : 000000000000 ; -- R:0 G:0 B:0
  375 : 000000000000 ; -- R:0 G:0 B:0
  376 : 000000000000 ; -- R:0 G:0 B:0
  377 : 000000000000 ; -- R:0 G:0 B:0
  378 : 000000000000 ; -- R:0 G:0 B:0
  379 : 000000000000 ; -- R:0 G:0 B:0
  380 : 000000000000 ; -- R:0 G:0 B:0
  381 : 000000000000 ; -- R:0 G:0 B:0
  382 : 000000000000 ; -- R:0 G:0 B:0
  383 : 000000000000 ; -- R:0 G:0 B:0
  384 : 000000000000 ; -- R:0 G:0 B:0
  385 : 000000000000 ; -- R:0 G:0 B:0
  386 : 000000000000 ; -- R:0 G:0 B:0
  387 : 000000000000 ; -- R:0 G:0 B:0
  388 : 000000000000 ; -- R:0 G:0 B:0
  389 : 000000000000 ; -- R:0 G:0 B:0
  390 : 000000000000 ; -- R:0 G:0 B:0
  391 : 000000000000 ; -- R:0 G:0 B:0
  392 : 000000000000 ; -- R:0 G:0 B:0
  393 : 000000000000 ; -- R:0 G:0 B:0
  394 : 000000000000 ; -- R:0 G:0 B:0
  395 : 000000000000 ; -- R:0 G:0 B:0
  396 : 000000000000 ; -- R:0 G:0 B:0
  397 : 000000000000 ; -- R:0 G:0 B:0
  398 : 000000000000 ; -- R:0 G:0 B:0
  399 : 000000000000 ; -- R:0 G:0 B:0
  400 : 000000000000 ; -- R:0 G:0 B:0
  401 : 000000000000 ; -- R:0 G:0 B:0
  402 : 000000000000 ; -- R:0 G:0 B:0
  403 : 000000000000 ; -- R:0 G:0 B:0
  404 : 000000000000 ; -- R:0 G:0 B:0
  405 : 000000000000 ; -- R:0 G:0 B:0
  406 : 000000000000 ; -- R:0 G:0 B:0
  407 : 000000000000 ; -- R:0 G:0 B:0
  408 : 000000000000 ; -- R:0 G:0 B:0
  409 : 000000000000 ; -- R:0 G:0 B:0
  410 : 000000000000 ; -- R:0 G:0 B:0
  411 : 000000000000 ; -- R:0 G:0 B:0
  412 : 000000000000 ; -- R:0 G:0 B:0
  413 : 000000000000 ; -- R:0 G:0 B:0
  414 : 000000000000 ; -- R:0 G:0 B:0
  415 : 000000000000 ; -- R:0 G:0 B:0
  416 : 000000000000 ; -- R:0 G:0 B:0
  417 : 000000000000 ; -- R:0 G:0 B:0
  418 : 000000000000 ; -- R:0 G:0 B:0
  419 : 000000000000 ; -- R:0 G:0 B:0
  420 : 000000000000 ; -- R:0 G:0 B:0
  421 : 000000000000 ; -- R:0 G:0 B:0
  422 : 000000000000 ; -- R:0 G:0 B:0
  423 : 000000000000 ; -- R:0 G:0 B:0
  424 : 000000000000 ; -- R:0 G:0 B:0
  425 : 000000000000 ; -- R:0 G:0 B:0
  426 : 000000000000 ; -- R:0 G:0 B:0
  427 : 000000000000 ; -- R:0 G:0 B:0
  428 : 000000000000 ; -- R:0 G:0 B:0
  429 : 000000000000 ; -- R:0 G:0 B:0
  430 : 000000000000 ; -- R:0 G:0 B:0
  431 : 000000000000 ; -- R:0 G:0 B:0
  432 : 000000000000 ; -- R:0 G:0 B:0
  433 : 000000000000 ; -- R:0 G:0 B:0
  434 : 000000000000 ; -- R:0 G:0 B:0
  435 : 000000000000 ; -- R:0 G:0 B:0
  436 : 000000000000 ; -- R:0 G:0 B:0
  437 : 000000000000 ; -- R:0 G:0 B:0
  438 : 000000000000 ; -- R:0 G:0 B:0
  439 : 000000000000 ; -- R:0 G:0 B:0
  440 : 000000000000 ; -- R:0 G:0 B:0
  441 : 000000000000 ; -- R:0 G:0 B:0
  442 : 000000000000 ; -- R:0 G:0 B:0
  443 : 000000000000 ; -- R:0 G:0 B:0
  444 : 000000000000 ; -- R:0 G:0 B:0
  445 : 000000000000 ; -- R:0 G:0 B:0
  446 : 000000000000 ; -- R:0 G:0 B:0
  447 : 000000000000 ; -- R:0 G:0 B:0
  448 : 000000000000 ; -- R:0 G:0 B:0
  449 : 000000000000 ; -- R:0 G:0 B:0
  450 : 000000000000 ; -- R:0 G:0 B:0
  451 : 000000000000 ; -- R:0 G:0 B:0
  452 : 000000000000 ; -- R:0 G:0 B:0
  453 : 000000000000 ; -- R:0 G:0 B:0
  454 : 000000000000 ; -- R:0 G:0 B:0
  455 : 000000000000 ; -- R:0 G:0 B:0
  456 : 000000000000 ; -- R:0 G:0 B:0
  457 : 000000000000 ; -- R:0 G:0 B:0
  458 : 000000000000 ; -- R:0 G:0 B:0
  459 : 000000000000 ; -- R:0 G:0 B:0
  460 : 000000000000 ; -- R:0 G:0 B:0
  461 : 000000000000 ; -- R:0 G:0 B:0
  462 : 000000000000 ; -- R:0 G:0 B:0
  463 : 000000000000 ; -- R:0 G:0 B:0
  464 : 000000000000 ; -- R:0 G:0 B:0
  465 : 000000000000 ; -- R:0 G:0 B:0
  466 : 000000000000 ; -- R:0 G:0 B:0
  467 : 000000000000 ; -- R:0 G:0 B:0
  468 : 000000000000 ; -- R:0 G:0 B:0
  469 : 000000000000 ; -- R:0 G:0 B:0
  470 : 000000000000 ; -- R:0 G:0 B:0
  471 : 000000000000 ; -- R:0 G:0 B:0
  472 : 000000000000 ; -- R:0 G:0 B:0
  473 : 000000000000 ; -- R:0 G:0 B:0
  474 : 000000000000 ; -- R:0 G:0 B:0
  475 : 000000000000 ; -- R:0 G:0 B:0
  476 : 000000000000 ; -- R:0 G:0 B:0
  477 : 000000000000 ; -- R:0 G:0 B:0
  478 : 000000000000 ; -- R:0 G:0 B:0
  479 : 000000000000 ; -- R:0 G:0 B:0
  480 : 000000000000 ; -- R:0 G:0 B:0
  481 : 000000000000 ; -- R:0 G:0 B:0
  482 : 000000000000 ; -- R:0 G:0 B:0
  483 : 000000000000 ; -- R:0 G:0 B:0
  484 : 000000000000 ; -- R:0 G:0 B:0
  485 : 000000000000 ; -- R:0 G:0 B:0
  486 : 000000000000 ; -- R:0 G:0 B:0
  487 : 000000000000 ; -- R:0 G:0 B:0
  488 : 000000000000 ; -- R:0 G:0 B:0
  489 : 000000000000 ; -- R:0 G:0 B:0
  490 : 000000000000 ; -- R:0 G:0 B:0
  491 : 000000000000 ; -- R:0 G:0 B:0
  492 : 000000000000 ; -- R:0 G:0 B:0
  493 : 000000000000 ; -- R:0 G:0 B:0
  494 : 000000000000 ; -- R:0 G:0 B:0
  495 : 000000000000 ; -- R:0 G:0 B:0
  496 : 000000000000 ; -- R:0 G:0 B:0
  497 : 000000000000 ; -- R:0 G:0 B:0
  498 : 000000000000 ; -- R:0 G:0 B:0
  499 : 000000000000 ; -- R:0 G:0 B:0
  500 : 000000000000 ; -- R:0 G:0 B:0
  501 : 000000000000 ; -- R:0 G:0 B:0
  502 : 000000000000 ; -- R:0 G:0 B:0
  503 : 000000000000 ; -- R:0 G:0 B:0
  504 : 000000000000 ; -- R:0 G:0 B:0
  505 : 000000000000 ; -- R:0 G:0 B:0
  506 : 000000000000 ; -- R:0 G:0 B:0
  507 : 000000000000 ; -- R:0 G:0 B:0
  508 : 000000000000 ; -- R:0 G:0 B:0
  509 : 000000000000 ; -- R:0 G:0 B:0
  510 : 000000000000 ; -- R:0 G:0 B:0
  511 : 000000000000 ; -- R:0 G:0 B:0
  512 : 000000000000 ; -- R:0 G:0 B:0
  513 : 000000000000 ; -- R:0 G:0 B:0
  514 : 000000000000 ; -- R:0 G:0 B:0
  515 : 000000000000 ; -- R:0 G:0 B:0
  516 : 000000000000 ; -- R:0 G:0 B:0
  517 : 000000000000 ; -- R:0 G:0 B:0
  518 : 000000000000 ; -- R:0 G:0 B:0
  519 : 000000000000 ; -- R:0 G:0 B:0
  520 : 000000000000 ; -- R:0 G:0 B:0
  521 : 000000000000 ; -- R:0 G:0 B:0
  522 : 000000000000 ; -- R:0 G:0 B:0
  523 : 000000000000 ; -- R:0 G:0 B:0
  524 : 000000000000 ; -- R:0 G:0 B:0
  525 : 000000000000 ; -- R:0 G:0 B:0
  526 : 000000000000 ; -- R:0 G:0 B:0
  527 : 000000000000 ; -- R:0 G:0 B:0
  528 : 000000000000 ; -- R:0 G:0 B:0
  529 : 000000000000 ; -- R:0 G:0 B:0
  530 : 000000000000 ; -- R:0 G:0 B:0
  531 : 000000000000 ; -- R:0 G:0 B:0
  532 : 000000000000 ; -- R:0 G:0 B:0
  533 : 000000000000 ; -- R:0 G:0 B:0
  534 : 000000000000 ; -- R:0 G:0 B:0
  535 : 000000000000 ; -- R:0 G:0 B:0
  536 : 000000000000 ; -- R:0 G:0 B:0
  537 : 000000000000 ; -- R:0 G:0 B:0
  538 : 000000000000 ; -- R:0 G:0 B:0
  539 : 000000000000 ; -- R:0 G:0 B:0
  540 : 000000000000 ; -- R:0 G:0 B:0
  541 : 000000000000 ; -- R:0 G:0 B:0
  542 : 000000000000 ; -- R:0 G:0 B:0
  543 : 000000000000 ; -- R:0 G:0 B:0
  544 : 000000000000 ; -- R:0 G:0 B:0
  545 : 000000000000 ; -- R:0 G:0 B:0
  546 : 000000000000 ; -- R:0 G:0 B:0
  547 : 000000000000 ; -- R:0 G:0 B:0
  548 : 000000000000 ; -- R:0 G:0 B:0
  549 : 000000000000 ; -- R:0 G:0 B:0
  550 : 000000000000 ; -- R:0 G:0 B:0
  551 : 000000000000 ; -- R:0 G:0 B:0
  552 : 000000000000 ; -- R:0 G:0 B:0
  553 : 000000000000 ; -- R:0 G:0 B:0
  554 : 000000000000 ; -- R:0 G:0 B:0
  555 : 000000000000 ; -- R:0 G:0 B:0
  556 : 000000000000 ; -- R:0 G:0 B:0
  557 : 000000000000 ; -- R:0 G:0 B:0
  558 : 000000000000 ; -- R:0 G:0 B:0
  559 : 000000000000 ; -- R:0 G:0 B:0
  560 : 000000000000 ; -- R:0 G:0 B:0
  561 : 000000000000 ; -- R:0 G:0 B:0
  562 : 000000000000 ; -- R:0 G:0 B:0
  563 : 000000000000 ; -- R:0 G:0 B:0
  564 : 000000000000 ; -- R:0 G:0 B:0
  565 : 000000000000 ; -- R:0 G:0 B:0
  566 : 000000000000 ; -- R:0 G:0 B:0
  567 : 000000000000 ; -- R:0 G:0 B:0
  568 : 000000000000 ; -- R:0 G:0 B:0
  569 : 000000000000 ; -- R:0 G:0 B:0
  570 : 000000000000 ; -- R:0 G:0 B:0
  571 : 000000000000 ; -- R:0 G:0 B:0
  572 : 000000000000 ; -- R:0 G:0 B:0
  573 : 000000000000 ; -- R:0 G:0 B:0
  574 : 000000000000 ; -- R:0 G:0 B:0
  575 : 000000000000 ; -- R:0 G:0 B:0
  576 : 000000000000 ; -- R:0 G:0 B:0
  577 : 000000000000 ; -- R:0 G:0 B:0
  578 : 000000000000 ; -- R:0 G:0 B:0
  579 : 000000000000 ; -- R:0 G:0 B:0
  580 : 000000000000 ; -- R:0 G:0 B:0
  581 : 000000000000 ; -- R:0 G:0 B:0
  582 : 000000000000 ; -- R:0 G:0 B:0
  583 : 000000000000 ; -- R:0 G:0 B:0
  584 : 000000000000 ; -- R:0 G:0 B:0
  585 : 000000000000 ; -- R:0 G:0 B:0
  586 : 000000000000 ; -- R:0 G:0 B:0
  587 : 000000000000 ; -- R:0 G:0 B:0
  588 : 000000000000 ; -- R:0 G:0 B:0
  589 : 000000000000 ; -- R:0 G:0 B:0
  590 : 000000000000 ; -- R:0 G:0 B:0
  591 : 000000000000 ; -- R:0 G:0 B:0
  592 : 000000000000 ; -- R:0 G:0 B:0
  593 : 000000000000 ; -- R:0 G:0 B:0
  594 : 000000000000 ; -- R:0 G:0 B:0
  595 : 000000000000 ; -- R:0 G:0 B:0
  596 : 000000000000 ; -- R:0 G:0 B:0
  597 : 000000000000 ; -- R:0 G:0 B:0
  598 : 000000000000 ; -- R:0 G:0 B:0
  599 : 000000000000 ; -- R:0 G:0 B:0
  600 : 000000000000 ; -- R:0 G:0 B:0
  601 : 000000000000 ; -- R:0 G:0 B:0
  602 : 000000000000 ; -- R:0 G:0 B:0
  603 : 000000000000 ; -- R:0 G:0 B:0
  604 : 000000000000 ; -- R:0 G:0 B:0
  605 : 000000000000 ; -- R:0 G:0 B:0
  606 : 000000000000 ; -- R:0 G:0 B:0
  607 : 000000000000 ; -- R:0 G:0 B:0
  608 : 000000000000 ; -- R:0 G:0 B:0
  609 : 000000000000 ; -- R:0 G:0 B:0
  610 : 000000000000 ; -- R:0 G:0 B:0
  611 : 000000000000 ; -- R:0 G:0 B:0
  612 : 000000000000 ; -- R:0 G:0 B:0
  613 : 000000000000 ; -- R:0 G:0 B:0
  614 : 000000000000 ; -- R:0 G:0 B:0
  615 : 000000000000 ; -- R:0 G:0 B:0
  616 : 000000000000 ; -- R:0 G:0 B:0
  617 : 000000000000 ; -- R:0 G:0 B:0
  618 : 000000000000 ; -- R:0 G:0 B:0
  619 : 000000000000 ; -- R:0 G:0 B:0
  620 : 000000000000 ; -- R:0 G:0 B:0
  621 : 000000000000 ; -- R:0 G:0 B:0
  622 : 000000000000 ; -- R:0 G:0 B:0
  623 : 000000000000 ; -- R:0 G:0 B:0
  624 : 000000000000 ; -- R:0 G:0 B:0
  625 : 000000000000 ; -- R:0 G:0 B:0
  626 : 000000000000 ; -- R:0 G:0 B:0
  627 : 000000000000 ; -- R:0 G:0 B:0
  628 : 000000000000 ; -- R:0 G:0 B:0
  629 : 000000000000 ; -- R:0 G:0 B:0
  630 : 000000000000 ; -- R:0 G:0 B:0
  631 : 000000000000 ; -- R:0 G:0 B:0
  632 : 000000000000 ; -- R:0 G:0 B:0
  633 : 000000000000 ; -- R:0 G:0 B:0
  634 : 000000000000 ; -- R:0 G:0 B:0
  635 : 000000000000 ; -- R:0 G:0 B:0
  636 : 000000000000 ; -- R:0 G:0 B:0
  637 : 000000000000 ; -- R:0 G:0 B:0
  638 : 000000000000 ; -- R:0 G:0 B:0
  639 : 000000000000 ; -- R:0 G:0 B:0
  640 : 000000000000 ; -- R:0 G:0 B:0
  641 : 000000000000 ; -- R:0 G:0 B:0
  642 : 000000000000 ; -- R:0 G:0 B:0
  643 : 000000000000 ; -- R:0 G:0 B:0
  644 : 000000000000 ; -- R:0 G:0 B:0
  645 : 000000000000 ; -- R:0 G:0 B:0
  646 : 000000000000 ; -- R:0 G:0 B:0
  647 : 000000000000 ; -- R:0 G:0 B:0
  648 : 000000000000 ; -- R:0 G:0 B:0
  649 : 000000000000 ; -- R:0 G:0 B:0
  650 : 000000000000 ; -- R:0 G:0 B:0
  651 : 000000000000 ; -- R:0 G:0 B:0
  652 : 000000000000 ; -- R:0 G:0 B:0
  653 : 000000000000 ; -- R:0 G:0 B:0
  654 : 000000000000 ; -- R:0 G:0 B:0
  655 : 000000000000 ; -- R:0 G:0 B:0
  656 : 000000000000 ; -- R:0 G:0 B:0
  657 : 000000000000 ; -- R:0 G:0 B:0
  658 : 000000000000 ; -- R:0 G:0 B:0
  659 : 000000000000 ; -- R:0 G:0 B:0
  660 : 000000000000 ; -- R:0 G:0 B:0
  661 : 000000000000 ; -- R:0 G:0 B:0
  662 : 000000000000 ; -- R:0 G:0 B:0
  663 : 000000000000 ; -- R:0 G:0 B:0
  664 : 000000000000 ; -- R:0 G:0 B:0
  665 : 000000000000 ; -- R:0 G:0 B:0
  666 : 000000000000 ; -- R:0 G:0 B:0
  667 : 000000000000 ; -- R:0 G:0 B:0
  668 : 000000000000 ; -- R:0 G:0 B:0
  669 : 000000000000 ; -- R:0 G:0 B:0
  670 : 000000000000 ; -- R:0 G:0 B:0
  671 : 000000000000 ; -- R:0 G:0 B:0
  672 : 000000000000 ; -- R:0 G:0 B:0
  673 : 000000000000 ; -- R:0 G:0 B:0
  674 : 000000000000 ; -- R:0 G:0 B:0
  675 : 000000000000 ; -- R:0 G:0 B:0
  676 : 000000000000 ; -- R:0 G:0 B:0
  677 : 000000000000 ; -- R:0 G:0 B:0
  678 : 000000000000 ; -- R:0 G:0 B:0
  679 : 000000000000 ; -- R:0 G:0 B:0
  680 : 000000000000 ; -- R:0 G:0 B:0
  681 : 000000000000 ; -- R:0 G:0 B:0
  682 : 000000000000 ; -- R:0 G:0 B:0
  683 : 000000000000 ; -- R:0 G:0 B:0
  684 : 000000000000 ; -- R:0 G:0 B:0
  685 : 000000000000 ; -- R:0 G:0 B:0
  686 : 000000000000 ; -- R:0 G:0 B:0
  687 : 000000000000 ; -- R:0 G:0 B:0
  688 : 000000000000 ; -- R:0 G:0 B:0
  689 : 000000000000 ; -- R:0 G:0 B:0
  690 : 000000000000 ; -- R:0 G:0 B:0
  691 : 000000000000 ; -- R:0 G:0 B:0
  692 : 000000000000 ; -- R:0 G:0 B:0
  693 : 000000000000 ; -- R:0 G:0 B:0
  694 : 000000000000 ; -- R:0 G:0 B:0
  695 : 000000000000 ; -- R:0 G:0 B:0
  696 : 000000000000 ; -- R:0 G:0 B:0
  697 : 000000000000 ; -- R:0 G:0 B:0
  698 : 000000000000 ; -- R:0 G:0 B:0
  699 : 000000000000 ; -- R:0 G:0 B:0
  700 : 000000000000 ; -- R:0 G:0 B:0
  701 : 000000000000 ; -- R:0 G:0 B:0
  702 : 000000000000 ; -- R:0 G:0 B:0
  703 : 000000000000 ; -- R:0 G:0 B:0
  704 : 000000000000 ; -- R:0 G:0 B:0
  705 : 000000000000 ; -- R:0 G:0 B:0
  706 : 000000000000 ; -- R:0 G:0 B:0
  707 : 000000000000 ; -- R:0 G:0 B:0
  708 : 000000000000 ; -- R:0 G:0 B:0
  709 : 000000000000 ; -- R:0 G:0 B:0
  710 : 000000000000 ; -- R:0 G:0 B:0
  711 : 000000000000 ; -- R:0 G:0 B:0
  712 : 000000000000 ; -- R:0 G:0 B:0
  713 : 000000000000 ; -- R:0 G:0 B:0
  714 : 000000000000 ; -- R:0 G:0 B:0
  715 : 000000000000 ; -- R:0 G:0 B:0
  716 : 000000000000 ; -- R:0 G:0 B:0
  717 : 000000000000 ; -- R:0 G:0 B:0
  718 : 000000000000 ; -- R:0 G:0 B:0
  719 : 000000000000 ; -- R:0 G:0 B:0
  720 : 000000000000 ; -- R:0 G:0 B:0
  721 : 000000000000 ; -- R:0 G:0 B:0
  722 : 000000000000 ; -- R:0 G:0 B:0
  723 : 000000000000 ; -- R:0 G:0 B:0
  724 : 000000000000 ; -- R:0 G:0 B:0
  725 : 000000000000 ; -- R:0 G:0 B:0
  726 : 000000000000 ; -- R:0 G:0 B:0
  727 : 000000000000 ; -- R:0 G:0 B:0
  728 : 000000000000 ; -- R:0 G:0 B:0
  729 : 000000000000 ; -- R:0 G:0 B:0
  730 : 000000000000 ; -- R:0 G:0 B:0
  731 : 000000000000 ; -- R:0 G:0 B:0
  732 : 000000000000 ; -- R:0 G:0 B:0
  733 : 000000000000 ; -- R:0 G:0 B:0
  734 : 000000000000 ; -- R:0 G:0 B:0
  735 : 000000000000 ; -- R:0 G:0 B:0
  736 : 000000000000 ; -- R:0 G:0 B:0
  737 : 000000000000 ; -- R:0 G:0 B:0
  738 : 000000000000 ; -- R:0 G:0 B:0
  739 : 000000000000 ; -- R:0 G:0 B:0
  740 : 000000000000 ; -- R:0 G:0 B:0
  741 : 000000000000 ; -- R:0 G:0 B:0
  742 : 000000000000 ; -- R:0 G:0 B:0
  743 : 000000000000 ; -- R:0 G:0 B:0
  744 : 000000000000 ; -- R:0 G:0 B:0
  745 : 000000000000 ; -- R:0 G:0 B:0
  746 : 000000000000 ; -- R:0 G:0 B:0
  747 : 000000000000 ; -- R:0 G:0 B:0
  748 : 000000000000 ; -- R:0 G:0 B:0
  749 : 000000000000 ; -- R:0 G:0 B:0
  750 : 000000000000 ; -- R:0 G:0 B:0
  751 : 000000000000 ; -- R:0 G:0 B:0
  752 : 000000000000 ; -- R:0 G:0 B:0
  753 : 000000000000 ; -- R:0 G:0 B:0
  754 : 000000000000 ; -- R:0 G:0 B:0
  755 : 000000000000 ; -- R:0 G:0 B:0
  756 : 000000000000 ; -- R:0 G:0 B:0
  757 : 000000000000 ; -- R:0 G:0 B:0
  758 : 000000000000 ; -- R:0 G:0 B:0
  759 : 000000000000 ; -- R:0 G:0 B:0
  760 : 000000000000 ; -- R:0 G:0 B:0
  761 : 000000000000 ; -- R:0 G:0 B:0
  762 : 000000000000 ; -- R:0 G:0 B:0
  763 : 000000000000 ; -- R:0 G:0 B:0
  764 : 000000000000 ; -- R:0 G:0 B:0
  765 : 000000000000 ; -- R:0 G:0 B:0
  766 : 000000000000 ; -- R:0 G:0 B:0
  767 : 000000000000 ; -- R:0 G:0 B:0
  768 : 000000000000 ; -- R:0 G:0 B:0
  769 : 000000000000 ; -- R:0 G:0 B:0
  770 : 000000000000 ; -- R:0 G:0 B:0
  771 : 000000000000 ; -- R:0 G:0 B:0
  772 : 000000000000 ; -- R:0 G:0 B:0
  773 : 000000000000 ; -- R:0 G:0 B:0
  774 : 000000000000 ; -- R:0 G:0 B:0
  775 : 000000000000 ; -- R:0 G:0 B:0
  776 : 000000000000 ; -- R:0 G:0 B:0
  777 : 000000000000 ; -- R:0 G:0 B:0
  778 : 000000000000 ; -- R:0 G:0 B:0
  779 : 000000000000 ; -- R:0 G:0 B:0
  780 : 000000000000 ; -- R:0 G:0 B:0
  781 : 000000000000 ; -- R:0 G:0 B:0
  782 : 000000000000 ; -- R:0 G:0 B:0
  783 : 000000000000 ; -- R:0 G:0 B:0
  784 : 000000000000 ; -- R:0 G:0 B:0
  785 : 000000000000 ; -- R:0 G:0 B:0
  786 : 000000000000 ; -- R:0 G:0 B:0
  787 : 000000000000 ; -- R:0 G:0 B:0
  788 : 000000000000 ; -- R:0 G:0 B:0
  789 : 000000000000 ; -- R:0 G:0 B:0
  790 : 000000000000 ; -- R:0 G:0 B:0
  791 : 000000000000 ; -- R:0 G:0 B:0
  792 : 000000000000 ; -- R:0 G:0 B:0
  793 : 000000000000 ; -- R:0 G:0 B:0
  794 : 000000000000 ; -- R:0 G:0 B:0
  795 : 000000000000 ; -- R:0 G:0 B:0
  796 : 000000000000 ; -- R:0 G:0 B:0
  797 : 000000000000 ; -- R:0 G:0 B:0
  798 : 000000000000 ; -- R:0 G:0 B:0
  799 : 000000000000 ; -- R:0 G:0 B:0
  800 : 000000000000 ; -- R:0 G:0 B:0
  801 : 000000000000 ; -- R:0 G:0 B:0
  802 : 000000000000 ; -- R:0 G:0 B:0
  803 : 000000000000 ; -- R:0 G:0 B:0
  804 : 000000000000 ; -- R:0 G:0 B:0
  805 : 000000000000 ; -- R:0 G:0 B:0
  806 : 000000000000 ; -- R:0 G:0 B:0
  807 : 000000000000 ; -- R:0 G:0 B:0
  808 : 000000000000 ; -- R:0 G:0 B:0
  809 : 000000000000 ; -- R:0 G:0 B:0
  810 : 000000000000 ; -- R:0 G:0 B:0
  811 : 000000000000 ; -- R:0 G:0 B:0
  812 : 000000000000 ; -- R:0 G:0 B:0
  813 : 000000000000 ; -- R:0 G:0 B:0
  814 : 000000000000 ; -- R:0 G:0 B:0
  815 : 000000000000 ; -- R:0 G:0 B:0
  816 : 000000000000 ; -- R:0 G:0 B:0
  817 : 000000000000 ; -- R:0 G:0 B:0
  818 : 000000000000 ; -- R:0 G:0 B:0
  819 : 000000000000 ; -- R:0 G:0 B:0
  820 : 000000000000 ; -- R:0 G:0 B:0
  821 : 000000000000 ; -- R:0 G:0 B:0
  822 : 000000000000 ; -- R:0 G:0 B:0
  823 : 000000000000 ; -- R:0 G:0 B:0
  824 : 000000000000 ; -- R:0 G:0 B:0
  825 : 000000000000 ; -- R:0 G:0 B:0
  826 : 000000000000 ; -- R:0 G:0 B:0
  827 : 000000000000 ; -- R:0 G:0 B:0
  828 : 000000000000 ; -- R:0 G:0 B:0
  829 : 000000000000 ; -- R:0 G:0 B:0
  830 : 000000000000 ; -- R:0 G:0 B:0
  831 : 000000000000 ; -- R:0 G:0 B:0
  832 : 000000000000 ; -- R:0 G:0 B:0
  833 : 000000000000 ; -- R:0 G:0 B:0
  834 : 000000000000 ; -- R:0 G:0 B:0
  835 : 000000000000 ; -- R:0 G:0 B:0
  836 : 000000000000 ; -- R:0 G:0 B:0
  837 : 000000000000 ; -- R:0 G:0 B:0
  838 : 000000000000 ; -- R:0 G:0 B:0
  839 : 000000000000 ; -- R:0 G:0 B:0
  840 : 000000000000 ; -- R:0 G:0 B:0
  841 : 000000000000 ; -- R:0 G:0 B:0
  842 : 000000000000 ; -- R:0 G:0 B:0
  843 : 000000000000 ; -- R:0 G:0 B:0
  844 : 000000000000 ; -- R:0 G:0 B:0
  845 : 000000000000 ; -- R:0 G:0 B:0
  846 : 000000000000 ; -- R:0 G:0 B:0
  847 : 000000000000 ; -- R:0 G:0 B:0
  848 : 000000000000 ; -- R:0 G:0 B:0
  849 : 000000000000 ; -- R:0 G:0 B:0
  850 : 000000000000 ; -- R:0 G:0 B:0
  851 : 000000000000 ; -- R:0 G:0 B:0
  852 : 000000000000 ; -- R:0 G:0 B:0
  853 : 000000000000 ; -- R:0 G:0 B:0
  854 : 000000000000 ; -- R:0 G:0 B:0
  855 : 000000000000 ; -- R:0 G:0 B:0
  856 : 000000000000 ; -- R:0 G:0 B:0
  857 : 000000000000 ; -- R:0 G:0 B:0
  858 : 000000000000 ; -- R:0 G:0 B:0
  859 : 000000000000 ; -- R:0 G:0 B:0
  860 : 000000000000 ; -- R:0 G:0 B:0
  861 : 000000000000 ; -- R:0 G:0 B:0
  862 : 000000000000 ; -- R:0 G:0 B:0
  863 : 000000000000 ; -- R:0 G:0 B:0
  864 : 000000000000 ; -- R:0 G:0 B:0
  865 : 000000000000 ; -- R:0 G:0 B:0
  866 : 000000000000 ; -- R:0 G:0 B:0
  867 : 000000000000 ; -- R:0 G:0 B:0
  868 : 000000000000 ; -- R:0 G:0 B:0
  869 : 000000000000 ; -- R:0 G:0 B:0
  870 : 000000000000 ; -- R:0 G:0 B:0
  871 : 000000000000 ; -- R:0 G:0 B:0
  872 : 000000000000 ; -- R:0 G:0 B:0
  873 : 000000000000 ; -- R:0 G:0 B:0
  874 : 000000000000 ; -- R:0 G:0 B:0
  875 : 000000000000 ; -- R:0 G:0 B:0
  876 : 000000000000 ; -- R:0 G:0 B:0
  877 : 000000000000 ; -- R:0 G:0 B:0
  878 : 000000000000 ; -- R:0 G:0 B:0
  879 : 000000000000 ; -- R:0 G:0 B:0
  880 : 000000000000 ; -- R:0 G:0 B:0
  881 : 000000000000 ; -- R:0 G:0 B:0
  882 : 000000000000 ; -- R:0 G:0 B:0
  883 : 000000000000 ; -- R:0 G:0 B:0
  884 : 000000000000 ; -- R:0 G:0 B:0
  885 : 000000000000 ; -- R:0 G:0 B:0
  886 : 000000000000 ; -- R:0 G:0 B:0
  887 : 000000000000 ; -- R:0 G:0 B:0
  888 : 000000000000 ; -- R:0 G:0 B:0
  889 : 000000000000 ; -- R:0 G:0 B:0
  890 : 000000000000 ; -- R:0 G:0 B:0
  891 : 000000000000 ; -- R:0 G:0 B:0
  892 : 000000000000 ; -- R:0 G:0 B:0
  893 : 000000000000 ; -- R:0 G:0 B:0
  894 : 000000000000 ; -- R:0 G:0 B:0
  895 : 000000000000 ; -- R:0 G:0 B:0
  896 : 000000000000 ; -- R:0 G:0 B:0
  897 : 000000000000 ; -- R:0 G:0 B:0
  898 : 000000000000 ; -- R:0 G:0 B:0
  899 : 000000000000 ; -- R:0 G:0 B:0
  900 : 000000000000 ; -- R:0 G:0 B:0
  901 : 000000000000 ; -- R:0 G:0 B:0
  902 : 000000000000 ; -- R:0 G:0 B:0
  903 : 000000000000 ; -- R:0 G:0 B:0
  904 : 000000000000 ; -- R:0 G:0 B:0
  905 : 000000000000 ; -- R:0 G:0 B:0
  906 : 000000000000 ; -- R:0 G:0 B:0
  907 : 000000000000 ; -- R:0 G:0 B:0
  908 : 000000000000 ; -- R:0 G:0 B:0
  909 : 000000000000 ; -- R:0 G:0 B:0
  910 : 000000000000 ; -- R:0 G:0 B:0
  911 : 000000000000 ; -- R:0 G:0 B:0
  912 : 000000000000 ; -- R:0 G:0 B:0
  913 : 000000000000 ; -- R:0 G:0 B:0
  914 : 000000000000 ; -- R:0 G:0 B:0
  915 : 000000000000 ; -- R:0 G:0 B:0
  916 : 000000000000 ; -- R:0 G:0 B:0
  917 : 000000000000 ; -- R:0 G:0 B:0
  918 : 000000000000 ; -- R:0 G:0 B:0
  919 : 000000000000 ; -- R:0 G:0 B:0
  920 : 000000000000 ; -- R:0 G:0 B:0
  921 : 000000000000 ; -- R:0 G:0 B:0
  922 : 000000000000 ; -- R:0 G:0 B:0
  923 : 000000000000 ; -- R:0 G:0 B:0
  924 : 000000000000 ; -- R:0 G:0 B:0
  925 : 000000000000 ; -- R:0 G:0 B:0
  926 : 000000000000 ; -- R:0 G:0 B:0
  927 : 000000000000 ; -- R:0 G:0 B:0
  928 : 000000000000 ; -- R:0 G:0 B:0
  929 : 000000000000 ; -- R:0 G:0 B:0
  930 : 000000000000 ; -- R:0 G:0 B:0
  931 : 000000000000 ; -- R:0 G:0 B:0
  932 : 000000000000 ; -- R:0 G:0 B:0
  933 : 000000000000 ; -- R:0 G:0 B:0
  934 : 000000000000 ; -- R:0 G:0 B:0
  935 : 000000000000 ; -- R:0 G:0 B:0
  936 : 000000000000 ; -- R:0 G:0 B:0
  937 : 000000000000 ; -- R:0 G:0 B:0
  938 : 000000000000 ; -- R:0 G:0 B:0
  939 : 000000000000 ; -- R:0 G:0 B:0
  940 : 000000000000 ; -- R:0 G:0 B:0
  941 : 000000000000 ; -- R:0 G:0 B:0
  942 : 000000000000 ; -- R:0 G:0 B:0
  943 : 000000000000 ; -- R:0 G:0 B:0
  944 : 000000000000 ; -- R:0 G:0 B:0
  945 : 000000000000 ; -- R:0 G:0 B:0
  946 : 000000000000 ; -- R:0 G:0 B:0
  947 : 000000000000 ; -- R:0 G:0 B:0
  948 : 000000000000 ; -- R:0 G:0 B:0
  949 : 000000000000 ; -- R:0 G:0 B:0
  950 : 000000000000 ; -- R:0 G:0 B:0
  951 : 000000000000 ; -- R:0 G:0 B:0
  952 : 000000000000 ; -- R:0 G:0 B:0
  953 : 000000000000 ; -- R:0 G:0 B:0
  954 : 000000000000 ; -- R:0 G:0 B:0
  955 : 000000000000 ; -- R:0 G:0 B:0
  956 : 000000000000 ; -- R:0 G:0 B:0
  957 : 000000000000 ; -- R:0 G:0 B:0
  958 : 000000000000 ; -- R:0 G:0 B:0
  959 : 000000000000 ; -- R:0 G:0 B:0
  960 : 000000000000 ; -- R:0 G:0 B:0
  961 : 000000000000 ; -- R:0 G:0 B:0
  962 : 000000000000 ; -- R:0 G:0 B:0
  963 : 000000000000 ; -- R:0 G:0 B:0
  964 : 000000000000 ; -- R:0 G:0 B:0
  965 : 000000000000 ; -- R:0 G:0 B:0
  966 : 000000000000 ; -- R:0 G:0 B:0
  967 : 000000000000 ; -- R:0 G:0 B:0
  968 : 000000000000 ; -- R:0 G:0 B:0
  969 : 000000000000 ; -- R:0 G:0 B:0
  970 : 000000000000 ; -- R:0 G:0 B:0
  971 : 000000000000 ; -- R:0 G:0 B:0
  972 : 000000000000 ; -- R:0 G:0 B:0
  973 : 000000000000 ; -- R:0 G:0 B:0
  974 : 000000000000 ; -- R:0 G:0 B:0
  975 : 000000000000 ; -- R:0 G:0 B:0
  976 : 000000000000 ; -- R:0 G:0 B:0
  977 : 000000000000 ; -- R:0 G:0 B:0
  978 : 000000000000 ; -- R:0 G:0 B:0
  979 : 000000000000 ; -- R:0 G:0 B:0
  980 : 000000000000 ; -- R:0 G:0 B:0
  981 : 000000000000 ; -- R:0 G:0 B:0
  982 : 000000000000 ; -- R:0 G:0 B:0
  983 : 000000000000 ; -- R:0 G:0 B:0
  984 : 000000000000 ; -- R:0 G:0 B:0
  985 : 000000000000 ; -- R:0 G:0 B:0
  986 : 000000000000 ; -- R:0 G:0 B:0
  987 : 000000000000 ; -- R:0 G:0 B:0
  988 : 000000000000 ; -- R:0 G:0 B:0
  989 : 000000000000 ; -- R:0 G:0 B:0
  990 : 000000000000 ; -- R:0 G:0 B:0
  991 : 000000000000 ; -- R:0 G:0 B:0
  992 : 000000000000 ; -- R:0 G:0 B:0
  993 : 000000000000 ; -- R:0 G:0 B:0
  994 : 000000000000 ; -- R:0 G:0 B:0
  995 : 000000000000 ; -- R:0 G:0 B:0
  996 : 000000000000 ; -- R:0 G:0 B:0
  997 : 000000000000 ; -- R:0 G:0 B:0
  998 : 000000000000 ; -- R:0 G:0 B:0
  999 : 000000000000 ; -- R:0 G:0 B:0
  1000 : 000000000000 ; -- R:0 G:0 B:0
  1001 : 000000000000 ; -- R:0 G:0 B:0
  1002 : 000000000000 ; -- R:0 G:0 B:0
  1003 : 000000000000 ; -- R:0 G:0 B:0
  1004 : 000000000000 ; -- R:0 G:0 B:0
  1005 : 000000000000 ; -- R:0 G:0 B:0
  1006 : 000000000000 ; -- R:0 G:0 B:0
  1007 : 000000000000 ; -- R:0 G:0 B:0
  1008 : 000000000000 ; -- R:0 G:0 B:0
  1009 : 000000000000 ; -- R:0 G:0 B:0
  1010 : 000000000000 ; -- R:0 G:0 B:0
  1011 : 000000000000 ; -- R:0 G:0 B:0
  1012 : 000000000000 ; -- R:0 G:0 B:0
  1013 : 000000000000 ; -- R:0 G:0 B:0
  1014 : 000000000000 ; -- R:0 G:0 B:0
  1015 : 000000000000 ; -- R:0 G:0 B:0
  1016 : 000000000000 ; -- R:0 G:0 B:0
  1017 : 000000000000 ; -- R:0 G:0 B:0
  1018 : 000000000000 ; -- R:0 G:0 B:0
  1019 : 000000000000 ; -- R:0 G:0 B:0
  1020 : 000000000000 ; -- R:0 G:0 B:0
  1021 : 000000000000 ; -- R:0 G:0 B:0
  1022 : 000000000000 ; -- R:0 G:0 B:0
  1023 : 000000000000 ; -- R:0 G:0 B:0
  1024 : 000000000000 ; -- R:0 G:0 B:0
  1025 : 000000000000 ; -- R:0 G:0 B:0
  1026 : 000000000000 ; -- R:0 G:0 B:0
  1027 : 000000000000 ; -- R:0 G:0 B:0
  1028 : 000000000000 ; -- R:0 G:0 B:0
  1029 : 000000000000 ; -- R:0 G:0 B:0
  1030 : 000000000000 ; -- R:0 G:0 B:0
  1031 : 000000000000 ; -- R:0 G:0 B:0
  1032 : 000000000000 ; -- R:0 G:0 B:0
  1033 : 000000000000 ; -- R:0 G:0 B:0
  1034 : 000000000000 ; -- R:0 G:0 B:0
  1035 : 000000000000 ; -- R:0 G:0 B:0
  1036 : 000000000000 ; -- R:0 G:0 B:0
  1037 : 000000000000 ; -- R:0 G:0 B:0
  1038 : 000000000000 ; -- R:0 G:0 B:0
  1039 : 000000000000 ; -- R:0 G:0 B:0
  1040 : 000000000000 ; -- R:0 G:0 B:0
  1041 : 000000000000 ; -- R:0 G:0 B:0
  1042 : 000000000000 ; -- R:0 G:0 B:0
  1043 : 000000000000 ; -- R:0 G:0 B:0
  1044 : 000000000000 ; -- R:0 G:0 B:0
  1045 : 000000000000 ; -- R:0 G:0 B:0
  1046 : 000000000000 ; -- R:0 G:0 B:0
  1047 : 000000000000 ; -- R:0 G:0 B:0
  1048 : 000000000000 ; -- R:0 G:0 B:0
  1049 : 000000000000 ; -- R:0 G:0 B:0
  1050 : 000000000000 ; -- R:0 G:0 B:0
  1051 : 000000000000 ; -- R:0 G:0 B:0
  1052 : 000000000000 ; -- R:0 G:0 B:0
  1053 : 000000000000 ; -- R:0 G:0 B:0
  1054 : 000000000000 ; -- R:0 G:0 B:0
  1055 : 000000000000 ; -- R:0 G:0 B:0
  1056 : 000000000000 ; -- R:0 G:0 B:0
  1057 : 000000000000 ; -- R:0 G:0 B:0
  1058 : 000000000000 ; -- R:0 G:0 B:0
  1059 : 000000000000 ; -- R:0 G:0 B:0
  1060 : 000000000000 ; -- R:0 G:0 B:0
  1061 : 000000000000 ; -- R:0 G:0 B:0
  1062 : 000000000000 ; -- R:0 G:0 B:0
  1063 : 000000000000 ; -- R:0 G:0 B:0
  1064 : 000000000000 ; -- R:0 G:0 B:0
  1065 : 000000000000 ; -- R:0 G:0 B:0
  1066 : 000000000000 ; -- R:0 G:0 B:0
  1067 : 000000000000 ; -- R:0 G:0 B:0
  1068 : 000000000000 ; -- R:0 G:0 B:0
  1069 : 000000000000 ; -- R:0 G:0 B:0
  1070 : 000000000000 ; -- R:0 G:0 B:0
  1071 : 000000000000 ; -- R:0 G:0 B:0
  1072 : 000000000000 ; -- R:0 G:0 B:0
  1073 : 000000000000 ; -- R:0 G:0 B:0
  1074 : 000000000000 ; -- R:0 G:0 B:0
  1075 : 000000000000 ; -- R:0 G:0 B:0
  1076 : 000000000000 ; -- R:0 G:0 B:0
  1077 : 000000000000 ; -- R:0 G:0 B:0
  1078 : 000000000000 ; -- R:0 G:0 B:0
  1079 : 000000000000 ; -- R:0 G:0 B:0
  1080 : 000000000000 ; -- R:0 G:0 B:0
  1081 : 000000000000 ; -- R:0 G:0 B:0
  1082 : 000000000000 ; -- R:0 G:0 B:0
  1083 : 000000000000 ; -- R:0 G:0 B:0
  1084 : 000000000000 ; -- R:0 G:0 B:0
  1085 : 000000000000 ; -- R:0 G:0 B:0
  1086 : 000000000000 ; -- R:0 G:0 B:0
  1087 : 000000000000 ; -- R:0 G:0 B:0
  1088 : 000000000000 ; -- R:0 G:0 B:0
  1089 : 000000000000 ; -- R:0 G:0 B:0
  1090 : 000000000000 ; -- R:0 G:0 B:0
  1091 : 000000000000 ; -- R:0 G:0 B:0
  1092 : 000000000000 ; -- R:0 G:0 B:0
  1093 : 000000000000 ; -- R:0 G:0 B:0
  1094 : 000000000000 ; -- R:0 G:0 B:0
  1095 : 000000000000 ; -- R:0 G:0 B:0
  1096 : 000000000000 ; -- R:0 G:0 B:0
  1097 : 000000000000 ; -- R:0 G:0 B:0
  1098 : 000000000000 ; -- R:0 G:0 B:0
  1099 : 000000000000 ; -- R:0 G:0 B:0
  1100 : 000000000000 ; -- R:0 G:0 B:0
  1101 : 000000000000 ; -- R:0 G:0 B:0
  1102 : 000000000000 ; -- R:0 G:0 B:0
  1103 : 000000000000 ; -- R:0 G:0 B:0
  1104 : 000000000000 ; -- R:0 G:0 B:0
  1105 : 000000000000 ; -- R:0 G:0 B:0
  1106 : 000000000000 ; -- R:0 G:0 B:0
  1107 : 000000000000 ; -- R:0 G:0 B:0
  1108 : 000000000000 ; -- R:0 G:0 B:0
  1109 : 000000000000 ; -- R:0 G:0 B:0
  1110 : 000000000000 ; -- R:0 G:0 B:0
  1111 : 000000000000 ; -- R:0 G:0 B:0
  1112 : 000000000000 ; -- R:0 G:0 B:0
  1113 : 000000000000 ; -- R:0 G:0 B:0
  1114 : 000000000000 ; -- R:0 G:0 B:0
  1115 : 000000000000 ; -- R:0 G:0 B:0
  1116 : 000000000000 ; -- R:0 G:0 B:0
  1117 : 000000000000 ; -- R:0 G:0 B:0
  1118 : 000000000000 ; -- R:0 G:0 B:0
  1119 : 000000000000 ; -- R:0 G:0 B:0
  1120 : 000000000000 ; -- R:0 G:0 B:0
  1121 : 000000000000 ; -- R:0 G:0 B:0
  1122 : 000000000000 ; -- R:0 G:0 B:0
  1123 : 000000000000 ; -- R:0 G:0 B:0
  1124 : 000000000000 ; -- R:0 G:0 B:0
  1125 : 000000000000 ; -- R:0 G:0 B:0
  1126 : 000000000000 ; -- R:0 G:0 B:0
  1127 : 000000000000 ; -- R:0 G:0 B:0
  1128 : 000000000000 ; -- R:0 G:0 B:0
  1129 : 000000000000 ; -- R:0 G:0 B:0
  1130 : 000000000000 ; -- R:0 G:0 B:0
  1131 : 000000000000 ; -- R:0 G:0 B:0
  1132 : 000000000000 ; -- R:0 G:0 B:0
  1133 : 000000000000 ; -- R:0 G:0 B:0
  1134 : 000000000000 ; -- R:0 G:0 B:0
  1135 : 000000000000 ; -- R:0 G:0 B:0
  1136 : 000000000000 ; -- R:0 G:0 B:0
  1137 : 000000000000 ; -- R:0 G:0 B:0
  1138 : 000000000000 ; -- R:0 G:0 B:0
  1139 : 000000000000 ; -- R:0 G:0 B:0
  1140 : 000000000000 ; -- R:0 G:0 B:0
  1141 : 000000000000 ; -- R:0 G:0 B:0
  1142 : 000000000000 ; -- R:0 G:0 B:0
  1143 : 000000000000 ; -- R:0 G:0 B:0
  1144 : 000000000000 ; -- R:0 G:0 B:0
  1145 : 000000000000 ; -- R:0 G:0 B:0
  1146 : 000000000000 ; -- R:0 G:0 B:0
  1147 : 000000000000 ; -- R:0 G:0 B:0
  1148 : 000000000000 ; -- R:0 G:0 B:0
  1149 : 000000000000 ; -- R:0 G:0 B:0
  1150 : 000000000000 ; -- R:0 G:0 B:0
  1151 : 000000000000 ; -- R:0 G:0 B:0
  1152 : 000000000000 ; -- R:0 G:0 B:0
  1153 : 000000000000 ; -- R:0 G:0 B:0
  1154 : 000000000000 ; -- R:0 G:0 B:0
  1155 : 000000000000 ; -- R:0 G:0 B:0
  1156 : 000000000000 ; -- R:0 G:0 B:0
  1157 : 000000000000 ; -- R:0 G:0 B:0
  1158 : 000000000000 ; -- R:0 G:0 B:0
  1159 : 000000000000 ; -- R:0 G:0 B:0
  1160 : 000000000000 ; -- R:0 G:0 B:0
  1161 : 000000000000 ; -- R:0 G:0 B:0
  1162 : 000000000000 ; -- R:0 G:0 B:0
  1163 : 000000000000 ; -- R:0 G:0 B:0
  1164 : 000000000000 ; -- R:0 G:0 B:0
  1165 : 000000000000 ; -- R:0 G:0 B:0
  1166 : 000000000000 ; -- R:0 G:0 B:0
  1167 : 000000000000 ; -- R:0 G:0 B:0
  1168 : 000000000000 ; -- R:0 G:0 B:0
  1169 : 000000000000 ; -- R:0 G:0 B:0
  1170 : 000000000000 ; -- R:0 G:0 B:0
  1171 : 000000000000 ; -- R:0 G:0 B:0
  1172 : 000000000000 ; -- R:0 G:0 B:0
  1173 : 000000000000 ; -- R:0 G:0 B:0
  1174 : 000000000000 ; -- R:0 G:0 B:0
  1175 : 000000000000 ; -- R:0 G:0 B:0
  1176 : 000000000000 ; -- R:0 G:0 B:0
  1177 : 000000000000 ; -- R:0 G:0 B:0
  1178 : 000000000000 ; -- R:0 G:0 B:0
  1179 : 000000000000 ; -- R:0 G:0 B:0
  1180 : 000000000000 ; -- R:0 G:0 B:0
  1181 : 000000000000 ; -- R:0 G:0 B:0
  1182 : 000000000000 ; -- R:0 G:0 B:0
  1183 : 000000000000 ; -- R:0 G:0 B:0
  1184 : 000000000000 ; -- R:0 G:0 B:0
  1185 : 000000000000 ; -- R:0 G:0 B:0
  1186 : 000000000000 ; -- R:0 G:0 B:0
  1187 : 000000000000 ; -- R:0 G:0 B:0
  1188 : 000000000000 ; -- R:0 G:0 B:0
  1189 : 000000000000 ; -- R:0 G:0 B:0
  1190 : 000000000000 ; -- R:0 G:0 B:0
  1191 : 000000000000 ; -- R:0 G:0 B:0
  1192 : 000000000000 ; -- R:0 G:0 B:0
  1193 : 000000000000 ; -- R:0 G:0 B:0
  1194 : 000000000000 ; -- R:0 G:0 B:0
  1195 : 000000000000 ; -- R:0 G:0 B:0
  1196 : 000000000000 ; -- R:0 G:0 B:0
  1197 : 000000000000 ; -- R:0 G:0 B:0
  1198 : 000000000000 ; -- R:0 G:0 B:0
  1199 : 000000000000 ; -- R:0 G:0 B:0
  1200 : 000000000000 ; -- R:0 G:0 B:0
  1201 : 000000000000 ; -- R:0 G:0 B:0
  1202 : 000000000000 ; -- R:0 G:0 B:0
  1203 : 000000000000 ; -- R:0 G:0 B:0
  1204 : 000000000000 ; -- R:0 G:0 B:0
  1205 : 000000000000 ; -- R:0 G:0 B:0
  1206 : 000000000000 ; -- R:0 G:0 B:0
  1207 : 000000000000 ; -- R:0 G:0 B:0
  1208 : 000000000000 ; -- R:0 G:0 B:0
  1209 : 000000000000 ; -- R:0 G:0 B:0
  1210 : 000000000000 ; -- R:0 G:0 B:0
  1211 : 000000000000 ; -- R:0 G:0 B:0
  1212 : 000000000000 ; -- R:0 G:0 B:0
  1213 : 000000000000 ; -- R:0 G:0 B:0
  1214 : 000000000000 ; -- R:0 G:0 B:0
  1215 : 000000000000 ; -- R:0 G:0 B:0
  1216 : 000000000000 ; -- R:0 G:0 B:0
  1217 : 000000000000 ; -- R:0 G:0 B:0
  1218 : 000000000000 ; -- R:0 G:0 B:0
  1219 : 000000000000 ; -- R:0 G:0 B:0
  1220 : 000000000000 ; -- R:0 G:0 B:0
  1221 : 000000000000 ; -- R:0 G:0 B:0
  1222 : 000000000000 ; -- R:0 G:0 B:0
  1223 : 000000000000 ; -- R:0 G:0 B:0
  1224 : 000000000000 ; -- R:0 G:0 B:0
  1225 : 000000000000 ; -- R:0 G:0 B:0
  1226 : 000000000000 ; -- R:0 G:0 B:0
  1227 : 000000000000 ; -- R:0 G:0 B:0
  1228 : 000000000000 ; -- R:0 G:0 B:0
  1229 : 000000000000 ; -- R:0 G:0 B:0
  1230 : 000000000000 ; -- R:0 G:0 B:0
  1231 : 000000000000 ; -- R:0 G:0 B:0
  1232 : 000000000000 ; -- R:0 G:0 B:0
  1233 : 000000000000 ; -- R:0 G:0 B:0
  1234 : 000000000000 ; -- R:0 G:0 B:0
  1235 : 000000000000 ; -- R:0 G:0 B:0
  1236 : 000000000000 ; -- R:0 G:0 B:0
  1237 : 000000000000 ; -- R:0 G:0 B:0
  1238 : 000000000000 ; -- R:0 G:0 B:0
  1239 : 000000000000 ; -- R:0 G:0 B:0
  1240 : 000000000000 ; -- R:0 G:0 B:0
  1241 : 000000000000 ; -- R:0 G:0 B:0
  1242 : 000000000000 ; -- R:0 G:0 B:0
  1243 : 000000000000 ; -- R:0 G:0 B:0
  1244 : 000000000000 ; -- R:0 G:0 B:0
  1245 : 000000000000 ; -- R:0 G:0 B:0
  1246 : 000000000000 ; -- R:0 G:0 B:0
  1247 : 000000000000 ; -- R:0 G:0 B:0
  1248 : 000000000000 ; -- R:0 G:0 B:0
  1249 : 000000000000 ; -- R:0 G:0 B:0
  1250 : 000000000000 ; -- R:0 G:0 B:0
  1251 : 000000000000 ; -- R:0 G:0 B:0
  1252 : 000000000000 ; -- R:0 G:0 B:0
  1253 : 000000000000 ; -- R:0 G:0 B:0
  1254 : 000000000000 ; -- R:0 G:0 B:0
  1255 : 000000000000 ; -- R:0 G:0 B:0
  1256 : 000000000000 ; -- R:0 G:0 B:0
  1257 : 000000000000 ; -- R:0 G:0 B:0
  1258 : 000000000000 ; -- R:0 G:0 B:0
  1259 : 000000000000 ; -- R:0 G:0 B:0
  1260 : 000000000000 ; -- R:0 G:0 B:0
  1261 : 000000000000 ; -- R:0 G:0 B:0
  1262 : 000000000000 ; -- R:0 G:0 B:0
  1263 : 000000000000 ; -- R:0 G:0 B:0
  1264 : 000000000000 ; -- R:0 G:0 B:0
  1265 : 000000000000 ; -- R:0 G:0 B:0
  1266 : 000000000000 ; -- R:0 G:0 B:0
  1267 : 000000000000 ; -- R:0 G:0 B:0
  1268 : 000000000000 ; -- R:0 G:0 B:0
  1269 : 000000000000 ; -- R:0 G:0 B:0
  1270 : 000000000000 ; -- R:0 G:0 B:0
  1271 : 000000000000 ; -- R:0 G:0 B:0
  1272 : 000000000000 ; -- R:0 G:0 B:0
  1273 : 000000000000 ; -- R:0 G:0 B:0
  1274 : 000000000000 ; -- R:0 G:0 B:0
  1275 : 000000000000 ; -- R:0 G:0 B:0
  1276 : 000000000000 ; -- R:0 G:0 B:0
  1277 : 000000000000 ; -- R:0 G:0 B:0
  1278 : 000000000000 ; -- R:0 G:0 B:0
  1279 : 000000000000 ; -- R:0 G:0 B:0
  1280 : 000000000000 ; -- R:0 G:0 B:0
  1281 : 000000000000 ; -- R:0 G:0 B:0
  1282 : 000000000000 ; -- R:0 G:0 B:0
  1283 : 000000000000 ; -- R:0 G:0 B:0
  1284 : 000000000000 ; -- R:0 G:0 B:0
  1285 : 000000000000 ; -- R:0 G:0 B:0
  1286 : 000000000000 ; -- R:0 G:0 B:0
  1287 : 000000000000 ; -- R:0 G:0 B:0
  1288 : 000000000000 ; -- R:0 G:0 B:0
  1289 : 000000000000 ; -- R:0 G:0 B:0
  1290 : 000000000000 ; -- R:0 G:0 B:0
  1291 : 000000000000 ; -- R:0 G:0 B:0
  1292 : 000000000000 ; -- R:0 G:0 B:0
  1293 : 000000000000 ; -- R:0 G:0 B:0
  1294 : 000000000000 ; -- R:0 G:0 B:0
  1295 : 000000000000 ; -- R:0 G:0 B:0
  1296 : 000000000000 ; -- R:0 G:0 B:0
  1297 : 000000000000 ; -- R:0 G:0 B:0
  1298 : 000000000000 ; -- R:0 G:0 B:0
  1299 : 000000000000 ; -- R:0 G:0 B:0
  1300 : 000000000000 ; -- R:0 G:0 B:0
  1301 : 000000000000 ; -- R:0 G:0 B:0
  1302 : 000000000000 ; -- R:0 G:0 B:0
  1303 : 000000000000 ; -- R:0 G:0 B:0
  1304 : 000000000000 ; -- R:0 G:0 B:0
  1305 : 000000000000 ; -- R:0 G:0 B:0
  1306 : 000000000000 ; -- R:0 G:0 B:0
  1307 : 000000000000 ; -- R:0 G:0 B:0
  1308 : 000000000000 ; -- R:0 G:0 B:0
  1309 : 000000000000 ; -- R:0 G:0 B:0
  1310 : 000000000000 ; -- R:0 G:0 B:0
  1311 : 000000000000 ; -- R:0 G:0 B:0
  1312 : 000000000000 ; -- R:0 G:0 B:0
  1313 : 000000000000 ; -- R:0 G:0 B:0
  1314 : 000000000000 ; -- R:0 G:0 B:0
  1315 : 000000000000 ; -- R:0 G:0 B:0
  1316 : 000000000000 ; -- R:0 G:0 B:0
  1317 : 000000000000 ; -- R:0 G:0 B:0
  1318 : 000000000000 ; -- R:0 G:0 B:0
  1319 : 000000000000 ; -- R:0 G:0 B:0
  1320 : 000000000000 ; -- R:0 G:0 B:0
  1321 : 000000000000 ; -- R:0 G:0 B:0
  1322 : 000000000000 ; -- R:0 G:0 B:0
  1323 : 000000000000 ; -- R:0 G:0 B:0
  1324 : 000000000000 ; -- R:0 G:0 B:0
  1325 : 000000000000 ; -- R:0 G:0 B:0
  1326 : 000000000000 ; -- R:0 G:0 B:0
  1327 : 000000000000 ; -- R:0 G:0 B:0
  1328 : 000000000000 ; -- R:0 G:0 B:0
  1329 : 000000000000 ; -- R:0 G:0 B:0
  1330 : 000000000000 ; -- R:0 G:0 B:0
  1331 : 000000000000 ; -- R:0 G:0 B:0
  1332 : 000000000000 ; -- R:0 G:0 B:0
  1333 : 000000000000 ; -- R:0 G:0 B:0
  1334 : 000000000000 ; -- R:0 G:0 B:0
  1335 : 000000000000 ; -- R:0 G:0 B:0
  1336 : 000000000000 ; -- R:0 G:0 B:0
  1337 : 000000000000 ; -- R:0 G:0 B:0
  1338 : 000000000000 ; -- R:0 G:0 B:0
  1339 : 000000000000 ; -- R:0 G:0 B:0
  1340 : 000000000000 ; -- R:0 G:0 B:0
  1341 : 000000000000 ; -- R:0 G:0 B:0
  1342 : 000000000000 ; -- R:0 G:0 B:0
  1343 : 000000000000 ; -- R:0 G:0 B:0
  1344 : 000000000000 ; -- R:0 G:0 B:0
  1345 : 000000000000 ; -- R:0 G:0 B:0
  1346 : 000000000000 ; -- R:0 G:0 B:0
  1347 : 000000000000 ; -- R:0 G:0 B:0
  1348 : 000000000000 ; -- R:0 G:0 B:0
  1349 : 000000000000 ; -- R:0 G:0 B:0
  1350 : 000000000000 ; -- R:0 G:0 B:0
  1351 : 000000000000 ; -- R:0 G:0 B:0
  1352 : 000000000000 ; -- R:0 G:0 B:0
  1353 : 000000000000 ; -- R:0 G:0 B:0
  1354 : 000000000000 ; -- R:0 G:0 B:0
  1355 : 000000000000 ; -- R:0 G:0 B:0
  1356 : 000000000000 ; -- R:0 G:0 B:0
  1357 : 000000000000 ; -- R:0 G:0 B:0
  1358 : 000000000000 ; -- R:0 G:0 B:0
  1359 : 000000000000 ; -- R:0 G:0 B:0
  1360 : 000000000000 ; -- R:0 G:0 B:0
  1361 : 000000000000 ; -- R:0 G:0 B:0
  1362 : 000000000000 ; -- R:0 G:0 B:0
  1363 : 000000000000 ; -- R:0 G:0 B:0
  1364 : 000000000000 ; -- R:0 G:0 B:0
  1365 : 000000000000 ; -- R:0 G:0 B:0
  1366 : 000000000000 ; -- R:0 G:0 B:0
  1367 : 000000000000 ; -- R:0 G:0 B:0
  1368 : 000000000000 ; -- R:0 G:0 B:0
  1369 : 000000000000 ; -- R:0 G:0 B:0
  1370 : 000000000000 ; -- R:0 G:0 B:0
  1371 : 000000000000 ; -- R:0 G:0 B:0
  1372 : 000000000000 ; -- R:0 G:0 B:0
  1373 : 000000000000 ; -- R:0 G:0 B:0
  1374 : 000000000000 ; -- R:0 G:0 B:0
  1375 : 000000000000 ; -- R:0 G:0 B:0
  1376 : 000000000000 ; -- R:0 G:0 B:0
  1377 : 000000000000 ; -- R:0 G:0 B:0
  1378 : 000000000000 ; -- R:0 G:0 B:0
  1379 : 000000000000 ; -- R:0 G:0 B:0
  1380 : 000000000000 ; -- R:0 G:0 B:0
  1381 : 000000000000 ; -- R:0 G:0 B:0
  1382 : 000000000000 ; -- R:0 G:0 B:0
  1383 : 000000000000 ; -- R:0 G:0 B:0
  1384 : 000000000000 ; -- R:0 G:0 B:0
  1385 : 000000000000 ; -- R:0 G:0 B:0
  1386 : 000000000000 ; -- R:0 G:0 B:0
  1387 : 000000000000 ; -- R:0 G:0 B:0
  1388 : 000000000000 ; -- R:0 G:0 B:0
  1389 : 000000000000 ; -- R:0 G:0 B:0
  1390 : 000000000000 ; -- R:0 G:0 B:0
  1391 : 000000000000 ; -- R:0 G:0 B:0
  1392 : 000000000000 ; -- R:0 G:0 B:0
  1393 : 000000000000 ; -- R:0 G:0 B:0
  1394 : 000000000000 ; -- R:0 G:0 B:0
  1395 : 000000000000 ; -- R:0 G:0 B:0
  1396 : 000000000000 ; -- R:0 G:0 B:0
  1397 : 000000000000 ; -- R:0 G:0 B:0
  1398 : 000000000000 ; -- R:0 G:0 B:0
  1399 : 000000000000 ; -- R:0 G:0 B:0
  1400 : 000000000000 ; -- R:0 G:0 B:0
  1401 : 000000000000 ; -- R:0 G:0 B:0
  1402 : 000000000000 ; -- R:0 G:0 B:0
  1403 : 000000000000 ; -- R:0 G:0 B:0
  1404 : 000000000000 ; -- R:0 G:0 B:0
  1405 : 000000000000 ; -- R:0 G:0 B:0
  1406 : 000000000000 ; -- R:0 G:0 B:0
  1407 : 000000000000 ; -- R:0 G:0 B:0
  1408 : 000000000000 ; -- R:0 G:0 B:0
  1409 : 000000000000 ; -- R:0 G:0 B:0
  1410 : 000000000000 ; -- R:0 G:0 B:0
  1411 : 000000000000 ; -- R:0 G:0 B:0
  1412 : 000000000000 ; -- R:0 G:0 B:0
  1413 : 000000000000 ; -- R:0 G:0 B:0
  1414 : 000000000000 ; -- R:0 G:0 B:0
  1415 : 000000000000 ; -- R:0 G:0 B:0
  1416 : 000000000000 ; -- R:0 G:0 B:0
  1417 : 000000000000 ; -- R:0 G:0 B:0
  1418 : 000000000000 ; -- R:0 G:0 B:0
  1419 : 000000000000 ; -- R:0 G:0 B:0
  1420 : 000000000000 ; -- R:0 G:0 B:0
  1421 : 000000000000 ; -- R:0 G:0 B:0
  1422 : 000000000000 ; -- R:0 G:0 B:0
  1423 : 000000000000 ; -- R:0 G:0 B:0
  1424 : 000000000000 ; -- R:0 G:0 B:0
  1425 : 000000000000 ; -- R:0 G:0 B:0
  1426 : 000000000000 ; -- R:0 G:0 B:0
  1427 : 000000000000 ; -- R:0 G:0 B:0
  1428 : 000000000000 ; -- R:0 G:0 B:0
  1429 : 000000000000 ; -- R:0 G:0 B:0
  1430 : 000000000000 ; -- R:0 G:0 B:0
  1431 : 000000000000 ; -- R:0 G:0 B:0
  1432 : 000000000000 ; -- R:0 G:0 B:0
  1433 : 000000000000 ; -- R:0 G:0 B:0
  1434 : 000000000000 ; -- R:0 G:0 B:0
  1435 : 000000000000 ; -- R:0 G:0 B:0
  1436 : 000000000000 ; -- R:0 G:0 B:0
  1437 : 000000000000 ; -- R:0 G:0 B:0
  1438 : 000000000000 ; -- R:0 G:0 B:0
  1439 : 000000000000 ; -- R:0 G:0 B:0
  1440 : 000000000000 ; -- R:0 G:0 B:0
  1441 : 000000000000 ; -- R:0 G:0 B:0
  1442 : 000000000000 ; -- R:0 G:0 B:0
  1443 : 000000000000 ; -- R:0 G:0 B:0
  1444 : 000000000000 ; -- R:0 G:0 B:0
  1445 : 000000000000 ; -- R:0 G:0 B:0
  1446 : 000000000000 ; -- R:0 G:0 B:0
  1447 : 000000000000 ; -- R:0 G:0 B:0
  1448 : 000000000000 ; -- R:0 G:0 B:0
  1449 : 000000000000 ; -- R:0 G:0 B:0
  1450 : 000000000000 ; -- R:0 G:0 B:0
  1451 : 000000000000 ; -- R:0 G:0 B:0
  1452 : 000000000000 ; -- R:0 G:0 B:0
  1453 : 000000000000 ; -- R:0 G:0 B:0
  1454 : 000000000000 ; -- R:0 G:0 B:0
  1455 : 000000000000 ; -- R:0 G:0 B:0
  1456 : 000000000000 ; -- R:0 G:0 B:0
  1457 : 000000000000 ; -- R:0 G:0 B:0
  1458 : 000000000000 ; -- R:0 G:0 B:0
  1459 : 000000000000 ; -- R:0 G:0 B:0
  1460 : 000000000000 ; -- R:0 G:0 B:0
  1461 : 000000000000 ; -- R:0 G:0 B:0
  1462 : 000000000000 ; -- R:0 G:0 B:0
  1463 : 000000000000 ; -- R:0 G:0 B:0
  1464 : 000000000000 ; -- R:0 G:0 B:0
  1465 : 000000000000 ; -- R:0 G:0 B:0
  1466 : 000000000000 ; -- R:0 G:0 B:0
  1467 : 000000000000 ; -- R:0 G:0 B:0
  1468 : 000000000000 ; -- R:0 G:0 B:0
  1469 : 000000000000 ; -- R:0 G:0 B:0
  1470 : 000000000000 ; -- R:0 G:0 B:0
  1471 : 000000000000 ; -- R:0 G:0 B:0
  1472 : 000000000000 ; -- R:0 G:0 B:0
  1473 : 000000000000 ; -- R:0 G:0 B:0
  1474 : 000000000000 ; -- R:0 G:0 B:0
  1475 : 000000000000 ; -- R:0 G:0 B:0
  1476 : 000000000000 ; -- R:0 G:0 B:0
  1477 : 000000000000 ; -- R:0 G:0 B:0
  1478 : 000000000000 ; -- R:0 G:0 B:0
  1479 : 000000000000 ; -- R:0 G:0 B:0
  1480 : 000000000000 ; -- R:0 G:0 B:0
  1481 : 000000000000 ; -- R:0 G:0 B:0
  1482 : 000000000000 ; -- R:0 G:0 B:0
  1483 : 000000000000 ; -- R:0 G:0 B:0
  1484 : 000000000000 ; -- R:0 G:0 B:0
  1485 : 000000000000 ; -- R:0 G:0 B:0
  1486 : 000000000000 ; -- R:0 G:0 B:0
  1487 : 000000000000 ; -- R:0 G:0 B:0
  1488 : 000000000000 ; -- R:0 G:0 B:0
  1489 : 000000000000 ; -- R:0 G:0 B:0
  1490 : 000000000000 ; -- R:0 G:0 B:0
  1491 : 000000000000 ; -- R:0 G:0 B:0
  1492 : 000000000000 ; -- R:0 G:0 B:0
  1493 : 000000000000 ; -- R:0 G:0 B:0
  1494 : 000000000000 ; -- R:0 G:0 B:0
  1495 : 000000000000 ; -- R:0 G:0 B:0
  1496 : 000000000000 ; -- R:0 G:0 B:0
  1497 : 000000000000 ; -- R:0 G:0 B:0
  1498 : 000000000000 ; -- R:0 G:0 B:0
  1499 : 000000000000 ; -- R:0 G:0 B:0
  1500 : 000000000000 ; -- R:0 G:0 B:0
  1501 : 000000000000 ; -- R:0 G:0 B:0
  1502 : 000000000000 ; -- R:0 G:0 B:0
  1503 : 000000000000 ; -- R:0 G:0 B:0
  1504 : 000000000000 ; -- R:0 G:0 B:0
  1505 : 000000000000 ; -- R:0 G:0 B:0
  1506 : 000000000000 ; -- R:0 G:0 B:0
  1507 : 000000000000 ; -- R:0 G:0 B:0
  1508 : 000000000000 ; -- R:0 G:0 B:0
  1509 : 000000000000 ; -- R:0 G:0 B:0
  1510 : 000000000000 ; -- R:0 G:0 B:0
  1511 : 000000000000 ; -- R:0 G:0 B:0
  1512 : 000000000000 ; -- R:0 G:0 B:0
  1513 : 000000000000 ; -- R:0 G:0 B:0
  1514 : 000000000000 ; -- R:0 G:0 B:0
  1515 : 000000000000 ; -- R:0 G:0 B:0
  1516 : 000000000000 ; -- R:0 G:0 B:0
  1517 : 000000000000 ; -- R:0 G:0 B:0
  1518 : 000000000000 ; -- R:0 G:0 B:0
  1519 : 000000000000 ; -- R:0 G:0 B:0
  1520 : 000000000000 ; -- R:0 G:0 B:0
  1521 : 000000000000 ; -- R:0 G:0 B:0
  1522 : 000000000000 ; -- R:0 G:0 B:0
  1523 : 000000000000 ; -- R:0 G:0 B:0
  1524 : 000000000000 ; -- R:0 G:0 B:0
  1525 : 000000000000 ; -- R:0 G:0 B:0
  1526 : 000000000000 ; -- R:0 G:0 B:0
  1527 : 000000000000 ; -- R:0 G:0 B:0
  1528 : 000000000000 ; -- R:0 G:0 B:0
  1529 : 000000000000 ; -- R:0 G:0 B:0
  1530 : 000000000000 ; -- R:0 G:0 B:0
  1531 : 000000000000 ; -- R:0 G:0 B:0
  1532 : 000000000000 ; -- R:0 G:0 B:0
  1533 : 000000000000 ; -- R:0 G:0 B:0
  1534 : 000000000000 ; -- R:0 G:0 B:0
  1535 : 000000000000 ; -- R:0 G:0 B:0
  1536 : 000000000000 ; -- R:0 G:0 B:0
  1537 : 000000000000 ; -- R:0 G:0 B:0
  1538 : 000000000000 ; -- R:0 G:0 B:0
  1539 : 000000000000 ; -- R:0 G:0 B:0
  1540 : 000000000000 ; -- R:0 G:0 B:0
  1541 : 000000000000 ; -- R:0 G:0 B:0
  1542 : 000000000000 ; -- R:0 G:0 B:0
  1543 : 000000000000 ; -- R:0 G:0 B:0
  1544 : 000000000000 ; -- R:0 G:0 B:0
  1545 : 000000000000 ; -- R:0 G:0 B:0
  1546 : 000000000000 ; -- R:0 G:0 B:0
  1547 : 000000000000 ; -- R:0 G:0 B:0
  1548 : 000000000000 ; -- R:0 G:0 B:0
  1549 : 000000000000 ; -- R:0 G:0 B:0
  1550 : 000000000000 ; -- R:0 G:0 B:0
  1551 : 000000000000 ; -- R:0 G:0 B:0
  1552 : 000000000000 ; -- R:0 G:0 B:0
  1553 : 000000000000 ; -- R:0 G:0 B:0
  1554 : 000000000000 ; -- R:0 G:0 B:0
  1555 : 000000000000 ; -- R:0 G:0 B:0
  1556 : 000000000000 ; -- R:0 G:0 B:0
  1557 : 000000000000 ; -- R:0 G:0 B:0
  1558 : 000000000000 ; -- R:0 G:0 B:0
  1559 : 000000000000 ; -- R:0 G:0 B:0
  1560 : 000000000000 ; -- R:0 G:0 B:0
  1561 : 000000000000 ; -- R:0 G:0 B:0
  1562 : 000000000000 ; -- R:0 G:0 B:0
  1563 : 000000000000 ; -- R:0 G:0 B:0
  1564 : 000000000000 ; -- R:0 G:0 B:0
  1565 : 000000000000 ; -- R:0 G:0 B:0
  1566 : 000000000000 ; -- R:0 G:0 B:0
  1567 : 000000000000 ; -- R:0 G:0 B:0
  1568 : 000000000000 ; -- R:0 G:0 B:0
  1569 : 000000000000 ; -- R:0 G:0 B:0
  1570 : 000000000000 ; -- R:0 G:0 B:0
  1571 : 000000000000 ; -- R:0 G:0 B:0
  1572 : 000000000000 ; -- R:0 G:0 B:0
  1573 : 000000000000 ; -- R:0 G:0 B:0
  1574 : 000000000000 ; -- R:0 G:0 B:0
  1575 : 000000000000 ; -- R:0 G:0 B:0
  1576 : 000000000000 ; -- R:0 G:0 B:0
  1577 : 000000000000 ; -- R:0 G:0 B:0
  1578 : 000000000000 ; -- R:0 G:0 B:0
  1579 : 000000000000 ; -- R:0 G:0 B:0
  1580 : 000000000000 ; -- R:0 G:0 B:0
  1581 : 000000000000 ; -- R:0 G:0 B:0
  1582 : 000000000000 ; -- R:0 G:0 B:0
  1583 : 000000000000 ; -- R:0 G:0 B:0
  1584 : 000000000000 ; -- R:0 G:0 B:0
  1585 : 000000000000 ; -- R:0 G:0 B:0
  1586 : 000000000000 ; -- R:0 G:0 B:0
  1587 : 000000000000 ; -- R:0 G:0 B:0
  1588 : 000000000000 ; -- R:0 G:0 B:0
  1589 : 000000000000 ; -- R:0 G:0 B:0
  1590 : 000000000000 ; -- R:0 G:0 B:0
  1591 : 000000000000 ; -- R:0 G:0 B:0
  1592 : 000000000000 ; -- R:0 G:0 B:0
  1593 : 000000000000 ; -- R:0 G:0 B:0
  1594 : 000000000000 ; -- R:0 G:0 B:0
  1595 : 000000000000 ; -- R:0 G:0 B:0
  1596 : 000000000000 ; -- R:0 G:0 B:0
  1597 : 000000000000 ; -- R:0 G:0 B:0
  1598 : 000000000000 ; -- R:0 G:0 B:0
  1599 : 000000000000 ; -- R:0 G:0 B:0
  1600 : 000000000000 ; -- R:0 G:0 B:0
  1601 : 000000000000 ; -- R:0 G:0 B:0
  1602 : 000000000000 ; -- R:0 G:0 B:0
  1603 : 000000000000 ; -- R:0 G:0 B:0
  1604 : 000000000000 ; -- R:0 G:0 B:0
  1605 : 000000000000 ; -- R:0 G:0 B:0
  1606 : 000000000000 ; -- R:0 G:0 B:0
  1607 : 000000000000 ; -- R:0 G:0 B:0
  1608 : 000000000000 ; -- R:0 G:0 B:0
  1609 : 000000000000 ; -- R:0 G:0 B:0
  1610 : 000000000000 ; -- R:0 G:0 B:0
  1611 : 000000000000 ; -- R:0 G:0 B:0
  1612 : 000000000000 ; -- R:0 G:0 B:0
  1613 : 000000000000 ; -- R:0 G:0 B:0
  1614 : 000000000000 ; -- R:0 G:0 B:0
  1615 : 000000000000 ; -- R:0 G:0 B:0
  1616 : 000000000000 ; -- R:0 G:0 B:0
  1617 : 000000000000 ; -- R:0 G:0 B:0
  1618 : 000000000000 ; -- R:0 G:0 B:0
  1619 : 000000000000 ; -- R:0 G:0 B:0
  1620 : 000000000000 ; -- R:0 G:0 B:0
  1621 : 000000000000 ; -- R:0 G:0 B:0
  1622 : 000000000000 ; -- R:0 G:0 B:0
  1623 : 000000000000 ; -- R:0 G:0 B:0
  1624 : 000000000000 ; -- R:0 G:0 B:0
  1625 : 000000000000 ; -- R:0 G:0 B:0
  1626 : 000000000000 ; -- R:0 G:0 B:0
  1627 : 000000000000 ; -- R:0 G:0 B:0
  1628 : 000000000000 ; -- R:0 G:0 B:0
  1629 : 000000000000 ; -- R:0 G:0 B:0
  1630 : 000000000000 ; -- R:0 G:0 B:0
  1631 : 000000000000 ; -- R:0 G:0 B:0
  1632 : 000000000000 ; -- R:0 G:0 B:0
  1633 : 000000000000 ; -- R:0 G:0 B:0
  1634 : 000000000000 ; -- R:0 G:0 B:0
  1635 : 000000000000 ; -- R:0 G:0 B:0
  1636 : 000000000000 ; -- R:0 G:0 B:0
  1637 : 000000000000 ; -- R:0 G:0 B:0
  1638 : 000000000000 ; -- R:0 G:0 B:0
  1639 : 000000000000 ; -- R:0 G:0 B:0
  1640 : 000000000000 ; -- R:0 G:0 B:0
  1641 : 000000000000 ; -- R:0 G:0 B:0
  1642 : 000000000000 ; -- R:0 G:0 B:0
  1643 : 000000000000 ; -- R:0 G:0 B:0
  1644 : 000000000000 ; -- R:0 G:0 B:0
  1645 : 000000000000 ; -- R:0 G:0 B:0
  1646 : 000000000000 ; -- R:0 G:0 B:0
  1647 : 000000000000 ; -- R:0 G:0 B:0
  1648 : 000000000000 ; -- R:0 G:0 B:0
  1649 : 000000000000 ; -- R:0 G:0 B:0
  1650 : 000000000000 ; -- R:0 G:0 B:0
  1651 : 000000000000 ; -- R:0 G:0 B:0
  1652 : 000000000000 ; -- R:0 G:0 B:0
  1653 : 000000000000 ; -- R:0 G:0 B:0
  1654 : 000000000000 ; -- R:0 G:0 B:0
  1655 : 000000000000 ; -- R:0 G:0 B:0
  1656 : 000000000000 ; -- R:0 G:0 B:0
  1657 : 000000000000 ; -- R:0 G:0 B:0
  1658 : 000000000000 ; -- R:0 G:0 B:0
  1659 : 000000000000 ; -- R:0 G:0 B:0
  1660 : 000000000000 ; -- R:0 G:0 B:0
  1661 : 000000000000 ; -- R:0 G:0 B:0
  1662 : 000000000000 ; -- R:0 G:0 B:0
  1663 : 000000000000 ; -- R:0 G:0 B:0
  1664 : 000000000000 ; -- R:0 G:0 B:0
  1665 : 000000000000 ; -- R:0 G:0 B:0
  1666 : 000000000000 ; -- R:0 G:0 B:0
  1667 : 000000000000 ; -- R:0 G:0 B:0
  1668 : 000000000000 ; -- R:0 G:0 B:0
  1669 : 000000000000 ; -- R:0 G:0 B:0
  1670 : 000000000000 ; -- R:0 G:0 B:0
  1671 : 000000000000 ; -- R:0 G:0 B:0
  1672 : 000000000000 ; -- R:0 G:0 B:0
  1673 : 000000000000 ; -- R:0 G:0 B:0
  1674 : 000000000000 ; -- R:0 G:0 B:0
  1675 : 000000000000 ; -- R:0 G:0 B:0
  1676 : 000000000000 ; -- R:0 G:0 B:0
  1677 : 000000000000 ; -- R:0 G:0 B:0
  1678 : 000000000000 ; -- R:0 G:0 B:0
  1679 : 000000000000 ; -- R:0 G:0 B:0
  1680 : 000000000000 ; -- R:0 G:0 B:0
  1681 : 000000000000 ; -- R:0 G:0 B:0
  1682 : 000000000000 ; -- R:0 G:0 B:0
  1683 : 000000000000 ; -- R:0 G:0 B:0
  1684 : 000000000000 ; -- R:0 G:0 B:0
  1685 : 000000000000 ; -- R:0 G:0 B:0
  1686 : 000000000000 ; -- R:0 G:0 B:0
  1687 : 000000000000 ; -- R:0 G:0 B:0
  1688 : 000000000000 ; -- R:0 G:0 B:0
  1689 : 000000000000 ; -- R:0 G:0 B:0
  1690 : 000000000000 ; -- R:0 G:0 B:0
  1691 : 000000000000 ; -- R:0 G:0 B:0
  1692 : 000000000000 ; -- R:0 G:0 B:0
  1693 : 000000000000 ; -- R:0 G:0 B:0
  1694 : 000000000000 ; -- R:0 G:0 B:0
  1695 : 000000000000 ; -- R:0 G:0 B:0
  1696 : 000000000000 ; -- R:0 G:0 B:0
  1697 : 000000000000 ; -- R:0 G:0 B:0
  1698 : 000000000000 ; -- R:0 G:0 B:0
  1699 : 000000000000 ; -- R:0 G:0 B:0
  1700 : 000000000000 ; -- R:0 G:0 B:0
  1701 : 000000000000 ; -- R:0 G:0 B:0
  1702 : 000000000000 ; -- R:0 G:0 B:0
  1703 : 000000000000 ; -- R:0 G:0 B:0
  1704 : 000000000000 ; -- R:0 G:0 B:0
  1705 : 000000000000 ; -- R:0 G:0 B:0
  1706 : 000000000000 ; -- R:0 G:0 B:0
  1707 : 000000000000 ; -- R:0 G:0 B:0
  1708 : 000000000000 ; -- R:0 G:0 B:0
  1709 : 000000000000 ; -- R:0 G:0 B:0
  1710 : 000000000000 ; -- R:0 G:0 B:0
  1711 : 000000000000 ; -- R:0 G:0 B:0
  1712 : 000000000000 ; -- R:0 G:0 B:0
  1713 : 000000000000 ; -- R:0 G:0 B:0
  1714 : 000000000000 ; -- R:0 G:0 B:0
  1715 : 000000000000 ; -- R:0 G:0 B:0
  1716 : 000000000000 ; -- R:0 G:0 B:0
  1717 : 000000000000 ; -- R:0 G:0 B:0
  1718 : 000000000000 ; -- R:0 G:0 B:0
  1719 : 000000000000 ; -- R:0 G:0 B:0
  1720 : 000000000000 ; -- R:0 G:0 B:0
  1721 : 000000000000 ; -- R:0 G:0 B:0
  1722 : 000000000000 ; -- R:0 G:0 B:0
  1723 : 000000000000 ; -- R:0 G:0 B:0
  1724 : 000000000000 ; -- R:0 G:0 B:0
  1725 : 000000000000 ; -- R:0 G:0 B:0
  1726 : 000000000000 ; -- R:0 G:0 B:0
  1727 : 000000000000 ; -- R:0 G:0 B:0
  1728 : 000000000000 ; -- R:0 G:0 B:0
  1729 : 000000000000 ; -- R:0 G:0 B:0
  1730 : 000000000000 ; -- R:0 G:0 B:0
  1731 : 000000000000 ; -- R:0 G:0 B:0
  1732 : 000000000000 ; -- R:0 G:0 B:0
  1733 : 000000000000 ; -- R:0 G:0 B:0
  1734 : 000000000000 ; -- R:0 G:0 B:0
  1735 : 000000000000 ; -- R:0 G:0 B:0
  1736 : 000000000000 ; -- R:0 G:0 B:0
  1737 : 000000000000 ; -- R:0 G:0 B:0
  1738 : 000000000000 ; -- R:0 G:0 B:0
  1739 : 000000000000 ; -- R:0 G:0 B:0
  1740 : 000000000000 ; -- R:0 G:0 B:0
  1741 : 000000000000 ; -- R:0 G:0 B:0
  1742 : 000000000000 ; -- R:0 G:0 B:0
  1743 : 000000000000 ; -- R:0 G:0 B:0
  1744 : 000000000000 ; -- R:0 G:0 B:0
  1745 : 000000000000 ; -- R:0 G:0 B:0
  1746 : 000000000000 ; -- R:0 G:0 B:0
  1747 : 000000000000 ; -- R:0 G:0 B:0
  1748 : 000000000000 ; -- R:0 G:0 B:0
  1749 : 000000000000 ; -- R:0 G:0 B:0
  1750 : 000000000000 ; -- R:0 G:0 B:0
  1751 : 000000000000 ; -- R:0 G:0 B:0
  1752 : 000000000000 ; -- R:0 G:0 B:0
  1753 : 000000000000 ; -- R:0 G:0 B:0
  1754 : 000000000000 ; -- R:0 G:0 B:0
  1755 : 000000000000 ; -- R:0 G:0 B:0
  1756 : 000000000000 ; -- R:0 G:0 B:0
  1757 : 000000000000 ; -- R:0 G:0 B:0
  1758 : 000000000000 ; -- R:0 G:0 B:0
  1759 : 000000000000 ; -- R:0 G:0 B:0
  1760 : 000000000000 ; -- R:0 G:0 B:0
  1761 : 000000000000 ; -- R:0 G:0 B:0
  1762 : 000000000000 ; -- R:0 G:0 B:0
  1763 : 000000000000 ; -- R:0 G:0 B:0
  1764 : 000000000000 ; -- R:0 G:0 B:0
  1765 : 000000000000 ; -- R:0 G:0 B:0
  1766 : 000000000000 ; -- R:0 G:0 B:0
  1767 : 000000000000 ; -- R:0 G:0 B:0
  1768 : 000000000000 ; -- R:0 G:0 B:0
  1769 : 000000000000 ; -- R:0 G:0 B:0
  1770 : 000000000000 ; -- R:0 G:0 B:0
  1771 : 000000000000 ; -- R:0 G:0 B:0
  1772 : 000000000000 ; -- R:0 G:0 B:0
  1773 : 000000000000 ; -- R:0 G:0 B:0
  1774 : 000000000000 ; -- R:0 G:0 B:0
  1775 : 000000000000 ; -- R:0 G:0 B:0
  1776 : 000000000000 ; -- R:0 G:0 B:0
  1777 : 000000000000 ; -- R:0 G:0 B:0
  1778 : 000000000000 ; -- R:0 G:0 B:0
  1779 : 000000000000 ; -- R:0 G:0 B:0
  1780 : 000000000000 ; -- R:0 G:0 B:0
  1781 : 000000000000 ; -- R:0 G:0 B:0
  1782 : 000000000000 ; -- R:0 G:0 B:0
  1783 : 000000000000 ; -- R:0 G:0 B:0
  1784 : 000000000000 ; -- R:0 G:0 B:0
  1785 : 000000000000 ; -- R:0 G:0 B:0
  1786 : 000000000000 ; -- R:0 G:0 B:0
  1787 : 000000000000 ; -- R:0 G:0 B:0
  1788 : 000000000000 ; -- R:0 G:0 B:0
  1789 : 000000000000 ; -- R:0 G:0 B:0
  1790 : 000000000000 ; -- R:0 G:0 B:0
  1791 : 000000000000 ; -- R:0 G:0 B:0
  1792 : 000000000000 ; -- R:0 G:0 B:0
  1793 : 000000000000 ; -- R:0 G:0 B:0
  1794 : 000000000000 ; -- R:0 G:0 B:0
  1795 : 000000000000 ; -- R:0 G:0 B:0
  1796 : 000000000000 ; -- R:0 G:0 B:0
  1797 : 000000000000 ; -- R:0 G:0 B:0
  1798 : 000000000000 ; -- R:0 G:0 B:0
  1799 : 000000000000 ; -- R:0 G:0 B:0
  1800 : 000000000000 ; -- R:0 G:0 B:0
  1801 : 000000000000 ; -- R:0 G:0 B:0
  1802 : 000000000000 ; -- R:0 G:0 B:0
  1803 : 000000000000 ; -- R:0 G:0 B:0
  1804 : 000000000000 ; -- R:0 G:0 B:0
  1805 : 000000000000 ; -- R:0 G:0 B:0
  1806 : 000000000000 ; -- R:0 G:0 B:0
  1807 : 000000000000 ; -- R:0 G:0 B:0
  1808 : 000000000000 ; -- R:0 G:0 B:0
  1809 : 000000000000 ; -- R:0 G:0 B:0
  1810 : 000000000000 ; -- R:0 G:0 B:0
  1811 : 000000000000 ; -- R:0 G:0 B:0
  1812 : 000000000000 ; -- R:0 G:0 B:0
  1813 : 000000000000 ; -- R:0 G:0 B:0
  1814 : 000000000000 ; -- R:0 G:0 B:0
  1815 : 000000000000 ; -- R:0 G:0 B:0
  1816 : 000000000000 ; -- R:0 G:0 B:0
  1817 : 000000000000 ; -- R:0 G:0 B:0
  1818 : 000000000000 ; -- R:0 G:0 B:0
  1819 : 000000000000 ; -- R:0 G:0 B:0
  1820 : 000000000000 ; -- R:0 G:0 B:0
  1821 : 000000000000 ; -- R:0 G:0 B:0
  1822 : 000000000000 ; -- R:0 G:0 B:0
  1823 : 000000000000 ; -- R:0 G:0 B:0
  1824 : 000000000000 ; -- R:0 G:0 B:0
  1825 : 000000000000 ; -- R:0 G:0 B:0
  1826 : 000000000000 ; -- R:0 G:0 B:0
  1827 : 000000000000 ; -- R:0 G:0 B:0
  1828 : 000000000000 ; -- R:0 G:0 B:0
  1829 : 000000000000 ; -- R:0 G:0 B:0
  1830 : 000000000000 ; -- R:0 G:0 B:0
  1831 : 000000000000 ; -- R:0 G:0 B:0
  1832 : 000000000000 ; -- R:0 G:0 B:0
  1833 : 000000000000 ; -- R:0 G:0 B:0
  1834 : 000000000000 ; -- R:0 G:0 B:0
  1835 : 000000000000 ; -- R:0 G:0 B:0
  1836 : 000000000000 ; -- R:0 G:0 B:0
  1837 : 000000000000 ; -- R:0 G:0 B:0
  1838 : 000000000000 ; -- R:0 G:0 B:0
  1839 : 000000000000 ; -- R:0 G:0 B:0
  1840 : 000000000000 ; -- R:0 G:0 B:0
  1841 : 000000000000 ; -- R:0 G:0 B:0
  1842 : 000000000000 ; -- R:0 G:0 B:0
  1843 : 000000000000 ; -- R:0 G:0 B:0
  1844 : 000000000000 ; -- R:0 G:0 B:0
  1845 : 000000000000 ; -- R:0 G:0 B:0
  1846 : 000000000000 ; -- R:0 G:0 B:0
  1847 : 000000000000 ; -- R:0 G:0 B:0
  1848 : 000000000000 ; -- R:0 G:0 B:0
  1849 : 000000000000 ; -- R:0 G:0 B:0
  1850 : 000000000000 ; -- R:0 G:0 B:0
  1851 : 000000000000 ; -- R:0 G:0 B:0
  1852 : 000000000000 ; -- R:0 G:0 B:0
  1853 : 000000000000 ; -- R:0 G:0 B:0
  1854 : 000000000000 ; -- R:0 G:0 B:0
  1855 : 000000000000 ; -- R:0 G:0 B:0
  1856 : 000000000000 ; -- R:0 G:0 B:0
  1857 : 000000000000 ; -- R:0 G:0 B:0
  1858 : 000000000000 ; -- R:0 G:0 B:0
  1859 : 000000000000 ; -- R:0 G:0 B:0
  1860 : 000000000000 ; -- R:0 G:0 B:0
  1861 : 000000000000 ; -- R:0 G:0 B:0
  1862 : 000000000000 ; -- R:0 G:0 B:0
  1863 : 000000000000 ; -- R:0 G:0 B:0
  1864 : 000000000000 ; -- R:0 G:0 B:0
  1865 : 000000000000 ; -- R:0 G:0 B:0
  1866 : 000000000000 ; -- R:0 G:0 B:0
  1867 : 000000000000 ; -- R:0 G:0 B:0
  1868 : 000000000000 ; -- R:0 G:0 B:0
  1869 : 000000000000 ; -- R:0 G:0 B:0
  1870 : 000000000000 ; -- R:0 G:0 B:0
  1871 : 000000000000 ; -- R:0 G:0 B:0
  1872 : 000000000000 ; -- R:0 G:0 B:0
  1873 : 000000000000 ; -- R:0 G:0 B:0
  1874 : 000000000000 ; -- R:0 G:0 B:0
  1875 : 000000000000 ; -- R:0 G:0 B:0
  1876 : 000000000000 ; -- R:0 G:0 B:0
  1877 : 000000000000 ; -- R:0 G:0 B:0
  1878 : 000000000000 ; -- R:0 G:0 B:0
  1879 : 000000000000 ; -- R:0 G:0 B:0
  1880 : 000000000000 ; -- R:0 G:0 B:0
  1881 : 000000000000 ; -- R:0 G:0 B:0
  1882 : 000000000000 ; -- R:0 G:0 B:0
  1883 : 000000000000 ; -- R:0 G:0 B:0
  1884 : 000000000000 ; -- R:0 G:0 B:0
  1885 : 000000000000 ; -- R:0 G:0 B:0
  1886 : 000000000000 ; -- R:0 G:0 B:0
  1887 : 000000000000 ; -- R:0 G:0 B:0
  1888 : 000000000000 ; -- R:0 G:0 B:0
  1889 : 000000000000 ; -- R:0 G:0 B:0
  1890 : 000000000000 ; -- R:0 G:0 B:0
  1891 : 000000000000 ; -- R:0 G:0 B:0
  1892 : 000000000000 ; -- R:0 G:0 B:0
  1893 : 000000000000 ; -- R:0 G:0 B:0
  1894 : 000000000000 ; -- R:0 G:0 B:0
  1895 : 000000000000 ; -- R:0 G:0 B:0
  1896 : 000000000000 ; -- R:0 G:0 B:0
  1897 : 000000000000 ; -- R:0 G:0 B:0
  1898 : 000000000000 ; -- R:0 G:0 B:0
  1899 : 000000000000 ; -- R:0 G:0 B:0
  1900 : 000000000000 ; -- R:0 G:0 B:0
  1901 : 000000000000 ; -- R:0 G:0 B:0
  1902 : 000000000000 ; -- R:0 G:0 B:0
  1903 : 000000000000 ; -- R:0 G:0 B:0
  1904 : 000000000000 ; -- R:0 G:0 B:0
  1905 : 000000000000 ; -- R:0 G:0 B:0
  1906 : 000000000000 ; -- R:0 G:0 B:0
  1907 : 000000000000 ; -- R:0 G:0 B:0
  1908 : 000000000000 ; -- R:0 G:0 B:0
  1909 : 000000000000 ; -- R:0 G:0 B:0
  1910 : 000000000000 ; -- R:0 G:0 B:0
  1911 : 000000000000 ; -- R:0 G:0 B:0
  1912 : 000000000000 ; -- R:0 G:0 B:0
  1913 : 000000000000 ; -- R:0 G:0 B:0
  1914 : 000000000000 ; -- R:0 G:0 B:0
  1915 : 000000000000 ; -- R:0 G:0 B:0
  1916 : 000000000000 ; -- R:0 G:0 B:0
  1917 : 000000000000 ; -- R:0 G:0 B:0
  1918 : 000000000000 ; -- R:0 G:0 B:0
  1919 : 000000000000 ; -- R:0 G:0 B:0
  1920 : 000000000000 ; -- R:0 G:0 B:0
  1921 : 000000000000 ; -- R:0 G:0 B:0
  1922 : 000000000000 ; -- R:0 G:0 B:0
  1923 : 000000000000 ; -- R:0 G:0 B:0
  1924 : 000000000000 ; -- R:0 G:0 B:0
  1925 : 000000000000 ; -- R:0 G:0 B:0
  1926 : 000000000000 ; -- R:0 G:0 B:0
  1927 : 000000000000 ; -- R:0 G:0 B:0
  1928 : 000000000000 ; -- R:0 G:0 B:0
  1929 : 000000000000 ; -- R:0 G:0 B:0
  1930 : 000000000000 ; -- R:0 G:0 B:0
  1931 : 000000000000 ; -- R:0 G:0 B:0
  1932 : 000000000000 ; -- R:0 G:0 B:0
  1933 : 000000000000 ; -- R:0 G:0 B:0
  1934 : 000000000000 ; -- R:0 G:0 B:0
  1935 : 000000000000 ; -- R:0 G:0 B:0
  1936 : 000000000000 ; -- R:0 G:0 B:0
  1937 : 000000000000 ; -- R:0 G:0 B:0
  1938 : 000000000000 ; -- R:0 G:0 B:0
  1939 : 000000000000 ; -- R:0 G:0 B:0
  1940 : 000000000000 ; -- R:0 G:0 B:0
  1941 : 000000000000 ; -- R:0 G:0 B:0
  1942 : 000000000000 ; -- R:0 G:0 B:0
  1943 : 000000000000 ; -- R:0 G:0 B:0
  1944 : 000000000000 ; -- R:0 G:0 B:0
  1945 : 000000000000 ; -- R:0 G:0 B:0
  1946 : 000000000000 ; -- R:0 G:0 B:0
  1947 : 000000000000 ; -- R:0 G:0 B:0
  1948 : 000000000000 ; -- R:0 G:0 B:0
  1949 : 000000000000 ; -- R:0 G:0 B:0
  1950 : 000000000000 ; -- R:0 G:0 B:0
  1951 : 000000000000 ; -- R:0 G:0 B:0
  1952 : 000000000000 ; -- R:0 G:0 B:0
  1953 : 000000000000 ; -- R:0 G:0 B:0
  1954 : 000000000000 ; -- R:0 G:0 B:0
  1955 : 000000000000 ; -- R:0 G:0 B:0
  1956 : 000000000000 ; -- R:0 G:0 B:0
  1957 : 000000000000 ; -- R:0 G:0 B:0
  1958 : 000000000000 ; -- R:0 G:0 B:0
  1959 : 000000000000 ; -- R:0 G:0 B:0
  1960 : 000000000000 ; -- R:0 G:0 B:0
  1961 : 000000000000 ; -- R:0 G:0 B:0
  1962 : 000000000000 ; -- R:0 G:0 B:0
  1963 : 000000000000 ; -- R:0 G:0 B:0
  1964 : 000000000000 ; -- R:0 G:0 B:0
  1965 : 000000000000 ; -- R:0 G:0 B:0
  1966 : 000000000000 ; -- R:0 G:0 B:0
  1967 : 000000000000 ; -- R:0 G:0 B:0
  1968 : 000000000000 ; -- R:0 G:0 B:0
  1969 : 000000000000 ; -- R:0 G:0 B:0
  1970 : 000000000000 ; -- R:0 G:0 B:0
  1971 : 000000000000 ; -- R:0 G:0 B:0
  1972 : 000000000000 ; -- R:0 G:0 B:0
  1973 : 000000000000 ; -- R:0 G:0 B:0
  1974 : 000000000000 ; -- R:0 G:0 B:0
  1975 : 000000000000 ; -- R:0 G:0 B:0
  1976 : 000000000000 ; -- R:0 G:0 B:0
  1977 : 000000000000 ; -- R:0 G:0 B:0
  1978 : 000000000000 ; -- R:0 G:0 B:0
  1979 : 000000000000 ; -- R:0 G:0 B:0
  1980 : 000000000000 ; -- R:0 G:0 B:0
  1981 : 000000000000 ; -- R:0 G:0 B:0
  1982 : 000000000000 ; -- R:0 G:0 B:0
  1983 : 000000000000 ; -- R:0 G:0 B:0
  1984 : 000000000000 ; -- R:0 G:0 B:0
  1985 : 000000000000 ; -- R:0 G:0 B:0
  1986 : 000000000000 ; -- R:0 G:0 B:0
  1987 : 000000000000 ; -- R:0 G:0 B:0
  1988 : 000000000000 ; -- R:0 G:0 B:0
  1989 : 000000000000 ; -- R:0 G:0 B:0
  1990 : 000000000000 ; -- R:0 G:0 B:0
  1991 : 000000000000 ; -- R:0 G:0 B:0
  1992 : 000000000000 ; -- R:0 G:0 B:0
  1993 : 000000000000 ; -- R:0 G:0 B:0
  1994 : 000000000000 ; -- R:0 G:0 B:0
  1995 : 000000000000 ; -- R:0 G:0 B:0
  1996 : 000000000000 ; -- R:0 G:0 B:0
  1997 : 000000000000 ; -- R:0 G:0 B:0
  1998 : 000000000000 ; -- R:0 G:0 B:0
  1999 : 000000000000 ; -- R:0 G:0 B:0
  2000 : 000000000000 ; -- R:0 G:0 B:0
  2001 : 000000000000 ; -- R:0 G:0 B:0
  2002 : 000000000000 ; -- R:0 G:0 B:0
  2003 : 000000000000 ; -- R:0 G:0 B:0
  2004 : 000000000000 ; -- R:0 G:0 B:0
  2005 : 000000000000 ; -- R:0 G:0 B:0
  2006 : 000000000000 ; -- R:0 G:0 B:0
  2007 : 000000000000 ; -- R:0 G:0 B:0
  2008 : 000000000000 ; -- R:0 G:0 B:0
  2009 : 000000000000 ; -- R:0 G:0 B:0
  2010 : 000000000000 ; -- R:0 G:0 B:0
  2011 : 000000000000 ; -- R:0 G:0 B:0
  2012 : 000000000000 ; -- R:0 G:0 B:0
  2013 : 000000000000 ; -- R:0 G:0 B:0
  2014 : 000000000000 ; -- R:0 G:0 B:0
  2015 : 000000000000 ; -- R:0 G:0 B:0
  2016 : 000000000000 ; -- R:0 G:0 B:0
  2017 : 000000000000 ; -- R:0 G:0 B:0
  2018 : 000000000000 ; -- R:0 G:0 B:0
  2019 : 000000000000 ; -- R:0 G:0 B:0
  2020 : 000000000000 ; -- R:0 G:0 B:0
  2021 : 000000000000 ; -- R:0 G:0 B:0
  2022 : 000000000000 ; -- R:0 G:0 B:0
  2023 : 000000000000 ; -- R:0 G:0 B:0
  2024 : 000000000000 ; -- R:0 G:0 B:0
  2025 : 000000000000 ; -- R:0 G:0 B:0
  2026 : 000000000000 ; -- R:0 G:0 B:0
  2027 : 000000000000 ; -- R:0 G:0 B:0
  2028 : 000000000000 ; -- R:0 G:0 B:0
  2029 : 000000000000 ; -- R:0 G:0 B:0
  2030 : 000000000000 ; -- R:0 G:0 B:0
  2031 : 000000000000 ; -- R:0 G:0 B:0
  2032 : 000000000000 ; -- R:0 G:0 B:0
  2033 : 000000000000 ; -- R:0 G:0 B:0
  2034 : 000000000000 ; -- R:0 G:0 B:0
  2035 : 000000000000 ; -- R:0 G:0 B:0
  2036 : 000000000000 ; -- R:0 G:0 B:0
  2037 : 000000000000 ; -- R:0 G:0 B:0
  2038 : 000000000000 ; -- R:0 G:0 B:0
  2039 : 000000000000 ; -- R:0 G:0 B:0
  2040 : 000000000000 ; -- R:0 G:0 B:0
  2041 : 000000000000 ; -- R:0 G:0 B:0
  2042 : 000000000000 ; -- R:0 G:0 B:0
  2043 : 000000000000 ; -- R:0 G:0 B:0
  2044 : 000000000000 ; -- R:0 G:0 B:0
  2045 : 000000000000 ; -- R:0 G:0 B:0
  2046 : 000000000000 ; -- R:0 G:0 B:0
  2047 : 000000000000 ; -- R:0 G:0 B:0
  2048 : 000000000000 ; -- R:0 G:0 B:0
  2049 : 000000000000 ; -- R:0 G:0 B:0
  2050 : 000000000000 ; -- R:0 G:0 B:0
  2051 : 000000000000 ; -- R:0 G:0 B:0
  2052 : 000000000000 ; -- R:0 G:0 B:0
  2053 : 000000000000 ; -- R:0 G:0 B:0
  2054 : 000000000000 ; -- R:0 G:0 B:0
  2055 : 000000000000 ; -- R:0 G:0 B:0
  2056 : 000000000000 ; -- R:0 G:0 B:0
  2057 : 000000000000 ; -- R:0 G:0 B:0
  2058 : 000000000000 ; -- R:0 G:0 B:0
  2059 : 000000000000 ; -- R:0 G:0 B:0
  2060 : 000000000000 ; -- R:0 G:0 B:0
  2061 : 000000000000 ; -- R:0 G:0 B:0
  2062 : 000000000000 ; -- R:0 G:0 B:0
  2063 : 000000000000 ; -- R:0 G:0 B:0
  2064 : 000000000000 ; -- R:0 G:0 B:0
  2065 : 000000000000 ; -- R:0 G:0 B:0
  2066 : 000000000000 ; -- R:0 G:0 B:0
  2067 : 000000000000 ; -- R:0 G:0 B:0
  2068 : 000000000000 ; -- R:0 G:0 B:0
  2069 : 000000000000 ; -- R:0 G:0 B:0
  2070 : 000000000000 ; -- R:0 G:0 B:0
  2071 : 000000000000 ; -- R:0 G:0 B:0
  2072 : 000000000000 ; -- R:0 G:0 B:0
  2073 : 000000000000 ; -- R:0 G:0 B:0
  2074 : 000000000000 ; -- R:0 G:0 B:0
  2075 : 000000000000 ; -- R:0 G:0 B:0
  2076 : 000000000000 ; -- R:0 G:0 B:0
  2077 : 000000000000 ; -- R:0 G:0 B:0
  2078 : 000000000000 ; -- R:0 G:0 B:0
  2079 : 000000000000 ; -- R:0 G:0 B:0
  2080 : 000000000000 ; -- R:0 G:0 B:0
  2081 : 000000000000 ; -- R:0 G:0 B:0
  2082 : 000000000000 ; -- R:0 G:0 B:0
  2083 : 000000000000 ; -- R:0 G:0 B:0
  2084 : 000000000000 ; -- R:0 G:0 B:0
  2085 : 000000000000 ; -- R:0 G:0 B:0
  2086 : 000000000000 ; -- R:0 G:0 B:0
  2087 : 000000000000 ; -- R:0 G:0 B:0
  2088 : 000000000000 ; -- R:0 G:0 B:0
  2089 : 000000000000 ; -- R:0 G:0 B:0
  2090 : 000000000000 ; -- R:0 G:0 B:0
  2091 : 000000000000 ; -- R:0 G:0 B:0
  2092 : 000000000000 ; -- R:0 G:0 B:0
  2093 : 000000000000 ; -- R:0 G:0 B:0
  2094 : 000000000000 ; -- R:0 G:0 B:0
  2095 : 000000000000 ; -- R:0 G:0 B:0
  2096 : 000000000000 ; -- R:0 G:0 B:0
  2097 : 000000000000 ; -- R:0 G:0 B:0
  2098 : 000000000000 ; -- R:0 G:0 B:0
  2099 : 000000000000 ; -- R:0 G:0 B:0
  2100 : 000000000000 ; -- R:0 G:0 B:0
  2101 : 000000000000 ; -- R:0 G:0 B:0
  2102 : 000000000000 ; -- R:0 G:0 B:0
  2103 : 000000000000 ; -- R:0 G:0 B:0
  2104 : 000000000000 ; -- R:0 G:0 B:0
  2105 : 000000000000 ; -- R:0 G:0 B:0
  2106 : 000000000000 ; -- R:0 G:0 B:0
  2107 : 000000000000 ; -- R:0 G:0 B:0
  2108 : 000000000000 ; -- R:0 G:0 B:0
  2109 : 000000000000 ; -- R:0 G:0 B:0
  2110 : 000000000000 ; -- R:0 G:0 B:0
  2111 : 000000000000 ; -- R:0 G:0 B:0
  2112 : 000000000000 ; -- R:0 G:0 B:0
  2113 : 000000000000 ; -- R:0 G:0 B:0
  2114 : 000000000000 ; -- R:0 G:0 B:0
  2115 : 000000000000 ; -- R:0 G:0 B:0
  2116 : 000000000000 ; -- R:0 G:0 B:0
  2117 : 000000000000 ; -- R:0 G:0 B:0
  2118 : 000000000000 ; -- R:0 G:0 B:0
  2119 : 000000000000 ; -- R:0 G:0 B:0
  2120 : 000000000000 ; -- R:0 G:0 B:0
  2121 : 000000000000 ; -- R:0 G:0 B:0
  2122 : 000000000000 ; -- R:0 G:0 B:0
  2123 : 000000000000 ; -- R:0 G:0 B:0
  2124 : 000000000000 ; -- R:0 G:0 B:0
  2125 : 000000000000 ; -- R:0 G:0 B:0
  2126 : 000000000000 ; -- R:0 G:0 B:0
  2127 : 000000000000 ; -- R:0 G:0 B:0
  2128 : 000000000000 ; -- R:0 G:0 B:0
  2129 : 000000000000 ; -- R:0 G:0 B:0
  2130 : 000000000000 ; -- R:0 G:0 B:0
  2131 : 000000000000 ; -- R:0 G:0 B:0
  2132 : 000000000000 ; -- R:0 G:0 B:0
  2133 : 000000000000 ; -- R:0 G:0 B:0
  2134 : 000000000000 ; -- R:0 G:0 B:0
  2135 : 000000000000 ; -- R:0 G:0 B:0
  2136 : 000000000000 ; -- R:0 G:0 B:0
  2137 : 000000000000 ; -- R:0 G:0 B:0
  2138 : 000000000000 ; -- R:0 G:0 B:0
  2139 : 000000000000 ; -- R:0 G:0 B:0
  2140 : 000000000000 ; -- R:0 G:0 B:0
  2141 : 000000000000 ; -- R:0 G:0 B:0
  2142 : 000000000000 ; -- R:0 G:0 B:0
  2143 : 000000000000 ; -- R:0 G:0 B:0
  2144 : 000000000000 ; -- R:0 G:0 B:0
  2145 : 000000000000 ; -- R:0 G:0 B:0
  2146 : 000000000000 ; -- R:0 G:0 B:0
  2147 : 000000000000 ; -- R:0 G:0 B:0
  2148 : 000000000000 ; -- R:0 G:0 B:0
  2149 : 000000000000 ; -- R:0 G:0 B:0
  2150 : 000000000000 ; -- R:0 G:0 B:0
  2151 : 000000000000 ; -- R:0 G:0 B:0
  2152 : 000000000000 ; -- R:0 G:0 B:0
  2153 : 000000000000 ; -- R:0 G:0 B:0
  2154 : 000000000000 ; -- R:0 G:0 B:0
  2155 : 000000000000 ; -- R:0 G:0 B:0
  2156 : 000000000000 ; -- R:0 G:0 B:0
  2157 : 000000000000 ; -- R:0 G:0 B:0
  2158 : 000000000000 ; -- R:0 G:0 B:0
  2159 : 000000000000 ; -- R:0 G:0 B:0
  2160 : 000000000000 ; -- R:0 G:0 B:0
  2161 : 000000000000 ; -- R:0 G:0 B:0
  2162 : 000000000000 ; -- R:0 G:0 B:0
  2163 : 000000000000 ; -- R:0 G:0 B:0
  2164 : 000000000000 ; -- R:0 G:0 B:0
  2165 : 000000000000 ; -- R:0 G:0 B:0
  2166 : 000000000000 ; -- R:0 G:0 B:0
  2167 : 000000000000 ; -- R:0 G:0 B:0
  2168 : 000000000000 ; -- R:0 G:0 B:0
  2169 : 000000000000 ; -- R:0 G:0 B:0
  2170 : 000000000000 ; -- R:0 G:0 B:0
  2171 : 000000000000 ; -- R:0 G:0 B:0
  2172 : 000000000000 ; -- R:0 G:0 B:0
  2173 : 000000000000 ; -- R:0 G:0 B:0
  2174 : 000000000000 ; -- R:0 G:0 B:0
  2175 : 000000000000 ; -- R:0 G:0 B:0
  2176 : 000000000000 ; -- R:0 G:0 B:0
  2177 : 000000000000 ; -- R:0 G:0 B:0
  2178 : 000000000000 ; -- R:0 G:0 B:0
  2179 : 000000000000 ; -- R:0 G:0 B:0
  2180 : 000000000000 ; -- R:0 G:0 B:0
  2181 : 000000000000 ; -- R:0 G:0 B:0
  2182 : 000000000000 ; -- R:0 G:0 B:0
  2183 : 000000000000 ; -- R:0 G:0 B:0
  2184 : 000000000000 ; -- R:0 G:0 B:0
  2185 : 000000000000 ; -- R:0 G:0 B:0
  2186 : 000000000000 ; -- R:0 G:0 B:0
  2187 : 000000000000 ; -- R:0 G:0 B:0
  2188 : 000000000000 ; -- R:0 G:0 B:0
  2189 : 000000000000 ; -- R:0 G:0 B:0
  2190 : 000000000000 ; -- R:0 G:0 B:0
  2191 : 000000000000 ; -- R:0 G:0 B:0
  2192 : 000000000000 ; -- R:0 G:0 B:0
  2193 : 000000000000 ; -- R:0 G:0 B:0
  2194 : 000000000000 ; -- R:0 G:0 B:0
  2195 : 000000000000 ; -- R:0 G:0 B:0
  2196 : 000000000000 ; -- R:0 G:0 B:0
  2197 : 000000000000 ; -- R:0 G:0 B:0
  2198 : 000000000000 ; -- R:0 G:0 B:0
  2199 : 000000000000 ; -- R:0 G:0 B:0
  2200 : 000000000000 ; -- R:0 G:0 B:0
  2201 : 000000000000 ; -- R:0 G:0 B:0
  2202 : 000000000000 ; -- R:0 G:0 B:0
  2203 : 000000000000 ; -- R:0 G:0 B:0
  2204 : 000000000000 ; -- R:0 G:0 B:0
  2205 : 000000000000 ; -- R:0 G:0 B:0
  2206 : 000000000000 ; -- R:0 G:0 B:0
  2207 : 000000000000 ; -- R:0 G:0 B:0
  2208 : 000000000000 ; -- R:0 G:0 B:0
  2209 : 000000000000 ; -- R:0 G:0 B:0
  2210 : 000000000000 ; -- R:0 G:0 B:0
  2211 : 000000000000 ; -- R:0 G:0 B:0
  2212 : 000000000000 ; -- R:0 G:0 B:0
  2213 : 000000000000 ; -- R:0 G:0 B:0
  2214 : 000000000000 ; -- R:0 G:0 B:0
  2215 : 000000000000 ; -- R:0 G:0 B:0
  2216 : 000000000000 ; -- R:0 G:0 B:0
  2217 : 000000000000 ; -- R:0 G:0 B:0
  2218 : 000000000000 ; -- R:0 G:0 B:0
  2219 : 000000000000 ; -- R:0 G:0 B:0
  2220 : 000000000000 ; -- R:0 G:0 B:0
  2221 : 000000000000 ; -- R:0 G:0 B:0
  2222 : 000000000000 ; -- R:0 G:0 B:0
  2223 : 000000000000 ; -- R:0 G:0 B:0
  2224 : 000000000000 ; -- R:0 G:0 B:0
  2225 : 000000000000 ; -- R:0 G:0 B:0
  2226 : 000000000000 ; -- R:0 G:0 B:0
  2227 : 000000000000 ; -- R:0 G:0 B:0
  2228 : 000000000000 ; -- R:0 G:0 B:0
  2229 : 000000000000 ; -- R:0 G:0 B:0
  2230 : 000000000000 ; -- R:0 G:0 B:0
  2231 : 000000000000 ; -- R:0 G:0 B:0
  2232 : 000000000000 ; -- R:0 G:0 B:0
  2233 : 000000000000 ; -- R:0 G:0 B:0
  2234 : 000000000000 ; -- R:0 G:0 B:0
  2235 : 000000000000 ; -- R:0 G:0 B:0
  2236 : 000000000000 ; -- R:0 G:0 B:0
  2237 : 000000000000 ; -- R:0 G:0 B:0
  2238 : 000000000000 ; -- R:0 G:0 B:0
  2239 : 000000000000 ; -- R:0 G:0 B:0
  2240 : 000000000000 ; -- R:0 G:0 B:0
  2241 : 000000000000 ; -- R:0 G:0 B:0
  2242 : 000000000000 ; -- R:0 G:0 B:0
  2243 : 000000000000 ; -- R:0 G:0 B:0
  2244 : 000000000000 ; -- R:0 G:0 B:0
  2245 : 000000000000 ; -- R:0 G:0 B:0
  2246 : 000000000000 ; -- R:0 G:0 B:0
  2247 : 000000000000 ; -- R:0 G:0 B:0
  2248 : 000000000000 ; -- R:0 G:0 B:0
  2249 : 000000000000 ; -- R:0 G:0 B:0
  2250 : 000000000000 ; -- R:0 G:0 B:0
  2251 : 000000000000 ; -- R:0 G:0 B:0
  2252 : 000000000000 ; -- R:0 G:0 B:0
  2253 : 000000000000 ; -- R:0 G:0 B:0
  2254 : 000000000000 ; -- R:0 G:0 B:0
  2255 : 000000000000 ; -- R:0 G:0 B:0
  2256 : 000000000000 ; -- R:0 G:0 B:0
  2257 : 000000000000 ; -- R:0 G:0 B:0
  2258 : 000000000000 ; -- R:0 G:0 B:0
  2259 : 000000000000 ; -- R:0 G:0 B:0
  2260 : 000000000000 ; -- R:0 G:0 B:0
  2261 : 000000000000 ; -- R:0 G:0 B:0
  2262 : 000000000000 ; -- R:0 G:0 B:0
  2263 : 000000000000 ; -- R:0 G:0 B:0
  2264 : 000000000000 ; -- R:0 G:0 B:0
  2265 : 000000000000 ; -- R:0 G:0 B:0
  2266 : 000000000000 ; -- R:0 G:0 B:0
  2267 : 000000000000 ; -- R:0 G:0 B:0
  2268 : 000000000000 ; -- R:0 G:0 B:0
  2269 : 000000000000 ; -- R:0 G:0 B:0
  2270 : 000000000000 ; -- R:0 G:0 B:0
  2271 : 000000000000 ; -- R:0 G:0 B:0
  2272 : 000000000000 ; -- R:0 G:0 B:0
  2273 : 000000000000 ; -- R:0 G:0 B:0
  2274 : 000000000000 ; -- R:0 G:0 B:0
  2275 : 000000000000 ; -- R:0 G:0 B:0
  2276 : 000000000000 ; -- R:0 G:0 B:0
  2277 : 000000000000 ; -- R:0 G:0 B:0
  2278 : 000000000000 ; -- R:0 G:0 B:0
  2279 : 000000000000 ; -- R:0 G:0 B:0
  2280 : 000000000000 ; -- R:0 G:0 B:0
  2281 : 000000000000 ; -- R:0 G:0 B:0
  2282 : 000000000000 ; -- R:0 G:0 B:0
  2283 : 000000000000 ; -- R:0 G:0 B:0
  2284 : 000000000000 ; -- R:0 G:0 B:0
  2285 : 000000000000 ; -- R:0 G:0 B:0
  2286 : 000000000000 ; -- R:0 G:0 B:0
  2287 : 000000000000 ; -- R:0 G:0 B:0
  2288 : 000000000000 ; -- R:0 G:0 B:0
  2289 : 000000000000 ; -- R:0 G:0 B:0
  2290 : 000000000000 ; -- R:0 G:0 B:0
  2291 : 000000000000 ; -- R:0 G:0 B:0
  2292 : 000000000000 ; -- R:0 G:0 B:0
  2293 : 000000000000 ; -- R:0 G:0 B:0
  2294 : 000000000000 ; -- R:0 G:0 B:0
  2295 : 000000000000 ; -- R:0 G:0 B:0
  2296 : 000000000000 ; -- R:0 G:0 B:0
  2297 : 000000000000 ; -- R:0 G:0 B:0
  2298 : 000000000000 ; -- R:0 G:0 B:0
  2299 : 000000000000 ; -- R:0 G:0 B:0
  2300 : 000000000000 ; -- R:0 G:0 B:0
  2301 : 000000000000 ; -- R:0 G:0 B:0
  2302 : 000000000000 ; -- R:0 G:0 B:0
  2303 : 000000000000 ; -- R:0 G:0 B:0
  2304 : 000000000000 ; -- R:0 G:0 B:0
  2305 : 000000000000 ; -- R:0 G:0 B:0
  2306 : 000000000000 ; -- R:0 G:0 B:0
  2307 : 000000000000 ; -- R:0 G:0 B:0
  2308 : 000000000000 ; -- R:0 G:0 B:0
  2309 : 000000000000 ; -- R:0 G:0 B:0
  2310 : 000000000000 ; -- R:0 G:0 B:0
  2311 : 000000000000 ; -- R:0 G:0 B:0
  2312 : 000000000000 ; -- R:0 G:0 B:0
  2313 : 000000000000 ; -- R:0 G:0 B:0
  2314 : 000000000000 ; -- R:0 G:0 B:0
  2315 : 000000000000 ; -- R:0 G:0 B:0
  2316 : 000000000000 ; -- R:0 G:0 B:0
  2317 : 000000000000 ; -- R:0 G:0 B:0
  2318 : 000000000000 ; -- R:0 G:0 B:0
  2319 : 000000000000 ; -- R:0 G:0 B:0
  2320 : 000000000000 ; -- R:0 G:0 B:0
  2321 : 000000000000 ; -- R:0 G:0 B:0
  2322 : 000000000000 ; -- R:0 G:0 B:0
  2323 : 000000000000 ; -- R:0 G:0 B:0
  2324 : 000000000000 ; -- R:0 G:0 B:0
  2325 : 000000000000 ; -- R:0 G:0 B:0
  2326 : 000000000000 ; -- R:0 G:0 B:0
  2327 : 000000000000 ; -- R:0 G:0 B:0
  2328 : 000000000000 ; -- R:0 G:0 B:0
  2329 : 000000000000 ; -- R:0 G:0 B:0
  2330 : 000000000000 ; -- R:0 G:0 B:0
  2331 : 000000000000 ; -- R:0 G:0 B:0
  2332 : 000000000000 ; -- R:0 G:0 B:0
  2333 : 000000000000 ; -- R:0 G:0 B:0
  2334 : 000000000000 ; -- R:0 G:0 B:0
  2335 : 000000000000 ; -- R:0 G:0 B:0
  2336 : 000000000000 ; -- R:0 G:0 B:0
  2337 : 000000000000 ; -- R:0 G:0 B:0
  2338 : 000000000000 ; -- R:0 G:0 B:0
  2339 : 000000000000 ; -- R:0 G:0 B:0
  2340 : 000000000000 ; -- R:0 G:0 B:0
  2341 : 000000000000 ; -- R:0 G:0 B:0
  2342 : 000000000000 ; -- R:0 G:0 B:0
  2343 : 000000000000 ; -- R:0 G:0 B:0
  2344 : 000000000000 ; -- R:0 G:0 B:0
  2345 : 000000000000 ; -- R:0 G:0 B:0
  2346 : 000000000000 ; -- R:0 G:0 B:0
  2347 : 000000000000 ; -- R:0 G:0 B:0
  2348 : 000000000000 ; -- R:0 G:0 B:0
  2349 : 000000000000 ; -- R:0 G:0 B:0
  2350 : 000000000000 ; -- R:0 G:0 B:0
  2351 : 000000000000 ; -- R:0 G:0 B:0
  2352 : 000000000000 ; -- R:0 G:0 B:0
  2353 : 000000000000 ; -- R:0 G:0 B:0
  2354 : 000000000000 ; -- R:0 G:0 B:0
  2355 : 000000000000 ; -- R:0 G:0 B:0
  2356 : 000000000000 ; -- R:0 G:0 B:0
  2357 : 000000000000 ; -- R:0 G:0 B:0
  2358 : 000000000000 ; -- R:0 G:0 B:0
  2359 : 000000000000 ; -- R:0 G:0 B:0
  2360 : 000000000000 ; -- R:0 G:0 B:0
  2361 : 000000000000 ; -- R:0 G:0 B:0
  2362 : 000000000000 ; -- R:0 G:0 B:0
  2363 : 000000000000 ; -- R:0 G:0 B:0
  2364 : 000000000000 ; -- R:0 G:0 B:0
  2365 : 000000000000 ; -- R:0 G:0 B:0
  2366 : 000000000000 ; -- R:0 G:0 B:0
  2367 : 000000000000 ; -- R:0 G:0 B:0
  2368 : 000000000000 ; -- R:0 G:0 B:0
  2369 : 000000000000 ; -- R:0 G:0 B:0
  2370 : 000000000000 ; -- R:0 G:0 B:0
  2371 : 000000000000 ; -- R:0 G:0 B:0
  2372 : 000000000000 ; -- R:0 G:0 B:0
  2373 : 000000000000 ; -- R:0 G:0 B:0
  2374 : 000000000000 ; -- R:0 G:0 B:0
  2375 : 000000000000 ; -- R:0 G:0 B:0
  2376 : 000000000000 ; -- R:0 G:0 B:0
  2377 : 000000000000 ; -- R:0 G:0 B:0
  2378 : 000000000000 ; -- R:0 G:0 B:0
  2379 : 000000000000 ; -- R:0 G:0 B:0
  2380 : 000000000000 ; -- R:0 G:0 B:0
  2381 : 000000000000 ; -- R:0 G:0 B:0
  2382 : 000000000000 ; -- R:0 G:0 B:0
  2383 : 000000000000 ; -- R:0 G:0 B:0
  2384 : 000000000000 ; -- R:0 G:0 B:0
  2385 : 000000000000 ; -- R:0 G:0 B:0
  2386 : 000000000000 ; -- R:0 G:0 B:0
  2387 : 000000000000 ; -- R:0 G:0 B:0
  2388 : 000000000000 ; -- R:0 G:0 B:0
  2389 : 000000000000 ; -- R:0 G:0 B:0
  2390 : 000000000000 ; -- R:0 G:0 B:0
  2391 : 000000000000 ; -- R:0 G:0 B:0
  2392 : 000000000000 ; -- R:0 G:0 B:0
  2393 : 000000000000 ; -- R:0 G:0 B:0
  2394 : 000000000000 ; -- R:0 G:0 B:0
  2395 : 000000000000 ; -- R:0 G:0 B:0
  2396 : 000000000000 ; -- R:0 G:0 B:0
  2397 : 000000000000 ; -- R:0 G:0 B:0
  2398 : 000000000000 ; -- R:0 G:0 B:0
  2399 : 000000000000 ; -- R:0 G:0 B:0
  2400 : 000000000000 ; -- R:0 G:0 B:0
  2401 : 000000000000 ; -- R:0 G:0 B:0
  2402 : 000000000000 ; -- R:0 G:0 B:0
  2403 : 000000000000 ; -- R:0 G:0 B:0
  2404 : 000000000000 ; -- R:0 G:0 B:0
  2405 : 000000000000 ; -- R:0 G:0 B:0
  2406 : 000000000000 ; -- R:0 G:0 B:0
  2407 : 000000000000 ; -- R:0 G:0 B:0
  2408 : 000000000000 ; -- R:0 G:0 B:0
  2409 : 000000000000 ; -- R:0 G:0 B:0
  2410 : 000000000000 ; -- R:0 G:0 B:0
  2411 : 000000000000 ; -- R:0 G:0 B:0
  2412 : 000000000000 ; -- R:0 G:0 B:0
  2413 : 000000000000 ; -- R:0 G:0 B:0
  2414 : 000000000000 ; -- R:0 G:0 B:0
  2415 : 000000000000 ; -- R:0 G:0 B:0
  2416 : 000000000000 ; -- R:0 G:0 B:0
  2417 : 000000000000 ; -- R:0 G:0 B:0
  2418 : 000000000000 ; -- R:0 G:0 B:0
  2419 : 000000000000 ; -- R:0 G:0 B:0
  2420 : 000000000000 ; -- R:0 G:0 B:0
  2421 : 000000000000 ; -- R:0 G:0 B:0
  2422 : 000000000000 ; -- R:0 G:0 B:0
  2423 : 000000000000 ; -- R:0 G:0 B:0
  2424 : 000000000000 ; -- R:0 G:0 B:0
  2425 : 000000000000 ; -- R:0 G:0 B:0
  2426 : 000000000000 ; -- R:0 G:0 B:0
  2427 : 000000000000 ; -- R:0 G:0 B:0
  2428 : 000000000000 ; -- R:0 G:0 B:0
  2429 : 000000000000 ; -- R:0 G:0 B:0
  2430 : 000000000000 ; -- R:0 G:0 B:0
  2431 : 000000000000 ; -- R:0 G:0 B:0
  2432 : 000000000000 ; -- R:0 G:0 B:0
  2433 : 000000000000 ; -- R:0 G:0 B:0
  2434 : 000000000000 ; -- R:0 G:0 B:0
  2435 : 000000000000 ; -- R:0 G:0 B:0
  2436 : 000000000000 ; -- R:0 G:0 B:0
  2437 : 000000000000 ; -- R:0 G:0 B:0
  2438 : 000000000000 ; -- R:0 G:0 B:0
  2439 : 000000000000 ; -- R:0 G:0 B:0
  2440 : 000000000000 ; -- R:0 G:0 B:0
  2441 : 000000000000 ; -- R:0 G:0 B:0
  2442 : 000000000000 ; -- R:0 G:0 B:0
  2443 : 000000000000 ; -- R:0 G:0 B:0
  2444 : 000000000000 ; -- R:0 G:0 B:0
  2445 : 000000000000 ; -- R:0 G:0 B:0
  2446 : 000000000000 ; -- R:0 G:0 B:0
  2447 : 000000000000 ; -- R:0 G:0 B:0
  2448 : 000000000000 ; -- R:0 G:0 B:0
  2449 : 000000000000 ; -- R:0 G:0 B:0
  2450 : 000000000000 ; -- R:0 G:0 B:0
  2451 : 000000000000 ; -- R:0 G:0 B:0
  2452 : 000000000000 ; -- R:0 G:0 B:0
  2453 : 000000000000 ; -- R:0 G:0 B:0
  2454 : 000000000000 ; -- R:0 G:0 B:0
  2455 : 000000000000 ; -- R:0 G:0 B:0
  2456 : 000000000000 ; -- R:0 G:0 B:0
  2457 : 000000000000 ; -- R:0 G:0 B:0
  2458 : 000000000000 ; -- R:0 G:0 B:0
  2459 : 000000000000 ; -- R:0 G:0 B:0
  2460 : 000000000000 ; -- R:0 G:0 B:0
  2461 : 000000000000 ; -- R:0 G:0 B:0
  2462 : 000000000000 ; -- R:0 G:0 B:0
  2463 : 000000000000 ; -- R:0 G:0 B:0
  2464 : 000000000000 ; -- R:0 G:0 B:0
  2465 : 000000000000 ; -- R:0 G:0 B:0
  2466 : 000000000000 ; -- R:0 G:0 B:0
  2467 : 000000000000 ; -- R:0 G:0 B:0
  2468 : 000000000000 ; -- R:0 G:0 B:0
  2469 : 000000000000 ; -- R:0 G:0 B:0
  2470 : 000000000000 ; -- R:0 G:0 B:0
  2471 : 000000000000 ; -- R:0 G:0 B:0
  2472 : 000000000000 ; -- R:0 G:0 B:0
  2473 : 000000000000 ; -- R:0 G:0 B:0
  2474 : 000000000000 ; -- R:0 G:0 B:0
  2475 : 000000000000 ; -- R:0 G:0 B:0
  2476 : 000000000000 ; -- R:0 G:0 B:0
  2477 : 000000000000 ; -- R:0 G:0 B:0
  2478 : 000000000000 ; -- R:0 G:0 B:0
  2479 : 000000000000 ; -- R:0 G:0 B:0
  2480 : 000000000000 ; -- R:0 G:0 B:0
  2481 : 000000000000 ; -- R:0 G:0 B:0
  2482 : 000000000000 ; -- R:0 G:0 B:0
  2483 : 000000000000 ; -- R:0 G:0 B:0
  2484 : 000000000000 ; -- R:0 G:0 B:0
  2485 : 000000000000 ; -- R:0 G:0 B:0
  2486 : 000000000000 ; -- R:0 G:0 B:0
  2487 : 000000000000 ; -- R:0 G:0 B:0
  2488 : 000000000000 ; -- R:0 G:0 B:0
  2489 : 000000000000 ; -- R:0 G:0 B:0
  2490 : 000000000000 ; -- R:0 G:0 B:0
  2491 : 000000000000 ; -- R:0 G:0 B:0
  2492 : 000000000000 ; -- R:0 G:0 B:0
  2493 : 000000000000 ; -- R:0 G:0 B:0
  2494 : 000000000000 ; -- R:0 G:0 B:0
  2495 : 000000000000 ; -- R:0 G:0 B:0
  2496 : 000000000000 ; -- R:0 G:0 B:0
  2497 : 000000000000 ; -- R:0 G:0 B:0
  2498 : 000000000000 ; -- R:0 G:0 B:0
  2499 : 000000000000 ; -- R:0 G:0 B:0
  2500 : 000000000000 ; -- R:0 G:0 B:0
  2501 : 000000000000 ; -- R:0 G:0 B:0
  2502 : 000000000000 ; -- R:0 G:0 B:0
  2503 : 000000000000 ; -- R:0 G:0 B:0
  2504 : 000000000000 ; -- R:0 G:0 B:0
  2505 : 000000000000 ; -- R:0 G:0 B:0
  2506 : 000000000000 ; -- R:0 G:0 B:0
  2507 : 000000000000 ; -- R:0 G:0 B:0
  2508 : 000000000000 ; -- R:0 G:0 B:0
  2509 : 000000000000 ; -- R:0 G:0 B:0
  2510 : 000000000000 ; -- R:0 G:0 B:0
  2511 : 000000000000 ; -- R:0 G:0 B:0
  2512 : 000000000000 ; -- R:0 G:0 B:0
  2513 : 000000000000 ; -- R:0 G:0 B:0
  2514 : 000000000000 ; -- R:0 G:0 B:0
  2515 : 000000000000 ; -- R:0 G:0 B:0
  2516 : 000000000000 ; -- R:0 G:0 B:0
  2517 : 000000000000 ; -- R:0 G:0 B:0
  2518 : 000000000000 ; -- R:0 G:0 B:0
  2519 : 000000000000 ; -- R:0 G:0 B:0
  2520 : 000000000000 ; -- R:0 G:0 B:0
  2521 : 000000000000 ; -- R:0 G:0 B:0
  2522 : 000000000000 ; -- R:0 G:0 B:0
  2523 : 000000000000 ; -- R:0 G:0 B:0
  2524 : 000000000000 ; -- R:0 G:0 B:0
  2525 : 000000000000 ; -- R:0 G:0 B:0
  2526 : 000000000000 ; -- R:0 G:0 B:0
  2527 : 000000000000 ; -- R:0 G:0 B:0
  2528 : 000000000000 ; -- R:0 G:0 B:0
  2529 : 000000000000 ; -- R:0 G:0 B:0
  2530 : 000000000000 ; -- R:0 G:0 B:0
  2531 : 000000000000 ; -- R:0 G:0 B:0
  2532 : 000000000000 ; -- R:0 G:0 B:0
  2533 : 000000000000 ; -- R:0 G:0 B:0
  2534 : 000000000000 ; -- R:0 G:0 B:0
  2535 : 000000000000 ; -- R:0 G:0 B:0
  2536 : 000000000000 ; -- R:0 G:0 B:0
  2537 : 000000000000 ; -- R:0 G:0 B:0
  2538 : 000000000000 ; -- R:0 G:0 B:0
  2539 : 000000000000 ; -- R:0 G:0 B:0
  2540 : 000000000000 ; -- R:0 G:0 B:0
  2541 : 000000000000 ; -- R:0 G:0 B:0
  2542 : 000000000000 ; -- R:0 G:0 B:0
  2543 : 000000000000 ; -- R:0 G:0 B:0
  2544 : 000000000000 ; -- R:0 G:0 B:0
  2545 : 000000000000 ; -- R:0 G:0 B:0
  2546 : 000000000000 ; -- R:0 G:0 B:0
  2547 : 000000000000 ; -- R:0 G:0 B:0
  2548 : 000000000000 ; -- R:0 G:0 B:0
  2549 : 000000000000 ; -- R:0 G:0 B:0
  2550 : 000000000000 ; -- R:0 G:0 B:0
  2551 : 000000000000 ; -- R:0 G:0 B:0
  2552 : 000000000000 ; -- R:0 G:0 B:0
  2553 : 000000000000 ; -- R:0 G:0 B:0
  2554 : 000000000000 ; -- R:0 G:0 B:0
  2555 : 000000000000 ; -- R:0 G:0 B:0
  2556 : 000000000000 ; -- R:0 G:0 B:0
  2557 : 000000000000 ; -- R:0 G:0 B:0
  2558 : 000000000000 ; -- R:0 G:0 B:0
  2559 : 000000000000 ; -- R:0 G:0 B:0
  2560 : 000000000000 ; -- R:0 G:0 B:0
  2561 : 000000000000 ; -- R:0 G:0 B:0
  2562 : 000000000000 ; -- R:0 G:0 B:0
  2563 : 000000000000 ; -- R:0 G:0 B:0
  2564 : 000000000000 ; -- R:0 G:0 B:0
  2565 : 000000000000 ; -- R:0 G:0 B:0
  2566 : 000000000000 ; -- R:0 G:0 B:0
  2567 : 000000000000 ; -- R:0 G:0 B:0
  2568 : 000000000000 ; -- R:0 G:0 B:0
  2569 : 000000000000 ; -- R:0 G:0 B:0
  2570 : 000000000000 ; -- R:0 G:0 B:0
  2571 : 000000000000 ; -- R:0 G:0 B:0
  2572 : 000000000000 ; -- R:0 G:0 B:0
  2573 : 000000000000 ; -- R:0 G:0 B:0
  2574 : 000000000000 ; -- R:0 G:0 B:0
  2575 : 000000000000 ; -- R:0 G:0 B:0
  2576 : 000000000000 ; -- R:0 G:0 B:0
  2577 : 000000000000 ; -- R:0 G:0 B:0
  2578 : 000000000000 ; -- R:0 G:0 B:0
  2579 : 000000000000 ; -- R:0 G:0 B:0
  2580 : 000000000000 ; -- R:0 G:0 B:0
  2581 : 000000000000 ; -- R:0 G:0 B:0
  2582 : 000000000000 ; -- R:0 G:0 B:0
  2583 : 000000000000 ; -- R:0 G:0 B:0
  2584 : 000000000000 ; -- R:0 G:0 B:0
  2585 : 000000000000 ; -- R:0 G:0 B:0
  2586 : 000000000000 ; -- R:0 G:0 B:0
  2587 : 000000000000 ; -- R:0 G:0 B:0
  2588 : 000000000000 ; -- R:0 G:0 B:0
  2589 : 000000000000 ; -- R:0 G:0 B:0
  2590 : 000000000000 ; -- R:0 G:0 B:0
  2591 : 000000000000 ; -- R:0 G:0 B:0
  2592 : 000000000000 ; -- R:0 G:0 B:0
  2593 : 000000000000 ; -- R:0 G:0 B:0
  2594 : 000000000000 ; -- R:0 G:0 B:0
  2595 : 000000000000 ; -- R:0 G:0 B:0
  2596 : 000000000000 ; -- R:0 G:0 B:0
  2597 : 000000000000 ; -- R:0 G:0 B:0
  2598 : 000000000000 ; -- R:0 G:0 B:0
  2599 : 000000000000 ; -- R:0 G:0 B:0
  2600 : 000000000000 ; -- R:0 G:0 B:0
  2601 : 000000000000 ; -- R:0 G:0 B:0
  2602 : 000000000000 ; -- R:0 G:0 B:0
  2603 : 000000000000 ; -- R:0 G:0 B:0
  2604 : 000000000000 ; -- R:0 G:0 B:0
  2605 : 000000000000 ; -- R:0 G:0 B:0
  2606 : 000000000000 ; -- R:0 G:0 B:0
  2607 : 000000000000 ; -- R:0 G:0 B:0
  2608 : 000000000000 ; -- R:0 G:0 B:0
  2609 : 000000000000 ; -- R:0 G:0 B:0
  2610 : 000000000000 ; -- R:0 G:0 B:0
  2611 : 000000000000 ; -- R:0 G:0 B:0
  2612 : 000000000000 ; -- R:0 G:0 B:0
  2613 : 000000000000 ; -- R:0 G:0 B:0
  2614 : 000000000000 ; -- R:0 G:0 B:0
  2615 : 000000000000 ; -- R:0 G:0 B:0
  2616 : 000000000000 ; -- R:0 G:0 B:0
  2617 : 000000000000 ; -- R:0 G:0 B:0
  2618 : 000000000000 ; -- R:0 G:0 B:0
  2619 : 000000000000 ; -- R:0 G:0 B:0
  2620 : 000000000000 ; -- R:0 G:0 B:0
  2621 : 000000000000 ; -- R:0 G:0 B:0
  2622 : 000000000000 ; -- R:0 G:0 B:0
  2623 : 000000000000 ; -- R:0 G:0 B:0
  2624 : 000000000000 ; -- R:0 G:0 B:0
  2625 : 000000000000 ; -- R:0 G:0 B:0
  2626 : 000000000000 ; -- R:0 G:0 B:0
  2627 : 000000000000 ; -- R:0 G:0 B:0
  2628 : 000000000000 ; -- R:0 G:0 B:0
  2629 : 000000000000 ; -- R:0 G:0 B:0
  2630 : 000000000000 ; -- R:0 G:0 B:0
  2631 : 000000000000 ; -- R:0 G:0 B:0
  2632 : 000000000000 ; -- R:0 G:0 B:0
  2633 : 000000000000 ; -- R:0 G:0 B:0
  2634 : 000000000000 ; -- R:0 G:0 B:0
  2635 : 000000000000 ; -- R:0 G:0 B:0
  2636 : 000000000000 ; -- R:0 G:0 B:0
  2637 : 000000000000 ; -- R:0 G:0 B:0
  2638 : 000000000000 ; -- R:0 G:0 B:0
  2639 : 000000000000 ; -- R:0 G:0 B:0
  2640 : 000000000000 ; -- R:0 G:0 B:0
  2641 : 000000000000 ; -- R:0 G:0 B:0
  2642 : 000000000000 ; -- R:0 G:0 B:0
  2643 : 000000000000 ; -- R:0 G:0 B:0
  2644 : 000000000000 ; -- R:0 G:0 B:0
  2645 : 000000000000 ; -- R:0 G:0 B:0
  2646 : 000000000000 ; -- R:0 G:0 B:0
  2647 : 000000000000 ; -- R:0 G:0 B:0
  2648 : 000000000000 ; -- R:0 G:0 B:0
  2649 : 000000000000 ; -- R:0 G:0 B:0
  2650 : 000000000000 ; -- R:0 G:0 B:0
  2651 : 000000000000 ; -- R:0 G:0 B:0
  2652 : 000000000000 ; -- R:0 G:0 B:0
  2653 : 000000000000 ; -- R:0 G:0 B:0
  2654 : 000000000000 ; -- R:0 G:0 B:0
  2655 : 000000000000 ; -- R:0 G:0 B:0
  2656 : 000000000000 ; -- R:0 G:0 B:0
  2657 : 000000000000 ; -- R:0 G:0 B:0
  2658 : 000000000000 ; -- R:0 G:0 B:0
  2659 : 000000000000 ; -- R:0 G:0 B:0
  2660 : 000000000000 ; -- R:0 G:0 B:0
  2661 : 000000000000 ; -- R:0 G:0 B:0
  2662 : 000000000000 ; -- R:0 G:0 B:0
  2663 : 000000000000 ; -- R:0 G:0 B:0
  2664 : 000000000000 ; -- R:0 G:0 B:0
  2665 : 000000000000 ; -- R:0 G:0 B:0
  2666 : 000000000000 ; -- R:0 G:0 B:0
  2667 : 000000000000 ; -- R:0 G:0 B:0
  2668 : 000000000000 ; -- R:0 G:0 B:0
  2669 : 000000000000 ; -- R:0 G:0 B:0
  2670 : 000000000000 ; -- R:0 G:0 B:0
  2671 : 000000000000 ; -- R:0 G:0 B:0
  2672 : 000000000000 ; -- R:0 G:0 B:0
  2673 : 000000000000 ; -- R:0 G:0 B:0
  2674 : 000000000000 ; -- R:0 G:0 B:0
  2675 : 000000000000 ; -- R:0 G:0 B:0
  2676 : 000000000000 ; -- R:0 G:0 B:0
  2677 : 000000000000 ; -- R:0 G:0 B:0
  2678 : 000000000000 ; -- R:0 G:0 B:0
  2679 : 000000000000 ; -- R:0 G:0 B:0
  2680 : 000000000000 ; -- R:0 G:0 B:0
  2681 : 000000000000 ; -- R:0 G:0 B:0
  2682 : 000000000000 ; -- R:0 G:0 B:0
  2683 : 000000000000 ; -- R:0 G:0 B:0
  2684 : 000000000000 ; -- R:0 G:0 B:0
  2685 : 000000000000 ; -- R:0 G:0 B:0
  2686 : 000000000000 ; -- R:0 G:0 B:0
  2687 : 000000000000 ; -- R:0 G:0 B:0
  2688 : 000000000000 ; -- R:0 G:0 B:0
  2689 : 000000000000 ; -- R:0 G:0 B:0
  2690 : 000000000000 ; -- R:0 G:0 B:0
  2691 : 000000000000 ; -- R:0 G:0 B:0
  2692 : 000000000000 ; -- R:0 G:0 B:0
  2693 : 000000000000 ; -- R:0 G:0 B:0
  2694 : 000000000000 ; -- R:0 G:0 B:0
  2695 : 000000000000 ; -- R:0 G:0 B:0
  2696 : 000000000000 ; -- R:0 G:0 B:0
  2697 : 000000000000 ; -- R:0 G:0 B:0
  2698 : 000000000000 ; -- R:0 G:0 B:0
  2699 : 000000000000 ; -- R:0 G:0 B:0
  2700 : 000000000000 ; -- R:0 G:0 B:0
  2701 : 000000000000 ; -- R:0 G:0 B:0
  2702 : 000000000000 ; -- R:0 G:0 B:0
  2703 : 000000000000 ; -- R:0 G:0 B:0
  2704 : 000000000000 ; -- R:0 G:0 B:0
  2705 : 000000000000 ; -- R:0 G:0 B:0
  2706 : 000000000000 ; -- R:0 G:0 B:0
  2707 : 000000000000 ; -- R:0 G:0 B:0
  2708 : 000000000000 ; -- R:0 G:0 B:0
  2709 : 000000000000 ; -- R:0 G:0 B:0
  2710 : 011101100110 ; -- R:7 G:6 B:6
  2711 : 011101110110 ; -- R:7 G:7 B:6
  2712 : 011101110110 ; -- R:7 G:7 B:6
  2713 : 011101110110 ; -- R:7 G:7 B:6
  2714 : 011101100110 ; -- R:7 G:6 B:6
  2715 : 000000000000 ; -- R:0 G:0 B:0
  2716 : 000000000000 ; -- R:0 G:0 B:0
  2717 : 000000000000 ; -- R:0 G:0 B:0
  2718 : 000000000000 ; -- R:0 G:0 B:0
  2719 : 000000000000 ; -- R:0 G:0 B:0
  2720 : 000000000000 ; -- R:0 G:0 B:0
  2721 : 000000000000 ; -- R:0 G:0 B:0
  2722 : 000000000000 ; -- R:0 G:0 B:0
  2723 : 000000000000 ; -- R:0 G:0 B:0
  2724 : 000000000000 ; -- R:0 G:0 B:0
  2725 : 000000000000 ; -- R:0 G:0 B:0
  2726 : 011101100110 ; -- R:7 G:6 B:6
  2727 : 011101110110 ; -- R:7 G:7 B:6
  2728 : 011101110110 ; -- R:7 G:7 B:6
  2729 : 011101100110 ; -- R:7 G:6 B:6
  2730 : 000000000000 ; -- R:0 G:0 B:0
  2731 : 000000000000 ; -- R:0 G:0 B:0
  2732 : 000000000000 ; -- R:0 G:0 B:0
  2733 : 000000000000 ; -- R:0 G:0 B:0
  2734 : 000000000000 ; -- R:0 G:0 B:0
  2735 : 000000000000 ; -- R:0 G:0 B:0
  2736 : 000000000000 ; -- R:0 G:0 B:0
  2737 : 000000000000 ; -- R:0 G:0 B:0
  2738 : 000000000000 ; -- R:0 G:0 B:0
  2739 : 000000000000 ; -- R:0 G:0 B:0
  2740 : 000000000000 ; -- R:0 G:0 B:0
  2741 : 000000000000 ; -- R:0 G:0 B:0
  2742 : 000000000000 ; -- R:0 G:0 B:0
  2743 : 000000000000 ; -- R:0 G:0 B:0
  2744 : 000000000000 ; -- R:0 G:0 B:0
  2745 : 000000000000 ; -- R:0 G:0 B:0
  2746 : 000000000000 ; -- R:0 G:0 B:0
  2747 : 000000000000 ; -- R:0 G:0 B:0
  2748 : 000000000000 ; -- R:0 G:0 B:0
  2749 : 000000000000 ; -- R:0 G:0 B:0
  2750 : 000000000000 ; -- R:0 G:0 B:0
  2751 : 000000000000 ; -- R:0 G:0 B:0
  2752 : 000000000000 ; -- R:0 G:0 B:0
  2753 : 000000000000 ; -- R:0 G:0 B:0
  2754 : 000000000000 ; -- R:0 G:0 B:0
  2755 : 000000000000 ; -- R:0 G:0 B:0
  2756 : 000000000000 ; -- R:0 G:0 B:0
  2757 : 000000000000 ; -- R:0 G:0 B:0
  2758 : 000000000000 ; -- R:0 G:0 B:0
  2759 : 000000000000 ; -- R:0 G:0 B:0
  2760 : 000000000000 ; -- R:0 G:0 B:0
  2761 : 000000000000 ; -- R:0 G:0 B:0
  2762 : 000000000000 ; -- R:0 G:0 B:0
  2763 : 000000000000 ; -- R:0 G:0 B:0
  2764 : 000000000000 ; -- R:0 G:0 B:0
  2765 : 000000000000 ; -- R:0 G:0 B:0
  2766 : 000000000000 ; -- R:0 G:0 B:0
  2767 : 000000000000 ; -- R:0 G:0 B:0
  2768 : 000000000000 ; -- R:0 G:0 B:0
  2769 : 000000000000 ; -- R:0 G:0 B:0
  2770 : 000000000000 ; -- R:0 G:0 B:0
  2771 : 000000000000 ; -- R:0 G:0 B:0
  2772 : 011101100110 ; -- R:7 G:6 B:6
  2773 : 101010011000 ; -- R:A G:9 B:8
  2774 : 101110101001 ; -- R:B G:A B:9
  2775 : 101110101001 ; -- R:B G:A B:9
  2776 : 101110101001 ; -- R:B G:A B:9
  2777 : 101110101001 ; -- R:B G:A B:9
  2778 : 101110101001 ; -- R:B G:A B:9
  2779 : 011101110110 ; -- R:7 G:7 B:6
  2780 : 000000000000 ; -- R:0 G:0 B:0
  2781 : 000000000000 ; -- R:0 G:0 B:0
  2782 : 000000000000 ; -- R:0 G:0 B:0
  2783 : 000000000000 ; -- R:0 G:0 B:0
  2784 : 000000000000 ; -- R:0 G:0 B:0
  2785 : 000000000000 ; -- R:0 G:0 B:0
  2786 : 000000000000 ; -- R:0 G:0 B:0
  2787 : 000000000000 ; -- R:0 G:0 B:0
  2788 : 011101110110 ; -- R:7 G:7 B:6
  2789 : 101110101001 ; -- R:B G:A B:9
  2790 : 101110101001 ; -- R:B G:A B:9
  2791 : 101110101001 ; -- R:B G:A B:9
  2792 : 101110101001 ; -- R:B G:A B:9
  2793 : 101110101001 ; -- R:B G:A B:9
  2794 : 101010011001 ; -- R:A G:9 B:9
  2795 : 011101100110 ; -- R:7 G:6 B:6
  2796 : 000000000000 ; -- R:0 G:0 B:0
  2797 : 000000000000 ; -- R:0 G:0 B:0
  2798 : 000000000000 ; -- R:0 G:0 B:0
  2799 : 000000000000 ; -- R:0 G:0 B:0
  2800 : 000000000000 ; -- R:0 G:0 B:0
  2801 : 000000000000 ; -- R:0 G:0 B:0
  2802 : 000000000000 ; -- R:0 G:0 B:0
  2803 : 000000000000 ; -- R:0 G:0 B:0
  2804 : 000000000000 ; -- R:0 G:0 B:0
  2805 : 000000000000 ; -- R:0 G:0 B:0
  2806 : 000000000000 ; -- R:0 G:0 B:0
  2807 : 000000000000 ; -- R:0 G:0 B:0
  2808 : 000000000000 ; -- R:0 G:0 B:0
  2809 : 000000000000 ; -- R:0 G:0 B:0
  2810 : 000000000000 ; -- R:0 G:0 B:0
  2811 : 000000000000 ; -- R:0 G:0 B:0
  2812 : 000000000000 ; -- R:0 G:0 B:0
  2813 : 000000000000 ; -- R:0 G:0 B:0
  2814 : 000000000000 ; -- R:0 G:0 B:0
  2815 : 000000000000 ; -- R:0 G:0 B:0
  2816 : 000000000000 ; -- R:0 G:0 B:0
  2817 : 000000000000 ; -- R:0 G:0 B:0
  2818 : 000000000000 ; -- R:0 G:0 B:0
  2819 : 000000000000 ; -- R:0 G:0 B:0
  2820 : 000000000000 ; -- R:0 G:0 B:0
  2821 : 000000000000 ; -- R:0 G:0 B:0
  2822 : 000000000000 ; -- R:0 G:0 B:0
  2823 : 000000000000 ; -- R:0 G:0 B:0
  2824 : 000000000000 ; -- R:0 G:0 B:0
  2825 : 000000000000 ; -- R:0 G:0 B:0
  2826 : 000000000000 ; -- R:0 G:0 B:0
  2827 : 000000000000 ; -- R:0 G:0 B:0
  2828 : 000000000000 ; -- R:0 G:0 B:0
  2829 : 000000000000 ; -- R:0 G:0 B:0
  2830 : 000000000000 ; -- R:0 G:0 B:0
  2831 : 000000000000 ; -- R:0 G:0 B:0
  2832 : 000000000000 ; -- R:0 G:0 B:0
  2833 : 000000000000 ; -- R:0 G:0 B:0
  2834 : 011101100110 ; -- R:7 G:6 B:6
  2835 : 101010011000 ; -- R:A G:9 B:8
  2836 : 101110101001 ; -- R:B G:A B:9
  2837 : 101010011000 ; -- R:A G:9 B:8
  2838 : 101010011000 ; -- R:A G:9 B:8
  2839 : 101010011000 ; -- R:A G:9 B:8
  2840 : 101010011000 ; -- R:A G:9 B:8
  2841 : 101010011000 ; -- R:A G:9 B:8
  2842 : 101010011000 ; -- R:A G:9 B:8
  2843 : 101110101001 ; -- R:B G:A B:9
  2844 : 101010011000 ; -- R:A G:9 B:8
  2845 : 011101110110 ; -- R:7 G:7 B:6
  2846 : 101010011000 ; -- R:A G:9 B:8
  2847 : 011101110110 ; -- R:7 G:7 B:6
  2848 : 011101110110 ; -- R:7 G:7 B:6
  2849 : 101010011000 ; -- R:A G:9 B:8
  2850 : 011101110110 ; -- R:7 G:7 B:6
  2851 : 101010011000 ; -- R:A G:9 B:8
  2852 : 101110101001 ; -- R:B G:A B:9
  2853 : 101010011000 ; -- R:A G:9 B:8
  2854 : 101010011000 ; -- R:A G:9 B:8
  2855 : 101010011000 ; -- R:A G:9 B:8
  2856 : 101010011000 ; -- R:A G:9 B:8
  2857 : 101010011000 ; -- R:A G:9 B:8
  2858 : 101010011000 ; -- R:A G:9 B:8
  2859 : 101110101001 ; -- R:B G:A B:9
  2860 : 101010011000 ; -- R:A G:9 B:8
  2861 : 011101100110 ; -- R:7 G:6 B:6
  2862 : 000000000000 ; -- R:0 G:0 B:0
  2863 : 000000000000 ; -- R:0 G:0 B:0
  2864 : 000000000000 ; -- R:0 G:0 B:0
  2865 : 000000000000 ; -- R:0 G:0 B:0
  2866 : 000000000000 ; -- R:0 G:0 B:0
  2867 : 000000000000 ; -- R:0 G:0 B:0
  2868 : 000000000000 ; -- R:0 G:0 B:0
  2869 : 000000000000 ; -- R:0 G:0 B:0
  2870 : 000000000000 ; -- R:0 G:0 B:0
  2871 : 000000000000 ; -- R:0 G:0 B:0
  2872 : 000000000000 ; -- R:0 G:0 B:0
  2873 : 000000000000 ; -- R:0 G:0 B:0
  2874 : 000000000000 ; -- R:0 G:0 B:0
  2875 : 000000000000 ; -- R:0 G:0 B:0
  2876 : 000000000000 ; -- R:0 G:0 B:0
  2877 : 000000000000 ; -- R:0 G:0 B:0
  2878 : 000000000000 ; -- R:0 G:0 B:0
  2879 : 000000000000 ; -- R:0 G:0 B:0
  2880 : 000000000000 ; -- R:0 G:0 B:0
  2881 : 000000000000 ; -- R:0 G:0 B:0
  2882 : 000000000000 ; -- R:0 G:0 B:0
  2883 : 000000000000 ; -- R:0 G:0 B:0
  2884 : 000000000000 ; -- R:0 G:0 B:0
  2885 : 000000000000 ; -- R:0 G:0 B:0
  2886 : 000000000000 ; -- R:0 G:0 B:0
  2887 : 000000000000 ; -- R:0 G:0 B:0
  2888 : 000000000000 ; -- R:0 G:0 B:0
  2889 : 000000000000 ; -- R:0 G:0 B:0
  2890 : 000000000000 ; -- R:0 G:0 B:0
  2891 : 000000000000 ; -- R:0 G:0 B:0
  2892 : 000000000000 ; -- R:0 G:0 B:0
  2893 : 000000000000 ; -- R:0 G:0 B:0
  2894 : 000000000000 ; -- R:0 G:0 B:0
  2895 : 000000000000 ; -- R:0 G:0 B:0
  2896 : 000000000000 ; -- R:0 G:0 B:0
  2897 : 101010011000 ; -- R:A G:9 B:8
  2898 : 101110101001 ; -- R:B G:A B:9
  2899 : 101010011001 ; -- R:A G:9 B:9
  2900 : 101010011000 ; -- R:A G:9 B:8
  2901 : 101010011000 ; -- R:A G:9 B:8
  2902 : 101010011000 ; -- R:A G:9 B:8
  2903 : 101010011000 ; -- R:A G:9 B:8
  2904 : 101010011000 ; -- R:A G:9 B:8
  2905 : 101010011000 ; -- R:A G:9 B:8
  2906 : 101010011000 ; -- R:A G:9 B:8
  2907 : 101010011000 ; -- R:A G:9 B:8
  2908 : 101010011000 ; -- R:A G:9 B:8
  2909 : 101010011000 ; -- R:A G:9 B:8
  2910 : 101010011000 ; -- R:A G:9 B:8
  2911 : 101010011000 ; -- R:A G:9 B:8
  2912 : 101010011000 ; -- R:A G:9 B:8
  2913 : 101010011000 ; -- R:A G:9 B:8
  2914 : 101010011001 ; -- R:A G:9 B:9
  2915 : 101010011000 ; -- R:A G:9 B:8
  2916 : 101010011000 ; -- R:A G:9 B:8
  2917 : 101010011000 ; -- R:A G:9 B:8
  2918 : 101010011000 ; -- R:A G:9 B:8
  2919 : 101010011000 ; -- R:A G:9 B:8
  2920 : 101010011000 ; -- R:A G:9 B:8
  2921 : 101010011000 ; -- R:A G:9 B:8
  2922 : 101010011000 ; -- R:A G:9 B:8
  2923 : 101010011000 ; -- R:A G:9 B:8
  2924 : 101010011000 ; -- R:A G:9 B:8
  2925 : 101110101001 ; -- R:B G:A B:9
  2926 : 101010011000 ; -- R:A G:9 B:8
  2927 : 000000000000 ; -- R:0 G:0 B:0
  2928 : 000000000000 ; -- R:0 G:0 B:0
  2929 : 000000000000 ; -- R:0 G:0 B:0
  2930 : 000000000000 ; -- R:0 G:0 B:0
  2931 : 000000000000 ; -- R:0 G:0 B:0
  2932 : 000000000000 ; -- R:0 G:0 B:0
  2933 : 000000000000 ; -- R:0 G:0 B:0
  2934 : 000000000000 ; -- R:0 G:0 B:0
  2935 : 000000000000 ; -- R:0 G:0 B:0
  2936 : 000000000000 ; -- R:0 G:0 B:0
  2937 : 000000000000 ; -- R:0 G:0 B:0
  2938 : 000000000000 ; -- R:0 G:0 B:0
  2939 : 000000000000 ; -- R:0 G:0 B:0
  2940 : 000000000000 ; -- R:0 G:0 B:0
  2941 : 000000000000 ; -- R:0 G:0 B:0
  2942 : 000000000000 ; -- R:0 G:0 B:0
  2943 : 000000000000 ; -- R:0 G:0 B:0
  2944 : 000000000000 ; -- R:0 G:0 B:0
  2945 : 000000000000 ; -- R:0 G:0 B:0
  2946 : 000000000000 ; -- R:0 G:0 B:0
  2947 : 000000000000 ; -- R:0 G:0 B:0
  2948 : 000000000000 ; -- R:0 G:0 B:0
  2949 : 000000000000 ; -- R:0 G:0 B:0
  2950 : 000000000000 ; -- R:0 G:0 B:0
  2951 : 000000000000 ; -- R:0 G:0 B:0
  2952 : 000000000000 ; -- R:0 G:0 B:0
  2953 : 000000000000 ; -- R:0 G:0 B:0
  2954 : 000000000000 ; -- R:0 G:0 B:0
  2955 : 000000000000 ; -- R:0 G:0 B:0
  2956 : 000000000000 ; -- R:0 G:0 B:0
  2957 : 000000000000 ; -- R:0 G:0 B:0
  2958 : 000000000000 ; -- R:0 G:0 B:0
  2959 : 000000000000 ; -- R:0 G:0 B:0
  2960 : 101010011000 ; -- R:A G:9 B:8
  2961 : 101010011001 ; -- R:A G:9 B:9
  2962 : 101010011000 ; -- R:A G:9 B:8
  2963 : 101010011000 ; -- R:A G:9 B:8
  2964 : 101010011000 ; -- R:A G:9 B:8
  2965 : 101010011000 ; -- R:A G:9 B:8
  2966 : 101010011000 ; -- R:A G:9 B:8
  2967 : 101010011000 ; -- R:A G:9 B:8
  2968 : 101010011000 ; -- R:A G:9 B:8
  2969 : 101010011000 ; -- R:A G:9 B:8
  2970 : 101010011001 ; -- R:A G:9 B:9
  2971 : 101010011001 ; -- R:A G:9 B:9
  2972 : 101010011001 ; -- R:A G:9 B:9
  2973 : 101010011001 ; -- R:A G:9 B:9
  2974 : 101010011001 ; -- R:A G:9 B:9
  2975 : 101010011001 ; -- R:A G:9 B:9
  2976 : 101010011001 ; -- R:A G:9 B:9
  2977 : 101010011001 ; -- R:A G:9 B:9
  2978 : 101010011001 ; -- R:A G:9 B:9
  2979 : 101010011001 ; -- R:A G:9 B:9
  2980 : 101010011001 ; -- R:A G:9 B:9
  2981 : 101010011001 ; -- R:A G:9 B:9
  2982 : 101010011000 ; -- R:A G:9 B:8
  2983 : 101010011000 ; -- R:A G:9 B:8
  2984 : 101010011000 ; -- R:A G:9 B:8
  2985 : 101010011000 ; -- R:A G:9 B:8
  2986 : 101010011000 ; -- R:A G:9 B:8
  2987 : 101010011000 ; -- R:A G:9 B:8
  2988 : 101010011000 ; -- R:A G:9 B:8
  2989 : 101010011000 ; -- R:A G:9 B:8
  2990 : 101010011001 ; -- R:A G:9 B:9
  2991 : 101010011000 ; -- R:A G:9 B:8
  2992 : 000000000000 ; -- R:0 G:0 B:0
  2993 : 000000000000 ; -- R:0 G:0 B:0
  2994 : 000000000000 ; -- R:0 G:0 B:0
  2995 : 000000000000 ; -- R:0 G:0 B:0
  2996 : 000000000000 ; -- R:0 G:0 B:0
  2997 : 000000000000 ; -- R:0 G:0 B:0
  2998 : 000000000000 ; -- R:0 G:0 B:0
  2999 : 000000000000 ; -- R:0 G:0 B:0
  3000 : 000000000000 ; -- R:0 G:0 B:0
  3001 : 000000000000 ; -- R:0 G:0 B:0
  3002 : 000000000000 ; -- R:0 G:0 B:0
  3003 : 000000000000 ; -- R:0 G:0 B:0
  3004 : 000000000000 ; -- R:0 G:0 B:0
  3005 : 000000000000 ; -- R:0 G:0 B:0
  3006 : 000000000000 ; -- R:0 G:0 B:0
  3007 : 000000000000 ; -- R:0 G:0 B:0
  3008 : 000000000000 ; -- R:0 G:0 B:0
  3009 : 000000000000 ; -- R:0 G:0 B:0
  3010 : 000000000000 ; -- R:0 G:0 B:0
  3011 : 000000000000 ; -- R:0 G:0 B:0
  3012 : 000000000000 ; -- R:0 G:0 B:0
  3013 : 000000000000 ; -- R:0 G:0 B:0
  3014 : 000000000000 ; -- R:0 G:0 B:0
  3015 : 000000000000 ; -- R:0 G:0 B:0
  3016 : 000000000000 ; -- R:0 G:0 B:0
  3017 : 000000000000 ; -- R:0 G:0 B:0
  3018 : 000000000000 ; -- R:0 G:0 B:0
  3019 : 000000000000 ; -- R:0 G:0 B:0
  3020 : 000000000000 ; -- R:0 G:0 B:0
  3021 : 000000000000 ; -- R:0 G:0 B:0
  3022 : 000000000000 ; -- R:0 G:0 B:0
  3023 : 101010011000 ; -- R:A G:9 B:8
  3024 : 101010011001 ; -- R:A G:9 B:9
  3025 : 101010011000 ; -- R:A G:9 B:8
  3026 : 101010011000 ; -- R:A G:9 B:8
  3027 : 101010011000 ; -- R:A G:9 B:8
  3028 : 101010011000 ; -- R:A G:9 B:8
  3029 : 101010011001 ; -- R:A G:9 B:9
  3030 : 101010011001 ; -- R:A G:9 B:9
  3031 : 101010011001 ; -- R:A G:9 B:9
  3032 : 101010011000 ; -- R:A G:9 B:8
  3033 : 101010011000 ; -- R:A G:9 B:8
  3034 : 101010011000 ; -- R:A G:9 B:8
  3035 : 101010011000 ; -- R:A G:9 B:8
  3036 : 101010011000 ; -- R:A G:9 B:8
  3037 : 101010011000 ; -- R:A G:9 B:8
  3038 : 101010011000 ; -- R:A G:9 B:8
  3039 : 101010011000 ; -- R:A G:9 B:8
  3040 : 101010011000 ; -- R:A G:9 B:8
  3041 : 101010011000 ; -- R:A G:9 B:8
  3042 : 101010011000 ; -- R:A G:9 B:8
  3043 : 101010011000 ; -- R:A G:9 B:8
  3044 : 101010011000 ; -- R:A G:9 B:8
  3045 : 101010011000 ; -- R:A G:9 B:8
  3046 : 101010011000 ; -- R:A G:9 B:8
  3047 : 101010011000 ; -- R:A G:9 B:8
  3048 : 101010011001 ; -- R:A G:9 B:9
  3049 : 101010011001 ; -- R:A G:9 B:9
  3050 : 101010011001 ; -- R:A G:9 B:9
  3051 : 101010011000 ; -- R:A G:9 B:8
  3052 : 101010011000 ; -- R:A G:9 B:8
  3053 : 101010011000 ; -- R:A G:9 B:8
  3054 : 101010011000 ; -- R:A G:9 B:8
  3055 : 101010011001 ; -- R:A G:9 B:9
  3056 : 101010011001 ; -- R:A G:9 B:9
  3057 : 000000000000 ; -- R:0 G:0 B:0
  3058 : 000000000000 ; -- R:0 G:0 B:0
  3059 : 000000000000 ; -- R:0 G:0 B:0
  3060 : 000000000000 ; -- R:0 G:0 B:0
  3061 : 000000000000 ; -- R:0 G:0 B:0
  3062 : 000000000000 ; -- R:0 G:0 B:0
  3063 : 000000000000 ; -- R:0 G:0 B:0
  3064 : 000000000000 ; -- R:0 G:0 B:0
  3065 : 000000000000 ; -- R:0 G:0 B:0
  3066 : 000000000000 ; -- R:0 G:0 B:0
  3067 : 000000000000 ; -- R:0 G:0 B:0
  3068 : 000000000000 ; -- R:0 G:0 B:0
  3069 : 000000000000 ; -- R:0 G:0 B:0
  3070 : 000000000000 ; -- R:0 G:0 B:0
  3071 : 000000000000 ; -- R:0 G:0 B:0
  3072 : 000000000000 ; -- R:0 G:0 B:0
  3073 : 000000000000 ; -- R:0 G:0 B:0
  3074 : 000000000000 ; -- R:0 G:0 B:0
  3075 : 000000000000 ; -- R:0 G:0 B:0
  3076 : 000000000000 ; -- R:0 G:0 B:0
  3077 : 000000000000 ; -- R:0 G:0 B:0
  3078 : 000000000000 ; -- R:0 G:0 B:0
  3079 : 000000000000 ; -- R:0 G:0 B:0
  3080 : 000000000000 ; -- R:0 G:0 B:0
  3081 : 000000000000 ; -- R:0 G:0 B:0
  3082 : 000000000000 ; -- R:0 G:0 B:0
  3083 : 000000000000 ; -- R:0 G:0 B:0
  3084 : 000000000000 ; -- R:0 G:0 B:0
  3085 : 000000000000 ; -- R:0 G:0 B:0
  3086 : 101010011000 ; -- R:A G:9 B:8
  3087 : 101010011001 ; -- R:A G:9 B:9
  3088 : 101010011000 ; -- R:A G:9 B:8
  3089 : 101010011001 ; -- R:A G:9 B:9
  3090 : 101010011001 ; -- R:A G:9 B:9
  3091 : 101010011000 ; -- R:A G:9 B:8
  3092 : 101010011000 ; -- R:A G:9 B:8
  3093 : 101010011000 ; -- R:A G:9 B:8
  3094 : 101010011000 ; -- R:A G:9 B:8
  3095 : 011101110110 ; -- R:7 G:7 B:6
  3096 : 011101110110 ; -- R:7 G:7 B:6
  3097 : 011101110110 ; -- R:7 G:7 B:6
  3098 : 011101110110 ; -- R:7 G:7 B:6
  3099 : 011101110110 ; -- R:7 G:7 B:6
  3100 : 011101110110 ; -- R:7 G:7 B:6
  3101 : 011101110110 ; -- R:7 G:7 B:6
  3102 : 011101110110 ; -- R:7 G:7 B:6
  3103 : 011101110110 ; -- R:7 G:7 B:6
  3104 : 011101110110 ; -- R:7 G:7 B:6
  3105 : 011101110110 ; -- R:7 G:7 B:6
  3106 : 011101110110 ; -- R:7 G:7 B:6
  3107 : 011101110110 ; -- R:7 G:7 B:6
  3108 : 011101110110 ; -- R:7 G:7 B:6
  3109 : 011101110110 ; -- R:7 G:7 B:6
  3110 : 011101110110 ; -- R:7 G:7 B:6
  3111 : 011101110110 ; -- R:7 G:7 B:6
  3112 : 011101110110 ; -- R:7 G:7 B:6
  3113 : 101010011000 ; -- R:A G:9 B:8
  3114 : 101010011000 ; -- R:A G:9 B:8
  3115 : 101010011000 ; -- R:A G:9 B:8
  3116 : 101010011000 ; -- R:A G:9 B:8
  3117 : 101010011001 ; -- R:A G:9 B:9
  3118 : 101010011001 ; -- R:A G:9 B:9
  3119 : 101010011000 ; -- R:A G:9 B:8
  3120 : 101010011000 ; -- R:A G:9 B:8
  3121 : 101010011001 ; -- R:A G:9 B:9
  3122 : 000000000000 ; -- R:0 G:0 B:0
  3123 : 000000000000 ; -- R:0 G:0 B:0
  3124 : 000000000000 ; -- R:0 G:0 B:0
  3125 : 000000000000 ; -- R:0 G:0 B:0
  3126 : 000000000000 ; -- R:0 G:0 B:0
  3127 : 000000000000 ; -- R:0 G:0 B:0
  3128 : 000000000000 ; -- R:0 G:0 B:0
  3129 : 000000000000 ; -- R:0 G:0 B:0
  3130 : 000000000000 ; -- R:0 G:0 B:0
  3131 : 000000000000 ; -- R:0 G:0 B:0
  3132 : 000000000000 ; -- R:0 G:0 B:0
  3133 : 000000000000 ; -- R:0 G:0 B:0
  3134 : 000000000000 ; -- R:0 G:0 B:0
  3135 : 000000000000 ; -- R:0 G:0 B:0
  3136 : 000000000000 ; -- R:0 G:0 B:0
  3137 : 000000000000 ; -- R:0 G:0 B:0
  3138 : 000000000000 ; -- R:0 G:0 B:0
  3139 : 000000000000 ; -- R:0 G:0 B:0
  3140 : 000000000000 ; -- R:0 G:0 B:0
  3141 : 000000000000 ; -- R:0 G:0 B:0
  3142 : 000000000000 ; -- R:0 G:0 B:0
  3143 : 000000000000 ; -- R:0 G:0 B:0
  3144 : 000000000000 ; -- R:0 G:0 B:0
  3145 : 000000000000 ; -- R:0 G:0 B:0
  3146 : 000000000000 ; -- R:0 G:0 B:0
  3147 : 000000000000 ; -- R:0 G:0 B:0
  3148 : 000000000000 ; -- R:0 G:0 B:0
  3149 : 101010011000 ; -- R:A G:9 B:8
  3150 : 101110101001 ; -- R:B G:A B:9
  3151 : 101010011000 ; -- R:A G:9 B:8
  3152 : 101010011000 ; -- R:A G:9 B:8
  3153 : 101010011000 ; -- R:A G:9 B:8
  3154 : 101010011000 ; -- R:A G:9 B:8
  3155 : 011101110110 ; -- R:7 G:7 B:6
  3156 : 011101110110 ; -- R:7 G:7 B:6
  3157 : 011101110110 ; -- R:7 G:7 B:6
  3158 : 011101100110 ; -- R:7 G:6 B:6
  3159 : 011101100110 ; -- R:7 G:6 B:6
  3160 : 011101100110 ; -- R:7 G:6 B:6
  3161 : 011101100110 ; -- R:7 G:6 B:6
  3162 : 011101100110 ; -- R:7 G:6 B:6
  3163 : 011101100110 ; -- R:7 G:6 B:6
  3164 : 011101100110 ; -- R:7 G:6 B:6
  3165 : 011101100110 ; -- R:7 G:6 B:6
  3166 : 011101100110 ; -- R:7 G:6 B:6
  3167 : 011101100110 ; -- R:7 G:6 B:6
  3168 : 011101100110 ; -- R:7 G:6 B:6
  3169 : 011101100110 ; -- R:7 G:6 B:6
  3170 : 011101100110 ; -- R:7 G:6 B:6
  3171 : 011101100110 ; -- R:7 G:6 B:6
  3172 : 011101100110 ; -- R:7 G:6 B:6
  3173 : 011101100110 ; -- R:7 G:6 B:6
  3174 : 011101100110 ; -- R:7 G:6 B:6
  3175 : 011101100110 ; -- R:7 G:6 B:6
  3176 : 011101100110 ; -- R:7 G:6 B:6
  3177 : 011101100110 ; -- R:7 G:6 B:6
  3178 : 011101110110 ; -- R:7 G:7 B:6
  3179 : 011101110110 ; -- R:7 G:7 B:6
  3180 : 011101110110 ; -- R:7 G:7 B:6
  3181 : 101010011000 ; -- R:A G:9 B:8
  3182 : 101010011000 ; -- R:A G:9 B:8
  3183 : 101010011000 ; -- R:A G:9 B:8
  3184 : 101010011000 ; -- R:A G:9 B:8
  3185 : 101010011001 ; -- R:A G:9 B:9
  3186 : 101010011000 ; -- R:A G:9 B:8
  3187 : 000000000000 ; -- R:0 G:0 B:0
  3188 : 000000000000 ; -- R:0 G:0 B:0
  3189 : 000000000000 ; -- R:0 G:0 B:0
  3190 : 000000000000 ; -- R:0 G:0 B:0
  3191 : 000000000000 ; -- R:0 G:0 B:0
  3192 : 000000000000 ; -- R:0 G:0 B:0
  3193 : 000000000000 ; -- R:0 G:0 B:0
  3194 : 000000000000 ; -- R:0 G:0 B:0
  3195 : 000000000000 ; -- R:0 G:0 B:0
  3196 : 000000000000 ; -- R:0 G:0 B:0
  3197 : 000000000000 ; -- R:0 G:0 B:0
  3198 : 000000000000 ; -- R:0 G:0 B:0
  3199 : 000000000000 ; -- R:0 G:0 B:0
  3200 : 000000000000 ; -- R:0 G:0 B:0
  3201 : 000000000000 ; -- R:0 G:0 B:0
  3202 : 000000000000 ; -- R:0 G:0 B:0
  3203 : 000000000000 ; -- R:0 G:0 B:0
  3204 : 000000000000 ; -- R:0 G:0 B:0
  3205 : 000000000000 ; -- R:0 G:0 B:0
  3206 : 000000000000 ; -- R:0 G:0 B:0
  3207 : 000000000000 ; -- R:0 G:0 B:0
  3208 : 000000000000 ; -- R:0 G:0 B:0
  3209 : 000000000000 ; -- R:0 G:0 B:0
  3210 : 000000000000 ; -- R:0 G:0 B:0
  3211 : 000000000000 ; -- R:0 G:0 B:0
  3212 : 011101100110 ; -- R:7 G:6 B:6
  3213 : 101110101001 ; -- R:B G:A B:9
  3214 : 101010011000 ; -- R:A G:9 B:8
  3215 : 101010011000 ; -- R:A G:9 B:8
  3216 : 011101110110 ; -- R:7 G:7 B:6
  3217 : 011101110110 ; -- R:7 G:7 B:6
  3218 : 011101100110 ; -- R:7 G:6 B:6
  3219 : 011101100110 ; -- R:7 G:6 B:6
  3220 : 011101100110 ; -- R:7 G:6 B:6
  3221 : 011101110110 ; -- R:7 G:7 B:6
  3222 : 011101110110 ; -- R:7 G:7 B:6
  3223 : 011101110110 ; -- R:7 G:7 B:6
  3224 : 101010011000 ; -- R:A G:9 B:8
  3225 : 101010011000 ; -- R:A G:9 B:8
  3226 : 101010011000 ; -- R:A G:9 B:8
  3227 : 101010011000 ; -- R:A G:9 B:8
  3228 : 101010011000 ; -- R:A G:9 B:8
  3229 : 101010011000 ; -- R:A G:9 B:8
  3230 : 101010011000 ; -- R:A G:9 B:8
  3231 : 101010011000 ; -- R:A G:9 B:8
  3232 : 101010011000 ; -- R:A G:9 B:8
  3233 : 101010011000 ; -- R:A G:9 B:8
  3234 : 101010011000 ; -- R:A G:9 B:8
  3235 : 101010011000 ; -- R:A G:9 B:8
  3236 : 101010011000 ; -- R:A G:9 B:8
  3237 : 101010011000 ; -- R:A G:9 B:8
  3238 : 101010011000 ; -- R:A G:9 B:8
  3239 : 101010011000 ; -- R:A G:9 B:8
  3240 : 011101110110 ; -- R:7 G:7 B:6
  3241 : 011101110110 ; -- R:7 G:7 B:6
  3242 : 011101110110 ; -- R:7 G:7 B:6
  3243 : 011101100110 ; -- R:7 G:6 B:6
  3244 : 011101100110 ; -- R:7 G:6 B:6
  3245 : 011101100110 ; -- R:7 G:6 B:6
  3246 : 011101110110 ; -- R:7 G:7 B:6
  3247 : 011101110110 ; -- R:7 G:7 B:6
  3248 : 101010011000 ; -- R:A G:9 B:8
  3249 : 101010011000 ; -- R:A G:9 B:8
  3250 : 101110101001 ; -- R:B G:A B:9
  3251 : 011101100110 ; -- R:7 G:6 B:6
  3252 : 000000000000 ; -- R:0 G:0 B:0
  3253 : 000000000000 ; -- R:0 G:0 B:0
  3254 : 000000000000 ; -- R:0 G:0 B:0
  3255 : 000000000000 ; -- R:0 G:0 B:0
  3256 : 000000000000 ; -- R:0 G:0 B:0
  3257 : 000000000000 ; -- R:0 G:0 B:0
  3258 : 000000000000 ; -- R:0 G:0 B:0
  3259 : 000000000000 ; -- R:0 G:0 B:0
  3260 : 000000000000 ; -- R:0 G:0 B:0
  3261 : 000000000000 ; -- R:0 G:0 B:0
  3262 : 000000000000 ; -- R:0 G:0 B:0
  3263 : 000000000000 ; -- R:0 G:0 B:0
  3264 : 000000000000 ; -- R:0 G:0 B:0
  3265 : 000000000000 ; -- R:0 G:0 B:0
  3266 : 000000000000 ; -- R:0 G:0 B:0
  3267 : 000000000000 ; -- R:0 G:0 B:0
  3268 : 000000000000 ; -- R:0 G:0 B:0
  3269 : 000000000000 ; -- R:0 G:0 B:0
  3270 : 000000000000 ; -- R:0 G:0 B:0
  3271 : 000000000000 ; -- R:0 G:0 B:0
  3272 : 000000000000 ; -- R:0 G:0 B:0
  3273 : 000000000000 ; -- R:0 G:0 B:0
  3274 : 000000000000 ; -- R:0 G:0 B:0
  3275 : 000000000000 ; -- R:0 G:0 B:0
  3276 : 101010011000 ; -- R:A G:9 B:8
  3277 : 101010011000 ; -- R:A G:9 B:8
  3278 : 011101110110 ; -- R:7 G:7 B:6
  3279 : 011101100110 ; -- R:7 G:6 B:6
  3280 : 011101100110 ; -- R:7 G:6 B:6
  3281 : 011101110110 ; -- R:7 G:7 B:6
  3282 : 011101110110 ; -- R:7 G:7 B:6
  3283 : 101010011000 ; -- R:A G:9 B:8
  3284 : 101010011000 ; -- R:A G:9 B:8
  3285 : 101010011001 ; -- R:A G:9 B:9
  3286 : 101010011001 ; -- R:A G:9 B:9
  3287 : 101010011001 ; -- R:A G:9 B:9
  3288 : 101010011001 ; -- R:A G:9 B:9
  3289 : 101010011001 ; -- R:A G:9 B:9
  3290 : 101010011001 ; -- R:A G:9 B:9
  3291 : 101010011000 ; -- R:A G:9 B:8
  3292 : 101010011000 ; -- R:A G:9 B:8
  3293 : 101010011001 ; -- R:A G:9 B:9
  3294 : 101010011000 ; -- R:A G:9 B:8
  3295 : 101010011000 ; -- R:A G:9 B:8
  3296 : 101010011000 ; -- R:A G:9 B:8
  3297 : 101010011000 ; -- R:A G:9 B:8
  3298 : 101010011001 ; -- R:A G:9 B:9
  3299 : 101010011000 ; -- R:A G:9 B:8
  3300 : 101010011000 ; -- R:A G:9 B:8
  3301 : 101010011001 ; -- R:A G:9 B:9
  3302 : 101010011001 ; -- R:A G:9 B:9
  3303 : 101010011001 ; -- R:A G:9 B:9
  3304 : 101010011001 ; -- R:A G:9 B:9
  3305 : 101010011001 ; -- R:A G:9 B:9
  3306 : 101010011001 ; -- R:A G:9 B:9
  3307 : 101010011000 ; -- R:A G:9 B:8
  3308 : 101010011000 ; -- R:A G:9 B:8
  3309 : 011101110110 ; -- R:7 G:7 B:6
  3310 : 011101110110 ; -- R:7 G:7 B:6
  3311 : 011101100110 ; -- R:7 G:6 B:6
  3312 : 011101100110 ; -- R:7 G:6 B:6
  3313 : 011101110110 ; -- R:7 G:7 B:6
  3314 : 101010011000 ; -- R:A G:9 B:8
  3315 : 101010011000 ; -- R:A G:9 B:8
  3316 : 000000000000 ; -- R:0 G:0 B:0
  3317 : 000000000000 ; -- R:0 G:0 B:0
  3318 : 000000000000 ; -- R:0 G:0 B:0
  3319 : 000000000000 ; -- R:0 G:0 B:0
  3320 : 000000000000 ; -- R:0 G:0 B:0
  3321 : 000000000000 ; -- R:0 G:0 B:0
  3322 : 000000000000 ; -- R:0 G:0 B:0
  3323 : 000000000000 ; -- R:0 G:0 B:0
  3324 : 000000000000 ; -- R:0 G:0 B:0
  3325 : 000000000000 ; -- R:0 G:0 B:0
  3326 : 000000000000 ; -- R:0 G:0 B:0
  3327 : 000000000000 ; -- R:0 G:0 B:0
  3328 : 000000000000 ; -- R:0 G:0 B:0
  3329 : 000000000000 ; -- R:0 G:0 B:0
  3330 : 000000000000 ; -- R:0 G:0 B:0
  3331 : 000000000000 ; -- R:0 G:0 B:0
  3332 : 000000000000 ; -- R:0 G:0 B:0
  3333 : 000000000000 ; -- R:0 G:0 B:0
  3334 : 000000000000 ; -- R:0 G:0 B:0
  3335 : 000000000000 ; -- R:0 G:0 B:0
  3336 : 000000000000 ; -- R:0 G:0 B:0
  3337 : 000000000000 ; -- R:0 G:0 B:0
  3338 : 000000000000 ; -- R:0 G:0 B:0
  3339 : 000000000000 ; -- R:0 G:0 B:0
  3340 : 101010011000 ; -- R:A G:9 B:8
  3341 : 011101100110 ; -- R:7 G:6 B:6
  3342 : 011101110110 ; -- R:7 G:7 B:6
  3343 : 101010011000 ; -- R:A G:9 B:8
  3344 : 101010011000 ; -- R:A G:9 B:8
  3345 : 101010011001 ; -- R:A G:9 B:9
  3346 : 101010011001 ; -- R:A G:9 B:9
  3347 : 101010011001 ; -- R:A G:9 B:9
  3348 : 101010011000 ; -- R:A G:9 B:8
  3349 : 101010011000 ; -- R:A G:9 B:8
  3350 : 101010011000 ; -- R:A G:9 B:8
  3351 : 101010011000 ; -- R:A G:9 B:8
  3352 : 101010011000 ; -- R:A G:9 B:8
  3353 : 101010011000 ; -- R:A G:9 B:8
  3354 : 101010011000 ; -- R:A G:9 B:8
  3355 : 101010011000 ; -- R:A G:9 B:8
  3356 : 101010011000 ; -- R:A G:9 B:8
  3357 : 011101110110 ; -- R:7 G:7 B:6
  3358 : 011101100110 ; -- R:7 G:6 B:6
  3359 : 011101100110 ; -- R:7 G:6 B:6
  3360 : 011101100110 ; -- R:7 G:6 B:6
  3361 : 011101110110 ; -- R:7 G:7 B:6
  3362 : 101010011000 ; -- R:A G:9 B:8
  3363 : 101010011001 ; -- R:A G:9 B:9
  3364 : 101010011000 ; -- R:A G:9 B:8
  3365 : 101010011000 ; -- R:A G:9 B:8
  3366 : 101010011000 ; -- R:A G:9 B:8
  3367 : 101010011000 ; -- R:A G:9 B:8
  3368 : 101010011000 ; -- R:A G:9 B:8
  3369 : 101010011000 ; -- R:A G:9 B:8
  3370 : 101010011000 ; -- R:A G:9 B:8
  3371 : 101010011000 ; -- R:A G:9 B:8
  3372 : 101010011001 ; -- R:A G:9 B:9
  3373 : 101010011001 ; -- R:A G:9 B:9
  3374 : 101010011001 ; -- R:A G:9 B:9
  3375 : 101010011000 ; -- R:A G:9 B:8
  3376 : 011101110110 ; -- R:7 G:7 B:6
  3377 : 011101100110 ; -- R:7 G:6 B:6
  3378 : 011101110110 ; -- R:7 G:7 B:6
  3379 : 101010011000 ; -- R:A G:9 B:8
  3380 : 000000000000 ; -- R:0 G:0 B:0
  3381 : 000000000000 ; -- R:0 G:0 B:0
  3382 : 000000000000 ; -- R:0 G:0 B:0
  3383 : 000000000000 ; -- R:0 G:0 B:0
  3384 : 000000000000 ; -- R:0 G:0 B:0
  3385 : 000000000000 ; -- R:0 G:0 B:0
  3386 : 000000000000 ; -- R:0 G:0 B:0
  3387 : 000000000000 ; -- R:0 G:0 B:0
  3388 : 000000000000 ; -- R:0 G:0 B:0
  3389 : 000000000000 ; -- R:0 G:0 B:0
  3390 : 000000000000 ; -- R:0 G:0 B:0
  3391 : 000000000000 ; -- R:0 G:0 B:0
  3392 : 000000000000 ; -- R:0 G:0 B:0
  3393 : 000000000000 ; -- R:0 G:0 B:0
  3394 : 000000000000 ; -- R:0 G:0 B:0
  3395 : 000000000000 ; -- R:0 G:0 B:0
  3396 : 000000000000 ; -- R:0 G:0 B:0
  3397 : 000000000000 ; -- R:0 G:0 B:0
  3398 : 000000000000 ; -- R:0 G:0 B:0
  3399 : 000000000000 ; -- R:0 G:0 B:0
  3400 : 000000000000 ; -- R:0 G:0 B:0
  3401 : 000000000000 ; -- R:0 G:0 B:0
  3402 : 000000000000 ; -- R:0 G:0 B:0
  3403 : 000000000000 ; -- R:0 G:0 B:0
  3404 : 101010011000 ; -- R:A G:9 B:8
  3405 : 011101110110 ; -- R:7 G:7 B:6
  3406 : 101010011000 ; -- R:A G:9 B:8
  3407 : 101010011001 ; -- R:A G:9 B:9
  3408 : 101010011000 ; -- R:A G:9 B:8
  3409 : 101010011000 ; -- R:A G:9 B:8
  3410 : 101010011000 ; -- R:A G:9 B:8
  3411 : 101010011000 ; -- R:A G:9 B:8
  3412 : 101010011000 ; -- R:A G:9 B:8
  3413 : 101010011000 ; -- R:A G:9 B:8
  3414 : 101010011000 ; -- R:A G:9 B:8
  3415 : 101010011000 ; -- R:A G:9 B:8
  3416 : 101010011000 ; -- R:A G:9 B:8
  3417 : 101010011000 ; -- R:A G:9 B:8
  3418 : 101010011000 ; -- R:A G:9 B:8
  3419 : 101010011000 ; -- R:A G:9 B:8
  3420 : 101010011000 ; -- R:A G:9 B:8
  3421 : 011101100110 ; -- R:7 G:6 B:6
  3422 : 011101100110 ; -- R:7 G:6 B:6
  3423 : 011101100110 ; -- R:7 G:6 B:6
  3424 : 011101100110 ; -- R:7 G:6 B:6
  3425 : 011101100110 ; -- R:7 G:6 B:6
  3426 : 011101110110 ; -- R:7 G:7 B:6
  3427 : 101010011001 ; -- R:A G:9 B:9
  3428 : 101010011000 ; -- R:A G:9 B:8
  3429 : 101010011000 ; -- R:A G:9 B:8
  3430 : 101010011000 ; -- R:A G:9 B:8
  3431 : 101010011000 ; -- R:A G:9 B:8
  3432 : 101010011000 ; -- R:A G:9 B:8
  3433 : 101010011000 ; -- R:A G:9 B:8
  3434 : 101010011000 ; -- R:A G:9 B:8
  3435 : 101010011000 ; -- R:A G:9 B:8
  3436 : 101010011000 ; -- R:A G:9 B:8
  3437 : 101010011000 ; -- R:A G:9 B:8
  3438 : 101010011000 ; -- R:A G:9 B:8
  3439 : 101010011001 ; -- R:A G:9 B:9
  3440 : 101010011001 ; -- R:A G:9 B:9
  3441 : 101010011000 ; -- R:A G:9 B:8
  3442 : 011101110110 ; -- R:7 G:7 B:6
  3443 : 101010011000 ; -- R:A G:9 B:8
  3444 : 000000000000 ; -- R:0 G:0 B:0
  3445 : 000000000000 ; -- R:0 G:0 B:0
  3446 : 000000000000 ; -- R:0 G:0 B:0
  3447 : 000000000000 ; -- R:0 G:0 B:0
  3448 : 000000000000 ; -- R:0 G:0 B:0
  3449 : 000000000000 ; -- R:0 G:0 B:0
  3450 : 000000000000 ; -- R:0 G:0 B:0
  3451 : 000000000000 ; -- R:0 G:0 B:0
  3452 : 000000000000 ; -- R:0 G:0 B:0
  3453 : 000000000000 ; -- R:0 G:0 B:0
  3454 : 000000000000 ; -- R:0 G:0 B:0
  3455 : 000000000000 ; -- R:0 G:0 B:0
  3456 : 000000000000 ; -- R:0 G:0 B:0
  3457 : 000000000000 ; -- R:0 G:0 B:0
  3458 : 000000000000 ; -- R:0 G:0 B:0
  3459 : 000000000000 ; -- R:0 G:0 B:0
  3460 : 000000000000 ; -- R:0 G:0 B:0
  3461 : 000000000000 ; -- R:0 G:0 B:0
  3462 : 000000000000 ; -- R:0 G:0 B:0
  3463 : 000000000000 ; -- R:0 G:0 B:0
  3464 : 000000000000 ; -- R:0 G:0 B:0
  3465 : 000000000000 ; -- R:0 G:0 B:0
  3466 : 000000000000 ; -- R:0 G:0 B:0
  3467 : 011101110110 ; -- R:7 G:7 B:6
  3468 : 101010011001 ; -- R:A G:9 B:9
  3469 : 101010011000 ; -- R:A G:9 B:8
  3470 : 101010011000 ; -- R:A G:9 B:8
  3471 : 101010011000 ; -- R:A G:9 B:8
  3472 : 101010011000 ; -- R:A G:9 B:8
  3473 : 101010011000 ; -- R:A G:9 B:8
  3474 : 101010011000 ; -- R:A G:9 B:8
  3475 : 101010011000 ; -- R:A G:9 B:8
  3476 : 101010011000 ; -- R:A G:9 B:8
  3477 : 101010011000 ; -- R:A G:9 B:8
  3478 : 101010011000 ; -- R:A G:9 B:8
  3479 : 101010011000 ; -- R:A G:9 B:8
  3480 : 101010011000 ; -- R:A G:9 B:8
  3481 : 101010011000 ; -- R:A G:9 B:8
  3482 : 101010011000 ; -- R:A G:9 B:8
  3483 : 101010011000 ; -- R:A G:9 B:8
  3484 : 101010011000 ; -- R:A G:9 B:8
  3485 : 101010011000 ; -- R:A G:9 B:8
  3486 : 101010011000 ; -- R:A G:9 B:8
  3487 : 101010011000 ; -- R:A G:9 B:8
  3488 : 101010011000 ; -- R:A G:9 B:8
  3489 : 101010011000 ; -- R:A G:9 B:8
  3490 : 101010011000 ; -- R:A G:9 B:8
  3491 : 101010011000 ; -- R:A G:9 B:8
  3492 : 101010011000 ; -- R:A G:9 B:8
  3493 : 101010011000 ; -- R:A G:9 B:8
  3494 : 101010011000 ; -- R:A G:9 B:8
  3495 : 101010011000 ; -- R:A G:9 B:8
  3496 : 101010011000 ; -- R:A G:9 B:8
  3497 : 101010011000 ; -- R:A G:9 B:8
  3498 : 101010011000 ; -- R:A G:9 B:8
  3499 : 101010011000 ; -- R:A G:9 B:8
  3500 : 101010011000 ; -- R:A G:9 B:8
  3501 : 101010011000 ; -- R:A G:9 B:8
  3502 : 101010011000 ; -- R:A G:9 B:8
  3503 : 101010011000 ; -- R:A G:9 B:8
  3504 : 101010011000 ; -- R:A G:9 B:8
  3505 : 101010011000 ; -- R:A G:9 B:8
  3506 : 101010011000 ; -- R:A G:9 B:8
  3507 : 101110101001 ; -- R:B G:A B:9
  3508 : 011101100110 ; -- R:7 G:6 B:6
  3509 : 000000000000 ; -- R:0 G:0 B:0
  3510 : 000000000000 ; -- R:0 G:0 B:0
  3511 : 000000000000 ; -- R:0 G:0 B:0
  3512 : 000000000000 ; -- R:0 G:0 B:0
  3513 : 000000000000 ; -- R:0 G:0 B:0
  3514 : 000000000000 ; -- R:0 G:0 B:0
  3515 : 000000000000 ; -- R:0 G:0 B:0
  3516 : 000000000000 ; -- R:0 G:0 B:0
  3517 : 000000000000 ; -- R:0 G:0 B:0
  3518 : 000000000000 ; -- R:0 G:0 B:0
  3519 : 000000000000 ; -- R:0 G:0 B:0
  3520 : 000000000000 ; -- R:0 G:0 B:0
  3521 : 000000000000 ; -- R:0 G:0 B:0
  3522 : 000000000000 ; -- R:0 G:0 B:0
  3523 : 000000000000 ; -- R:0 G:0 B:0
  3524 : 000000000000 ; -- R:0 G:0 B:0
  3525 : 000000000000 ; -- R:0 G:0 B:0
  3526 : 000000000000 ; -- R:0 G:0 B:0
  3527 : 000000000000 ; -- R:0 G:0 B:0
  3528 : 000000000000 ; -- R:0 G:0 B:0
  3529 : 000000000000 ; -- R:0 G:0 B:0
  3530 : 000000000000 ; -- R:0 G:0 B:0
  3531 : 011101110110 ; -- R:7 G:7 B:6
  3532 : 101110101001 ; -- R:B G:A B:9
  3533 : 101010011000 ; -- R:A G:9 B:8
  3534 : 101010011000 ; -- R:A G:9 B:8
  3535 : 101010011000 ; -- R:A G:9 B:8
  3536 : 101010011000 ; -- R:A G:9 B:8
  3537 : 101010011000 ; -- R:A G:9 B:8
  3538 : 101010011000 ; -- R:A G:9 B:8
  3539 : 101010011000 ; -- R:A G:9 B:8
  3540 : 101010011000 ; -- R:A G:9 B:8
  3541 : 101010011000 ; -- R:A G:9 B:8
  3542 : 101010011000 ; -- R:A G:9 B:8
  3543 : 101010011000 ; -- R:A G:9 B:8
  3544 : 101010011000 ; -- R:A G:9 B:8
  3545 : 101010011000 ; -- R:A G:9 B:8
  3546 : 101010011000 ; -- R:A G:9 B:8
  3547 : 101010011001 ; -- R:A G:9 B:9
  3548 : 101010011000 ; -- R:A G:9 B:8
  3549 : 011101110110 ; -- R:7 G:7 B:6
  3550 : 011101110110 ; -- R:7 G:7 B:6
  3551 : 011101110110 ; -- R:7 G:7 B:6
  3552 : 011101110110 ; -- R:7 G:7 B:6
  3553 : 011101110110 ; -- R:7 G:7 B:6
  3554 : 011101110110 ; -- R:7 G:7 B:6
  3555 : 101010011000 ; -- R:A G:9 B:8
  3556 : 101010011000 ; -- R:A G:9 B:8
  3557 : 101010011000 ; -- R:A G:9 B:8
  3558 : 101010011000 ; -- R:A G:9 B:8
  3559 : 101010011000 ; -- R:A G:9 B:8
  3560 : 101010011000 ; -- R:A G:9 B:8
  3561 : 101010011000 ; -- R:A G:9 B:8
  3562 : 101010011000 ; -- R:A G:9 B:8
  3563 : 101010011000 ; -- R:A G:9 B:8
  3564 : 101010011000 ; -- R:A G:9 B:8
  3565 : 101010011000 ; -- R:A G:9 B:8
  3566 : 101010011000 ; -- R:A G:9 B:8
  3567 : 101010011000 ; -- R:A G:9 B:8
  3568 : 101010011000 ; -- R:A G:9 B:8
  3569 : 101010011000 ; -- R:A G:9 B:8
  3570 : 101010011000 ; -- R:A G:9 B:8
  3571 : 101110101001 ; -- R:B G:A B:9
  3572 : 011101100110 ; -- R:7 G:6 B:6
  3573 : 000000000000 ; -- R:0 G:0 B:0
  3574 : 000000000000 ; -- R:0 G:0 B:0
  3575 : 000000000000 ; -- R:0 G:0 B:0
  3576 : 000000000000 ; -- R:0 G:0 B:0
  3577 : 000000000000 ; -- R:0 G:0 B:0
  3578 : 000000000000 ; -- R:0 G:0 B:0
  3579 : 000000000000 ; -- R:0 G:0 B:0
  3580 : 000000000000 ; -- R:0 G:0 B:0
  3581 : 000000000000 ; -- R:0 G:0 B:0
  3582 : 000000000000 ; -- R:0 G:0 B:0
  3583 : 000000000000 ; -- R:0 G:0 B:0
  3584 : 000000000000 ; -- R:0 G:0 B:0
  3585 : 000000000000 ; -- R:0 G:0 B:0
  3586 : 000000000000 ; -- R:0 G:0 B:0
  3587 : 000000000000 ; -- R:0 G:0 B:0
  3588 : 000000000000 ; -- R:0 G:0 B:0
  3589 : 000000000000 ; -- R:0 G:0 B:0
  3590 : 000000000000 ; -- R:0 G:0 B:0
  3591 : 000000000000 ; -- R:0 G:0 B:0
  3592 : 000000000000 ; -- R:0 G:0 B:0
  3593 : 000000000000 ; -- R:0 G:0 B:0
  3594 : 000000000000 ; -- R:0 G:0 B:0
  3595 : 011101100110 ; -- R:7 G:6 B:6
  3596 : 101110101001 ; -- R:B G:A B:9
  3597 : 101010011000 ; -- R:A G:9 B:8
  3598 : 101010011000 ; -- R:A G:9 B:8
  3599 : 101010011000 ; -- R:A G:9 B:8
  3600 : 101010011000 ; -- R:A G:9 B:8
  3601 : 101010011000 ; -- R:A G:9 B:8
  3602 : 101010011000 ; -- R:A G:9 B:8
  3603 : 101010011000 ; -- R:A G:9 B:8
  3604 : 101010011000 ; -- R:A G:9 B:8
  3605 : 101010011000 ; -- R:A G:9 B:8
  3606 : 101010011000 ; -- R:A G:9 B:8
  3607 : 101010011000 ; -- R:A G:9 B:8
  3608 : 101010011000 ; -- R:A G:9 B:8
  3609 : 101010011000 ; -- R:A G:9 B:8
  3610 : 101010011000 ; -- R:A G:9 B:8
  3611 : 101010011000 ; -- R:A G:9 B:8
  3612 : 101010011000 ; -- R:A G:9 B:8
  3613 : 101010011000 ; -- R:A G:9 B:8
  3614 : 011101110110 ; -- R:7 G:7 B:6
  3615 : 011101110110 ; -- R:7 G:7 B:6
  3616 : 011101110110 ; -- R:7 G:7 B:6
  3617 : 011101110110 ; -- R:7 G:7 B:6
  3618 : 101010011000 ; -- R:A G:9 B:8
  3619 : 101010011000 ; -- R:A G:9 B:8
  3620 : 101010011000 ; -- R:A G:9 B:8
  3621 : 101010011000 ; -- R:A G:9 B:8
  3622 : 101010011000 ; -- R:A G:9 B:8
  3623 : 101010011000 ; -- R:A G:9 B:8
  3624 : 101010011000 ; -- R:A G:9 B:8
  3625 : 101010011000 ; -- R:A G:9 B:8
  3626 : 101010011000 ; -- R:A G:9 B:8
  3627 : 101010011000 ; -- R:A G:9 B:8
  3628 : 101010011000 ; -- R:A G:9 B:8
  3629 : 101010011000 ; -- R:A G:9 B:8
  3630 : 101010011000 ; -- R:A G:9 B:8
  3631 : 101010011000 ; -- R:A G:9 B:8
  3632 : 101010011000 ; -- R:A G:9 B:8
  3633 : 101010011000 ; -- R:A G:9 B:8
  3634 : 101010011000 ; -- R:A G:9 B:8
  3635 : 101110101001 ; -- R:B G:A B:9
  3636 : 000000000000 ; -- R:0 G:0 B:0
  3637 : 000000000000 ; -- R:0 G:0 B:0
  3638 : 000000000000 ; -- R:0 G:0 B:0
  3639 : 000000000000 ; -- R:0 G:0 B:0
  3640 : 000000000000 ; -- R:0 G:0 B:0
  3641 : 000000000000 ; -- R:0 G:0 B:0
  3642 : 000000000000 ; -- R:0 G:0 B:0
  3643 : 000000000000 ; -- R:0 G:0 B:0
  3644 : 000000000000 ; -- R:0 G:0 B:0
  3645 : 000000000000 ; -- R:0 G:0 B:0
  3646 : 000000000000 ; -- R:0 G:0 B:0
  3647 : 000000000000 ; -- R:0 G:0 B:0
  3648 : 000000000000 ; -- R:0 G:0 B:0
  3649 : 000000000000 ; -- R:0 G:0 B:0
  3650 : 000000000000 ; -- R:0 G:0 B:0
  3651 : 000000000000 ; -- R:0 G:0 B:0
  3652 : 000000000000 ; -- R:0 G:0 B:0
  3653 : 000000000000 ; -- R:0 G:0 B:0
  3654 : 000000000000 ; -- R:0 G:0 B:0
  3655 : 000000000000 ; -- R:0 G:0 B:0
  3656 : 000000000000 ; -- R:0 G:0 B:0
  3657 : 000000000000 ; -- R:0 G:0 B:0
  3658 : 000000000000 ; -- R:0 G:0 B:0
  3659 : 000000000000 ; -- R:0 G:0 B:0
  3660 : 011101100110 ; -- R:7 G:6 B:6
  3661 : 101110101001 ; -- R:B G:A B:9
  3662 : 101010011000 ; -- R:A G:9 B:8
  3663 : 101010011000 ; -- R:A G:9 B:8
  3664 : 101010011000 ; -- R:A G:9 B:8
  3665 : 101010011000 ; -- R:A G:9 B:8
  3666 : 101010011000 ; -- R:A G:9 B:8
  3667 : 101010011000 ; -- R:A G:9 B:8
  3668 : 101010011000 ; -- R:A G:9 B:8
  3669 : 101010011000 ; -- R:A G:9 B:8
  3670 : 101010011000 ; -- R:A G:9 B:8
  3671 : 101010011000 ; -- R:A G:9 B:8
  3672 : 101010011000 ; -- R:A G:9 B:8
  3673 : 101010011000 ; -- R:A G:9 B:8
  3674 : 101010011000 ; -- R:A G:9 B:8
  3675 : 101010011000 ; -- R:A G:9 B:8
  3676 : 101010011000 ; -- R:A G:9 B:8
  3677 : 101010011001 ; -- R:A G:9 B:9
  3678 : 101010011001 ; -- R:A G:9 B:9
  3679 : 101010011001 ; -- R:A G:9 B:9
  3680 : 101010011001 ; -- R:A G:9 B:9
  3681 : 101010011001 ; -- R:A G:9 B:9
  3682 : 101010011001 ; -- R:A G:9 B:9
  3683 : 101010011000 ; -- R:A G:9 B:8
  3684 : 101010011000 ; -- R:A G:9 B:8
  3685 : 101010011000 ; -- R:A G:9 B:8
  3686 : 101010011000 ; -- R:A G:9 B:8
  3687 : 101010011000 ; -- R:A G:9 B:8
  3688 : 101010011000 ; -- R:A G:9 B:8
  3689 : 101010011000 ; -- R:A G:9 B:8
  3690 : 101010011000 ; -- R:A G:9 B:8
  3691 : 101010011000 ; -- R:A G:9 B:8
  3692 : 101010011000 ; -- R:A G:9 B:8
  3693 : 101010011000 ; -- R:A G:9 B:8
  3694 : 101010011000 ; -- R:A G:9 B:8
  3695 : 101010011000 ; -- R:A G:9 B:8
  3696 : 101010011000 ; -- R:A G:9 B:8
  3697 : 101010011000 ; -- R:A G:9 B:8
  3698 : 101110101001 ; -- R:B G:A B:9
  3699 : 011101100110 ; -- R:7 G:6 B:6
  3700 : 000000000000 ; -- R:0 G:0 B:0
  3701 : 000000000000 ; -- R:0 G:0 B:0
  3702 : 000000000000 ; -- R:0 G:0 B:0
  3703 : 000000000000 ; -- R:0 G:0 B:0
  3704 : 000000000000 ; -- R:0 G:0 B:0
  3705 : 000000000000 ; -- R:0 G:0 B:0
  3706 : 000000000000 ; -- R:0 G:0 B:0
  3707 : 000000000000 ; -- R:0 G:0 B:0
  3708 : 000000000000 ; -- R:0 G:0 B:0
  3709 : 000000000000 ; -- R:0 G:0 B:0
  3710 : 000000000000 ; -- R:0 G:0 B:0
  3711 : 000000000000 ; -- R:0 G:0 B:0
  3712 : 000000000000 ; -- R:0 G:0 B:0
  3713 : 000000000000 ; -- R:0 G:0 B:0
  3714 : 000000000000 ; -- R:0 G:0 B:0
  3715 : 000000000000 ; -- R:0 G:0 B:0
  3716 : 000000000000 ; -- R:0 G:0 B:0
  3717 : 000000000000 ; -- R:0 G:0 B:0
  3718 : 000000000000 ; -- R:0 G:0 B:0
  3719 : 000000000000 ; -- R:0 G:0 B:0
  3720 : 000000000000 ; -- R:0 G:0 B:0
  3721 : 000000000000 ; -- R:0 G:0 B:0
  3722 : 000000000000 ; -- R:0 G:0 B:0
  3723 : 000000000000 ; -- R:0 G:0 B:0
  3724 : 000000000000 ; -- R:0 G:0 B:0
  3725 : 011101100110 ; -- R:7 G:6 B:6
  3726 : 101010011001 ; -- R:A G:9 B:9
  3727 : 101110101001 ; -- R:B G:A B:9
  3728 : 101010011000 ; -- R:A G:9 B:8
  3729 : 101010011000 ; -- R:A G:9 B:8
  3730 : 101010011000 ; -- R:A G:9 B:8
  3731 : 101010011000 ; -- R:A G:9 B:8
  3732 : 101010011000 ; -- R:A G:9 B:8
  3733 : 101010011000 ; -- R:A G:9 B:8
  3734 : 101010011000 ; -- R:A G:9 B:8
  3735 : 101010011000 ; -- R:A G:9 B:8
  3736 : 101010011000 ; -- R:A G:9 B:8
  3737 : 101010011000 ; -- R:A G:9 B:8
  3738 : 101010011000 ; -- R:A G:9 B:8
  3739 : 101010011000 ; -- R:A G:9 B:8
  3740 : 101010011000 ; -- R:A G:9 B:8
  3741 : 101010011000 ; -- R:A G:9 B:8
  3742 : 101010011000 ; -- R:A G:9 B:8
  3743 : 101010011000 ; -- R:A G:9 B:8
  3744 : 101010011000 ; -- R:A G:9 B:8
  3745 : 101010011000 ; -- R:A G:9 B:8
  3746 : 101010011000 ; -- R:A G:9 B:8
  3747 : 101010011000 ; -- R:A G:9 B:8
  3748 : 101010011000 ; -- R:A G:9 B:8
  3749 : 101010011000 ; -- R:A G:9 B:8
  3750 : 101010011000 ; -- R:A G:9 B:8
  3751 : 101010011000 ; -- R:A G:9 B:8
  3752 : 101010011000 ; -- R:A G:9 B:8
  3753 : 101010011000 ; -- R:A G:9 B:8
  3754 : 101010011000 ; -- R:A G:9 B:8
  3755 : 101010011000 ; -- R:A G:9 B:8
  3756 : 101010011000 ; -- R:A G:9 B:8
  3757 : 101010011000 ; -- R:A G:9 B:8
  3758 : 101010011000 ; -- R:A G:9 B:8
  3759 : 101010011000 ; -- R:A G:9 B:8
  3760 : 101110101001 ; -- R:B G:A B:9
  3761 : 101010011001 ; -- R:A G:9 B:9
  3762 : 011101100110 ; -- R:7 G:6 B:6
  3763 : 000000000000 ; -- R:0 G:0 B:0
  3764 : 000000000000 ; -- R:0 G:0 B:0
  3765 : 000000000000 ; -- R:0 G:0 B:0
  3766 : 000000000000 ; -- R:0 G:0 B:0
  3767 : 000000000000 ; -- R:0 G:0 B:0
  3768 : 000000000000 ; -- R:0 G:0 B:0
  3769 : 000000000000 ; -- R:0 G:0 B:0
  3770 : 000000000000 ; -- R:0 G:0 B:0
  3771 : 000000000000 ; -- R:0 G:0 B:0
  3772 : 000000000000 ; -- R:0 G:0 B:0
  3773 : 000000000000 ; -- R:0 G:0 B:0
  3774 : 000000000000 ; -- R:0 G:0 B:0
  3775 : 000000000000 ; -- R:0 G:0 B:0
  3776 : 000000000000 ; -- R:0 G:0 B:0
  3777 : 000000000000 ; -- R:0 G:0 B:0
  3778 : 000000000000 ; -- R:0 G:0 B:0
  3779 : 000000000000 ; -- R:0 G:0 B:0
  3780 : 000000000000 ; -- R:0 G:0 B:0
  3781 : 000000000000 ; -- R:0 G:0 B:0
  3782 : 000000000000 ; -- R:0 G:0 B:0
  3783 : 000000000000 ; -- R:0 G:0 B:0
  3784 : 000000000000 ; -- R:0 G:0 B:0
  3785 : 000000000000 ; -- R:0 G:0 B:0
  3786 : 000000000000 ; -- R:0 G:0 B:0
  3787 : 000000000000 ; -- R:0 G:0 B:0
  3788 : 000000000000 ; -- R:0 G:0 B:0
  3789 : 000000000000 ; -- R:0 G:0 B:0
  3790 : 000000000000 ; -- R:0 G:0 B:0
  3791 : 011101110110 ; -- R:7 G:7 B:6
  3792 : 101010011001 ; -- R:A G:9 B:9
  3793 : 101110101001 ; -- R:B G:A B:9
  3794 : 101010011000 ; -- R:A G:9 B:8
  3795 : 101010011000 ; -- R:A G:9 B:8
  3796 : 101010011000 ; -- R:A G:9 B:8
  3797 : 101010011000 ; -- R:A G:9 B:8
  3798 : 101010011000 ; -- R:A G:9 B:8
  3799 : 101010011000 ; -- R:A G:9 B:8
  3800 : 101010011000 ; -- R:A G:9 B:8
  3801 : 101010011000 ; -- R:A G:9 B:8
  3802 : 101010011000 ; -- R:A G:9 B:8
  3803 : 101010011000 ; -- R:A G:9 B:8
  3804 : 101010011000 ; -- R:A G:9 B:8
  3805 : 101010011000 ; -- R:A G:9 B:8
  3806 : 101010011000 ; -- R:A G:9 B:8
  3807 : 101010011000 ; -- R:A G:9 B:8
  3808 : 101010011000 ; -- R:A G:9 B:8
  3809 : 101010011000 ; -- R:A G:9 B:8
  3810 : 101010011000 ; -- R:A G:9 B:8
  3811 : 101010011000 ; -- R:A G:9 B:8
  3812 : 101010011000 ; -- R:A G:9 B:8
  3813 : 101010011000 ; -- R:A G:9 B:8
  3814 : 101010011000 ; -- R:A G:9 B:8
  3815 : 101010011000 ; -- R:A G:9 B:8
  3816 : 101010011000 ; -- R:A G:9 B:8
  3817 : 101010011000 ; -- R:A G:9 B:8
  3818 : 101010011000 ; -- R:A G:9 B:8
  3819 : 101010011000 ; -- R:A G:9 B:8
  3820 : 101010011000 ; -- R:A G:9 B:8
  3821 : 101010011001 ; -- R:A G:9 B:9
  3822 : 101110101001 ; -- R:B G:A B:9
  3823 : 101010011001 ; -- R:A G:9 B:9
  3824 : 011101110110 ; -- R:7 G:7 B:6
  3825 : 000000000000 ; -- R:0 G:0 B:0
  3826 : 000000000000 ; -- R:0 G:0 B:0
  3827 : 000000000000 ; -- R:0 G:0 B:0
  3828 : 000000000000 ; -- R:0 G:0 B:0
  3829 : 000000000000 ; -- R:0 G:0 B:0
  3830 : 000000000000 ; -- R:0 G:0 B:0
  3831 : 000000000000 ; -- R:0 G:0 B:0
  3832 : 000000000000 ; -- R:0 G:0 B:0
  3833 : 000000000000 ; -- R:0 G:0 B:0
  3834 : 000000000000 ; -- R:0 G:0 B:0
  3835 : 000000000000 ; -- R:0 G:0 B:0
  3836 : 000000000000 ; -- R:0 G:0 B:0
  3837 : 000000000000 ; -- R:0 G:0 B:0
  3838 : 000000000000 ; -- R:0 G:0 B:0
  3839 : 000000000000 ; -- R:0 G:0 B:0
  3840 : 000000000000 ; -- R:0 G:0 B:0
  3841 : 000000000000 ; -- R:0 G:0 B:0
  3842 : 000000000000 ; -- R:0 G:0 B:0
  3843 : 000000000000 ; -- R:0 G:0 B:0
  3844 : 000000000000 ; -- R:0 G:0 B:0
  3845 : 000000000000 ; -- R:0 G:0 B:0
  3846 : 000000000000 ; -- R:0 G:0 B:0
  3847 : 000000000000 ; -- R:0 G:0 B:0
  3848 : 000000000000 ; -- R:0 G:0 B:0
  3849 : 000000000000 ; -- R:0 G:0 B:0
  3850 : 000000000000 ; -- R:0 G:0 B:0
  3851 : 000000000000 ; -- R:0 G:0 B:0
  3852 : 000000000000 ; -- R:0 G:0 B:0
  3853 : 000000000000 ; -- R:0 G:0 B:0
  3854 : 000000000000 ; -- R:0 G:0 B:0
  3855 : 000000000000 ; -- R:0 G:0 B:0
  3856 : 000000000000 ; -- R:0 G:0 B:0
  3857 : 011101100110 ; -- R:7 G:6 B:6
  3858 : 101010011000 ; -- R:A G:9 B:8
  3859 : 101010011001 ; -- R:A G:9 B:9
  3860 : 101010011000 ; -- R:A G:9 B:8
  3861 : 101010011000 ; -- R:A G:9 B:8
  3862 : 101010011000 ; -- R:A G:9 B:8
  3863 : 101010011000 ; -- R:A G:9 B:8
  3864 : 101010011001 ; -- R:A G:9 B:9
  3865 : 101110101001 ; -- R:B G:A B:9
  3866 : 101110101001 ; -- R:B G:A B:9
  3867 : 101110101001 ; -- R:B G:A B:9
  3868 : 101110101001 ; -- R:B G:A B:9
  3869 : 101110101001 ; -- R:B G:A B:9
  3870 : 101110101001 ; -- R:B G:A B:9
  3871 : 101110101001 ; -- R:B G:A B:9
  3872 : 101110101001 ; -- R:B G:A B:9
  3873 : 101110101001 ; -- R:B G:A B:9
  3874 : 101110101001 ; -- R:B G:A B:9
  3875 : 101110101001 ; -- R:B G:A B:9
  3876 : 101110101001 ; -- R:B G:A B:9
  3877 : 101110101001 ; -- R:B G:A B:9
  3878 : 101110101001 ; -- R:B G:A B:9
  3879 : 101010011001 ; -- R:A G:9 B:9
  3880 : 101010011000 ; -- R:A G:9 B:8
  3881 : 101010011000 ; -- R:A G:9 B:8
  3882 : 101010011000 ; -- R:A G:9 B:8
  3883 : 101010011000 ; -- R:A G:9 B:8
  3884 : 101010011001 ; -- R:A G:9 B:9
  3885 : 101010011000 ; -- R:A G:9 B:8
  3886 : 011101100110 ; -- R:7 G:6 B:6
  3887 : 000000000000 ; -- R:0 G:0 B:0
  3888 : 000000000000 ; -- R:0 G:0 B:0
  3889 : 000000000000 ; -- R:0 G:0 B:0
  3890 : 000000000000 ; -- R:0 G:0 B:0
  3891 : 000000000000 ; -- R:0 G:0 B:0
  3892 : 000000000000 ; -- R:0 G:0 B:0
  3893 : 000000000000 ; -- R:0 G:0 B:0
  3894 : 000000000000 ; -- R:0 G:0 B:0
  3895 : 000000000000 ; -- R:0 G:0 B:0
  3896 : 000000000000 ; -- R:0 G:0 B:0
  3897 : 000000000000 ; -- R:0 G:0 B:0
  3898 : 000000000000 ; -- R:0 G:0 B:0
  3899 : 000000000000 ; -- R:0 G:0 B:0
  3900 : 000000000000 ; -- R:0 G:0 B:0
  3901 : 000000000000 ; -- R:0 G:0 B:0
  3902 : 000000000000 ; -- R:0 G:0 B:0
  3903 : 000000000000 ; -- R:0 G:0 B:0
  3904 : 000000000000 ; -- R:0 G:0 B:0
  3905 : 000000000000 ; -- R:0 G:0 B:0
  3906 : 000000000000 ; -- R:0 G:0 B:0
  3907 : 000000000000 ; -- R:0 G:0 B:0
  3908 : 000000000000 ; -- R:0 G:0 B:0
  3909 : 000000000000 ; -- R:0 G:0 B:0
  3910 : 000000000000 ; -- R:0 G:0 B:0
  3911 : 000000000000 ; -- R:0 G:0 B:0
  3912 : 000000000000 ; -- R:0 G:0 B:0
  3913 : 000000000000 ; -- R:0 G:0 B:0
  3914 : 000000000000 ; -- R:0 G:0 B:0
  3915 : 000000000000 ; -- R:0 G:0 B:0
  3916 : 000000000000 ; -- R:0 G:0 B:0
  3917 : 000000000000 ; -- R:0 G:0 B:0
  3918 : 000000000000 ; -- R:0 G:0 B:0
  3919 : 000000000000 ; -- R:0 G:0 B:0
  3920 : 000000000000 ; -- R:0 G:0 B:0
  3921 : 000000000000 ; -- R:0 G:0 B:0
  3922 : 000000000000 ; -- R:0 G:0 B:0
  3923 : 101010011000 ; -- R:A G:9 B:8
  3924 : 101110101001 ; -- R:B G:A B:9
  3925 : 101110101001 ; -- R:B G:A B:9
  3926 : 101110101001 ; -- R:B G:A B:9
  3927 : 101010011001 ; -- R:A G:9 B:9
  3928 : 011101110110 ; -- R:7 G:7 B:6
  3929 : 011101100110 ; -- R:7 G:6 B:6
  3930 : 011101100110 ; -- R:7 G:6 B:6
  3931 : 011101100110 ; -- R:7 G:6 B:6
  3932 : 011101110110 ; -- R:7 G:7 B:6
  3933 : 011101110110 ; -- R:7 G:7 B:6
  3934 : 011101100110 ; -- R:7 G:6 B:6
  3935 : 011101100110 ; -- R:7 G:6 B:6
  3936 : 011101100110 ; -- R:7 G:6 B:6
  3937 : 011101100110 ; -- R:7 G:6 B:6
  3938 : 011101110110 ; -- R:7 G:7 B:6
  3939 : 011101110110 ; -- R:7 G:7 B:6
  3940 : 011101110110 ; -- R:7 G:7 B:6
  3941 : 011101110110 ; -- R:7 G:7 B:6
  3942 : 011101110110 ; -- R:7 G:7 B:6
  3943 : 101010011000 ; -- R:A G:9 B:8
  3944 : 101110101001 ; -- R:B G:A B:9
  3945 : 101110101001 ; -- R:B G:A B:9
  3946 : 101110101001 ; -- R:B G:A B:9
  3947 : 101110101001 ; -- R:B G:A B:9
  3948 : 101010011000 ; -- R:A G:9 B:8
  3949 : 000000000000 ; -- R:0 G:0 B:0
  3950 : 000000000000 ; -- R:0 G:0 B:0
  3951 : 000000000000 ; -- R:0 G:0 B:0
  3952 : 000000000000 ; -- R:0 G:0 B:0
  3953 : 000000000000 ; -- R:0 G:0 B:0
  3954 : 000000000000 ; -- R:0 G:0 B:0
  3955 : 000000000000 ; -- R:0 G:0 B:0
  3956 : 000000000000 ; -- R:0 G:0 B:0
  3957 : 000000000000 ; -- R:0 G:0 B:0
  3958 : 000000000000 ; -- R:0 G:0 B:0
  3959 : 000000000000 ; -- R:0 G:0 B:0
  3960 : 000000000000 ; -- R:0 G:0 B:0
  3961 : 000000000000 ; -- R:0 G:0 B:0
  3962 : 000000000000 ; -- R:0 G:0 B:0
  3963 : 000000000000 ; -- R:0 G:0 B:0
  3964 : 000000000000 ; -- R:0 G:0 B:0
  3965 : 000000000000 ; -- R:0 G:0 B:0
  3966 : 000000000000 ; -- R:0 G:0 B:0
  3967 : 000000000000 ; -- R:0 G:0 B:0
  3968 : 000000000000 ; -- R:0 G:0 B:0
  3969 : 000000000000 ; -- R:0 G:0 B:0
  3970 : 000000000000 ; -- R:0 G:0 B:0
  3971 : 000000000000 ; -- R:0 G:0 B:0
  3972 : 000000000000 ; -- R:0 G:0 B:0
  3973 : 000000000000 ; -- R:0 G:0 B:0
  3974 : 000000000000 ; -- R:0 G:0 B:0
  3975 : 000000000000 ; -- R:0 G:0 B:0
  3976 : 000000000000 ; -- R:0 G:0 B:0
  3977 : 000000000000 ; -- R:0 G:0 B:0
  3978 : 000000000000 ; -- R:0 G:0 B:0
  3979 : 000000000000 ; -- R:0 G:0 B:0
  3980 : 000000000000 ; -- R:0 G:0 B:0
  3981 : 000000000000 ; -- R:0 G:0 B:0
  3982 : 000000000000 ; -- R:0 G:0 B:0
  3983 : 000000000000 ; -- R:0 G:0 B:0
  3984 : 000000000000 ; -- R:0 G:0 B:0
  3985 : 000000000000 ; -- R:0 G:0 B:0
  3986 : 000000000000 ; -- R:0 G:0 B:0
  3987 : 000000000000 ; -- R:0 G:0 B:0
  3988 : 011101100110 ; -- R:7 G:6 B:6
  3989 : 011101100110 ; -- R:7 G:6 B:6
  3990 : 011101100110 ; -- R:7 G:6 B:6
  3991 : 000000000000 ; -- R:0 G:0 B:0
  3992 : 000000000000 ; -- R:0 G:0 B:0
  3993 : 000000000000 ; -- R:0 G:0 B:0
  3994 : 000000000000 ; -- R:0 G:0 B:0
  3995 : 000000000000 ; -- R:0 G:0 B:0
  3996 : 000000000000 ; -- R:0 G:0 B:0
  3997 : 000000000000 ; -- R:0 G:0 B:0
  3998 : 000000000000 ; -- R:0 G:0 B:0
  3999 : 000000000000 ; -- R:0 G:0 B:0
  4000 : 000000000000 ; -- R:0 G:0 B:0
  4001 : 000000000000 ; -- R:0 G:0 B:0
  4002 : 000000000000 ; -- R:0 G:0 B:0
  4003 : 000000000000 ; -- R:0 G:0 B:0
  4004 : 000000000000 ; -- R:0 G:0 B:0
  4005 : 000000000000 ; -- R:0 G:0 B:0
  4006 : 000000000000 ; -- R:0 G:0 B:0
  4007 : 000000000000 ; -- R:0 G:0 B:0
  4008 : 000000000000 ; -- R:0 G:0 B:0
  4009 : 011101100110 ; -- R:7 G:6 B:6
  4010 : 011101100110 ; -- R:7 G:6 B:6
  4011 : 011101100110 ; -- R:7 G:6 B:6
  4012 : 000000000000 ; -- R:0 G:0 B:0
  4013 : 000000000000 ; -- R:0 G:0 B:0
  4014 : 000000000000 ; -- R:0 G:0 B:0
  4015 : 000000000000 ; -- R:0 G:0 B:0
  4016 : 000000000000 ; -- R:0 G:0 B:0
  4017 : 000000000000 ; -- R:0 G:0 B:0
  4018 : 000000000000 ; -- R:0 G:0 B:0
  4019 : 000000000000 ; -- R:0 G:0 B:0
  4020 : 000000000000 ; -- R:0 G:0 B:0
  4021 : 000000000000 ; -- R:0 G:0 B:0
  4022 : 000000000000 ; -- R:0 G:0 B:0
  4023 : 000000000000 ; -- R:0 G:0 B:0
  4024 : 000000000000 ; -- R:0 G:0 B:0
  4025 : 000000000000 ; -- R:0 G:0 B:0
  4026 : 000000000000 ; -- R:0 G:0 B:0
  4027 : 000000000000 ; -- R:0 G:0 B:0
  4028 : 000000000000 ; -- R:0 G:0 B:0
  4029 : 000000000000 ; -- R:0 G:0 B:0
  4030 : 000000000000 ; -- R:0 G:0 B:0
  4031 : 000000000000 ; -- R:0 G:0 B:0
  4032 : 000000000000 ; -- R:0 G:0 B:0
  4033 : 000000000000 ; -- R:0 G:0 B:0
  4034 : 000000000000 ; -- R:0 G:0 B:0
  4035 : 000000000000 ; -- R:0 G:0 B:0
  4036 : 000000000000 ; -- R:0 G:0 B:0
  4037 : 000000000000 ; -- R:0 G:0 B:0
  4038 : 000000000000 ; -- R:0 G:0 B:0
  4039 : 000000000000 ; -- R:0 G:0 B:0
  4040 : 000000000000 ; -- R:0 G:0 B:0
  4041 : 000000000000 ; -- R:0 G:0 B:0
  4042 : 000000000000 ; -- R:0 G:0 B:0
  4043 : 000000000000 ; -- R:0 G:0 B:0
  4044 : 000000000000 ; -- R:0 G:0 B:0
  4045 : 000000000000 ; -- R:0 G:0 B:0
  4046 : 000000000000 ; -- R:0 G:0 B:0
  4047 : 000000000000 ; -- R:0 G:0 B:0
  4048 : 000000000000 ; -- R:0 G:0 B:0
  4049 : 000000000000 ; -- R:0 G:0 B:0
  4050 : 000000000000 ; -- R:0 G:0 B:0
  4051 : 000000000000 ; -- R:0 G:0 B:0
  4052 : 000000000000 ; -- R:0 G:0 B:0
  4053 : 000000000000 ; -- R:0 G:0 B:0
  4054 : 000000000000 ; -- R:0 G:0 B:0
  4055 : 000000000000 ; -- R:0 G:0 B:0
  4056 : 000000000000 ; -- R:0 G:0 B:0
  4057 : 000000000000 ; -- R:0 G:0 B:0
  4058 : 000000000000 ; -- R:0 G:0 B:0
  4059 : 000000000000 ; -- R:0 G:0 B:0
  4060 : 000000000000 ; -- R:0 G:0 B:0
  4061 : 000000000000 ; -- R:0 G:0 B:0
  4062 : 000000000000 ; -- R:0 G:0 B:0
  4063 : 000000000000 ; -- R:0 G:0 B:0
  4064 : 000000000000 ; -- R:0 G:0 B:0
  4065 : 000000000000 ; -- R:0 G:0 B:0
  4066 : 000000000000 ; -- R:0 G:0 B:0
  4067 : 000000000000 ; -- R:0 G:0 B:0
  4068 : 000000000000 ; -- R:0 G:0 B:0
  4069 : 000000000000 ; -- R:0 G:0 B:0
  4070 : 000000000000 ; -- R:0 G:0 B:0
  4071 : 000000000000 ; -- R:0 G:0 B:0
  4072 : 000000000000 ; -- R:0 G:0 B:0
  4073 : 000000000000 ; -- R:0 G:0 B:0
  4074 : 000000000000 ; -- R:0 G:0 B:0
  4075 : 000000000000 ; -- R:0 G:0 B:0
  4076 : 000000000000 ; -- R:0 G:0 B:0
  4077 : 000000000000 ; -- R:0 G:0 B:0
  4078 : 000000000000 ; -- R:0 G:0 B:0
  4079 : 000000000000 ; -- R:0 G:0 B:0
  4080 : 000000000000 ; -- R:0 G:0 B:0
  4081 : 000000000000 ; -- R:0 G:0 B:0
  4082 : 000000000000 ; -- R:0 G:0 B:0
  4083 : 000000000000 ; -- R:0 G:0 B:0
  4084 : 000000000000 ; -- R:0 G:0 B:0
  4085 : 000000000000 ; -- R:0 G:0 B:0
  4086 : 000000000000 ; -- R:0 G:0 B:0
  4087 : 000000000000 ; -- R:0 G:0 B:0
  4088 : 000000000000 ; -- R:0 G:0 B:0
  4089 : 000000000000 ; -- R:0 G:0 B:0
  4090 : 000000000000 ; -- R:0 G:0 B:0
  4091 : 000000000000 ; -- R:0 G:0 B:0
  4092 : 000000000000 ; -- R:0 G:0 B:0
  4093 : 000000000000 ; -- R:0 G:0 B:0
  4094 : 000000000000 ; -- R:0 G:0 B:0
  4095 : 000000000000 ; -- R:0 G:0 B:0
End;
