Depth = 4096;
Width = 12;
Address_radix = dec;
Data_radix = bin;
Content
Begin
  0 : 110011001100 ; -- R:C G:C B:C
  1 : 110011001100 ; -- R:C G:C B:C
  2 : 110011001100 ; -- R:C G:C B:C
  3 : 110011001100 ; -- R:C G:C B:C
  4 : 110011001100 ; -- R:C G:C B:C
  5 : 110011001100 ; -- R:C G:C B:C
  6 : 110011001100 ; -- R:C G:C B:C
  7 : 110011001100 ; -- R:C G:C B:C
  8 : 110111011101 ; -- R:D G:D B:D
  9 : 110111011101 ; -- R:D G:D B:D
  10 : 110111011101 ; -- R:D G:D B:D
  11 : 110111011101 ; -- R:D G:D B:D
  12 : 110111011101 ; -- R:D G:D B:D
  13 : 110111011101 ; -- R:D G:D B:D
  14 : 110111011101 ; -- R:D G:D B:D
  15 : 110111011101 ; -- R:D G:D B:D
  16 : 110111011101 ; -- R:D G:D B:D
  17 : 110111011101 ; -- R:D G:D B:D
  18 : 110111011101 ; -- R:D G:D B:D
  19 : 110111011101 ; -- R:D G:D B:D
  20 : 110111011101 ; -- R:D G:D B:D
  21 : 110111011101 ; -- R:D G:D B:D
  22 : 110111011101 ; -- R:D G:D B:D
  23 : 110111011101 ; -- R:D G:D B:D
  24 : 110111011101 ; -- R:D G:D B:D
  25 : 110111011101 ; -- R:D G:D B:D
  26 : 110111011101 ; -- R:D G:D B:D
  27 : 110111011101 ; -- R:D G:D B:D
  28 : 110111011101 ; -- R:D G:D B:D
  29 : 110111011101 ; -- R:D G:D B:D
  30 : 110111011101 ; -- R:D G:D B:D
  31 : 110111011101 ; -- R:D G:D B:D
  32 : 110111011101 ; -- R:D G:D B:D
  33 : 110111011101 ; -- R:D G:D B:D
  34 : 110111011101 ; -- R:D G:D B:D
  35 : 110111011101 ; -- R:D G:D B:D
  36 : 110111011101 ; -- R:D G:D B:D
  37 : 110111011101 ; -- R:D G:D B:D
  38 : 110111011101 ; -- R:D G:D B:D
  39 : 110111011101 ; -- R:D G:D B:D
  40 : 110111011101 ; -- R:D G:D B:D
  41 : 110111011101 ; -- R:D G:D B:D
  42 : 110111011101 ; -- R:D G:D B:D
  43 : 110111011101 ; -- R:D G:D B:D
  44 : 110111011101 ; -- R:D G:D B:D
  45 : 110111011101 ; -- R:D G:D B:D
  46 : 110111011101 ; -- R:D G:D B:D
  47 : 110011011101 ; -- R:C G:D B:D
  48 : 110011011101 ; -- R:C G:D B:D
  49 : 110011001100 ; -- R:C G:C B:C
  50 : 110011001100 ; -- R:C G:C B:C
  51 : 110011001100 ; -- R:C G:C B:C
  52 : 110011001100 ; -- R:C G:C B:C
  53 : 110011001100 ; -- R:C G:C B:C
  54 : 110011001100 ; -- R:C G:C B:C
  55 : 110011001100 ; -- R:C G:C B:C
  56 : 110011001100 ; -- R:C G:C B:C
  57 : 110011001100 ; -- R:C G:C B:C
  58 : 110011001100 ; -- R:C G:C B:C
  59 : 101110111011 ; -- R:B G:B B:B
  60 : 101110111011 ; -- R:B G:B B:B
  61 : 101110111011 ; -- R:B G:B B:B
  62 : 101110111011 ; -- R:B G:B B:B
  63 : 101110111011 ; -- R:B G:B B:B
  64 : 110011001100 ; -- R:C G:C B:C
  65 : 110011001100 ; -- R:C G:C B:C
  66 : 110011001100 ; -- R:C G:C B:C
  67 : 110011001100 ; -- R:C G:C B:C
  68 : 110011001100 ; -- R:C G:C B:C
  69 : 110011001100 ; -- R:C G:C B:C
  70 : 110011001100 ; -- R:C G:C B:C
  71 : 110011001100 ; -- R:C G:C B:C
  72 : 110111011101 ; -- R:D G:D B:D
  73 : 110111011101 ; -- R:D G:D B:D
  74 : 110111011101 ; -- R:D G:D B:D
  75 : 110111011101 ; -- R:D G:D B:D
  76 : 110111011101 ; -- R:D G:D B:D
  77 : 110111011101 ; -- R:D G:D B:D
  78 : 110111011101 ; -- R:D G:D B:D
  79 : 110111011101 ; -- R:D G:D B:D
  80 : 110111011101 ; -- R:D G:D B:D
  81 : 110111011101 ; -- R:D G:D B:D
  82 : 110111011101 ; -- R:D G:D B:D
  83 : 110111011101 ; -- R:D G:D B:D
  84 : 110111011101 ; -- R:D G:D B:D
  85 : 110111011101 ; -- R:D G:D B:D
  86 : 110111011101 ; -- R:D G:D B:D
  87 : 110111011101 ; -- R:D G:D B:D
  88 : 110111011101 ; -- R:D G:D B:D
  89 : 110111011101 ; -- R:D G:D B:D
  90 : 110111011101 ; -- R:D G:D B:D
  91 : 110111011101 ; -- R:D G:D B:D
  92 : 110111011101 ; -- R:D G:D B:D
  93 : 110111011101 ; -- R:D G:D B:D
  94 : 110111011101 ; -- R:D G:D B:D
  95 : 110111011101 ; -- R:D G:D B:D
  96 : 110111011101 ; -- R:D G:D B:D
  97 : 110111011101 ; -- R:D G:D B:D
  98 : 110111011101 ; -- R:D G:D B:D
  99 : 110111011101 ; -- R:D G:D B:D
  100 : 110111011101 ; -- R:D G:D B:D
  101 : 110111011101 ; -- R:D G:D B:D
  102 : 110111011101 ; -- R:D G:D B:D
  103 : 110111011101 ; -- R:D G:D B:D
  104 : 110111011101 ; -- R:D G:D B:D
  105 : 110111011101 ; -- R:D G:D B:D
  106 : 110111011101 ; -- R:D G:D B:D
  107 : 110111011101 ; -- R:D G:D B:D
  108 : 110111011101 ; -- R:D G:D B:D
  109 : 110111011101 ; -- R:D G:D B:D
  110 : 110111011101 ; -- R:D G:D B:D
  111 : 110011011101 ; -- R:C G:D B:D
  112 : 110011011101 ; -- R:C G:D B:D
  113 : 110011011101 ; -- R:C G:D B:D
  114 : 110011001100 ; -- R:C G:C B:C
  115 : 110011001100 ; -- R:C G:C B:C
  116 : 110011001100 ; -- R:C G:C B:C
  117 : 110011001100 ; -- R:C G:C B:C
  118 : 110011001100 ; -- R:C G:C B:C
  119 : 110011001100 ; -- R:C G:C B:C
  120 : 110011001100 ; -- R:C G:C B:C
  121 : 110011001100 ; -- R:C G:C B:C
  122 : 110011001100 ; -- R:C G:C B:C
  123 : 101110111011 ; -- R:B G:B B:B
  124 : 101110111011 ; -- R:B G:B B:B
  125 : 101110111011 ; -- R:B G:B B:B
  126 : 101110111011 ; -- R:B G:B B:B
  127 : 101110111011 ; -- R:B G:B B:B
  128 : 110011001100 ; -- R:C G:C B:C
  129 : 110011001100 ; -- R:C G:C B:C
  130 : 110011001100 ; -- R:C G:C B:C
  131 : 110011001100 ; -- R:C G:C B:C
  132 : 110011001100 ; -- R:C G:C B:C
  133 : 110011001100 ; -- R:C G:C B:C
  134 : 110011001100 ; -- R:C G:C B:C
  135 : 110111011101 ; -- R:D G:D B:D
  136 : 110111011101 ; -- R:D G:D B:D
  137 : 110111011101 ; -- R:D G:D B:D
  138 : 110111011101 ; -- R:D G:D B:D
  139 : 110111011101 ; -- R:D G:D B:D
  140 : 110111011101 ; -- R:D G:D B:D
  141 : 110111011101 ; -- R:D G:D B:D
  142 : 110111011101 ; -- R:D G:D B:D
  143 : 110111011101 ; -- R:D G:D B:D
  144 : 110111011101 ; -- R:D G:D B:D
  145 : 110111011101 ; -- R:D G:D B:D
  146 : 110111011101 ; -- R:D G:D B:D
  147 : 110111011101 ; -- R:D G:D B:D
  148 : 110111011101 ; -- R:D G:D B:D
  149 : 110111011101 ; -- R:D G:D B:D
  150 : 110111011101 ; -- R:D G:D B:D
  151 : 110111011101 ; -- R:D G:D B:D
  152 : 110111011101 ; -- R:D G:D B:D
  153 : 110111011101 ; -- R:D G:D B:D
  154 : 110111011101 ; -- R:D G:D B:D
  155 : 110111011101 ; -- R:D G:D B:D
  156 : 110111011101 ; -- R:D G:D B:D
  157 : 110111011101 ; -- R:D G:D B:D
  158 : 110111011101 ; -- R:D G:D B:D
  159 : 110111011101 ; -- R:D G:D B:D
  160 : 110111011101 ; -- R:D G:D B:D
  161 : 110111011101 ; -- R:D G:D B:D
  162 : 110111011101 ; -- R:D G:D B:D
  163 : 110111011101 ; -- R:D G:D B:D
  164 : 110111011101 ; -- R:D G:D B:D
  165 : 110111011101 ; -- R:D G:D B:D
  166 : 110111011101 ; -- R:D G:D B:D
  167 : 110111011101 ; -- R:D G:D B:D
  168 : 110111011101 ; -- R:D G:D B:D
  169 : 110111011101 ; -- R:D G:D B:D
  170 : 110111011101 ; -- R:D G:D B:D
  171 : 110111011101 ; -- R:D G:D B:D
  172 : 110111011101 ; -- R:D G:D B:D
  173 : 110111011101 ; -- R:D G:D B:D
  174 : 110111011101 ; -- R:D G:D B:D
  175 : 110111011101 ; -- R:D G:D B:D
  176 : 110111011101 ; -- R:D G:D B:D
  177 : 110011011101 ; -- R:C G:D B:D
  178 : 110011011101 ; -- R:C G:D B:D
  179 : 110011001100 ; -- R:C G:C B:C
  180 : 110011001100 ; -- R:C G:C B:C
  181 : 110011001100 ; -- R:C G:C B:C
  182 : 110011001100 ; -- R:C G:C B:C
  183 : 110011001100 ; -- R:C G:C B:C
  184 : 110011001100 ; -- R:C G:C B:C
  185 : 110011001100 ; -- R:C G:C B:C
  186 : 110011001100 ; -- R:C G:C B:C
  187 : 110011001100 ; -- R:C G:C B:C
  188 : 101110111011 ; -- R:B G:B B:B
  189 : 101110111011 ; -- R:B G:B B:B
  190 : 101110111011 ; -- R:B G:B B:B
  191 : 101110111011 ; -- R:B G:B B:B
  192 : 110011001100 ; -- R:C G:C B:C
  193 : 110011001100 ; -- R:C G:C B:C
  194 : 110011001100 ; -- R:C G:C B:C
  195 : 110011001100 ; -- R:C G:C B:C
  196 : 110011001100 ; -- R:C G:C B:C
  197 : 110011001100 ; -- R:C G:C B:C
  198 : 110011001100 ; -- R:C G:C B:C
  199 : 110111011101 ; -- R:D G:D B:D
  200 : 110111011101 ; -- R:D G:D B:D
  201 : 110111011101 ; -- R:D G:D B:D
  202 : 110111011101 ; -- R:D G:D B:D
  203 : 110111011101 ; -- R:D G:D B:D
  204 : 110111011101 ; -- R:D G:D B:D
  205 : 110111011101 ; -- R:D G:D B:D
  206 : 110111011101 ; -- R:D G:D B:D
  207 : 110111011101 ; -- R:D G:D B:D
  208 : 110111011101 ; -- R:D G:D B:D
  209 : 110111011101 ; -- R:D G:D B:D
  210 : 110111011101 ; -- R:D G:D B:D
  211 : 110111011101 ; -- R:D G:D B:D
  212 : 110111011101 ; -- R:D G:D B:D
  213 : 110111011101 ; -- R:D G:D B:D
  214 : 110111011101 ; -- R:D G:D B:D
  215 : 110111011101 ; -- R:D G:D B:D
  216 : 110111011101 ; -- R:D G:D B:D
  217 : 110111011101 ; -- R:D G:D B:D
  218 : 110111011101 ; -- R:D G:D B:D
  219 : 110111011101 ; -- R:D G:D B:D
  220 : 110111011101 ; -- R:D G:D B:D
  221 : 110111011101 ; -- R:D G:D B:D
  222 : 110111011101 ; -- R:D G:D B:D
  223 : 110111011101 ; -- R:D G:D B:D
  224 : 110111011101 ; -- R:D G:D B:D
  225 : 110111011101 ; -- R:D G:D B:D
  226 : 110111011101 ; -- R:D G:D B:D
  227 : 110111011101 ; -- R:D G:D B:D
  228 : 110111011101 ; -- R:D G:D B:D
  229 : 110111011101 ; -- R:D G:D B:D
  230 : 110111011101 ; -- R:D G:D B:D
  231 : 110111011101 ; -- R:D G:D B:D
  232 : 110111011101 ; -- R:D G:D B:D
  233 : 110111011101 ; -- R:D G:D B:D
  234 : 110111011101 ; -- R:D G:D B:D
  235 : 110111011101 ; -- R:D G:D B:D
  236 : 110111011101 ; -- R:D G:D B:D
  237 : 110111011101 ; -- R:D G:D B:D
  238 : 110111011101 ; -- R:D G:D B:D
  239 : 110111011101 ; -- R:D G:D B:D
  240 : 110111011101 ; -- R:D G:D B:D
  241 : 110111011101 ; -- R:D G:D B:D
  242 : 110011011101 ; -- R:C G:D B:D
  243 : 110011011101 ; -- R:C G:D B:D
  244 : 110011001100 ; -- R:C G:C B:C
  245 : 110011001100 ; -- R:C G:C B:C
  246 : 110011001100 ; -- R:C G:C B:C
  247 : 110011001100 ; -- R:C G:C B:C
  248 : 110011001100 ; -- R:C G:C B:C
  249 : 110011001100 ; -- R:C G:C B:C
  250 : 110011001100 ; -- R:C G:C B:C
  251 : 110011001100 ; -- R:C G:C B:C
  252 : 101110111011 ; -- R:B G:B B:B
  253 : 101110111011 ; -- R:B G:B B:B
  254 : 101110111011 ; -- R:B G:B B:B
  255 : 101110111011 ; -- R:B G:B B:B
  256 : 110011001100 ; -- R:C G:C B:C
  257 : 110011001100 ; -- R:C G:C B:C
  258 : 110011001100 ; -- R:C G:C B:C
  259 : 110011001100 ; -- R:C G:C B:C
  260 : 110011001100 ; -- R:C G:C B:C
  261 : 110011001100 ; -- R:C G:C B:C
  262 : 110011011101 ; -- R:C G:D B:D
  263 : 110011011101 ; -- R:C G:D B:D
  264 : 110111011101 ; -- R:D G:D B:D
  265 : 110111011101 ; -- R:D G:D B:D
  266 : 110111011101 ; -- R:D G:D B:D
  267 : 110111011101 ; -- R:D G:D B:D
  268 : 110111011101 ; -- R:D G:D B:D
  269 : 110111011101 ; -- R:D G:D B:D
  270 : 110111011101 ; -- R:D G:D B:D
  271 : 110111011101 ; -- R:D G:D B:D
  272 : 110111011101 ; -- R:D G:D B:D
  273 : 110111011101 ; -- R:D G:D B:D
  274 : 110111011101 ; -- R:D G:D B:D
  275 : 110111011101 ; -- R:D G:D B:D
  276 : 110111011101 ; -- R:D G:D B:D
  277 : 110111011101 ; -- R:D G:D B:D
  278 : 110111011101 ; -- R:D G:D B:D
  279 : 110111011101 ; -- R:D G:D B:D
  280 : 110111011101 ; -- R:D G:D B:D
  281 : 110111011101 ; -- R:D G:D B:D
  282 : 110111011101 ; -- R:D G:D B:D
  283 : 101010101010 ; -- R:A G:A B:A
  284 : 101010000111 ; -- R:A G:8 B:7
  285 : 101010000111 ; -- R:A G:8 B:7
  286 : 101010101010 ; -- R:A G:A B:A
  287 : 101010101010 ; -- R:A G:A B:A
  288 : 101010101010 ; -- R:A G:A B:A
  289 : 101110111011 ; -- R:B G:B B:B
  290 : 110011001100 ; -- R:C G:C B:C
  291 : 110111011101 ; -- R:D G:D B:D
  292 : 110111011101 ; -- R:D G:D B:D
  293 : 110111011101 ; -- R:D G:D B:D
  294 : 110111011101 ; -- R:D G:D B:D
  295 : 110111011101 ; -- R:D G:D B:D
  296 : 110111011101 ; -- R:D G:D B:D
  297 : 110111011101 ; -- R:D G:D B:D
  298 : 110111011101 ; -- R:D G:D B:D
  299 : 110111011101 ; -- R:D G:D B:D
  300 : 110111011101 ; -- R:D G:D B:D
  301 : 110111011101 ; -- R:D G:D B:D
  302 : 110111011101 ; -- R:D G:D B:D
  303 : 110111011101 ; -- R:D G:D B:D
  304 : 110111011101 ; -- R:D G:D B:D
  305 : 110111011101 ; -- R:D G:D B:D
  306 : 110011011101 ; -- R:C G:D B:D
  307 : 110011011101 ; -- R:C G:D B:D
  308 : 110011001100 ; -- R:C G:C B:C
  309 : 110011001100 ; -- R:C G:C B:C
  310 : 110011001100 ; -- R:C G:C B:C
  311 : 110011001100 ; -- R:C G:C B:C
  312 : 110011001100 ; -- R:C G:C B:C
  313 : 110011001100 ; -- R:C G:C B:C
  314 : 110011001100 ; -- R:C G:C B:C
  315 : 110011001100 ; -- R:C G:C B:C
  316 : 101110111011 ; -- R:B G:B B:B
  317 : 101110111011 ; -- R:B G:B B:B
  318 : 101110111011 ; -- R:B G:B B:B
  319 : 101110111011 ; -- R:B G:B B:B
  320 : 110011001100 ; -- R:C G:C B:C
  321 : 110011001100 ; -- R:C G:C B:C
  322 : 110011001100 ; -- R:C G:C B:C
  323 : 110011001100 ; -- R:C G:C B:C
  324 : 110011001100 ; -- R:C G:C B:C
  325 : 110011001100 ; -- R:C G:C B:C
  326 : 110011011101 ; -- R:C G:D B:D
  327 : 110111011101 ; -- R:D G:D B:D
  328 : 110111011101 ; -- R:D G:D B:D
  329 : 110111011101 ; -- R:D G:D B:D
  330 : 110111011101 ; -- R:D G:D B:D
  331 : 110111011101 ; -- R:D G:D B:D
  332 : 110111011101 ; -- R:D G:D B:D
  333 : 110111011101 ; -- R:D G:D B:D
  334 : 110111011101 ; -- R:D G:D B:D
  335 : 110111011101 ; -- R:D G:D B:D
  336 : 110111011101 ; -- R:D G:D B:D
  337 : 110111011101 ; -- R:D G:D B:D
  338 : 110111011101 ; -- R:D G:D B:D
  339 : 110111011101 ; -- R:D G:D B:D
  340 : 110111011101 ; -- R:D G:D B:D
  341 : 110111011101 ; -- R:D G:D B:D
  342 : 110111011101 ; -- R:D G:D B:D
  343 : 110111011101 ; -- R:D G:D B:D
  344 : 110111011101 ; -- R:D G:D B:D
  345 : 101110111011 ; -- R:B G:B B:B
  346 : 100001010100 ; -- R:8 G:5 B:4
  347 : 001100110011 ; -- R:3 G:3 B:3
  348 : 001100110011 ; -- R:3 G:3 B:3
  349 : 001100110011 ; -- R:3 G:3 B:3
  350 : 001100110011 ; -- R:3 G:3 B:3
  351 : 001100110011 ; -- R:3 G:3 B:3
  352 : 100001010100 ; -- R:8 G:5 B:4
  353 : 100001010100 ; -- R:8 G:5 B:4
  354 : 100001010100 ; -- R:8 G:5 B:4
  355 : 101010000111 ; -- R:A G:8 B:7
  356 : 101010101010 ; -- R:A G:A B:A
  357 : 101010101010 ; -- R:A G:A B:A
  358 : 101010101010 ; -- R:A G:A B:A
  359 : 110011001100 ; -- R:C G:C B:C
  360 : 110111011101 ; -- R:D G:D B:D
  361 : 110111011101 ; -- R:D G:D B:D
  362 : 110111011101 ; -- R:D G:D B:D
  363 : 110111011101 ; -- R:D G:D B:D
  364 : 110111011101 ; -- R:D G:D B:D
  365 : 110111011101 ; -- R:D G:D B:D
  366 : 110111011101 ; -- R:D G:D B:D
  367 : 110111011101 ; -- R:D G:D B:D
  368 : 110111011101 ; -- R:D G:D B:D
  369 : 110111011101 ; -- R:D G:D B:D
  370 : 110011011101 ; -- R:C G:D B:D
  371 : 110011001100 ; -- R:C G:C B:C
  372 : 110011001100 ; -- R:C G:C B:C
  373 : 110011001100 ; -- R:C G:C B:C
  374 : 110011001100 ; -- R:C G:C B:C
  375 : 110011001100 ; -- R:C G:C B:C
  376 : 110011001100 ; -- R:C G:C B:C
  377 : 110011001100 ; -- R:C G:C B:C
  378 : 110011001100 ; -- R:C G:C B:C
  379 : 110011001100 ; -- R:C G:C B:C
  380 : 101110111011 ; -- R:B G:B B:B
  381 : 101110111011 ; -- R:B G:B B:B
  382 : 101110111011 ; -- R:B G:B B:B
  383 : 101110111011 ; -- R:B G:B B:B
  384 : 110011001100 ; -- R:C G:C B:C
  385 : 110011001100 ; -- R:C G:C B:C
  386 : 110011001100 ; -- R:C G:C B:C
  387 : 110011001100 ; -- R:C G:C B:C
  388 : 110011001100 ; -- R:C G:C B:C
  389 : 110011011101 ; -- R:C G:D B:D
  390 : 110111011101 ; -- R:D G:D B:D
  391 : 110111011101 ; -- R:D G:D B:D
  392 : 110111011101 ; -- R:D G:D B:D
  393 : 110111011101 ; -- R:D G:D B:D
  394 : 110111011101 ; -- R:D G:D B:D
  395 : 110111011101 ; -- R:D G:D B:D
  396 : 110111011101 ; -- R:D G:D B:D
  397 : 110111011101 ; -- R:D G:D B:D
  398 : 110111011101 ; -- R:D G:D B:D
  399 : 110111011101 ; -- R:D G:D B:D
  400 : 110111011101 ; -- R:D G:D B:D
  401 : 110111011101 ; -- R:D G:D B:D
  402 : 110111011101 ; -- R:D G:D B:D
  403 : 110111011101 ; -- R:D G:D B:D
  404 : 110111011101 ; -- R:D G:D B:D
  405 : 110111011101 ; -- R:D G:D B:D
  406 : 110111011101 ; -- R:D G:D B:D
  407 : 110111011101 ; -- R:D G:D B:D
  408 : 101010101010 ; -- R:A G:A B:A
  409 : 001100110011 ; -- R:3 G:3 B:3
  410 : 001100110011 ; -- R:3 G:3 B:3
  411 : 001100110011 ; -- R:3 G:3 B:3
  412 : 001100110011 ; -- R:3 G:3 B:3
  413 : 001100110011 ; -- R:3 G:3 B:3
  414 : 001100110011 ; -- R:3 G:3 B:3
  415 : 001100110011 ; -- R:3 G:3 B:3
  416 : 100001010100 ; -- R:8 G:5 B:4
  417 : 100001010100 ; -- R:8 G:5 B:4
  418 : 100001010100 ; -- R:8 G:5 B:4
  419 : 100001010100 ; -- R:8 G:5 B:4
  420 : 100001010100 ; -- R:8 G:5 B:4
  421 : 100001010100 ; -- R:8 G:5 B:4
  422 : 100001010100 ; -- R:8 G:5 B:4
  423 : 100001010100 ; -- R:8 G:5 B:4
  424 : 100101110110 ; -- R:9 G:7 B:6
  425 : 101110111011 ; -- R:B G:B B:B
  426 : 110111011101 ; -- R:D G:D B:D
  427 : 110111011101 ; -- R:D G:D B:D
  428 : 110111011101 ; -- R:D G:D B:D
  429 : 110111011101 ; -- R:D G:D B:D
  430 : 110111011101 ; -- R:D G:D B:D
  431 : 110111011101 ; -- R:D G:D B:D
  432 : 110111011101 ; -- R:D G:D B:D
  433 : 110111011101 ; -- R:D G:D B:D
  434 : 110111011101 ; -- R:D G:D B:D
  435 : 110011011101 ; -- R:C G:D B:D
  436 : 110011011101 ; -- R:C G:D B:D
  437 : 110011001100 ; -- R:C G:C B:C
  438 : 110011001100 ; -- R:C G:C B:C
  439 : 110011001100 ; -- R:C G:C B:C
  440 : 110011001100 ; -- R:C G:C B:C
  441 : 110011001100 ; -- R:C G:C B:C
  442 : 110011001100 ; -- R:C G:C B:C
  443 : 110011001100 ; -- R:C G:C B:C
  444 : 110011001100 ; -- R:C G:C B:C
  445 : 101110111011 ; -- R:B G:B B:B
  446 : 101110111011 ; -- R:B G:B B:B
  447 : 101110111011 ; -- R:B G:B B:B
  448 : 110011001100 ; -- R:C G:C B:C
  449 : 110011001100 ; -- R:C G:C B:C
  450 : 110011001100 ; -- R:C G:C B:C
  451 : 110011001100 ; -- R:C G:C B:C
  452 : 110011011101 ; -- R:C G:D B:D
  453 : 110011011101 ; -- R:C G:D B:D
  454 : 110111011101 ; -- R:D G:D B:D
  455 : 110111011101 ; -- R:D G:D B:D
  456 : 110111011101 ; -- R:D G:D B:D
  457 : 110111011101 ; -- R:D G:D B:D
  458 : 110111011101 ; -- R:D G:D B:D
  459 : 110111011101 ; -- R:D G:D B:D
  460 : 110111011101 ; -- R:D G:D B:D
  461 : 110111011101 ; -- R:D G:D B:D
  462 : 110111011101 ; -- R:D G:D B:D
  463 : 110111011101 ; -- R:D G:D B:D
  464 : 110111011101 ; -- R:D G:D B:D
  465 : 110111011101 ; -- R:D G:D B:D
  466 : 110111011101 ; -- R:D G:D B:D
  467 : 110111011101 ; -- R:D G:D B:D
  468 : 110111011101 ; -- R:D G:D B:D
  469 : 110111011101 ; -- R:D G:D B:D
  470 : 110111011101 ; -- R:D G:D B:D
  471 : 100101110110 ; -- R:9 G:7 B:6
  472 : 001100110011 ; -- R:3 G:3 B:3
  473 : 001100110011 ; -- R:3 G:3 B:3
  474 : 001100110011 ; -- R:3 G:3 B:3
  475 : 001100110011 ; -- R:3 G:3 B:3
  476 : 001100110011 ; -- R:3 G:3 B:3
  477 : 001100110011 ; -- R:3 G:3 B:3
  478 : 001100110011 ; -- R:3 G:3 B:3
  479 : 001100110011 ; -- R:3 G:3 B:3
  480 : 100001010100 ; -- R:8 G:5 B:4
  481 : 100101110110 ; -- R:9 G:7 B:6
  482 : 100001010100 ; -- R:8 G:5 B:4
  483 : 100001010100 ; -- R:8 G:5 B:4
  484 : 100001010100 ; -- R:8 G:5 B:4
  485 : 100001010100 ; -- R:8 G:5 B:4
  486 : 100001010100 ; -- R:8 G:5 B:4
  487 : 100001010100 ; -- R:8 G:5 B:4
  488 : 100001010100 ; -- R:8 G:5 B:4
  489 : 100101110110 ; -- R:9 G:7 B:6
  490 : 101010101010 ; -- R:A G:A B:A
  491 : 110111011101 ; -- R:D G:D B:D
  492 : 110111011101 ; -- R:D G:D B:D
  493 : 110111011101 ; -- R:D G:D B:D
  494 : 110111011101 ; -- R:D G:D B:D
  495 : 110111011101 ; -- R:D G:D B:D
  496 : 110111011101 ; -- R:D G:D B:D
  497 : 110111011101 ; -- R:D G:D B:D
  498 : 110111011101 ; -- R:D G:D B:D
  499 : 110111011101 ; -- R:D G:D B:D
  500 : 110011001100 ; -- R:C G:C B:C
  501 : 110011001100 ; -- R:C G:C B:C
  502 : 110011001100 ; -- R:C G:C B:C
  503 : 110011001100 ; -- R:C G:C B:C
  504 : 110011001100 ; -- R:C G:C B:C
  505 : 110011001100 ; -- R:C G:C B:C
  506 : 110011001100 ; -- R:C G:C B:C
  507 : 110011001100 ; -- R:C G:C B:C
  508 : 110011001100 ; -- R:C G:C B:C
  509 : 101110111011 ; -- R:B G:B B:B
  510 : 101110111011 ; -- R:B G:B B:B
  511 : 101110111011 ; -- R:B G:B B:B
  512 : 110011001100 ; -- R:C G:C B:C
  513 : 110011001100 ; -- R:C G:C B:C
  514 : 110011001100 ; -- R:C G:C B:C
  515 : 110011001100 ; -- R:C G:C B:C
  516 : 110011011101 ; -- R:C G:D B:D
  517 : 110011011101 ; -- R:C G:D B:D
  518 : 110111011101 ; -- R:D G:D B:D
  519 : 110111011101 ; -- R:D G:D B:D
  520 : 110111011101 ; -- R:D G:D B:D
  521 : 110111011101 ; -- R:D G:D B:D
  522 : 110111011101 ; -- R:D G:D B:D
  523 : 110111011101 ; -- R:D G:D B:D
  524 : 110111011101 ; -- R:D G:D B:D
  525 : 110111011101 ; -- R:D G:D B:D
  526 : 110111011101 ; -- R:D G:D B:D
  527 : 110111011101 ; -- R:D G:D B:D
  528 : 110111011101 ; -- R:D G:D B:D
  529 : 110111011101 ; -- R:D G:D B:D
  530 : 110111011101 ; -- R:D G:D B:D
  531 : 110111011101 ; -- R:D G:D B:D
  532 : 110111011101 ; -- R:D G:D B:D
  533 : 101110111011 ; -- R:B G:B B:B
  534 : 100001010100 ; -- R:8 G:5 B:4
  535 : 001100110011 ; -- R:3 G:3 B:3
  536 : 001000100010 ; -- R:2 G:2 B:2
  537 : 000000000000 ; -- R:0 G:0 B:0
  538 : 001000100010 ; -- R:2 G:2 B:2
  539 : 001100110011 ; -- R:3 G:3 B:3
  540 : 001100110011 ; -- R:3 G:3 B:3
  541 : 001100110011 ; -- R:3 G:3 B:3
  542 : 001100110011 ; -- R:3 G:3 B:3
  543 : 100001010100 ; -- R:8 G:5 B:4
  544 : 100001010100 ; -- R:8 G:5 B:4
  545 : 100101110110 ; -- R:9 G:7 B:6
  546 : 100101110110 ; -- R:9 G:7 B:6
  547 : 100001010100 ; -- R:8 G:5 B:4
  548 : 100001010100 ; -- R:8 G:5 B:4
  549 : 100101110110 ; -- R:9 G:7 B:6
  550 : 100001010100 ; -- R:8 G:5 B:4
  551 : 100001010100 ; -- R:8 G:5 B:4
  552 : 100001010100 ; -- R:8 G:5 B:4
  553 : 100001010100 ; -- R:8 G:5 B:4
  554 : 100001010100 ; -- R:8 G:5 B:4
  555 : 100101110110 ; -- R:9 G:7 B:6
  556 : 101110111011 ; -- R:B G:B B:B
  557 : 110111011101 ; -- R:D G:D B:D
  558 : 110111011101 ; -- R:D G:D B:D
  559 : 110111011101 ; -- R:D G:D B:D
  560 : 110111011101 ; -- R:D G:D B:D
  561 : 110111011101 ; -- R:D G:D B:D
  562 : 110111011101 ; -- R:D G:D B:D
  563 : 110111011101 ; -- R:D G:D B:D
  564 : 110011011101 ; -- R:C G:D B:D
  565 : 110011001100 ; -- R:C G:C B:C
  566 : 110011001100 ; -- R:C G:C B:C
  567 : 110011001100 ; -- R:C G:C B:C
  568 : 110011001100 ; -- R:C G:C B:C
  569 : 110011001100 ; -- R:C G:C B:C
  570 : 110011001100 ; -- R:C G:C B:C
  571 : 110011001100 ; -- R:C G:C B:C
  572 : 110011001100 ; -- R:C G:C B:C
  573 : 110011001100 ; -- R:C G:C B:C
  574 : 101110111011 ; -- R:B G:B B:B
  575 : 101110111011 ; -- R:B G:B B:B
  576 : 110011001100 ; -- R:C G:C B:C
  577 : 110011001100 ; -- R:C G:C B:C
  578 : 110011001100 ; -- R:C G:C B:C
  579 : 110011001100 ; -- R:C G:C B:C
  580 : 110011011101 ; -- R:C G:D B:D
  581 : 110111011101 ; -- R:D G:D B:D
  582 : 110111011101 ; -- R:D G:D B:D
  583 : 110111011101 ; -- R:D G:D B:D
  584 : 110111011101 ; -- R:D G:D B:D
  585 : 110111011101 ; -- R:D G:D B:D
  586 : 110111011101 ; -- R:D G:D B:D
  587 : 110111011101 ; -- R:D G:D B:D
  588 : 110111011101 ; -- R:D G:D B:D
  589 : 110111011101 ; -- R:D G:D B:D
  590 : 110111011101 ; -- R:D G:D B:D
  591 : 110111011101 ; -- R:D G:D B:D
  592 : 110111011101 ; -- R:D G:D B:D
  593 : 110111011101 ; -- R:D G:D B:D
  594 : 110011001100 ; -- R:C G:C B:C
  595 : 110011001100 ; -- R:C G:C B:C
  596 : 101110111011 ; -- R:B G:B B:B
  597 : 100001010100 ; -- R:8 G:5 B:4
  598 : 001100110011 ; -- R:3 G:3 B:3
  599 : 001000100010 ; -- R:2 G:2 B:2
  600 : 000000000000 ; -- R:0 G:0 B:0
  601 : 000000000000 ; -- R:0 G:0 B:0
  602 : 001000100010 ; -- R:2 G:2 B:2
  603 : 001100110011 ; -- R:3 G:3 B:3
  604 : 001100110011 ; -- R:3 G:3 B:3
  605 : 001100110011 ; -- R:3 G:3 B:3
  606 : 001100110011 ; -- R:3 G:3 B:3
  607 : 001100110011 ; -- R:3 G:3 B:3
  608 : 001100110011 ; -- R:3 G:3 B:3
  609 : 001100110011 ; -- R:3 G:3 B:3
  610 : 100001010100 ; -- R:8 G:5 B:4
  611 : 100101110110 ; -- R:9 G:7 B:6
  612 : 100001010100 ; -- R:8 G:5 B:4
  613 : 100001010100 ; -- R:8 G:5 B:4
  614 : 100001010100 ; -- R:8 G:5 B:4
  615 : 100101110110 ; -- R:9 G:7 B:6
  616 : 100001010100 ; -- R:8 G:5 B:4
  617 : 001100110011 ; -- R:3 G:3 B:3
  618 : 100001010100 ; -- R:8 G:5 B:4
  619 : 100001010100 ; -- R:8 G:5 B:4
  620 : 100001010100 ; -- R:8 G:5 B:4
  621 : 101110111011 ; -- R:B G:B B:B
  622 : 110111011101 ; -- R:D G:D B:D
  623 : 110011011101 ; -- R:C G:D B:D
  624 : 110111011101 ; -- R:D G:D B:D
  625 : 110111011101 ; -- R:D G:D B:D
  626 : 110111011101 ; -- R:D G:D B:D
  627 : 110111011101 ; -- R:D G:D B:D
  628 : 110011011101 ; -- R:C G:D B:D
  629 : 110011001100 ; -- R:C G:C B:C
  630 : 110011001100 ; -- R:C G:C B:C
  631 : 110011001100 ; -- R:C G:C B:C
  632 : 110011001100 ; -- R:C G:C B:C
  633 : 110011001100 ; -- R:C G:C B:C
  634 : 110011001100 ; -- R:C G:C B:C
  635 : 110011001100 ; -- R:C G:C B:C
  636 : 110011001100 ; -- R:C G:C B:C
  637 : 110011001100 ; -- R:C G:C B:C
  638 : 101110111011 ; -- R:B G:B B:B
  639 : 101110111011 ; -- R:B G:B B:B
  640 : 110011001100 ; -- R:C G:C B:C
  641 : 110011001100 ; -- R:C G:C B:C
  642 : 110011001100 ; -- R:C G:C B:C
  643 : 110011011101 ; -- R:C G:D B:D
  644 : 110011011101 ; -- R:C G:D B:D
  645 : 110111011101 ; -- R:D G:D B:D
  646 : 110111011101 ; -- R:D G:D B:D
  647 : 110111011101 ; -- R:D G:D B:D
  648 : 110111011101 ; -- R:D G:D B:D
  649 : 110111011101 ; -- R:D G:D B:D
  650 : 110111011101 ; -- R:D G:D B:D
  651 : 110111011101 ; -- R:D G:D B:D
  652 : 110111011101 ; -- R:D G:D B:D
  653 : 110111011101 ; -- R:D G:D B:D
  654 : 110111011101 ; -- R:D G:D B:D
  655 : 110111011101 ; -- R:D G:D B:D
  656 : 110111011101 ; -- R:D G:D B:D
  657 : 110111011101 ; -- R:D G:D B:D
  658 : 101010101010 ; -- R:A G:A B:A
  659 : 101010000111 ; -- R:A G:8 B:7
  660 : 100001010100 ; -- R:8 G:5 B:4
  661 : 001100110011 ; -- R:3 G:3 B:3
  662 : 001100110011 ; -- R:3 G:3 B:3
  663 : 000000000000 ; -- R:0 G:0 B:0
  664 : 000000000000 ; -- R:0 G:0 B:0
  665 : 001000100010 ; -- R:2 G:2 B:2
  666 : 001000100010 ; -- R:2 G:2 B:2
  667 : 001000100010 ; -- R:2 G:2 B:2
  668 : 001100110011 ; -- R:3 G:3 B:3
  669 : 001100110011 ; -- R:3 G:3 B:3
  670 : 001100110011 ; -- R:3 G:3 B:3
  671 : 001100110011 ; -- R:3 G:3 B:3
  672 : 001100110011 ; -- R:3 G:3 B:3
  673 : 100001010100 ; -- R:8 G:5 B:4
  674 : 100001010100 ; -- R:8 G:5 B:4
  675 : 100001010100 ; -- R:8 G:5 B:4
  676 : 100001010100 ; -- R:8 G:5 B:4
  677 : 100001010100 ; -- R:8 G:5 B:4
  678 : 100001010100 ; -- R:8 G:5 B:4
  679 : 100001010100 ; -- R:8 G:5 B:4
  680 : 100101110110 ; -- R:9 G:7 B:6
  681 : 100001010100 ; -- R:8 G:5 B:4
  682 : 100001010100 ; -- R:8 G:5 B:4
  683 : 100001010100 ; -- R:8 G:5 B:4
  684 : 100001010100 ; -- R:8 G:5 B:4
  685 : 100001010100 ; -- R:8 G:5 B:4
  686 : 101110111011 ; -- R:B G:B B:B
  687 : 110111011101 ; -- R:D G:D B:D
  688 : 110011011101 ; -- R:C G:D B:D
  689 : 110111011101 ; -- R:D G:D B:D
  690 : 110111011101 ; -- R:D G:D B:D
  691 : 110111011101 ; -- R:D G:D B:D
  692 : 110011001100 ; -- R:C G:C B:C
  693 : 110011001100 ; -- R:C G:C B:C
  694 : 110011001100 ; -- R:C G:C B:C
  695 : 110011001100 ; -- R:C G:C B:C
  696 : 110011001100 ; -- R:C G:C B:C
  697 : 110011001100 ; -- R:C G:C B:C
  698 : 110011001100 ; -- R:C G:C B:C
  699 : 110011001100 ; -- R:C G:C B:C
  700 : 110011001100 ; -- R:C G:C B:C
  701 : 110011001100 ; -- R:C G:C B:C
  702 : 110011001100 ; -- R:C G:C B:C
  703 : 101110111011 ; -- R:B G:B B:B
  704 : 110011001100 ; -- R:C G:C B:C
  705 : 110011001100 ; -- R:C G:C B:C
  706 : 110011001100 ; -- R:C G:C B:C
  707 : 110011011101 ; -- R:C G:D B:D
  708 : 110111011101 ; -- R:D G:D B:D
  709 : 110111011101 ; -- R:D G:D B:D
  710 : 110111011101 ; -- R:D G:D B:D
  711 : 110111011101 ; -- R:D G:D B:D
  712 : 110111011101 ; -- R:D G:D B:D
  713 : 110111011101 ; -- R:D G:D B:D
  714 : 110111011101 ; -- R:D G:D B:D
  715 : 110111011101 ; -- R:D G:D B:D
  716 : 110111011101 ; -- R:D G:D B:D
  717 : 110111011101 ; -- R:D G:D B:D
  718 : 110111011101 ; -- R:D G:D B:D
  719 : 110111011101 ; -- R:D G:D B:D
  720 : 110111011101 ; -- R:D G:D B:D
  721 : 110011001100 ; -- R:C G:C B:C
  722 : 100001010100 ; -- R:8 G:5 B:4
  723 : 001100110011 ; -- R:3 G:3 B:3
  724 : 001100110011 ; -- R:3 G:3 B:3
  725 : 001100110011 ; -- R:3 G:3 B:3
  726 : 001000100010 ; -- R:2 G:2 B:2
  727 : 001000100010 ; -- R:2 G:2 B:2
  728 : 001000100010 ; -- R:2 G:2 B:2
  729 : 001100110011 ; -- R:3 G:3 B:3
  730 : 001100110011 ; -- R:3 G:3 B:3
  731 : 001000100010 ; -- R:2 G:2 B:2
  732 : 001100110011 ; -- R:3 G:3 B:3
  733 : 100001010100 ; -- R:8 G:5 B:4
  734 : 100001010100 ; -- R:8 G:5 B:4
  735 : 100001010100 ; -- R:8 G:5 B:4
  736 : 100001010100 ; -- R:8 G:5 B:4
  737 : 100101110110 ; -- R:9 G:7 B:6
  738 : 100001010100 ; -- R:8 G:5 B:4
  739 : 100001010100 ; -- R:8 G:5 B:4
  740 : 001100110011 ; -- R:3 G:3 B:3
  741 : 001100110011 ; -- R:3 G:3 B:3
  742 : 100001010100 ; -- R:8 G:5 B:4
  743 : 100001010100 ; -- R:8 G:5 B:4
  744 : 100001010100 ; -- R:8 G:5 B:4
  745 : 100001010100 ; -- R:8 G:5 B:4
  746 : 100001010100 ; -- R:8 G:5 B:4
  747 : 001100110011 ; -- R:3 G:3 B:3
  748 : 001100110011 ; -- R:3 G:3 B:3
  749 : 001100110011 ; -- R:3 G:3 B:3
  750 : 100001010100 ; -- R:8 G:5 B:4
  751 : 110011001100 ; -- R:C G:C B:C
  752 : 110111011101 ; -- R:D G:D B:D
  753 : 110011011101 ; -- R:C G:D B:D
  754 : 110111011101 ; -- R:D G:D B:D
  755 : 110011001100 ; -- R:C G:C B:C
  756 : 110011001100 ; -- R:C G:C B:C
  757 : 110011001100 ; -- R:C G:C B:C
  758 : 110011001100 ; -- R:C G:C B:C
  759 : 110011001100 ; -- R:C G:C B:C
  760 : 110011001100 ; -- R:C G:C B:C
  761 : 110011001100 ; -- R:C G:C B:C
  762 : 110011001100 ; -- R:C G:C B:C
  763 : 110011001100 ; -- R:C G:C B:C
  764 : 110011001100 ; -- R:C G:C B:C
  765 : 110011001100 ; -- R:C G:C B:C
  766 : 110011001100 ; -- R:C G:C B:C
  767 : 110011001100 ; -- R:C G:C B:C
  768 : 110011001100 ; -- R:C G:C B:C
  769 : 110011001100 ; -- R:C G:C B:C
  770 : 110011001100 ; -- R:C G:C B:C
  771 : 110111011101 ; -- R:D G:D B:D
  772 : 110111011101 ; -- R:D G:D B:D
  773 : 110111011101 ; -- R:D G:D B:D
  774 : 110111011101 ; -- R:D G:D B:D
  775 : 110111011101 ; -- R:D G:D B:D
  776 : 110111011101 ; -- R:D G:D B:D
  777 : 110111011101 ; -- R:D G:D B:D
  778 : 110111011101 ; -- R:D G:D B:D
  779 : 110111011101 ; -- R:D G:D B:D
  780 : 110111011101 ; -- R:D G:D B:D
  781 : 110111011101 ; -- R:D G:D B:D
  782 : 110111011101 ; -- R:D G:D B:D
  783 : 110111011101 ; -- R:D G:D B:D
  784 : 110011001100 ; -- R:C G:C B:C
  785 : 101010000111 ; -- R:A G:8 B:7
  786 : 001000100010 ; -- R:2 G:2 B:2
  787 : 001000100010 ; -- R:2 G:2 B:2
  788 : 100001010100 ; -- R:8 G:5 B:4
  789 : 001100110011 ; -- R:3 G:3 B:3
  790 : 001000100010 ; -- R:2 G:2 B:2
  791 : 001000100010 ; -- R:2 G:2 B:2
  792 : 001000100010 ; -- R:2 G:2 B:2
  793 : 001000100010 ; -- R:2 G:2 B:2
  794 : 001100110011 ; -- R:3 G:3 B:3
  795 : 100001010100 ; -- R:8 G:5 B:4
  796 : 001100110011 ; -- R:3 G:3 B:3
  797 : 001100110011 ; -- R:3 G:3 B:3
  798 : 100101110110 ; -- R:9 G:7 B:6
  799 : 100101110110 ; -- R:9 G:7 B:6
  800 : 100101110110 ; -- R:9 G:7 B:6
  801 : 100101110110 ; -- R:9 G:7 B:6
  802 : 100001010100 ; -- R:8 G:5 B:4
  803 : 001100110011 ; -- R:3 G:3 B:3
  804 : 001100110011 ; -- R:3 G:3 B:3
  805 : 001100110011 ; -- R:3 G:3 B:3
  806 : 001100110011 ; -- R:3 G:3 B:3
  807 : 001100110011 ; -- R:3 G:3 B:3
  808 : 001100110011 ; -- R:3 G:3 B:3
  809 : 001100110011 ; -- R:3 G:3 B:3
  810 : 001100110011 ; -- R:3 G:3 B:3
  811 : 001100110011 ; -- R:3 G:3 B:3
  812 : 001100110011 ; -- R:3 G:3 B:3
  813 : 001100110011 ; -- R:3 G:3 B:3
  814 : 001100110011 ; -- R:3 G:3 B:3
  815 : 100101110110 ; -- R:9 G:7 B:6
  816 : 110111011101 ; -- R:D G:D B:D
  817 : 110111011101 ; -- R:D G:D B:D
  818 : 110011011101 ; -- R:C G:D B:D
  819 : 110011001100 ; -- R:C G:C B:C
  820 : 110011001100 ; -- R:C G:C B:C
  821 : 110011001100 ; -- R:C G:C B:C
  822 : 110011001100 ; -- R:C G:C B:C
  823 : 110011001100 ; -- R:C G:C B:C
  824 : 110011001100 ; -- R:C G:C B:C
  825 : 110011001100 ; -- R:C G:C B:C
  826 : 110011001100 ; -- R:C G:C B:C
  827 : 110011001100 ; -- R:C G:C B:C
  828 : 110011001100 ; -- R:C G:C B:C
  829 : 110011001100 ; -- R:C G:C B:C
  830 : 110011001100 ; -- R:C G:C B:C
  831 : 110011001100 ; -- R:C G:C B:C
  832 : 110011001100 ; -- R:C G:C B:C
  833 : 110011001100 ; -- R:C G:C B:C
  834 : 110011001100 ; -- R:C G:C B:C
  835 : 110111011101 ; -- R:D G:D B:D
  836 : 110111011101 ; -- R:D G:D B:D
  837 : 110111011101 ; -- R:D G:D B:D
  838 : 110111011101 ; -- R:D G:D B:D
  839 : 110111011101 ; -- R:D G:D B:D
  840 : 110111011101 ; -- R:D G:D B:D
  841 : 110111011101 ; -- R:D G:D B:D
  842 : 110111011101 ; -- R:D G:D B:D
  843 : 110111011101 ; -- R:D G:D B:D
  844 : 110111011101 ; -- R:D G:D B:D
  845 : 110111011101 ; -- R:D G:D B:D
  846 : 110111011101 ; -- R:D G:D B:D
  847 : 110011001100 ; -- R:C G:C B:C
  848 : 101110111011 ; -- R:B G:B B:B
  849 : 100001010100 ; -- R:8 G:5 B:4
  850 : 001000100010 ; -- R:2 G:2 B:2
  851 : 001100110011 ; -- R:3 G:3 B:3
  852 : 100001010100 ; -- R:8 G:5 B:4
  853 : 001100110011 ; -- R:3 G:3 B:3
  854 : 001000100010 ; -- R:2 G:2 B:2
  855 : 000000000000 ; -- R:0 G:0 B:0
  856 : 001000100010 ; -- R:2 G:2 B:2
  857 : 001100110011 ; -- R:3 G:3 B:3
  858 : 001100110011 ; -- R:3 G:3 B:3
  859 : 100001010100 ; -- R:8 G:5 B:4
  860 : 100101100101 ; -- R:9 G:6 B:5
  861 : 001100110011 ; -- R:3 G:3 B:3
  862 : 001100110011 ; -- R:3 G:3 B:3
  863 : 100001010100 ; -- R:8 G:5 B:4
  864 : 001100110011 ; -- R:3 G:3 B:3
  865 : 001100110011 ; -- R:3 G:3 B:3
  866 : 001100110011 ; -- R:3 G:3 B:3
  867 : 001100110011 ; -- R:3 G:3 B:3
  868 : 001100110011 ; -- R:3 G:3 B:3
  869 : 001000100010 ; -- R:2 G:2 B:2
  870 : 001000100010 ; -- R:2 G:2 B:2
  871 : 001100110011 ; -- R:3 G:3 B:3
  872 : 001000100010 ; -- R:2 G:2 B:2
  873 : 001000100010 ; -- R:2 G:2 B:2
  874 : 001000100010 ; -- R:2 G:2 B:2
  875 : 001100110011 ; -- R:3 G:3 B:3
  876 : 001100110011 ; -- R:3 G:3 B:3
  877 : 001100110011 ; -- R:3 G:3 B:3
  878 : 100001010100 ; -- R:8 G:5 B:4
  879 : 100001010100 ; -- R:8 G:5 B:4
  880 : 101010101010 ; -- R:A G:A B:A
  881 : 110111011101 ; -- R:D G:D B:D
  882 : 110011001100 ; -- R:C G:C B:C
  883 : 110011001100 ; -- R:C G:C B:C
  884 : 110011001100 ; -- R:C G:C B:C
  885 : 110011001100 ; -- R:C G:C B:C
  886 : 110011001100 ; -- R:C G:C B:C
  887 : 110011001100 ; -- R:C G:C B:C
  888 : 110011001100 ; -- R:C G:C B:C
  889 : 110011001100 ; -- R:C G:C B:C
  890 : 110011001100 ; -- R:C G:C B:C
  891 : 110011001100 ; -- R:C G:C B:C
  892 : 110011001100 ; -- R:C G:C B:C
  893 : 110011001100 ; -- R:C G:C B:C
  894 : 110011001100 ; -- R:C G:C B:C
  895 : 110011001100 ; -- R:C G:C B:C
  896 : 110011001100 ; -- R:C G:C B:C
  897 : 110011001100 ; -- R:C G:C B:C
  898 : 110011001100 ; -- R:C G:C B:C
  899 : 110111011101 ; -- R:D G:D B:D
  900 : 110111011101 ; -- R:D G:D B:D
  901 : 110111011101 ; -- R:D G:D B:D
  902 : 110111011101 ; -- R:D G:D B:D
  903 : 110111011101 ; -- R:D G:D B:D
  904 : 110111011101 ; -- R:D G:D B:D
  905 : 110111011101 ; -- R:D G:D B:D
  906 : 110111011101 ; -- R:D G:D B:D
  907 : 110111011101 ; -- R:D G:D B:D
  908 : 110111011101 ; -- R:D G:D B:D
  909 : 110111011101 ; -- R:D G:D B:D
  910 : 110111011101 ; -- R:D G:D B:D
  911 : 101010101010 ; -- R:A G:A B:A
  912 : 100001010100 ; -- R:8 G:5 B:4
  913 : 001100110011 ; -- R:3 G:3 B:3
  914 : 100001010100 ; -- R:8 G:5 B:4
  915 : 100001010100 ; -- R:8 G:5 B:4
  916 : 001100110011 ; -- R:3 G:3 B:3
  917 : 001100110011 ; -- R:3 G:3 B:3
  918 : 001000100010 ; -- R:2 G:2 B:2
  919 : 001000100010 ; -- R:2 G:2 B:2
  920 : 001100110011 ; -- R:3 G:3 B:3
  921 : 100001010100 ; -- R:8 G:5 B:4
  922 : 100001010100 ; -- R:8 G:5 B:4
  923 : 100101110110 ; -- R:9 G:7 B:6
  924 : 101010000111 ; -- R:A G:8 B:7
  925 : 100001010100 ; -- R:8 G:5 B:4
  926 : 100001010100 ; -- R:8 G:5 B:4
  927 : 100001010100 ; -- R:8 G:5 B:4
  928 : 001100110011 ; -- R:3 G:3 B:3
  929 : 001100110011 ; -- R:3 G:3 B:3
  930 : 001100110011 ; -- R:3 G:3 B:3
  931 : 001100110011 ; -- R:3 G:3 B:3
  932 : 001100110011 ; -- R:3 G:3 B:3
  933 : 001000100010 ; -- R:2 G:2 B:2
  934 : 001000100010 ; -- R:2 G:2 B:2
  935 : 001000100010 ; -- R:2 G:2 B:2
  936 : 001000100010 ; -- R:2 G:2 B:2
  937 : 001000100010 ; -- R:2 G:2 B:2
  938 : 001000100010 ; -- R:2 G:2 B:2
  939 : 001000100010 ; -- R:2 G:2 B:2
  940 : 001100110011 ; -- R:3 G:3 B:3
  941 : 001100110011 ; -- R:3 G:3 B:3
  942 : 100001010100 ; -- R:8 G:5 B:4
  943 : 001100110011 ; -- R:3 G:3 B:3
  944 : 100001010100 ; -- R:8 G:5 B:4
  945 : 101110111011 ; -- R:B G:B B:B
  946 : 110111011101 ; -- R:D G:D B:D
  947 : 110011001100 ; -- R:C G:C B:C
  948 : 110011001100 ; -- R:C G:C B:C
  949 : 110011001100 ; -- R:C G:C B:C
  950 : 110011001100 ; -- R:C G:C B:C
  951 : 110011001100 ; -- R:C G:C B:C
  952 : 110011001100 ; -- R:C G:C B:C
  953 : 110011001100 ; -- R:C G:C B:C
  954 : 110011001100 ; -- R:C G:C B:C
  955 : 110011001100 ; -- R:C G:C B:C
  956 : 110011001100 ; -- R:C G:C B:C
  957 : 110011001100 ; -- R:C G:C B:C
  958 : 110011001100 ; -- R:C G:C B:C
  959 : 110011001100 ; -- R:C G:C B:C
  960 : 110011001100 ; -- R:C G:C B:C
  961 : 110011001100 ; -- R:C G:C B:C
  962 : 110011001100 ; -- R:C G:C B:C
  963 : 110111011101 ; -- R:D G:D B:D
  964 : 110111011101 ; -- R:D G:D B:D
  965 : 110111011101 ; -- R:D G:D B:D
  966 : 110111011101 ; -- R:D G:D B:D
  967 : 110111011101 ; -- R:D G:D B:D
  968 : 110111011101 ; -- R:D G:D B:D
  969 : 110111011101 ; -- R:D G:D B:D
  970 : 110111011101 ; -- R:D G:D B:D
  971 : 110111011101 ; -- R:D G:D B:D
  972 : 110111011101 ; -- R:D G:D B:D
  973 : 110011011101 ; -- R:C G:D B:D
  974 : 110011011101 ; -- R:C G:D B:D
  975 : 100101110110 ; -- R:9 G:7 B:6
  976 : 001100110011 ; -- R:3 G:3 B:3
  977 : 001100110011 ; -- R:3 G:3 B:3
  978 : 100001010100 ; -- R:8 G:5 B:4
  979 : 001100110011 ; -- R:3 G:3 B:3
  980 : 001100110011 ; -- R:3 G:3 B:3
  981 : 001000100010 ; -- R:2 G:2 B:2
  982 : 001100110011 ; -- R:3 G:3 B:3
  983 : 100001010100 ; -- R:8 G:5 B:4
  984 : 100101100101 ; -- R:9 G:6 B:5
  985 : 100101110101 ; -- R:9 G:7 B:5
  986 : 100101110110 ; -- R:9 G:7 B:6
  987 : 101010000111 ; -- R:A G:8 B:7
  988 : 101010000111 ; -- R:A G:8 B:7
  989 : 100101110110 ; -- R:9 G:7 B:6
  990 : 100101100101 ; -- R:9 G:6 B:5
  991 : 100101100101 ; -- R:9 G:6 B:5
  992 : 100001010100 ; -- R:8 G:5 B:4
  993 : 100001010100 ; -- R:8 G:5 B:4
  994 : 001100110011 ; -- R:3 G:3 B:3
  995 : 001100110011 ; -- R:3 G:3 B:3
  996 : 001100110011 ; -- R:3 G:3 B:3
  997 : 001000100010 ; -- R:2 G:2 B:2
  998 : 001000100010 ; -- R:2 G:2 B:2
  999 : 001000100010 ; -- R:2 G:2 B:2
  1000 : 001000100010 ; -- R:2 G:2 B:2
  1001 : 001000100010 ; -- R:2 G:2 B:2
  1002 : 000000000000 ; -- R:0 G:0 B:0
  1003 : 001000100010 ; -- R:2 G:2 B:2
  1004 : 001000100010 ; -- R:2 G:2 B:2
  1005 : 001100110011 ; -- R:3 G:3 B:3
  1006 : 001100110011 ; -- R:3 G:3 B:3
  1007 : 001100110011 ; -- R:3 G:3 B:3
  1008 : 001100110011 ; -- R:3 G:3 B:3
  1009 : 100001010100 ; -- R:8 G:5 B:4
  1010 : 110011001100 ; -- R:C G:C B:C
  1011 : 110011011101 ; -- R:C G:D B:D
  1012 : 110011001100 ; -- R:C G:C B:C
  1013 : 110011001100 ; -- R:C G:C B:C
  1014 : 110011001100 ; -- R:C G:C B:C
  1015 : 110011001100 ; -- R:C G:C B:C
  1016 : 110011001100 ; -- R:C G:C B:C
  1017 : 110011001100 ; -- R:C G:C B:C
  1018 : 110011001100 ; -- R:C G:C B:C
  1019 : 110011001100 ; -- R:C G:C B:C
  1020 : 110011001100 ; -- R:C G:C B:C
  1021 : 110011001100 ; -- R:C G:C B:C
  1022 : 110011001100 ; -- R:C G:C B:C
  1023 : 110011001100 ; -- R:C G:C B:C
  1024 : 110011001100 ; -- R:C G:C B:C
  1025 : 110011001100 ; -- R:C G:C B:C
  1026 : 110111011101 ; -- R:D G:D B:D
  1027 : 110111011101 ; -- R:D G:D B:D
  1028 : 110111011101 ; -- R:D G:D B:D
  1029 : 110111011101 ; -- R:D G:D B:D
  1030 : 110111011101 ; -- R:D G:D B:D
  1031 : 110111011101 ; -- R:D G:D B:D
  1032 : 110111011101 ; -- R:D G:D B:D
  1033 : 110111011101 ; -- R:D G:D B:D
  1034 : 110111011101 ; -- R:D G:D B:D
  1035 : 110111011101 ; -- R:D G:D B:D
  1036 : 110111011101 ; -- R:D G:D B:D
  1037 : 110111011101 ; -- R:D G:D B:D
  1038 : 110011001100 ; -- R:C G:C B:C
  1039 : 100101100101 ; -- R:9 G:6 B:5
  1040 : 001100110011 ; -- R:3 G:3 B:3
  1041 : 100001010100 ; -- R:8 G:5 B:4
  1042 : 001100110011 ; -- R:3 G:3 B:3
  1043 : 001100110011 ; -- R:3 G:3 B:3
  1044 : 001100110011 ; -- R:3 G:3 B:3
  1045 : 001000100010 ; -- R:2 G:2 B:2
  1046 : 100001010100 ; -- R:8 G:5 B:4
  1047 : 100101110110 ; -- R:9 G:7 B:6
  1048 : 101010000111 ; -- R:A G:8 B:7
  1049 : 101010000111 ; -- R:A G:8 B:7
  1050 : 101010000111 ; -- R:A G:8 B:7
  1051 : 101110011000 ; -- R:B G:9 B:8
  1052 : 101110011000 ; -- R:B G:9 B:8
  1053 : 101010000111 ; -- R:A G:8 B:7
  1054 : 100101110110 ; -- R:9 G:7 B:6
  1055 : 101010000111 ; -- R:A G:8 B:7
  1056 : 101010000111 ; -- R:A G:8 B:7
  1057 : 100101110110 ; -- R:9 G:7 B:6
  1058 : 100001010100 ; -- R:8 G:5 B:4
  1059 : 001100110011 ; -- R:3 G:3 B:3
  1060 : 100001010100 ; -- R:8 G:5 B:4
  1061 : 001100110011 ; -- R:3 G:3 B:3
  1062 : 001100110011 ; -- R:3 G:3 B:3
  1063 : 001000100010 ; -- R:2 G:2 B:2
  1064 : 001000100010 ; -- R:2 G:2 B:2
  1065 : 001000100010 ; -- R:2 G:2 B:2
  1066 : 001000100010 ; -- R:2 G:2 B:2
  1067 : 001000100010 ; -- R:2 G:2 B:2
  1068 : 001100110011 ; -- R:3 G:3 B:3
  1069 : 001100110011 ; -- R:3 G:3 B:3
  1070 : 001100110011 ; -- R:3 G:3 B:3
  1071 : 100001010100 ; -- R:8 G:5 B:4
  1072 : 100001010100 ; -- R:8 G:5 B:4
  1073 : 001100110011 ; -- R:3 G:3 B:3
  1074 : 101010000111 ; -- R:A G:8 B:7
  1075 : 110011011101 ; -- R:C G:D B:D
  1076 : 110011001100 ; -- R:C G:C B:C
  1077 : 110011001100 ; -- R:C G:C B:C
  1078 : 110011001100 ; -- R:C G:C B:C
  1079 : 110011001100 ; -- R:C G:C B:C
  1080 : 110011001100 ; -- R:C G:C B:C
  1081 : 110011001100 ; -- R:C G:C B:C
  1082 : 110011001100 ; -- R:C G:C B:C
  1083 : 110011001100 ; -- R:C G:C B:C
  1084 : 110011001100 ; -- R:C G:C B:C
  1085 : 110011001100 ; -- R:C G:C B:C
  1086 : 110011001100 ; -- R:C G:C B:C
  1087 : 110011001100 ; -- R:C G:C B:C
  1088 : 110011001100 ; -- R:C G:C B:C
  1089 : 110011001100 ; -- R:C G:C B:C
  1090 : 110111011101 ; -- R:D G:D B:D
  1091 : 110111011101 ; -- R:D G:D B:D
  1092 : 110111011101 ; -- R:D G:D B:D
  1093 : 110111011101 ; -- R:D G:D B:D
  1094 : 110111011101 ; -- R:D G:D B:D
  1095 : 110111011101 ; -- R:D G:D B:D
  1096 : 110111011101 ; -- R:D G:D B:D
  1097 : 110111011101 ; -- R:D G:D B:D
  1098 : 110111011101 ; -- R:D G:D B:D
  1099 : 110111011101 ; -- R:D G:D B:D
  1100 : 110111011101 ; -- R:D G:D B:D
  1101 : 110111011101 ; -- R:D G:D B:D
  1102 : 101110111011 ; -- R:B G:B B:B
  1103 : 001100110011 ; -- R:3 G:3 B:3
  1104 : 001000100010 ; -- R:2 G:2 B:2
  1105 : 001100110011 ; -- R:3 G:3 B:3
  1106 : 001100110011 ; -- R:3 G:3 B:3
  1107 : 001000100010 ; -- R:2 G:2 B:2
  1108 : 001000100010 ; -- R:2 G:2 B:2
  1109 : 100001010100 ; -- R:8 G:5 B:4
  1110 : 100101110101 ; -- R:9 G:7 B:5
  1111 : 101110011000 ; -- R:B G:9 B:8
  1112 : 101110011000 ; -- R:B G:9 B:8
  1113 : 101110011000 ; -- R:B G:9 B:8
  1114 : 101110011000 ; -- R:B G:9 B:8
  1115 : 101110011000 ; -- R:B G:9 B:8
  1116 : 101110011000 ; -- R:B G:9 B:8
  1117 : 101110011000 ; -- R:B G:9 B:8
  1118 : 101010000111 ; -- R:A G:8 B:7
  1119 : 101010000111 ; -- R:A G:8 B:7
  1120 : 101110011000 ; -- R:B G:9 B:8
  1121 : 101110011000 ; -- R:B G:9 B:8
  1122 : 101010000111 ; -- R:A G:8 B:7
  1123 : 100001010100 ; -- R:8 G:5 B:4
  1124 : 100001010100 ; -- R:8 G:5 B:4
  1125 : 100001010100 ; -- R:8 G:5 B:4
  1126 : 100001010100 ; -- R:8 G:5 B:4
  1127 : 001100110011 ; -- R:3 G:3 B:3
  1128 : 001100110011 ; -- R:3 G:3 B:3
  1129 : 001100110011 ; -- R:3 G:3 B:3
  1130 : 001000100010 ; -- R:2 G:2 B:2
  1131 : 001100110011 ; -- R:3 G:3 B:3
  1132 : 001100110011 ; -- R:3 G:3 B:3
  1133 : 001100110011 ; -- R:3 G:3 B:3
  1134 : 001000100010 ; -- R:2 G:2 B:2
  1135 : 001100110011 ; -- R:3 G:3 B:3
  1136 : 100001010100 ; -- R:8 G:5 B:4
  1137 : 001100110011 ; -- R:3 G:3 B:3
  1138 : 001100110011 ; -- R:3 G:3 B:3
  1139 : 101110111011 ; -- R:B G:B B:B
  1140 : 110011011101 ; -- R:C G:D B:D
  1141 : 110011001100 ; -- R:C G:C B:C
  1142 : 110011001100 ; -- R:C G:C B:C
  1143 : 110011001100 ; -- R:C G:C B:C
  1144 : 110011001100 ; -- R:C G:C B:C
  1145 : 110011001100 ; -- R:C G:C B:C
  1146 : 110011001100 ; -- R:C G:C B:C
  1147 : 110011001100 ; -- R:C G:C B:C
  1148 : 110011001100 ; -- R:C G:C B:C
  1149 : 110011001100 ; -- R:C G:C B:C
  1150 : 110011001100 ; -- R:C G:C B:C
  1151 : 110011001100 ; -- R:C G:C B:C
  1152 : 110011001100 ; -- R:C G:C B:C
  1153 : 110011001100 ; -- R:C G:C B:C
  1154 : 110011001100 ; -- R:C G:C B:C
  1155 : 110111011101 ; -- R:D G:D B:D
  1156 : 110111011101 ; -- R:D G:D B:D
  1157 : 110111011101 ; -- R:D G:D B:D
  1158 : 110111011101 ; -- R:D G:D B:D
  1159 : 110111011101 ; -- R:D G:D B:D
  1160 : 110111011101 ; -- R:D G:D B:D
  1161 : 110111011101 ; -- R:D G:D B:D
  1162 : 110111011101 ; -- R:D G:D B:D
  1163 : 110111011101 ; -- R:D G:D B:D
  1164 : 110011011101 ; -- R:C G:D B:D
  1165 : 110011001100 ; -- R:C G:C B:C
  1166 : 100101110110 ; -- R:9 G:7 B:6
  1167 : 001100110011 ; -- R:3 G:3 B:3
  1168 : 001000100010 ; -- R:2 G:2 B:2
  1169 : 001000100010 ; -- R:2 G:2 B:2
  1170 : 001100110011 ; -- R:3 G:3 B:3
  1171 : 000000000000 ; -- R:0 G:0 B:0
  1172 : 001000100010 ; -- R:2 G:2 B:2
  1173 : 100001010100 ; -- R:8 G:5 B:4
  1174 : 101110011000 ; -- R:B G:9 B:8
  1175 : 110010101001 ; -- R:C G:A B:9
  1176 : 110010101001 ; -- R:C G:A B:9
  1177 : 101110011000 ; -- R:B G:9 B:8
  1178 : 110010101001 ; -- R:C G:A B:9
  1179 : 101110011000 ; -- R:B G:9 B:8
  1180 : 110010101001 ; -- R:C G:A B:9
  1181 : 101110011000 ; -- R:B G:9 B:8
  1182 : 101110011000 ; -- R:B G:9 B:8
  1183 : 101110011000 ; -- R:B G:9 B:8
  1184 : 101110011000 ; -- R:B G:9 B:8
  1185 : 101110011000 ; -- R:B G:9 B:8
  1186 : 110010101001 ; -- R:C G:A B:9
  1187 : 101010000111 ; -- R:A G:8 B:7
  1188 : 100001010100 ; -- R:8 G:5 B:4
  1189 : 100001010100 ; -- R:8 G:5 B:4
  1190 : 100001010100 ; -- R:8 G:5 B:4
  1191 : 100001010100 ; -- R:8 G:5 B:4
  1192 : 001100110011 ; -- R:3 G:3 B:3
  1193 : 100001010100 ; -- R:8 G:5 B:4
  1194 : 001100110011 ; -- R:3 G:3 B:3
  1195 : 001100110011 ; -- R:3 G:3 B:3
  1196 : 001000100010 ; -- R:2 G:2 B:2
  1197 : 001000100010 ; -- R:2 G:2 B:2
  1198 : 001000100010 ; -- R:2 G:2 B:2
  1199 : 001100110011 ; -- R:3 G:3 B:3
  1200 : 001100110011 ; -- R:3 G:3 B:3
  1201 : 100001010100 ; -- R:8 G:5 B:4
  1202 : 001100110011 ; -- R:3 G:3 B:3
  1203 : 100101110110 ; -- R:9 G:7 B:6
  1204 : 110011011101 ; -- R:C G:D B:D
  1205 : 110011001100 ; -- R:C G:C B:C
  1206 : 110011001100 ; -- R:C G:C B:C
  1207 : 110011001100 ; -- R:C G:C B:C
  1208 : 110011001100 ; -- R:C G:C B:C
  1209 : 110011001100 ; -- R:C G:C B:C
  1210 : 110011001100 ; -- R:C G:C B:C
  1211 : 110011001100 ; -- R:C G:C B:C
  1212 : 110011001100 ; -- R:C G:C B:C
  1213 : 110011001100 ; -- R:C G:C B:C
  1214 : 110011001100 ; -- R:C G:C B:C
  1215 : 110011001100 ; -- R:C G:C B:C
  1216 : 110011001100 ; -- R:C G:C B:C
  1217 : 110011001100 ; -- R:C G:C B:C
  1218 : 110111011101 ; -- R:D G:D B:D
  1219 : 110111011101 ; -- R:D G:D B:D
  1220 : 110111011101 ; -- R:D G:D B:D
  1221 : 110111011101 ; -- R:D G:D B:D
  1222 : 110111011101 ; -- R:D G:D B:D
  1223 : 110111011101 ; -- R:D G:D B:D
  1224 : 110111011101 ; -- R:D G:D B:D
  1225 : 110111011101 ; -- R:D G:D B:D
  1226 : 110111011101 ; -- R:D G:D B:D
  1227 : 110011011101 ; -- R:C G:D B:D
  1228 : 110011001100 ; -- R:C G:C B:C
  1229 : 101010101010 ; -- R:A G:A B:A
  1230 : 100001010100 ; -- R:8 G:5 B:4
  1231 : 001100110011 ; -- R:3 G:3 B:3
  1232 : 001000100010 ; -- R:2 G:2 B:2
  1233 : 001000100010 ; -- R:2 G:2 B:2
  1234 : 000000000000 ; -- R:0 G:0 B:0
  1235 : 001000100010 ; -- R:2 G:2 B:2
  1236 : 001100110011 ; -- R:3 G:3 B:3
  1237 : 100101110101 ; -- R:9 G:7 B:5
  1238 : 110010101001 ; -- R:C G:A B:9
  1239 : 110110111010 ; -- R:D G:B B:A
  1240 : 110010101001 ; -- R:C G:A B:9
  1241 : 110010101001 ; -- R:C G:A B:9
  1242 : 110010101001 ; -- R:C G:A B:9
  1243 : 110110111010 ; -- R:D G:B B:A
  1244 : 110110111010 ; -- R:D G:B B:A
  1245 : 110010101001 ; -- R:C G:A B:9
  1246 : 110010101001 ; -- R:C G:A B:9
  1247 : 110010101001 ; -- R:C G:A B:9
  1248 : 110010101001 ; -- R:C G:A B:9
  1249 : 110010101001 ; -- R:C G:A B:9
  1250 : 110010101001 ; -- R:C G:A B:9
  1251 : 110010101001 ; -- R:C G:A B:9
  1252 : 101010000111 ; -- R:A G:8 B:7
  1253 : 100101100101 ; -- R:9 G:6 B:5
  1254 : 100101100101 ; -- R:9 G:6 B:5
  1255 : 100001010100 ; -- R:8 G:5 B:4
  1256 : 100001010100 ; -- R:8 G:5 B:4
  1257 : 100001010100 ; -- R:8 G:5 B:4
  1258 : 100001010100 ; -- R:8 G:5 B:4
  1259 : 001000100010 ; -- R:2 G:2 B:2
  1260 : 001000100010 ; -- R:2 G:2 B:2
  1261 : 001000100010 ; -- R:2 G:2 B:2
  1262 : 001000100010 ; -- R:2 G:2 B:2
  1263 : 001000100010 ; -- R:2 G:2 B:2
  1264 : 001100110011 ; -- R:3 G:3 B:3
  1265 : 100001010100 ; -- R:8 G:5 B:4
  1266 : 100001010100 ; -- R:8 G:5 B:4
  1267 : 100001010100 ; -- R:8 G:5 B:4
  1268 : 101110111011 ; -- R:B G:B B:B
  1269 : 110011001100 ; -- R:C G:C B:C
  1270 : 110011001100 ; -- R:C G:C B:C
  1271 : 110011001100 ; -- R:C G:C B:C
  1272 : 110011001100 ; -- R:C G:C B:C
  1273 : 110011001100 ; -- R:C G:C B:C
  1274 : 110011001100 ; -- R:C G:C B:C
  1275 : 110011001100 ; -- R:C G:C B:C
  1276 : 110011001100 ; -- R:C G:C B:C
  1277 : 110011001100 ; -- R:C G:C B:C
  1278 : 110011001100 ; -- R:C G:C B:C
  1279 : 110011001100 ; -- R:C G:C B:C
  1280 : 110011001100 ; -- R:C G:C B:C
  1281 : 110011001100 ; -- R:C G:C B:C
  1282 : 110111011101 ; -- R:D G:D B:D
  1283 : 110111011101 ; -- R:D G:D B:D
  1284 : 110111011101 ; -- R:D G:D B:D
  1285 : 110111011101 ; -- R:D G:D B:D
  1286 : 110111011101 ; -- R:D G:D B:D
  1287 : 110111011101 ; -- R:D G:D B:D
  1288 : 110111011101 ; -- R:D G:D B:D
  1289 : 110011011101 ; -- R:C G:D B:D
  1290 : 110011001100 ; -- R:C G:C B:C
  1291 : 101110111011 ; -- R:B G:B B:B
  1292 : 101010101010 ; -- R:A G:A B:A
  1293 : 100101110110 ; -- R:9 G:7 B:6
  1294 : 001100110011 ; -- R:3 G:3 B:3
  1295 : 001100110011 ; -- R:3 G:3 B:3
  1296 : 000000000000 ; -- R:0 G:0 B:0
  1297 : 000000000000 ; -- R:0 G:0 B:0
  1298 : 000000000000 ; -- R:0 G:0 B:0
  1299 : 001000100010 ; -- R:2 G:2 B:2
  1300 : 100001010100 ; -- R:8 G:5 B:4
  1301 : 101010000111 ; -- R:A G:8 B:7
  1302 : 110010101001 ; -- R:C G:A B:9
  1303 : 110110111010 ; -- R:D G:B B:A
  1304 : 110110111010 ; -- R:D G:B B:A
  1305 : 110110111010 ; -- R:D G:B B:A
  1306 : 110110111010 ; -- R:D G:B B:A
  1307 : 110110111010 ; -- R:D G:B B:A
  1308 : 110110111010 ; -- R:D G:B B:A
  1309 : 110110111010 ; -- R:D G:B B:A
  1310 : 110110111010 ; -- R:D G:B B:A
  1311 : 110110111010 ; -- R:D G:B B:A
  1312 : 110110111010 ; -- R:D G:B B:A
  1313 : 110110111010 ; -- R:D G:B B:A
  1314 : 110110111010 ; -- R:D G:B B:A
  1315 : 110110111010 ; -- R:D G:B B:A
  1316 : 110110111010 ; -- R:D G:B B:A
  1317 : 101110011000 ; -- R:B G:9 B:8
  1318 : 101010000111 ; -- R:A G:8 B:7
  1319 : 100101110110 ; -- R:9 G:7 B:6
  1320 : 100101100101 ; -- R:9 G:6 B:5
  1321 : 100101100101 ; -- R:9 G:6 B:5
  1322 : 100001010100 ; -- R:8 G:5 B:4
  1323 : 001000100010 ; -- R:2 G:2 B:2
  1324 : 001000100010 ; -- R:2 G:2 B:2
  1325 : 001000100010 ; -- R:2 G:2 B:2
  1326 : 001000100010 ; -- R:2 G:2 B:2
  1327 : 000000000000 ; -- R:0 G:0 B:0
  1328 : 001000100010 ; -- R:2 G:2 B:2
  1329 : 001100110011 ; -- R:3 G:3 B:3
  1330 : 001100110011 ; -- R:3 G:3 B:3
  1331 : 100001010100 ; -- R:8 G:5 B:4
  1332 : 101010101010 ; -- R:A G:A B:A
  1333 : 110011001100 ; -- R:C G:C B:C
  1334 : 110011001100 ; -- R:C G:C B:C
  1335 : 110011001100 ; -- R:C G:C B:C
  1336 : 110011001100 ; -- R:C G:C B:C
  1337 : 110011001100 ; -- R:C G:C B:C
  1338 : 110011001100 ; -- R:C G:C B:C
  1339 : 110011001100 ; -- R:C G:C B:C
  1340 : 110011001100 ; -- R:C G:C B:C
  1341 : 110011001100 ; -- R:C G:C B:C
  1342 : 110011001100 ; -- R:C G:C B:C
  1343 : 110011001100 ; -- R:C G:C B:C
  1344 : 110011001100 ; -- R:C G:C B:C
  1345 : 110011001100 ; -- R:C G:C B:C
  1346 : 110111011101 ; -- R:D G:D B:D
  1347 : 110011011101 ; -- R:C G:D B:D
  1348 : 110111011101 ; -- R:D G:D B:D
  1349 : 110111011101 ; -- R:D G:D B:D
  1350 : 110111011101 ; -- R:D G:D B:D
  1351 : 110111011101 ; -- R:D G:D B:D
  1352 : 110111011101 ; -- R:D G:D B:D
  1353 : 110011001100 ; -- R:C G:C B:C
  1354 : 110011001100 ; -- R:C G:C B:C
  1355 : 110011001100 ; -- R:C G:C B:C
  1356 : 101010101010 ; -- R:A G:A B:A
  1357 : 100001010100 ; -- R:8 G:5 B:4
  1358 : 001100110011 ; -- R:3 G:3 B:3
  1359 : 001100110011 ; -- R:3 G:3 B:3
  1360 : 000000000000 ; -- R:0 G:0 B:0
  1361 : 000000000000 ; -- R:0 G:0 B:0
  1362 : 000000000000 ; -- R:0 G:0 B:0
  1363 : 001100110011 ; -- R:3 G:3 B:3
  1364 : 100001010100 ; -- R:8 G:5 B:4
  1365 : 101110011000 ; -- R:B G:9 B:8
  1366 : 110110111010 ; -- R:D G:B B:A
  1367 : 110011001100 ; -- R:C G:C B:C
  1368 : 110110111010 ; -- R:D G:B B:A
  1369 : 110110111010 ; -- R:D G:B B:A
  1370 : 110110111010 ; -- R:D G:B B:A
  1371 : 110110111010 ; -- R:D G:B B:A
  1372 : 110110111010 ; -- R:D G:B B:A
  1373 : 110110111010 ; -- R:D G:B B:A
  1374 : 110010101001 ; -- R:C G:A B:9
  1375 : 110110111010 ; -- R:D G:B B:A
  1376 : 110110111010 ; -- R:D G:B B:A
  1377 : 110110111010 ; -- R:D G:B B:A
  1378 : 110110111010 ; -- R:D G:B B:A
  1379 : 110110111010 ; -- R:D G:B B:A
  1380 : 110110111010 ; -- R:D G:B B:A
  1381 : 110010101001 ; -- R:C G:A B:9
  1382 : 110010101001 ; -- R:C G:A B:9
  1383 : 101110011000 ; -- R:B G:9 B:8
  1384 : 101010000111 ; -- R:A G:8 B:7
  1385 : 101110011000 ; -- R:B G:9 B:8
  1386 : 101110011000 ; -- R:B G:9 B:8
  1387 : 100001010100 ; -- R:8 G:5 B:4
  1388 : 001100110011 ; -- R:3 G:3 B:3
  1389 : 001000100010 ; -- R:2 G:2 B:2
  1390 : 001000100010 ; -- R:2 G:2 B:2
  1391 : 001000100010 ; -- R:2 G:2 B:2
  1392 : 001000100010 ; -- R:2 G:2 B:2
  1393 : 001100110011 ; -- R:3 G:3 B:3
  1394 : 001100110011 ; -- R:3 G:3 B:3
  1395 : 001100110011 ; -- R:3 G:3 B:3
  1396 : 101010000111 ; -- R:A G:8 B:7
  1397 : 110011001100 ; -- R:C G:C B:C
  1398 : 110011001100 ; -- R:C G:C B:C
  1399 : 110011001100 ; -- R:C G:C B:C
  1400 : 110011001100 ; -- R:C G:C B:C
  1401 : 110011001100 ; -- R:C G:C B:C
  1402 : 110011001100 ; -- R:C G:C B:C
  1403 : 110011001100 ; -- R:C G:C B:C
  1404 : 110011001100 ; -- R:C G:C B:C
  1405 : 110011001100 ; -- R:C G:C B:C
  1406 : 110011001100 ; -- R:C G:C B:C
  1407 : 110011001100 ; -- R:C G:C B:C
  1408 : 110011001100 ; -- R:C G:C B:C
  1409 : 110111011101 ; -- R:D G:D B:D
  1410 : 110111011101 ; -- R:D G:D B:D
  1411 : 110111011101 ; -- R:D G:D B:D
  1412 : 110111011101 ; -- R:D G:D B:D
  1413 : 110111011101 ; -- R:D G:D B:D
  1414 : 110111011101 ; -- R:D G:D B:D
  1415 : 110111011101 ; -- R:D G:D B:D
  1416 : 110111011101 ; -- R:D G:D B:D
  1417 : 110111011101 ; -- R:D G:D B:D
  1418 : 110111011101 ; -- R:D G:D B:D
  1419 : 101110111011 ; -- R:B G:B B:B
  1420 : 100101110110 ; -- R:9 G:7 B:6
  1421 : 001100110011 ; -- R:3 G:3 B:3
  1422 : 001100110011 ; -- R:3 G:3 B:3
  1423 : 000000000000 ; -- R:0 G:0 B:0
  1424 : 000000000000 ; -- R:0 G:0 B:0
  1425 : 000000000000 ; -- R:0 G:0 B:0
  1426 : 001000100010 ; -- R:2 G:2 B:2
  1427 : 100001010100 ; -- R:8 G:5 B:4
  1428 : 100101110101 ; -- R:9 G:7 B:5
  1429 : 110010101001 ; -- R:C G:A B:9
  1430 : 110010101001 ; -- R:C G:A B:9
  1431 : 101010101010 ; -- R:A G:A B:A
  1432 : 110010101001 ; -- R:C G:A B:9
  1433 : 101010000111 ; -- R:A G:8 B:7
  1434 : 101010000111 ; -- R:A G:8 B:7
  1435 : 101110011000 ; -- R:B G:9 B:8
  1436 : 110010101001 ; -- R:C G:A B:9
  1437 : 110010101001 ; -- R:C G:A B:9
  1438 : 110010101001 ; -- R:C G:A B:9
  1439 : 110010101001 ; -- R:C G:A B:9
  1440 : 110110111010 ; -- R:D G:B B:A
  1441 : 110110111010 ; -- R:D G:B B:A
  1442 : 110110111010 ; -- R:D G:B B:A
  1443 : 110010101001 ; -- R:C G:A B:9
  1444 : 110010101001 ; -- R:C G:A B:9
  1445 : 110010101001 ; -- R:C G:A B:9
  1446 : 101110011000 ; -- R:B G:9 B:8
  1447 : 101010000111 ; -- R:A G:8 B:7
  1448 : 101010000111 ; -- R:A G:8 B:7
  1449 : 110010101001 ; -- R:C G:A B:9
  1450 : 101110111011 ; -- R:B G:B B:B
  1451 : 110010101001 ; -- R:C G:A B:9
  1452 : 101110011000 ; -- R:B G:9 B:8
  1453 : 100101110110 ; -- R:9 G:7 B:6
  1454 : 001100110011 ; -- R:3 G:3 B:3
  1455 : 001100110011 ; -- R:3 G:3 B:3
  1456 : 001000100010 ; -- R:2 G:2 B:2
  1457 : 001000100010 ; -- R:2 G:2 B:2
  1458 : 001100110011 ; -- R:3 G:3 B:3
  1459 : 001100110011 ; -- R:3 G:3 B:3
  1460 : 100101110110 ; -- R:9 G:7 B:6
  1461 : 110011001100 ; -- R:C G:C B:C
  1462 : 110011001100 ; -- R:C G:C B:C
  1463 : 110011001100 ; -- R:C G:C B:C
  1464 : 110011001100 ; -- R:C G:C B:C
  1465 : 110011001100 ; -- R:C G:C B:C
  1466 : 110011001100 ; -- R:C G:C B:C
  1467 : 110011001100 ; -- R:C G:C B:C
  1468 : 110011001100 ; -- R:C G:C B:C
  1469 : 110011001100 ; -- R:C G:C B:C
  1470 : 110011001100 ; -- R:C G:C B:C
  1471 : 110011001100 ; -- R:C G:C B:C
  1472 : 110011001100 ; -- R:C G:C B:C
  1473 : 110111011101 ; -- R:D G:D B:D
  1474 : 110111011101 ; -- R:D G:D B:D
  1475 : 110111011101 ; -- R:D G:D B:D
  1476 : 110111011101 ; -- R:D G:D B:D
  1477 : 110111011101 ; -- R:D G:D B:D
  1478 : 110111011101 ; -- R:D G:D B:D
  1479 : 110111011101 ; -- R:D G:D B:D
  1480 : 110111011101 ; -- R:D G:D B:D
  1481 : 110011011101 ; -- R:C G:D B:D
  1482 : 110011001100 ; -- R:C G:C B:C
  1483 : 101110111011 ; -- R:B G:B B:B
  1484 : 100101100101 ; -- R:9 G:6 B:5
  1485 : 001100110011 ; -- R:3 G:3 B:3
  1486 : 001000100010 ; -- R:2 G:2 B:2
  1487 : 000000000000 ; -- R:0 G:0 B:0
  1488 : 000000000000 ; -- R:0 G:0 B:0
  1489 : 000000000000 ; -- R:0 G:0 B:0
  1490 : 001000100010 ; -- R:2 G:2 B:2
  1491 : 100001010100 ; -- R:8 G:5 B:4
  1492 : 101010000111 ; -- R:A G:8 B:7
  1493 : 101010000111 ; -- R:A G:8 B:7
  1494 : 101010000111 ; -- R:A G:8 B:7
  1495 : 100101100101 ; -- R:9 G:6 B:5
  1496 : 100001010100 ; -- R:8 G:5 B:4
  1497 : 100001010100 ; -- R:8 G:5 B:4
  1498 : 100001010100 ; -- R:8 G:5 B:4
  1499 : 100001010100 ; -- R:8 G:5 B:4
  1500 : 100101100101 ; -- R:9 G:6 B:5
  1501 : 101010000111 ; -- R:A G:8 B:7
  1502 : 101110011000 ; -- R:B G:9 B:8
  1503 : 101110011000 ; -- R:B G:9 B:8
  1504 : 110010101001 ; -- R:C G:A B:9
  1505 : 110010101001 ; -- R:C G:A B:9
  1506 : 110010101001 ; -- R:C G:A B:9
  1507 : 101110011000 ; -- R:B G:9 B:8
  1508 : 101110011000 ; -- R:B G:9 B:8
  1509 : 100101110110 ; -- R:9 G:7 B:6
  1510 : 100101100101 ; -- R:9 G:6 B:5
  1511 : 100001010100 ; -- R:8 G:5 B:4
  1512 : 100001010100 ; -- R:8 G:5 B:4
  1513 : 100101100101 ; -- R:9 G:6 B:5
  1514 : 100101110110 ; -- R:9 G:7 B:6
  1515 : 101110011000 ; -- R:B G:9 B:8
  1516 : 110010101001 ; -- R:C G:A B:9
  1517 : 110110111010 ; -- R:D G:B B:A
  1518 : 100001010100 ; -- R:8 G:5 B:4
  1519 : 001000100010 ; -- R:2 G:2 B:2
  1520 : 000000000000 ; -- R:0 G:0 B:0
  1521 : 001000100010 ; -- R:2 G:2 B:2
  1522 : 001000100010 ; -- R:2 G:2 B:2
  1523 : 001000100010 ; -- R:2 G:2 B:2
  1524 : 100001010100 ; -- R:8 G:5 B:4
  1525 : 110011001100 ; -- R:C G:C B:C
  1526 : 110011001100 ; -- R:C G:C B:C
  1527 : 110011001100 ; -- R:C G:C B:C
  1528 : 110011001100 ; -- R:C G:C B:C
  1529 : 110011001100 ; -- R:C G:C B:C
  1530 : 110011001100 ; -- R:C G:C B:C
  1531 : 110011001100 ; -- R:C G:C B:C
  1532 : 110011001100 ; -- R:C G:C B:C
  1533 : 110011001100 ; -- R:C G:C B:C
  1534 : 110011001100 ; -- R:C G:C B:C
  1535 : 110011001100 ; -- R:C G:C B:C
  1536 : 110011001100 ; -- R:C G:C B:C
  1537 : 110111011101 ; -- R:D G:D B:D
  1538 : 110111011101 ; -- R:D G:D B:D
  1539 : 110111011101 ; -- R:D G:D B:D
  1540 : 110111011101 ; -- R:D G:D B:D
  1541 : 110111011101 ; -- R:D G:D B:D
  1542 : 110111011101 ; -- R:D G:D B:D
  1543 : 110111011101 ; -- R:D G:D B:D
  1544 : 110111011101 ; -- R:D G:D B:D
  1545 : 110111011101 ; -- R:D G:D B:D
  1546 : 110011001100 ; -- R:C G:C B:C
  1547 : 101110111011 ; -- R:B G:B B:B
  1548 : 100001010100 ; -- R:8 G:5 B:4
  1549 : 001000100010 ; -- R:2 G:2 B:2
  1550 : 000000000000 ; -- R:0 G:0 B:0
  1551 : 000000000000 ; -- R:0 G:0 B:0
  1552 : 000000000000 ; -- R:0 G:0 B:0
  1553 : 000000000000 ; -- R:0 G:0 B:0
  1554 : 001100110011 ; -- R:3 G:3 B:3
  1555 : 100001010100 ; -- R:8 G:5 B:4
  1556 : 100101100101 ; -- R:9 G:6 B:5
  1557 : 100101110110 ; -- R:9 G:7 B:6
  1558 : 100001010100 ; -- R:8 G:5 B:4
  1559 : 100001010100 ; -- R:8 G:5 B:4
  1560 : 100001010100 ; -- R:8 G:5 B:4
  1561 : 100001010100 ; -- R:8 G:5 B:4
  1562 : 100001010100 ; -- R:8 G:5 B:4
  1563 : 100001010100 ; -- R:8 G:5 B:4
  1564 : 100001010100 ; -- R:8 G:5 B:4
  1565 : 100101100101 ; -- R:9 G:6 B:5
  1566 : 100101110110 ; -- R:9 G:7 B:6
  1567 : 101010000111 ; -- R:A G:8 B:7
  1568 : 101110011000 ; -- R:B G:9 B:8
  1569 : 101110011000 ; -- R:B G:9 B:8
  1570 : 101110011000 ; -- R:B G:9 B:8
  1571 : 101010000111 ; -- R:A G:8 B:7
  1572 : 100101110110 ; -- R:9 G:7 B:6
  1573 : 100101100101 ; -- R:9 G:6 B:5
  1574 : 100001010100 ; -- R:8 G:5 B:4
  1575 : 100001010100 ; -- R:8 G:5 B:4
  1576 : 100001010100 ; -- R:8 G:5 B:4
  1577 : 100001010100 ; -- R:8 G:5 B:4
  1578 : 100001010100 ; -- R:8 G:5 B:4
  1579 : 100001010100 ; -- R:8 G:5 B:4
  1580 : 100101110110 ; -- R:9 G:7 B:6
  1581 : 101110011000 ; -- R:B G:9 B:8
  1582 : 101010000111 ; -- R:A G:8 B:7
  1583 : 001000100010 ; -- R:2 G:2 B:2
  1584 : 001000100010 ; -- R:2 G:2 B:2
  1585 : 001000100010 ; -- R:2 G:2 B:2
  1586 : 001000100010 ; -- R:2 G:2 B:2
  1587 : 001000100010 ; -- R:2 G:2 B:2
  1588 : 100001010100 ; -- R:8 G:5 B:4
  1589 : 110011011101 ; -- R:C G:D B:D
  1590 : 110011001100 ; -- R:C G:C B:C
  1591 : 110011001100 ; -- R:C G:C B:C
  1592 : 110011001100 ; -- R:C G:C B:C
  1593 : 110011001100 ; -- R:C G:C B:C
  1594 : 110011001100 ; -- R:C G:C B:C
  1595 : 110011001100 ; -- R:C G:C B:C
  1596 : 110011001100 ; -- R:C G:C B:C
  1597 : 110011001100 ; -- R:C G:C B:C
  1598 : 110011001100 ; -- R:C G:C B:C
  1599 : 110011001100 ; -- R:C G:C B:C
  1600 : 110011011101 ; -- R:C G:D B:D
  1601 : 110111011101 ; -- R:D G:D B:D
  1602 : 110111011101 ; -- R:D G:D B:D
  1603 : 110111011101 ; -- R:D G:D B:D
  1604 : 110111011101 ; -- R:D G:D B:D
  1605 : 110111011101 ; -- R:D G:D B:D
  1606 : 110111011101 ; -- R:D G:D B:D
  1607 : 110111011101 ; -- R:D G:D B:D
  1608 : 110111011101 ; -- R:D G:D B:D
  1609 : 110111011101 ; -- R:D G:D B:D
  1610 : 110111011101 ; -- R:D G:D B:D
  1611 : 110011001100 ; -- R:C G:C B:C
  1612 : 100101110110 ; -- R:9 G:7 B:6
  1613 : 001000100010 ; -- R:2 G:2 B:2
  1614 : 000000000000 ; -- R:0 G:0 B:0
  1615 : 000000000000 ; -- R:0 G:0 B:0
  1616 : 000000000000 ; -- R:0 G:0 B:0
  1617 : 000000000000 ; -- R:0 G:0 B:0
  1618 : 100001010100 ; -- R:8 G:5 B:4
  1619 : 100001010100 ; -- R:8 G:5 B:4
  1620 : 100101100101 ; -- R:9 G:6 B:5
  1621 : 100101110101 ; -- R:9 G:7 B:5
  1622 : 100101110110 ; -- R:9 G:7 B:6
  1623 : 100101110110 ; -- R:9 G:7 B:6
  1624 : 100101110110 ; -- R:9 G:7 B:6
  1625 : 100101110110 ; -- R:9 G:7 B:6
  1626 : 100101100101 ; -- R:9 G:6 B:5
  1627 : 100101100101 ; -- R:9 G:6 B:5
  1628 : 100101100101 ; -- R:9 G:6 B:5
  1629 : 100101100101 ; -- R:9 G:6 B:5
  1630 : 100101100101 ; -- R:9 G:6 B:5
  1631 : 100101110110 ; -- R:9 G:7 B:6
  1632 : 101010000111 ; -- R:A G:8 B:7
  1633 : 101010000111 ; -- R:A G:8 B:7
  1634 : 101010000111 ; -- R:A G:8 B:7
  1635 : 100101110101 ; -- R:9 G:7 B:5
  1636 : 100101100101 ; -- R:9 G:6 B:5
  1637 : 100001010100 ; -- R:8 G:5 B:4
  1638 : 100001010100 ; -- R:8 G:5 B:4
  1639 : 100001010100 ; -- R:8 G:5 B:4
  1640 : 100101100101 ; -- R:9 G:6 B:5
  1641 : 100101100101 ; -- R:9 G:6 B:5
  1642 : 100101100101 ; -- R:9 G:6 B:5
  1643 : 100001010100 ; -- R:8 G:5 B:4
  1644 : 100101100101 ; -- R:9 G:6 B:5
  1645 : 100101100101 ; -- R:9 G:6 B:5
  1646 : 100101110110 ; -- R:9 G:7 B:6
  1647 : 100001010100 ; -- R:8 G:5 B:4
  1648 : 001000100010 ; -- R:2 G:2 B:2
  1649 : 001000100010 ; -- R:2 G:2 B:2
  1650 : 001000100010 ; -- R:2 G:2 B:2
  1651 : 001000100010 ; -- R:2 G:2 B:2
  1652 : 100001010100 ; -- R:8 G:5 B:4
  1653 : 110011001100 ; -- R:C G:C B:C
  1654 : 110011001100 ; -- R:C G:C B:C
  1655 : 110011001100 ; -- R:C G:C B:C
  1656 : 110011001100 ; -- R:C G:C B:C
  1657 : 110011001100 ; -- R:C G:C B:C
  1658 : 110011001100 ; -- R:C G:C B:C
  1659 : 110011001100 ; -- R:C G:C B:C
  1660 : 110011001100 ; -- R:C G:C B:C
  1661 : 110011001100 ; -- R:C G:C B:C
  1662 : 110011001100 ; -- R:C G:C B:C
  1663 : 110011001100 ; -- R:C G:C B:C
  1664 : 110111011101 ; -- R:D G:D B:D
  1665 : 110111011101 ; -- R:D G:D B:D
  1666 : 110111011101 ; -- R:D G:D B:D
  1667 : 110111011101 ; -- R:D G:D B:D
  1668 : 110111011101 ; -- R:D G:D B:D
  1669 : 110111011101 ; -- R:D G:D B:D
  1670 : 110111011101 ; -- R:D G:D B:D
  1671 : 110111011101 ; -- R:D G:D B:D
  1672 : 110111011101 ; -- R:D G:D B:D
  1673 : 110111011101 ; -- R:D G:D B:D
  1674 : 110111011101 ; -- R:D G:D B:D
  1675 : 110111011101 ; -- R:D G:D B:D
  1676 : 101010101010 ; -- R:A G:A B:A
  1677 : 001000100010 ; -- R:2 G:2 B:2
  1678 : 000000000000 ; -- R:0 G:0 B:0
  1679 : 000000000000 ; -- R:0 G:0 B:0
  1680 : 000000000000 ; -- R:0 G:0 B:0
  1681 : 001000100010 ; -- R:2 G:2 B:2
  1682 : 100001010100 ; -- R:8 G:5 B:4
  1683 : 100101110110 ; -- R:9 G:7 B:6
  1684 : 100101110101 ; -- R:9 G:7 B:5
  1685 : 100101110110 ; -- R:9 G:7 B:6
  1686 : 101010000111 ; -- R:A G:8 B:7
  1687 : 101110011000 ; -- R:B G:9 B:8
  1688 : 101110011000 ; -- R:B G:9 B:8
  1689 : 101110011000 ; -- R:B G:9 B:8
  1690 : 101010000111 ; -- R:A G:8 B:7
  1691 : 100101110101 ; -- R:9 G:7 B:5
  1692 : 100101100101 ; -- R:9 G:6 B:5
  1693 : 100101100101 ; -- R:9 G:6 B:5
  1694 : 100101100101 ; -- R:9 G:6 B:5
  1695 : 100101110101 ; -- R:9 G:7 B:5
  1696 : 101010000111 ; -- R:A G:8 B:7
  1697 : 101010000111 ; -- R:A G:8 B:7
  1698 : 101010000111 ; -- R:A G:8 B:7
  1699 : 100101100101 ; -- R:9 G:6 B:5
  1700 : 100101100101 ; -- R:9 G:6 B:5
  1701 : 100101100101 ; -- R:9 G:6 B:5
  1702 : 100101100101 ; -- R:9 G:6 B:5
  1703 : 100101110101 ; -- R:9 G:7 B:5
  1704 : 100101110110 ; -- R:9 G:7 B:6
  1705 : 101010000111 ; -- R:A G:8 B:7
  1706 : 101010000111 ; -- R:A G:8 B:7
  1707 : 101010000111 ; -- R:A G:8 B:7
  1708 : 100101110110 ; -- R:9 G:7 B:6
  1709 : 100101100101 ; -- R:9 G:6 B:5
  1710 : 100101110110 ; -- R:9 G:7 B:6
  1711 : 100101100101 ; -- R:9 G:6 B:5
  1712 : 001100110011 ; -- R:3 G:3 B:3
  1713 : 001000100010 ; -- R:2 G:2 B:2
  1714 : 001000100010 ; -- R:2 G:2 B:2
  1715 : 001000100010 ; -- R:2 G:2 B:2
  1716 : 101010000111 ; -- R:A G:8 B:7
  1717 : 110111011101 ; -- R:D G:D B:D
  1718 : 110011001100 ; -- R:C G:C B:C
  1719 : 110011001100 ; -- R:C G:C B:C
  1720 : 110011001100 ; -- R:C G:C B:C
  1721 : 110011001100 ; -- R:C G:C B:C
  1722 : 110011001100 ; -- R:C G:C B:C
  1723 : 110011001100 ; -- R:C G:C B:C
  1724 : 110011001100 ; -- R:C G:C B:C
  1725 : 110011001100 ; -- R:C G:C B:C
  1726 : 110011001100 ; -- R:C G:C B:C
  1727 : 110011001100 ; -- R:C G:C B:C
  1728 : 110111011101 ; -- R:D G:D B:D
  1729 : 110111011101 ; -- R:D G:D B:D
  1730 : 110111011101 ; -- R:D G:D B:D
  1731 : 110111011101 ; -- R:D G:D B:D
  1732 : 110111011101 ; -- R:D G:D B:D
  1733 : 110111011101 ; -- R:D G:D B:D
  1734 : 110111011101 ; -- R:D G:D B:D
  1735 : 110111011101 ; -- R:D G:D B:D
  1736 : 110111011101 ; -- R:D G:D B:D
  1737 : 110111011101 ; -- R:D G:D B:D
  1738 : 110111011101 ; -- R:D G:D B:D
  1739 : 110111011101 ; -- R:D G:D B:D
  1740 : 110111011101 ; -- R:D G:D B:D
  1741 : 100001010100 ; -- R:8 G:5 B:4
  1742 : 000000000000 ; -- R:0 G:0 B:0
  1743 : 000000000000 ; -- R:0 G:0 B:0
  1744 : 000000000000 ; -- R:0 G:0 B:0
  1745 : 001000100010 ; -- R:2 G:2 B:2
  1746 : 100101110110 ; -- R:9 G:7 B:6
  1747 : 100101110110 ; -- R:9 G:7 B:6
  1748 : 100101110101 ; -- R:9 G:7 B:5
  1749 : 100101110101 ; -- R:9 G:7 B:5
  1750 : 101010000111 ; -- R:A G:8 B:7
  1751 : 101110011000 ; -- R:B G:9 B:8
  1752 : 101110011000 ; -- R:B G:9 B:8
  1753 : 101110011000 ; -- R:B G:9 B:8
  1754 : 101010000111 ; -- R:A G:8 B:7
  1755 : 100101110101 ; -- R:9 G:7 B:5
  1756 : 100101110101 ; -- R:9 G:7 B:5
  1757 : 100101100101 ; -- R:9 G:6 B:5
  1758 : 100101100101 ; -- R:9 G:6 B:5
  1759 : 100101110101 ; -- R:9 G:7 B:5
  1760 : 101010000111 ; -- R:A G:8 B:7
  1761 : 101110011000 ; -- R:B G:9 B:8
  1762 : 101010000111 ; -- R:A G:8 B:7
  1763 : 100101100101 ; -- R:9 G:6 B:5
  1764 : 100101100101 ; -- R:9 G:6 B:5
  1765 : 100101100101 ; -- R:9 G:6 B:5
  1766 : 100101110101 ; -- R:9 G:7 B:5
  1767 : 100101110110 ; -- R:9 G:7 B:6
  1768 : 101110011000 ; -- R:B G:9 B:8
  1769 : 110010101001 ; -- R:C G:A B:9
  1770 : 101110011000 ; -- R:B G:9 B:8
  1771 : 101010000111 ; -- R:A G:8 B:7
  1772 : 101010000111 ; -- R:A G:8 B:7
  1773 : 100101110101 ; -- R:9 G:7 B:5
  1774 : 100101110110 ; -- R:9 G:7 B:6
  1775 : 100101110110 ; -- R:9 G:7 B:6
  1776 : 100001010100 ; -- R:8 G:5 B:4
  1777 : 001100110011 ; -- R:3 G:3 B:3
  1778 : 000000000000 ; -- R:0 G:0 B:0
  1779 : 001000100010 ; -- R:2 G:2 B:2
  1780 : 101010000111 ; -- R:A G:8 B:7
  1781 : 110111011101 ; -- R:D G:D B:D
  1782 : 110011001100 ; -- R:C G:C B:C
  1783 : 110011001100 ; -- R:C G:C B:C
  1784 : 110011001100 ; -- R:C G:C B:C
  1785 : 110011001100 ; -- R:C G:C B:C
  1786 : 110011001100 ; -- R:C G:C B:C
  1787 : 110011001100 ; -- R:C G:C B:C
  1788 : 110011001100 ; -- R:C G:C B:C
  1789 : 110011001100 ; -- R:C G:C B:C
  1790 : 110011001100 ; -- R:C G:C B:C
  1791 : 110011001100 ; -- R:C G:C B:C
  1792 : 110111011101 ; -- R:D G:D B:D
  1793 : 110111011101 ; -- R:D G:D B:D
  1794 : 110111011101 ; -- R:D G:D B:D
  1795 : 110111011101 ; -- R:D G:D B:D
  1796 : 110111011101 ; -- R:D G:D B:D
  1797 : 110111011101 ; -- R:D G:D B:D
  1798 : 110111011101 ; -- R:D G:D B:D
  1799 : 110111011101 ; -- R:D G:D B:D
  1800 : 110111011101 ; -- R:D G:D B:D
  1801 : 110111011101 ; -- R:D G:D B:D
  1802 : 110111011101 ; -- R:D G:D B:D
  1803 : 110111011101 ; -- R:D G:D B:D
  1804 : 110111011101 ; -- R:D G:D B:D
  1805 : 101010000111 ; -- R:A G:8 B:7
  1806 : 000000000000 ; -- R:0 G:0 B:0
  1807 : 000000000000 ; -- R:0 G:0 B:0
  1808 : 000000000000 ; -- R:0 G:0 B:0
  1809 : 001100110011 ; -- R:3 G:3 B:3
  1810 : 101010000111 ; -- R:A G:8 B:7
  1811 : 100101110110 ; -- R:9 G:7 B:6
  1812 : 100101100101 ; -- R:9 G:6 B:5
  1813 : 100001010100 ; -- R:8 G:5 B:4
  1814 : 100001010100 ; -- R:8 G:5 B:4
  1815 : 100001010100 ; -- R:8 G:5 B:4
  1816 : 001100110011 ; -- R:3 G:3 B:3
  1817 : 001100110011 ; -- R:3 G:3 B:3
  1818 : 001100110011 ; -- R:3 G:3 B:3
  1819 : 100001010100 ; -- R:8 G:5 B:4
  1820 : 100101100101 ; -- R:9 G:6 B:5
  1821 : 100101100101 ; -- R:9 G:6 B:5
  1822 : 100101100101 ; -- R:9 G:6 B:5
  1823 : 100101110101 ; -- R:9 G:7 B:5
  1824 : 101110011000 ; -- R:B G:9 B:8
  1825 : 110010101001 ; -- R:C G:A B:9
  1826 : 101010000111 ; -- R:A G:8 B:7
  1827 : 100101100101 ; -- R:9 G:6 B:5
  1828 : 100001010100 ; -- R:8 G:5 B:4
  1829 : 100101100101 ; -- R:9 G:6 B:5
  1830 : 100101100101 ; -- R:9 G:6 B:5
  1831 : 100001010100 ; -- R:8 G:5 B:4
  1832 : 100001010100 ; -- R:8 G:5 B:4
  1833 : 100101110110 ; -- R:9 G:7 B:6
  1834 : 100101110110 ; -- R:9 G:7 B:6
  1835 : 100101110101 ; -- R:9 G:7 B:5
  1836 : 100101110101 ; -- R:9 G:7 B:5
  1837 : 100101110101 ; -- R:9 G:7 B:5
  1838 : 100101110101 ; -- R:9 G:7 B:5
  1839 : 100101110110 ; -- R:9 G:7 B:6
  1840 : 100101100101 ; -- R:9 G:6 B:5
  1841 : 001100110011 ; -- R:3 G:3 B:3
  1842 : 000000000000 ; -- R:0 G:0 B:0
  1843 : 001100110011 ; -- R:3 G:3 B:3
  1844 : 101110111011 ; -- R:B G:B B:B
  1845 : 110111011101 ; -- R:D G:D B:D
  1846 : 110011001100 ; -- R:C G:C B:C
  1847 : 110011001100 ; -- R:C G:C B:C
  1848 : 110011001100 ; -- R:C G:C B:C
  1849 : 110011001100 ; -- R:C G:C B:C
  1850 : 110011001100 ; -- R:C G:C B:C
  1851 : 110011001100 ; -- R:C G:C B:C
  1852 : 110011001100 ; -- R:C G:C B:C
  1853 : 110011001100 ; -- R:C G:C B:C
  1854 : 110011001100 ; -- R:C G:C B:C
  1855 : 110011001100 ; -- R:C G:C B:C
  1856 : 110111011101 ; -- R:D G:D B:D
  1857 : 110111011101 ; -- R:D G:D B:D
  1858 : 110111011101 ; -- R:D G:D B:D
  1859 : 110111011101 ; -- R:D G:D B:D
  1860 : 110111011101 ; -- R:D G:D B:D
  1861 : 110111011101 ; -- R:D G:D B:D
  1862 : 110111011101 ; -- R:D G:D B:D
  1863 : 110111011101 ; -- R:D G:D B:D
  1864 : 110111011101 ; -- R:D G:D B:D
  1865 : 110111011101 ; -- R:D G:D B:D
  1866 : 110111011101 ; -- R:D G:D B:D
  1867 : 110111011101 ; -- R:D G:D B:D
  1868 : 110111011101 ; -- R:D G:D B:D
  1869 : 110011001100 ; -- R:C G:C B:C
  1870 : 001100110011 ; -- R:3 G:3 B:3
  1871 : 000000000000 ; -- R:0 G:0 B:0
  1872 : 000000000000 ; -- R:0 G:0 B:0
  1873 : 100001010100 ; -- R:8 G:5 B:4
  1874 : 101110011000 ; -- R:B G:9 B:8
  1875 : 100101110101 ; -- R:9 G:7 B:5
  1876 : 100001010100 ; -- R:8 G:5 B:4
  1877 : 001100110011 ; -- R:3 G:3 B:3
  1878 : 001100110011 ; -- R:3 G:3 B:3
  1879 : 100001010100 ; -- R:8 G:5 B:4
  1880 : 001000100010 ; -- R:2 G:2 B:2
  1881 : 000000000000 ; -- R:0 G:0 B:0
  1882 : 001000100010 ; -- R:2 G:2 B:2
  1883 : 100001010100 ; -- R:8 G:5 B:4
  1884 : 100001010100 ; -- R:8 G:5 B:4
  1885 : 100101110101 ; -- R:9 G:7 B:5
  1886 : 100101100101 ; -- R:9 G:6 B:5
  1887 : 101010000111 ; -- R:A G:8 B:7
  1888 : 110110111010 ; -- R:D G:B B:A
  1889 : 110110111010 ; -- R:D G:B B:A
  1890 : 101110011000 ; -- R:B G:9 B:8
  1891 : 100101100101 ; -- R:9 G:6 B:5
  1892 : 100101100101 ; -- R:9 G:6 B:5
  1893 : 100101100101 ; -- R:9 G:6 B:5
  1894 : 100001010100 ; -- R:8 G:5 B:4
  1895 : 001100110011 ; -- R:3 G:3 B:3
  1896 : 000000000000 ; -- R:0 G:0 B:0
  1897 : 001000100010 ; -- R:2 G:2 B:2
  1898 : 001100110011 ; -- R:3 G:3 B:3
  1899 : 001100110011 ; -- R:3 G:3 B:3
  1900 : 100001010100 ; -- R:8 G:5 B:4
  1901 : 100001010100 ; -- R:8 G:5 B:4
  1902 : 100101100101 ; -- R:9 G:6 B:5
  1903 : 100101110110 ; -- R:9 G:7 B:6
  1904 : 101010000111 ; -- R:A G:8 B:7
  1905 : 001100110011 ; -- R:3 G:3 B:3
  1906 : 000000000000 ; -- R:0 G:0 B:0
  1907 : 100101110110 ; -- R:9 G:7 B:6
  1908 : 110011001100 ; -- R:C G:C B:C
  1909 : 110111011101 ; -- R:D G:D B:D
  1910 : 110011011101 ; -- R:C G:D B:D
  1911 : 110011011101 ; -- R:C G:D B:D
  1912 : 110011001100 ; -- R:C G:C B:C
  1913 : 110011001100 ; -- R:C G:C B:C
  1914 : 110011001100 ; -- R:C G:C B:C
  1915 : 110011001100 ; -- R:C G:C B:C
  1916 : 110011001100 ; -- R:C G:C B:C
  1917 : 110011001100 ; -- R:C G:C B:C
  1918 : 110011001100 ; -- R:C G:C B:C
  1919 : 110011001100 ; -- R:C G:C B:C
  1920 : 110111011101 ; -- R:D G:D B:D
  1921 : 110111011101 ; -- R:D G:D B:D
  1922 : 110111011101 ; -- R:D G:D B:D
  1923 : 110111011101 ; -- R:D G:D B:D
  1924 : 110111011101 ; -- R:D G:D B:D
  1925 : 110111011101 ; -- R:D G:D B:D
  1926 : 110111011101 ; -- R:D G:D B:D
  1927 : 110111011101 ; -- R:D G:D B:D
  1928 : 110111011101 ; -- R:D G:D B:D
  1929 : 110111011101 ; -- R:D G:D B:D
  1930 : 110111011101 ; -- R:D G:D B:D
  1931 : 110111011101 ; -- R:D G:D B:D
  1932 : 110111011101 ; -- R:D G:D B:D
  1933 : 110111011101 ; -- R:D G:D B:D
  1934 : 101010101010 ; -- R:A G:A B:A
  1935 : 001000100010 ; -- R:2 G:2 B:2
  1936 : 000000000000 ; -- R:0 G:0 B:0
  1937 : 100101100101 ; -- R:9 G:6 B:5
  1938 : 101110011000 ; -- R:B G:9 B:8
  1939 : 100101110110 ; -- R:9 G:7 B:6
  1940 : 100001010100 ; -- R:8 G:5 B:4
  1941 : 100001010100 ; -- R:8 G:5 B:4
  1942 : 100001010100 ; -- R:8 G:5 B:4
  1943 : 100001010100 ; -- R:8 G:5 B:4
  1944 : 001100110011 ; -- R:3 G:3 B:3
  1945 : 001100110011 ; -- R:3 G:3 B:3
  1946 : 100001010100 ; -- R:8 G:5 B:4
  1947 : 100101100101 ; -- R:9 G:6 B:5
  1948 : 100001010100 ; -- R:8 G:5 B:4
  1949 : 100101110101 ; -- R:9 G:7 B:5
  1950 : 100101110101 ; -- R:9 G:7 B:5
  1951 : 101110011000 ; -- R:B G:9 B:8
  1952 : 110110111010 ; -- R:D G:B B:A
  1953 : 110111011101 ; -- R:D G:D B:D
  1954 : 110010101001 ; -- R:C G:A B:9
  1955 : 100101110101 ; -- R:9 G:7 B:5
  1956 : 100101110101 ; -- R:9 G:7 B:5
  1957 : 100001010100 ; -- R:8 G:5 B:4
  1958 : 100001010100 ; -- R:8 G:5 B:4
  1959 : 100001010100 ; -- R:8 G:5 B:4
  1960 : 001000100010 ; -- R:2 G:2 B:2
  1961 : 001000100010 ; -- R:2 G:2 B:2
  1962 : 001100110011 ; -- R:3 G:3 B:3
  1963 : 100001010100 ; -- R:8 G:5 B:4
  1964 : 001100110011 ; -- R:3 G:3 B:3
  1965 : 001100110011 ; -- R:3 G:3 B:3
  1966 : 100001010100 ; -- R:8 G:5 B:4
  1967 : 100101110110 ; -- R:9 G:7 B:6
  1968 : 101110011000 ; -- R:B G:9 B:8
  1969 : 001100110011 ; -- R:3 G:3 B:3
  1970 : 000000000000 ; -- R:0 G:0 B:0
  1971 : 101010101010 ; -- R:A G:A B:A
  1972 : 110111011101 ; -- R:D G:D B:D
  1973 : 110011001100 ; -- R:C G:C B:C
  1974 : 110111011101 ; -- R:D G:D B:D
  1975 : 110011011101 ; -- R:C G:D B:D
  1976 : 110011011101 ; -- R:C G:D B:D
  1977 : 110011011101 ; -- R:C G:D B:D
  1978 : 110011001100 ; -- R:C G:C B:C
  1979 : 110011001100 ; -- R:C G:C B:C
  1980 : 110011001100 ; -- R:C G:C B:C
  1981 : 110011001100 ; -- R:C G:C B:C
  1982 : 110011001100 ; -- R:C G:C B:C
  1983 : 110011001100 ; -- R:C G:C B:C
  1984 : 110111011101 ; -- R:D G:D B:D
  1985 : 110111011101 ; -- R:D G:D B:D
  1986 : 110111011101 ; -- R:D G:D B:D
  1987 : 110111011101 ; -- R:D G:D B:D
  1988 : 110111011101 ; -- R:D G:D B:D
  1989 : 110111011101 ; -- R:D G:D B:D
  1990 : 110111011101 ; -- R:D G:D B:D
  1991 : 110111011101 ; -- R:D G:D B:D
  1992 : 110111011101 ; -- R:D G:D B:D
  1993 : 110111011101 ; -- R:D G:D B:D
  1994 : 110111011101 ; -- R:D G:D B:D
  1995 : 110111011101 ; -- R:D G:D B:D
  1996 : 110111011101 ; -- R:D G:D B:D
  1997 : 110111011101 ; -- R:D G:D B:D
  1998 : 110011001100 ; -- R:C G:C B:C
  1999 : 001100110011 ; -- R:3 G:3 B:3
  2000 : 000000000000 ; -- R:0 G:0 B:0
  2001 : 100101110110 ; -- R:9 G:7 B:6
  2002 : 101110011000 ; -- R:B G:9 B:8
  2003 : 101110011000 ; -- R:B G:9 B:8
  2004 : 101110011000 ; -- R:B G:9 B:8
  2005 : 101010000111 ; -- R:A G:8 B:7
  2006 : 100101110101 ; -- R:9 G:7 B:5
  2007 : 100101100101 ; -- R:9 G:6 B:5
  2008 : 100101110101 ; -- R:9 G:7 B:5
  2009 : 100101110101 ; -- R:9 G:7 B:5
  2010 : 100101110110 ; -- R:9 G:7 B:6
  2011 : 100101110110 ; -- R:9 G:7 B:6
  2012 : 101010000111 ; -- R:A G:8 B:7
  2013 : 101010000111 ; -- R:A G:8 B:7
  2014 : 101110011000 ; -- R:B G:9 B:8
  2015 : 110110111010 ; -- R:D G:B B:A
  2016 : 110111011101 ; -- R:D G:D B:D
  2017 : 110111011101 ; -- R:D G:D B:D
  2018 : 110110111010 ; -- R:D G:B B:A
  2019 : 101110011000 ; -- R:B G:9 B:8
  2020 : 101010000111 ; -- R:A G:8 B:7
  2021 : 101010000111 ; -- R:A G:8 B:7
  2022 : 100101110110 ; -- R:9 G:7 B:6
  2023 : 100101110101 ; -- R:9 G:7 B:5
  2024 : 100101100101 ; -- R:9 G:6 B:5
  2025 : 100001010100 ; -- R:8 G:5 B:4
  2026 : 100001010100 ; -- R:8 G:5 B:4
  2027 : 100001010100 ; -- R:8 G:5 B:4
  2028 : 100001010100 ; -- R:8 G:5 B:4
  2029 : 100101100101 ; -- R:9 G:6 B:5
  2030 : 100101100101 ; -- R:9 G:6 B:5
  2031 : 101010000111 ; -- R:A G:8 B:7
  2032 : 110010101001 ; -- R:C G:A B:9
  2033 : 001100110011 ; -- R:3 G:3 B:3
  2034 : 001000100010 ; -- R:2 G:2 B:2
  2035 : 101110111011 ; -- R:B G:B B:B
  2036 : 110111011101 ; -- R:D G:D B:D
  2037 : 110111011101 ; -- R:D G:D B:D
  2038 : 110111011101 ; -- R:D G:D B:D
  2039 : 110111011101 ; -- R:D G:D B:D
  2040 : 110111011101 ; -- R:D G:D B:D
  2041 : 110011011101 ; -- R:C G:D B:D
  2042 : 110011011101 ; -- R:C G:D B:D
  2043 : 110011011101 ; -- R:C G:D B:D
  2044 : 110011001100 ; -- R:C G:C B:C
  2045 : 110011001100 ; -- R:C G:C B:C
  2046 : 110011001100 ; -- R:C G:C B:C
  2047 : 110011001100 ; -- R:C G:C B:C
  2048 : 110111011101 ; -- R:D G:D B:D
  2049 : 110111011101 ; -- R:D G:D B:D
  2050 : 110111011101 ; -- R:D G:D B:D
  2051 : 110111011101 ; -- R:D G:D B:D
  2052 : 110111011101 ; -- R:D G:D B:D
  2053 : 110111011101 ; -- R:D G:D B:D
  2054 : 110111011101 ; -- R:D G:D B:D
  2055 : 110111011101 ; -- R:D G:D B:D
  2056 : 110111011101 ; -- R:D G:D B:D
  2057 : 110111011101 ; -- R:D G:D B:D
  2058 : 110111011101 ; -- R:D G:D B:D
  2059 : 110111011101 ; -- R:D G:D B:D
  2060 : 110111011101 ; -- R:D G:D B:D
  2061 : 110111011101 ; -- R:D G:D B:D
  2062 : 101110011000 ; -- R:B G:9 B:8
  2063 : 001100110011 ; -- R:3 G:3 B:3
  2064 : 001000100010 ; -- R:2 G:2 B:2
  2065 : 101010000111 ; -- R:A G:8 B:7
  2066 : 110010101001 ; -- R:C G:A B:9
  2067 : 110010101001 ; -- R:C G:A B:9
  2068 : 110110111010 ; -- R:D G:B B:A
  2069 : 110010101001 ; -- R:C G:A B:9
  2070 : 101110011000 ; -- R:B G:9 B:8
  2071 : 101010000111 ; -- R:A G:8 B:7
  2072 : 100101110110 ; -- R:9 G:7 B:6
  2073 : 101010000111 ; -- R:A G:8 B:7
  2074 : 101010000111 ; -- R:A G:8 B:7
  2075 : 101010000111 ; -- R:A G:8 B:7
  2076 : 101110011000 ; -- R:B G:9 B:8
  2077 : 110010101001 ; -- R:C G:A B:9
  2078 : 110010101001 ; -- R:C G:A B:9
  2079 : 110110111010 ; -- R:D G:B B:A
  2080 : 110111011101 ; -- R:D G:D B:D
  2081 : 110111011101 ; -- R:D G:D B:D
  2082 : 110110111010 ; -- R:D G:B B:A
  2083 : 110010101001 ; -- R:C G:A B:9
  2084 : 110010101001 ; -- R:C G:A B:9
  2085 : 101110011000 ; -- R:B G:9 B:8
  2086 : 101010000111 ; -- R:A G:8 B:7
  2087 : 101010000111 ; -- R:A G:8 B:7
  2088 : 101010000111 ; -- R:A G:8 B:7
  2089 : 101010000111 ; -- R:A G:8 B:7
  2090 : 100101110110 ; -- R:9 G:7 B:6
  2091 : 100101110110 ; -- R:9 G:7 B:6
  2092 : 101010000111 ; -- R:A G:8 B:7
  2093 : 101110011000 ; -- R:B G:9 B:8
  2094 : 101110011000 ; -- R:B G:9 B:8
  2095 : 101110011000 ; -- R:B G:9 B:8
  2096 : 110010101001 ; -- R:C G:A B:9
  2097 : 001100110011 ; -- R:3 G:3 B:3
  2098 : 100001010100 ; -- R:8 G:5 B:4
  2099 : 110111011101 ; -- R:D G:D B:D
  2100 : 110111011101 ; -- R:D G:D B:D
  2101 : 110111011101 ; -- R:D G:D B:D
  2102 : 110111011101 ; -- R:D G:D B:D
  2103 : 110111011101 ; -- R:D G:D B:D
  2104 : 110111011101 ; -- R:D G:D B:D
  2105 : 110111011101 ; -- R:D G:D B:D
  2106 : 110111011101 ; -- R:D G:D B:D
  2107 : 110011011101 ; -- R:C G:D B:D
  2108 : 110011011101 ; -- R:C G:D B:D
  2109 : 110011001100 ; -- R:C G:C B:C
  2110 : 110011001100 ; -- R:C G:C B:C
  2111 : 110011001100 ; -- R:C G:C B:C
  2112 : 110111011101 ; -- R:D G:D B:D
  2113 : 110111011101 ; -- R:D G:D B:D
  2114 : 110111011101 ; -- R:D G:D B:D
  2115 : 110111011101 ; -- R:D G:D B:D
  2116 : 110111011101 ; -- R:D G:D B:D
  2117 : 110111011101 ; -- R:D G:D B:D
  2118 : 110111011101 ; -- R:D G:D B:D
  2119 : 110111011101 ; -- R:D G:D B:D
  2120 : 110111011101 ; -- R:D G:D B:D
  2121 : 110111011101 ; -- R:D G:D B:D
  2122 : 110111011101 ; -- R:D G:D B:D
  2123 : 110111011101 ; -- R:D G:D B:D
  2124 : 110111011101 ; -- R:D G:D B:D
  2125 : 110010101001 ; -- R:C G:A B:9
  2126 : 100001010100 ; -- R:8 G:5 B:4
  2127 : 100001010100 ; -- R:8 G:5 B:4
  2128 : 001100110011 ; -- R:3 G:3 B:3
  2129 : 101110011000 ; -- R:B G:9 B:8
  2130 : 110010101001 ; -- R:C G:A B:9
  2131 : 110110111010 ; -- R:D G:B B:A
  2132 : 110110111010 ; -- R:D G:B B:A
  2133 : 110110111010 ; -- R:D G:B B:A
  2134 : 110110111010 ; -- R:D G:B B:A
  2135 : 110010101001 ; -- R:C G:A B:9
  2136 : 101110011000 ; -- R:B G:9 B:8
  2137 : 101010000111 ; -- R:A G:8 B:7
  2138 : 101110011000 ; -- R:B G:9 B:8
  2139 : 110010101001 ; -- R:C G:A B:9
  2140 : 110110111010 ; -- R:D G:B B:A
  2141 : 110010101001 ; -- R:C G:A B:9
  2142 : 110110111010 ; -- R:D G:B B:A
  2143 : 110011001100 ; -- R:C G:C B:C
  2144 : 110111011101 ; -- R:D G:D B:D
  2145 : 110111011101 ; -- R:D G:D B:D
  2146 : 110110111010 ; -- R:D G:B B:A
  2147 : 110110111010 ; -- R:D G:B B:A
  2148 : 110010101001 ; -- R:C G:A B:9
  2149 : 110010101001 ; -- R:C G:A B:9
  2150 : 110010101001 ; -- R:C G:A B:9
  2151 : 101110011000 ; -- R:B G:9 B:8
  2152 : 101110011000 ; -- R:B G:9 B:8
  2153 : 101110011000 ; -- R:B G:9 B:8
  2154 : 101110011000 ; -- R:B G:9 B:8
  2155 : 101110011000 ; -- R:B G:9 B:8
  2156 : 110010101001 ; -- R:C G:A B:9
  2157 : 110110111010 ; -- R:D G:B B:A
  2158 : 110110111010 ; -- R:D G:B B:A
  2159 : 110010101001 ; -- R:C G:A B:9
  2160 : 110010101001 ; -- R:C G:A B:9
  2161 : 100001010100 ; -- R:8 G:5 B:4
  2162 : 100001010100 ; -- R:8 G:5 B:4
  2163 : 110111011101 ; -- R:D G:D B:D
  2164 : 110111011101 ; -- R:D G:D B:D
  2165 : 110111011101 ; -- R:D G:D B:D
  2166 : 110111011101 ; -- R:D G:D B:D
  2167 : 110111011101 ; -- R:D G:D B:D
  2168 : 110111011101 ; -- R:D G:D B:D
  2169 : 110111011101 ; -- R:D G:D B:D
  2170 : 110111011101 ; -- R:D G:D B:D
  2171 : 110111011101 ; -- R:D G:D B:D
  2172 : 110011011101 ; -- R:C G:D B:D
  2173 : 110011011101 ; -- R:C G:D B:D
  2174 : 110011001100 ; -- R:C G:C B:C
  2175 : 110011001100 ; -- R:C G:C B:C
  2176 : 110111011101 ; -- R:D G:D B:D
  2177 : 110111011101 ; -- R:D G:D B:D
  2178 : 110111011101 ; -- R:D G:D B:D
  2179 : 110111011101 ; -- R:D G:D B:D
  2180 : 110111011101 ; -- R:D G:D B:D
  2181 : 110111011101 ; -- R:D G:D B:D
  2182 : 110111011101 ; -- R:D G:D B:D
  2183 : 110111011101 ; -- R:D G:D B:D
  2184 : 110111011101 ; -- R:D G:D B:D
  2185 : 110111011101 ; -- R:D G:D B:D
  2186 : 110111011101 ; -- R:D G:D B:D
  2187 : 110111011101 ; -- R:D G:D B:D
  2188 : 110111011101 ; -- R:D G:D B:D
  2189 : 100101100101 ; -- R:9 G:6 B:5
  2190 : 100001010100 ; -- R:8 G:5 B:4
  2191 : 100001010100 ; -- R:8 G:5 B:4
  2192 : 100001010100 ; -- R:8 G:5 B:4
  2193 : 101110011000 ; -- R:B G:9 B:8
  2194 : 110010101001 ; -- R:C G:A B:9
  2195 : 110110111010 ; -- R:D G:B B:A
  2196 : 110110111010 ; -- R:D G:B B:A
  2197 : 110110111010 ; -- R:D G:B B:A
  2198 : 110110111010 ; -- R:D G:B B:A
  2199 : 110110111010 ; -- R:D G:B B:A
  2200 : 110010101001 ; -- R:C G:A B:9
  2201 : 110010101001 ; -- R:C G:A B:9
  2202 : 110110111010 ; -- R:D G:B B:A
  2203 : 110110111010 ; -- R:D G:B B:A
  2204 : 110110111010 ; -- R:D G:B B:A
  2205 : 110110111010 ; -- R:D G:B B:A
  2206 : 110110111010 ; -- R:D G:B B:A
  2207 : 110011001100 ; -- R:C G:C B:C
  2208 : 110111011101 ; -- R:D G:D B:D
  2209 : 110111011101 ; -- R:D G:D B:D
  2210 : 110110111010 ; -- R:D G:B B:A
  2211 : 110110111010 ; -- R:D G:B B:A
  2212 : 110110111010 ; -- R:D G:B B:A
  2213 : 110110111010 ; -- R:D G:B B:A
  2214 : 110110111010 ; -- R:D G:B B:A
  2215 : 110110111010 ; -- R:D G:B B:A
  2216 : 110110111010 ; -- R:D G:B B:A
  2217 : 110010101001 ; -- R:C G:A B:9
  2218 : 110010101001 ; -- R:C G:A B:9
  2219 : 110010101001 ; -- R:C G:A B:9
  2220 : 110110111010 ; -- R:D G:B B:A
  2221 : 110110111010 ; -- R:D G:B B:A
  2222 : 110110111010 ; -- R:D G:B B:A
  2223 : 110110111010 ; -- R:D G:B B:A
  2224 : 110110111010 ; -- R:D G:B B:A
  2225 : 100101110110 ; -- R:9 G:7 B:6
  2226 : 100001010100 ; -- R:8 G:5 B:4
  2227 : 101010000111 ; -- R:A G:8 B:7
  2228 : 110111011101 ; -- R:D G:D B:D
  2229 : 110111011101 ; -- R:D G:D B:D
  2230 : 110111011101 ; -- R:D G:D B:D
  2231 : 110111011101 ; -- R:D G:D B:D
  2232 : 110111011101 ; -- R:D G:D B:D
  2233 : 110111011101 ; -- R:D G:D B:D
  2234 : 110111011101 ; -- R:D G:D B:D
  2235 : 110111011101 ; -- R:D G:D B:D
  2236 : 110111011101 ; -- R:D G:D B:D
  2237 : 110011011101 ; -- R:C G:D B:D
  2238 : 110011011101 ; -- R:C G:D B:D
  2239 : 110011001100 ; -- R:C G:C B:C
  2240 : 110111011101 ; -- R:D G:D B:D
  2241 : 110111011101 ; -- R:D G:D B:D
  2242 : 110111011101 ; -- R:D G:D B:D
  2243 : 110111011101 ; -- R:D G:D B:D
  2244 : 110111011101 ; -- R:D G:D B:D
  2245 : 110111011101 ; -- R:D G:D B:D
  2246 : 110111011101 ; -- R:D G:D B:D
  2247 : 110111011101 ; -- R:D G:D B:D
  2248 : 110111011101 ; -- R:D G:D B:D
  2249 : 110111011101 ; -- R:D G:D B:D
  2250 : 110111011101 ; -- R:D G:D B:D
  2251 : 110111011101 ; -- R:D G:D B:D
  2252 : 110111011101 ; -- R:D G:D B:D
  2253 : 100101100101 ; -- R:9 G:6 B:5
  2254 : 100001010100 ; -- R:8 G:5 B:4
  2255 : 100001010100 ; -- R:8 G:5 B:4
  2256 : 100001010100 ; -- R:8 G:5 B:4
  2257 : 101110011000 ; -- R:B G:9 B:8
  2258 : 110010101001 ; -- R:C G:A B:9
  2259 : 110010101001 ; -- R:C G:A B:9
  2260 : 110110111010 ; -- R:D G:B B:A
  2261 : 110011001100 ; -- R:C G:C B:C
  2262 : 110110111010 ; -- R:D G:B B:A
  2263 : 110110111010 ; -- R:D G:B B:A
  2264 : 110110111010 ; -- R:D G:B B:A
  2265 : 110110111010 ; -- R:D G:B B:A
  2266 : 110011001100 ; -- R:C G:C B:C
  2267 : 110110111010 ; -- R:D G:B B:A
  2268 : 110110111010 ; -- R:D G:B B:A
  2269 : 110010101001 ; -- R:C G:A B:9
  2270 : 110110111010 ; -- R:D G:B B:A
  2271 : 110110111010 ; -- R:D G:B B:A
  2272 : 110111011101 ; -- R:D G:D B:D
  2273 : 110111011101 ; -- R:D G:D B:D
  2274 : 110111011101 ; -- R:D G:D B:D
  2275 : 110110111010 ; -- R:D G:B B:A
  2276 : 110010101001 ; -- R:C G:A B:9
  2277 : 110110111010 ; -- R:D G:B B:A
  2278 : 110011001100 ; -- R:C G:C B:C
  2279 : 110011001100 ; -- R:C G:C B:C
  2280 : 110011001100 ; -- R:C G:C B:C
  2281 : 110110111010 ; -- R:D G:B B:A
  2282 : 110110111010 ; -- R:D G:B B:A
  2283 : 110110111010 ; -- R:D G:B B:A
  2284 : 110110111010 ; -- R:D G:B B:A
  2285 : 110110111010 ; -- R:D G:B B:A
  2286 : 110110111010 ; -- R:D G:B B:A
  2287 : 110010101001 ; -- R:C G:A B:9
  2288 : 110010101001 ; -- R:C G:A B:9
  2289 : 100101110110 ; -- R:9 G:7 B:6
  2290 : 100001010100 ; -- R:8 G:5 B:4
  2291 : 100001010100 ; -- R:8 G:5 B:4
  2292 : 110111011101 ; -- R:D G:D B:D
  2293 : 110111011101 ; -- R:D G:D B:D
  2294 : 110111011101 ; -- R:D G:D B:D
  2295 : 110111011101 ; -- R:D G:D B:D
  2296 : 110111011101 ; -- R:D G:D B:D
  2297 : 110111011101 ; -- R:D G:D B:D
  2298 : 110111011101 ; -- R:D G:D B:D
  2299 : 110111011101 ; -- R:D G:D B:D
  2300 : 110111011101 ; -- R:D G:D B:D
  2301 : 110111011101 ; -- R:D G:D B:D
  2302 : 110011011101 ; -- R:C G:D B:D
  2303 : 110011011101 ; -- R:C G:D B:D
  2304 : 110111011101 ; -- R:D G:D B:D
  2305 : 110111011101 ; -- R:D G:D B:D
  2306 : 110111011101 ; -- R:D G:D B:D
  2307 : 110111011101 ; -- R:D G:D B:D
  2308 : 110111011101 ; -- R:D G:D B:D
  2309 : 110111011101 ; -- R:D G:D B:D
  2310 : 110111011101 ; -- R:D G:D B:D
  2311 : 110111011101 ; -- R:D G:D B:D
  2312 : 110111011101 ; -- R:D G:D B:D
  2313 : 110111011101 ; -- R:D G:D B:D
  2314 : 110111011101 ; -- R:D G:D B:D
  2315 : 110111011101 ; -- R:D G:D B:D
  2316 : 110111011101 ; -- R:D G:D B:D
  2317 : 101010000111 ; -- R:A G:8 B:7
  2318 : 100001010100 ; -- R:8 G:5 B:4
  2319 : 100001010100 ; -- R:8 G:5 B:4
  2320 : 100001010100 ; -- R:8 G:5 B:4
  2321 : 101010000111 ; -- R:A G:8 B:7
  2322 : 101110011000 ; -- R:B G:9 B:8
  2323 : 110010101001 ; -- R:C G:A B:9
  2324 : 110110111010 ; -- R:D G:B B:A
  2325 : 110110111010 ; -- R:D G:B B:A
  2326 : 110011001100 ; -- R:C G:C B:C
  2327 : 110011001100 ; -- R:C G:C B:C
  2328 : 110011001100 ; -- R:C G:C B:C
  2329 : 110011001100 ; -- R:C G:C B:C
  2330 : 110011001100 ; -- R:C G:C B:C
  2331 : 110011001100 ; -- R:C G:C B:C
  2332 : 110010101001 ; -- R:C G:A B:9
  2333 : 110010101001 ; -- R:C G:A B:9
  2334 : 110110111010 ; -- R:D G:B B:A
  2335 : 110110111010 ; -- R:D G:B B:A
  2336 : 110111011101 ; -- R:D G:D B:D
  2337 : 110111011101 ; -- R:D G:D B:D
  2338 : 110111011101 ; -- R:D G:D B:D
  2339 : 110011001100 ; -- R:C G:C B:C
  2340 : 110010101001 ; -- R:C G:A B:9
  2341 : 110010101001 ; -- R:C G:A B:9
  2342 : 110011001100 ; -- R:C G:C B:C
  2343 : 110110111010 ; -- R:D G:B B:A
  2344 : 110110111010 ; -- R:D G:B B:A
  2345 : 110011001100 ; -- R:C G:C B:C
  2346 : 110011001100 ; -- R:C G:C B:C
  2347 : 110011001100 ; -- R:C G:C B:C
  2348 : 110110111010 ; -- R:D G:B B:A
  2349 : 110110111010 ; -- R:D G:B B:A
  2350 : 110110111010 ; -- R:D G:B B:A
  2351 : 110010101001 ; -- R:C G:A B:9
  2352 : 110010101001 ; -- R:C G:A B:9
  2353 : 100101110110 ; -- R:9 G:7 B:6
  2354 : 100001010100 ; -- R:8 G:5 B:4
  2355 : 100101100101 ; -- R:9 G:6 B:5
  2356 : 110111011101 ; -- R:D G:D B:D
  2357 : 110111011101 ; -- R:D G:D B:D
  2358 : 110111011101 ; -- R:D G:D B:D
  2359 : 110111011101 ; -- R:D G:D B:D
  2360 : 110111011101 ; -- R:D G:D B:D
  2361 : 110111011101 ; -- R:D G:D B:D
  2362 : 110111011101 ; -- R:D G:D B:D
  2363 : 110111011101 ; -- R:D G:D B:D
  2364 : 110111011101 ; -- R:D G:D B:D
  2365 : 110111011101 ; -- R:D G:D B:D
  2366 : 110011011101 ; -- R:C G:D B:D
  2367 : 110011011101 ; -- R:C G:D B:D
  2368 : 110111011101 ; -- R:D G:D B:D
  2369 : 110111011101 ; -- R:D G:D B:D
  2370 : 110111011101 ; -- R:D G:D B:D
  2371 : 110111011101 ; -- R:D G:D B:D
  2372 : 110111011101 ; -- R:D G:D B:D
  2373 : 110111011101 ; -- R:D G:D B:D
  2374 : 110111011101 ; -- R:D G:D B:D
  2375 : 110111011101 ; -- R:D G:D B:D
  2376 : 110111011101 ; -- R:D G:D B:D
  2377 : 110111011101 ; -- R:D G:D B:D
  2378 : 110111011101 ; -- R:D G:D B:D
  2379 : 110111011101 ; -- R:D G:D B:D
  2380 : 110111011101 ; -- R:D G:D B:D
  2381 : 110010101001 ; -- R:C G:A B:9
  2382 : 100001010100 ; -- R:8 G:5 B:4
  2383 : 100001010100 ; -- R:8 G:5 B:4
  2384 : 100001010100 ; -- R:8 G:5 B:4
  2385 : 100101110110 ; -- R:9 G:7 B:6
  2386 : 101010000111 ; -- R:A G:8 B:7
  2387 : 101110011000 ; -- R:B G:9 B:8
  2388 : 110010101001 ; -- R:C G:A B:9
  2389 : 110110111010 ; -- R:D G:B B:A
  2390 : 110011001100 ; -- R:C G:C B:C
  2391 : 110011001100 ; -- R:C G:C B:C
  2392 : 110110111010 ; -- R:D G:B B:A
  2393 : 110011001100 ; -- R:C G:C B:C
  2394 : 110011001100 ; -- R:C G:C B:C
  2395 : 110110111010 ; -- R:D G:B B:A
  2396 : 101110011000 ; -- R:B G:9 B:8
  2397 : 110011001100 ; -- R:C G:C B:C
  2398 : 110110111010 ; -- R:D G:B B:A
  2399 : 110110111010 ; -- R:D G:B B:A
  2400 : 110110111010 ; -- R:D G:B B:A
  2401 : 110110111010 ; -- R:D G:B B:A
  2402 : 110110111010 ; -- R:D G:B B:A
  2403 : 110110111010 ; -- R:D G:B B:A
  2404 : 110110111010 ; -- R:D G:B B:A
  2405 : 110010101001 ; -- R:C G:A B:9
  2406 : 110110111010 ; -- R:D G:B B:A
  2407 : 110011001100 ; -- R:C G:C B:C
  2408 : 110110111010 ; -- R:D G:B B:A
  2409 : 110110111010 ; -- R:D G:B B:A
  2410 : 110011001100 ; -- R:C G:C B:C
  2411 : 110011001100 ; -- R:C G:C B:C
  2412 : 110110111010 ; -- R:D G:B B:A
  2413 : 110110111010 ; -- R:D G:B B:A
  2414 : 110010101001 ; -- R:C G:A B:9
  2415 : 101110011000 ; -- R:B G:9 B:8
  2416 : 101110011000 ; -- R:B G:9 B:8
  2417 : 100101110110 ; -- R:9 G:7 B:6
  2418 : 100001010100 ; -- R:8 G:5 B:4
  2419 : 100101110110 ; -- R:9 G:7 B:6
  2420 : 110111011101 ; -- R:D G:D B:D
  2421 : 110111011101 ; -- R:D G:D B:D
  2422 : 110111011101 ; -- R:D G:D B:D
  2423 : 110111011101 ; -- R:D G:D B:D
  2424 : 110111011101 ; -- R:D G:D B:D
  2425 : 110111011101 ; -- R:D G:D B:D
  2426 : 110111011101 ; -- R:D G:D B:D
  2427 : 110111011101 ; -- R:D G:D B:D
  2428 : 110111011101 ; -- R:D G:D B:D
  2429 : 110111011101 ; -- R:D G:D B:D
  2430 : 110111011101 ; -- R:D G:D B:D
  2431 : 110111011101 ; -- R:D G:D B:D
  2432 : 110111011101 ; -- R:D G:D B:D
  2433 : 110111011101 ; -- R:D G:D B:D
  2434 : 110111011101 ; -- R:D G:D B:D
  2435 : 110111011101 ; -- R:D G:D B:D
  2436 : 110111011101 ; -- R:D G:D B:D
  2437 : 110111011101 ; -- R:D G:D B:D
  2438 : 110111011101 ; -- R:D G:D B:D
  2439 : 110111011101 ; -- R:D G:D B:D
  2440 : 110111011101 ; -- R:D G:D B:D
  2441 : 110111011101 ; -- R:D G:D B:D
  2442 : 110111011101 ; -- R:D G:D B:D
  2443 : 110111011101 ; -- R:D G:D B:D
  2444 : 110111011101 ; -- R:D G:D B:D
  2445 : 110011001100 ; -- R:C G:C B:C
  2446 : 100001010100 ; -- R:8 G:5 B:4
  2447 : 100001010100 ; -- R:8 G:5 B:4
  2448 : 100001010100 ; -- R:8 G:5 B:4
  2449 : 100101110110 ; -- R:9 G:7 B:6
  2450 : 100101110110 ; -- R:9 G:7 B:6
  2451 : 101010000111 ; -- R:A G:8 B:7
  2452 : 101110011000 ; -- R:B G:9 B:8
  2453 : 110110111010 ; -- R:D G:B B:A
  2454 : 110110111010 ; -- R:D G:B B:A
  2455 : 110011001100 ; -- R:C G:C B:C
  2456 : 110011001100 ; -- R:C G:C B:C
  2457 : 110011001100 ; -- R:C G:C B:C
  2458 : 110110111010 ; -- R:D G:B B:A
  2459 : 110010101001 ; -- R:C G:A B:9
  2460 : 110010101001 ; -- R:C G:A B:9
  2461 : 110110111010 ; -- R:D G:B B:A
  2462 : 101110011000 ; -- R:B G:9 B:8
  2463 : 101010000111 ; -- R:A G:8 B:7
  2464 : 101010000111 ; -- R:A G:8 B:7
  2465 : 101010000111 ; -- R:A G:8 B:7
  2466 : 101010000111 ; -- R:A G:8 B:7
  2467 : 101110011000 ; -- R:B G:9 B:8
  2468 : 110110111010 ; -- R:D G:B B:A
  2469 : 110010101001 ; -- R:C G:A B:9
  2470 : 110010101001 ; -- R:C G:A B:9
  2471 : 110110111010 ; -- R:D G:B B:A
  2472 : 110110111010 ; -- R:D G:B B:A
  2473 : 110110111010 ; -- R:D G:B B:A
  2474 : 110011001100 ; -- R:C G:C B:C
  2475 : 110110111010 ; -- R:D G:B B:A
  2476 : 110110111010 ; -- R:D G:B B:A
  2477 : 110110111010 ; -- R:D G:B B:A
  2478 : 110010101001 ; -- R:C G:A B:9
  2479 : 101110011000 ; -- R:B G:9 B:8
  2480 : 101010000111 ; -- R:A G:8 B:7
  2481 : 100101100101 ; -- R:9 G:6 B:5
  2482 : 100001010100 ; -- R:8 G:5 B:4
  2483 : 110010101001 ; -- R:C G:A B:9
  2484 : 110111011101 ; -- R:D G:D B:D
  2485 : 110111011101 ; -- R:D G:D B:D
  2486 : 110111011101 ; -- R:D G:D B:D
  2487 : 110111011101 ; -- R:D G:D B:D
  2488 : 110111011101 ; -- R:D G:D B:D
  2489 : 110111011101 ; -- R:D G:D B:D
  2490 : 110111011101 ; -- R:D G:D B:D
  2491 : 110111011101 ; -- R:D G:D B:D
  2492 : 110111011101 ; -- R:D G:D B:D
  2493 : 110111011101 ; -- R:D G:D B:D
  2494 : 110111011101 ; -- R:D G:D B:D
  2495 : 110111011101 ; -- R:D G:D B:D
  2496 : 110111011101 ; -- R:D G:D B:D
  2497 : 110111011101 ; -- R:D G:D B:D
  2498 : 110111011101 ; -- R:D G:D B:D
  2499 : 110111011101 ; -- R:D G:D B:D
  2500 : 110111011101 ; -- R:D G:D B:D
  2501 : 110111011101 ; -- R:D G:D B:D
  2502 : 110111011101 ; -- R:D G:D B:D
  2503 : 110111011101 ; -- R:D G:D B:D
  2504 : 110111011101 ; -- R:D G:D B:D
  2505 : 110111011101 ; -- R:D G:D B:D
  2506 : 110111011101 ; -- R:D G:D B:D
  2507 : 110111011101 ; -- R:D G:D B:D
  2508 : 110111011101 ; -- R:D G:D B:D
  2509 : 110111011101 ; -- R:D G:D B:D
  2510 : 101110011000 ; -- R:B G:9 B:8
  2511 : 100001010100 ; -- R:8 G:5 B:4
  2512 : 100001010100 ; -- R:8 G:5 B:4
  2513 : 100101110110 ; -- R:9 G:7 B:6
  2514 : 100101110110 ; -- R:9 G:7 B:6
  2515 : 100101110110 ; -- R:9 G:7 B:6
  2516 : 101110011000 ; -- R:B G:9 B:8
  2517 : 110010101001 ; -- R:C G:A B:9
  2518 : 110110111010 ; -- R:D G:B B:A
  2519 : 110110111010 ; -- R:D G:B B:A
  2520 : 110110111010 ; -- R:D G:B B:A
  2521 : 110110111010 ; -- R:D G:B B:A
  2522 : 110110111010 ; -- R:D G:B B:A
  2523 : 110110111010 ; -- R:D G:B B:A
  2524 : 101110011000 ; -- R:B G:9 B:8
  2525 : 100101100101 ; -- R:9 G:6 B:5
  2526 : 001100110011 ; -- R:3 G:3 B:3
  2527 : 100001010100 ; -- R:8 G:5 B:4
  2528 : 100101100101 ; -- R:9 G:6 B:5
  2529 : 100101100101 ; -- R:9 G:6 B:5
  2530 : 100001010100 ; -- R:8 G:5 B:4
  2531 : 100001010100 ; -- R:8 G:5 B:4
  2532 : 100101100101 ; -- R:9 G:6 B:5
  2533 : 101110011000 ; -- R:B G:9 B:8
  2534 : 110010101001 ; -- R:C G:A B:9
  2535 : 110110111010 ; -- R:D G:B B:A
  2536 : 110110111010 ; -- R:D G:B B:A
  2537 : 110110111010 ; -- R:D G:B B:A
  2538 : 110110111010 ; -- R:D G:B B:A
  2539 : 110110111010 ; -- R:D G:B B:A
  2540 : 110110111010 ; -- R:D G:B B:A
  2541 : 110010101001 ; -- R:C G:A B:9
  2542 : 101110011000 ; -- R:B G:9 B:8
  2543 : 101010000111 ; -- R:A G:8 B:7
  2544 : 101010000111 ; -- R:A G:8 B:7
  2545 : 100101100101 ; -- R:9 G:6 B:5
  2546 : 100001010100 ; -- R:8 G:5 B:4
  2547 : 110011001100 ; -- R:C G:C B:C
  2548 : 110111011101 ; -- R:D G:D B:D
  2549 : 110111011101 ; -- R:D G:D B:D
  2550 : 110111011101 ; -- R:D G:D B:D
  2551 : 110111011101 ; -- R:D G:D B:D
  2552 : 110111011101 ; -- R:D G:D B:D
  2553 : 110111011101 ; -- R:D G:D B:D
  2554 : 110111011101 ; -- R:D G:D B:D
  2555 : 110111011101 ; -- R:D G:D B:D
  2556 : 110111011101 ; -- R:D G:D B:D
  2557 : 110111011101 ; -- R:D G:D B:D
  2558 : 110111011101 ; -- R:D G:D B:D
  2559 : 110111011101 ; -- R:D G:D B:D
  2560 : 110111011101 ; -- R:D G:D B:D
  2561 : 110111011101 ; -- R:D G:D B:D
  2562 : 110111011101 ; -- R:D G:D B:D
  2563 : 110111011101 ; -- R:D G:D B:D
  2564 : 110111011101 ; -- R:D G:D B:D
  2565 : 110111011101 ; -- R:D G:D B:D
  2566 : 110111011101 ; -- R:D G:D B:D
  2567 : 110111011101 ; -- R:D G:D B:D
  2568 : 110111011101 ; -- R:D G:D B:D
  2569 : 110111011101 ; -- R:D G:D B:D
  2570 : 110111011101 ; -- R:D G:D B:D
  2571 : 110111011101 ; -- R:D G:D B:D
  2572 : 110111011101 ; -- R:D G:D B:D
  2573 : 110111011101 ; -- R:D G:D B:D
  2574 : 110011001100 ; -- R:C G:C B:C
  2575 : 100101100101 ; -- R:9 G:6 B:5
  2576 : 100001010100 ; -- R:8 G:5 B:4
  2577 : 100101110110 ; -- R:9 G:7 B:6
  2578 : 100101110110 ; -- R:9 G:7 B:6
  2579 : 100101110101 ; -- R:9 G:7 B:5
  2580 : 101010000111 ; -- R:A G:8 B:7
  2581 : 101110011000 ; -- R:B G:9 B:8
  2582 : 110010101001 ; -- R:C G:A B:9
  2583 : 110110111010 ; -- R:D G:B B:A
  2584 : 110110111010 ; -- R:D G:B B:A
  2585 : 110110111010 ; -- R:D G:B B:A
  2586 : 110110111010 ; -- R:D G:B B:A
  2587 : 110011001100 ; -- R:C G:C B:C
  2588 : 101010000111 ; -- R:A G:8 B:7
  2589 : 100001010100 ; -- R:8 G:5 B:4
  2590 : 001100110011 ; -- R:3 G:3 B:3
  2591 : 001100110011 ; -- R:3 G:3 B:3
  2592 : 100001010100 ; -- R:8 G:5 B:4
  2593 : 100001010100 ; -- R:8 G:5 B:4
  2594 : 100001010100 ; -- R:8 G:5 B:4
  2595 : 001100110011 ; -- R:3 G:3 B:3
  2596 : 100001010100 ; -- R:8 G:5 B:4
  2597 : 100101110110 ; -- R:9 G:7 B:6
  2598 : 110110111010 ; -- R:D G:B B:A
  2599 : 110110111010 ; -- R:D G:B B:A
  2600 : 110110111010 ; -- R:D G:B B:A
  2601 : 110110111010 ; -- R:D G:B B:A
  2602 : 110110111010 ; -- R:D G:B B:A
  2603 : 110110111010 ; -- R:D G:B B:A
  2604 : 110010101001 ; -- R:C G:A B:9
  2605 : 101110011000 ; -- R:B G:9 B:8
  2606 : 101010000111 ; -- R:A G:8 B:7
  2607 : 100101110110 ; -- R:9 G:7 B:6
  2608 : 101010000111 ; -- R:A G:8 B:7
  2609 : 100101100101 ; -- R:9 G:6 B:5
  2610 : 101010000111 ; -- R:A G:8 B:7
  2611 : 110111011101 ; -- R:D G:D B:D
  2612 : 110111011101 ; -- R:D G:D B:D
  2613 : 110111011101 ; -- R:D G:D B:D
  2614 : 110111011101 ; -- R:D G:D B:D
  2615 : 110111011101 ; -- R:D G:D B:D
  2616 : 110111011101 ; -- R:D G:D B:D
  2617 : 110111011101 ; -- R:D G:D B:D
  2618 : 110111011101 ; -- R:D G:D B:D
  2619 : 110111011101 ; -- R:D G:D B:D
  2620 : 110111011101 ; -- R:D G:D B:D
  2621 : 110111011101 ; -- R:D G:D B:D
  2622 : 110111011101 ; -- R:D G:D B:D
  2623 : 110111011101 ; -- R:D G:D B:D
  2624 : 110111011101 ; -- R:D G:D B:D
  2625 : 110111011101 ; -- R:D G:D B:D
  2626 : 110111011101 ; -- R:D G:D B:D
  2627 : 110111011101 ; -- R:D G:D B:D
  2628 : 110111011101 ; -- R:D G:D B:D
  2629 : 110111011101 ; -- R:D G:D B:D
  2630 : 110111011101 ; -- R:D G:D B:D
  2631 : 110111011101 ; -- R:D G:D B:D
  2632 : 110111011101 ; -- R:D G:D B:D
  2633 : 110111011101 ; -- R:D G:D B:D
  2634 : 110111011101 ; -- R:D G:D B:D
  2635 : 110111011101 ; -- R:D G:D B:D
  2636 : 110111011101 ; -- R:D G:D B:D
  2637 : 110111011101 ; -- R:D G:D B:D
  2638 : 110111011101 ; -- R:D G:D B:D
  2639 : 101010000111 ; -- R:A G:8 B:7
  2640 : 100101100101 ; -- R:9 G:6 B:5
  2641 : 100101110110 ; -- R:9 G:7 B:6
  2642 : 100101110110 ; -- R:9 G:7 B:6
  2643 : 100101110110 ; -- R:9 G:7 B:6
  2644 : 101010000111 ; -- R:A G:8 B:7
  2645 : 101110011000 ; -- R:B G:9 B:8
  2646 : 110010101001 ; -- R:C G:A B:9
  2647 : 110110111010 ; -- R:D G:B B:A
  2648 : 110110111010 ; -- R:D G:B B:A
  2649 : 110011001100 ; -- R:C G:C B:C
  2650 : 110011001100 ; -- R:C G:C B:C
  2651 : 110111011101 ; -- R:D G:D B:D
  2652 : 101110011000 ; -- R:B G:9 B:8
  2653 : 100001010100 ; -- R:8 G:5 B:4
  2654 : 100001010100 ; -- R:8 G:5 B:4
  2655 : 100001010100 ; -- R:8 G:5 B:4
  2656 : 100001010100 ; -- R:8 G:5 B:4
  2657 : 100001010100 ; -- R:8 G:5 B:4
  2658 : 100101100101 ; -- R:9 G:6 B:5
  2659 : 100001010100 ; -- R:8 G:5 B:4
  2660 : 100001010100 ; -- R:8 G:5 B:4
  2661 : 100101110110 ; -- R:9 G:7 B:6
  2662 : 110011001100 ; -- R:C G:C B:C
  2663 : 110011001100 ; -- R:C G:C B:C
  2664 : 110110111010 ; -- R:D G:B B:A
  2665 : 110110111010 ; -- R:D G:B B:A
  2666 : 110110111010 ; -- R:D G:B B:A
  2667 : 110010101001 ; -- R:C G:A B:9
  2668 : 101110011000 ; -- R:B G:9 B:8
  2669 : 101010000111 ; -- R:A G:8 B:7
  2670 : 100101110110 ; -- R:9 G:7 B:6
  2671 : 100101110110 ; -- R:9 G:7 B:6
  2672 : 100101110110 ; -- R:9 G:7 B:6
  2673 : 100101100101 ; -- R:9 G:6 B:5
  2674 : 101010101010 ; -- R:A G:A B:A
  2675 : 110111011101 ; -- R:D G:D B:D
  2676 : 110111011101 ; -- R:D G:D B:D
  2677 : 110111011101 ; -- R:D G:D B:D
  2678 : 110111011101 ; -- R:D G:D B:D
  2679 : 110111011101 ; -- R:D G:D B:D
  2680 : 110111011101 ; -- R:D G:D B:D
  2681 : 110111011101 ; -- R:D G:D B:D
  2682 : 110111011101 ; -- R:D G:D B:D
  2683 : 110111011101 ; -- R:D G:D B:D
  2684 : 110111011101 ; -- R:D G:D B:D
  2685 : 110111011101 ; -- R:D G:D B:D
  2686 : 110111011101 ; -- R:D G:D B:D
  2687 : 110111011101 ; -- R:D G:D B:D
  2688 : 110111011101 ; -- R:D G:D B:D
  2689 : 110111011101 ; -- R:D G:D B:D
  2690 : 110111011101 ; -- R:D G:D B:D
  2691 : 110111011101 ; -- R:D G:D B:D
  2692 : 110111011101 ; -- R:D G:D B:D
  2693 : 110111011101 ; -- R:D G:D B:D
  2694 : 110111011101 ; -- R:D G:D B:D
  2695 : 110111011101 ; -- R:D G:D B:D
  2696 : 110111011101 ; -- R:D G:D B:D
  2697 : 110111011101 ; -- R:D G:D B:D
  2698 : 110111011101 ; -- R:D G:D B:D
  2699 : 110111011101 ; -- R:D G:D B:D
  2700 : 110111011101 ; -- R:D G:D B:D
  2701 : 110111011101 ; -- R:D G:D B:D
  2702 : 110111011101 ; -- R:D G:D B:D
  2703 : 101010101010 ; -- R:A G:A B:A
  2704 : 100101100101 ; -- R:9 G:6 B:5
  2705 : 100101110110 ; -- R:9 G:7 B:6
  2706 : 100101110110 ; -- R:9 G:7 B:6
  2707 : 100101110110 ; -- R:9 G:7 B:6
  2708 : 101010000111 ; -- R:A G:8 B:7
  2709 : 101110011000 ; -- R:B G:9 B:8
  2710 : 110010101001 ; -- R:C G:A B:9
  2711 : 110110111010 ; -- R:D G:B B:A
  2712 : 110110111010 ; -- R:D G:B B:A
  2713 : 110011001100 ; -- R:C G:C B:C
  2714 : 110110111010 ; -- R:D G:B B:A
  2715 : 110111011101 ; -- R:D G:D B:D
  2716 : 110110111010 ; -- R:D G:B B:A
  2717 : 100101110101 ; -- R:9 G:7 B:5
  2718 : 100101100101 ; -- R:9 G:6 B:5
  2719 : 100101110101 ; -- R:9 G:7 B:5
  2720 : 100101110101 ; -- R:9 G:7 B:5
  2721 : 100101110101 ; -- R:9 G:7 B:5
  2722 : 100101110101 ; -- R:9 G:7 B:5
  2723 : 100101100101 ; -- R:9 G:6 B:5
  2724 : 100101100101 ; -- R:9 G:6 B:5
  2725 : 101110011000 ; -- R:B G:9 B:8
  2726 : 110110111010 ; -- R:D G:B B:A
  2727 : 110110111010 ; -- R:D G:B B:A
  2728 : 110011001100 ; -- R:C G:C B:C
  2729 : 110110111010 ; -- R:D G:B B:A
  2730 : 110110111010 ; -- R:D G:B B:A
  2731 : 110010101001 ; -- R:C G:A B:9
  2732 : 101110011000 ; -- R:B G:9 B:8
  2733 : 101010000111 ; -- R:A G:8 B:7
  2734 : 100101110110 ; -- R:9 G:7 B:6
  2735 : 100101110110 ; -- R:9 G:7 B:6
  2736 : 100101110110 ; -- R:9 G:7 B:6
  2737 : 101010000111 ; -- R:A G:8 B:7
  2738 : 110011011101 ; -- R:C G:D B:D
  2739 : 110111011101 ; -- R:D G:D B:D
  2740 : 110111011101 ; -- R:D G:D B:D
  2741 : 110111011101 ; -- R:D G:D B:D
  2742 : 110111011101 ; -- R:D G:D B:D
  2743 : 110111011101 ; -- R:D G:D B:D
  2744 : 110111011101 ; -- R:D G:D B:D
  2745 : 110111011101 ; -- R:D G:D B:D
  2746 : 110111011101 ; -- R:D G:D B:D
  2747 : 110111011101 ; -- R:D G:D B:D
  2748 : 110111011101 ; -- R:D G:D B:D
  2749 : 110111011101 ; -- R:D G:D B:D
  2750 : 110111011101 ; -- R:D G:D B:D
  2751 : 110111011101 ; -- R:D G:D B:D
  2752 : 110111011101 ; -- R:D G:D B:D
  2753 : 110111011101 ; -- R:D G:D B:D
  2754 : 110111011101 ; -- R:D G:D B:D
  2755 : 110111011101 ; -- R:D G:D B:D
  2756 : 110111011101 ; -- R:D G:D B:D
  2757 : 110111011101 ; -- R:D G:D B:D
  2758 : 110111011101 ; -- R:D G:D B:D
  2759 : 110111011101 ; -- R:D G:D B:D
  2760 : 110111011101 ; -- R:D G:D B:D
  2761 : 110111011101 ; -- R:D G:D B:D
  2762 : 110111011101 ; -- R:D G:D B:D
  2763 : 110111011101 ; -- R:D G:D B:D
  2764 : 110111011101 ; -- R:D G:D B:D
  2765 : 110111011101 ; -- R:D G:D B:D
  2766 : 110011001100 ; -- R:C G:C B:C
  2767 : 101110111011 ; -- R:B G:B B:B
  2768 : 100101110110 ; -- R:9 G:7 B:6
  2769 : 100101100101 ; -- R:9 G:6 B:5
  2770 : 100101110110 ; -- R:9 G:7 B:6
  2771 : 100101110110 ; -- R:9 G:7 B:6
  2772 : 101010000111 ; -- R:A G:8 B:7
  2773 : 101010000111 ; -- R:A G:8 B:7
  2774 : 101110011000 ; -- R:B G:9 B:8
  2775 : 110010101001 ; -- R:C G:A B:9
  2776 : 110110111010 ; -- R:D G:B B:A
  2777 : 110011001100 ; -- R:C G:C B:C
  2778 : 110110111010 ; -- R:D G:B B:A
  2779 : 110111011101 ; -- R:D G:D B:D
  2780 : 110011001100 ; -- R:C G:C B:C
  2781 : 101110011000 ; -- R:B G:9 B:8
  2782 : 101110011000 ; -- R:B G:9 B:8
  2783 : 101110011000 ; -- R:B G:9 B:8
  2784 : 100101110101 ; -- R:9 G:7 B:5
  2785 : 100101110101 ; -- R:9 G:7 B:5
  2786 : 101010000111 ; -- R:A G:8 B:7
  2787 : 101010000111 ; -- R:A G:8 B:7
  2788 : 100101110110 ; -- R:9 G:7 B:6
  2789 : 110010101001 ; -- R:C G:A B:9
  2790 : 110110111010 ; -- R:D G:B B:A
  2791 : 110110111010 ; -- R:D G:B B:A
  2792 : 110011001100 ; -- R:C G:C B:C
  2793 : 110110111010 ; -- R:D G:B B:A
  2794 : 110010101001 ; -- R:C G:A B:9
  2795 : 110010101001 ; -- R:C G:A B:9
  2796 : 101110011000 ; -- R:B G:9 B:8
  2797 : 101010000111 ; -- R:A G:8 B:7
  2798 : 101010000111 ; -- R:A G:8 B:7
  2799 : 100101110110 ; -- R:9 G:7 B:6
  2800 : 101010000111 ; -- R:A G:8 B:7
  2801 : 101010101010 ; -- R:A G:A B:A
  2802 : 110111011101 ; -- R:D G:D B:D
  2803 : 110111011101 ; -- R:D G:D B:D
  2804 : 110111011101 ; -- R:D G:D B:D
  2805 : 110111011101 ; -- R:D G:D B:D
  2806 : 110111011101 ; -- R:D G:D B:D
  2807 : 110111011101 ; -- R:D G:D B:D
  2808 : 110111011101 ; -- R:D G:D B:D
  2809 : 110111011101 ; -- R:D G:D B:D
  2810 : 110111011101 ; -- R:D G:D B:D
  2811 : 110111011101 ; -- R:D G:D B:D
  2812 : 110111011101 ; -- R:D G:D B:D
  2813 : 110111011101 ; -- R:D G:D B:D
  2814 : 110111011101 ; -- R:D G:D B:D
  2815 : 110111011101 ; -- R:D G:D B:D
  2816 : 110111011101 ; -- R:D G:D B:D
  2817 : 110111011101 ; -- R:D G:D B:D
  2818 : 110111011101 ; -- R:D G:D B:D
  2819 : 110111011101 ; -- R:D G:D B:D
  2820 : 110111011101 ; -- R:D G:D B:D
  2821 : 110111011101 ; -- R:D G:D B:D
  2822 : 110111011101 ; -- R:D G:D B:D
  2823 : 110111011101 ; -- R:D G:D B:D
  2824 : 110111011101 ; -- R:D G:D B:D
  2825 : 110111011101 ; -- R:D G:D B:D
  2826 : 110111011101 ; -- R:D G:D B:D
  2827 : 110111011101 ; -- R:D G:D B:D
  2828 : 110111011101 ; -- R:D G:D B:D
  2829 : 110011011101 ; -- R:C G:D B:D
  2830 : 110011001100 ; -- R:C G:C B:C
  2831 : 101110111011 ; -- R:B G:B B:B
  2832 : 101010101010 ; -- R:A G:A B:A
  2833 : 101010000111 ; -- R:A G:8 B:7
  2834 : 101010000111 ; -- R:A G:8 B:7
  2835 : 100101110110 ; -- R:9 G:7 B:6
  2836 : 101010000111 ; -- R:A G:8 B:7
  2837 : 101010000111 ; -- R:A G:8 B:7
  2838 : 101110011000 ; -- R:B G:9 B:8
  2839 : 110010101001 ; -- R:C G:A B:9
  2840 : 110110111010 ; -- R:D G:B B:A
  2841 : 110110111010 ; -- R:D G:B B:A
  2842 : 110011001100 ; -- R:C G:C B:C
  2843 : 110011001100 ; -- R:C G:C B:C
  2844 : 110011001100 ; -- R:C G:C B:C
  2845 : 110110111010 ; -- R:D G:B B:A
  2846 : 110010101001 ; -- R:C G:A B:9
  2847 : 101010000111 ; -- R:A G:8 B:7
  2848 : 101010000111 ; -- R:A G:8 B:7
  2849 : 101010000111 ; -- R:A G:8 B:7
  2850 : 101010000111 ; -- R:A G:8 B:7
  2851 : 101110011000 ; -- R:B G:9 B:8
  2852 : 110010101001 ; -- R:C G:A B:9
  2853 : 110110111010 ; -- R:D G:B B:A
  2854 : 110110111010 ; -- R:D G:B B:A
  2855 : 110011001100 ; -- R:C G:C B:C
  2856 : 110011001100 ; -- R:C G:C B:C
  2857 : 110110111010 ; -- R:D G:B B:A
  2858 : 110010101001 ; -- R:C G:A B:9
  2859 : 110010101001 ; -- R:C G:A B:9
  2860 : 101110011000 ; -- R:B G:9 B:8
  2861 : 101010000111 ; -- R:A G:8 B:7
  2862 : 100101110110 ; -- R:9 G:7 B:6
  2863 : 100101110110 ; -- R:9 G:7 B:6
  2864 : 101010000111 ; -- R:A G:8 B:7
  2865 : 101110111011 ; -- R:B G:B B:B
  2866 : 110011001100 ; -- R:C G:C B:C
  2867 : 110111011101 ; -- R:D G:D B:D
  2868 : 110111011101 ; -- R:D G:D B:D
  2869 : 110111011101 ; -- R:D G:D B:D
  2870 : 110111011101 ; -- R:D G:D B:D
  2871 : 110111011101 ; -- R:D G:D B:D
  2872 : 110111011101 ; -- R:D G:D B:D
  2873 : 110111011101 ; -- R:D G:D B:D
  2874 : 110111011101 ; -- R:D G:D B:D
  2875 : 110111011101 ; -- R:D G:D B:D
  2876 : 110111011101 ; -- R:D G:D B:D
  2877 : 110111011101 ; -- R:D G:D B:D
  2878 : 110111011101 ; -- R:D G:D B:D
  2879 : 110111011101 ; -- R:D G:D B:D
  2880 : 110111011101 ; -- R:D G:D B:D
  2881 : 110111011101 ; -- R:D G:D B:D
  2882 : 110111011101 ; -- R:D G:D B:D
  2883 : 110111011101 ; -- R:D G:D B:D
  2884 : 110111011101 ; -- R:D G:D B:D
  2885 : 110111011101 ; -- R:D G:D B:D
  2886 : 110111011101 ; -- R:D G:D B:D
  2887 : 110111011101 ; -- R:D G:D B:D
  2888 : 110111011101 ; -- R:D G:D B:D
  2889 : 110111011101 ; -- R:D G:D B:D
  2890 : 110111011101 ; -- R:D G:D B:D
  2891 : 110111011101 ; -- R:D G:D B:D
  2892 : 110111011101 ; -- R:D G:D B:D
  2893 : 110011001100 ; -- R:C G:C B:C
  2894 : 110011001100 ; -- R:C G:C B:C
  2895 : 101110111011 ; -- R:B G:B B:B
  2896 : 101010101010 ; -- R:A G:A B:A
  2897 : 101010101010 ; -- R:A G:A B:A
  2898 : 101010000111 ; -- R:A G:8 B:7
  2899 : 100101110110 ; -- R:9 G:7 B:6
  2900 : 101010000111 ; -- R:A G:8 B:7
  2901 : 101010000111 ; -- R:A G:8 B:7
  2902 : 101110011000 ; -- R:B G:9 B:8
  2903 : 101110011000 ; -- R:B G:9 B:8
  2904 : 110010101001 ; -- R:C G:A B:9
  2905 : 110110111010 ; -- R:D G:B B:A
  2906 : 110110111010 ; -- R:D G:B B:A
  2907 : 110110111010 ; -- R:D G:B B:A
  2908 : 110110111010 ; -- R:D G:B B:A
  2909 : 101110011000 ; -- R:B G:9 B:8
  2910 : 101110011000 ; -- R:B G:9 B:8
  2911 : 101010000111 ; -- R:A G:8 B:7
  2912 : 101010000111 ; -- R:A G:8 B:7
  2913 : 100101110110 ; -- R:9 G:7 B:6
  2914 : 100101100101 ; -- R:9 G:6 B:5
  2915 : 101010000111 ; -- R:A G:8 B:7
  2916 : 101110011000 ; -- R:B G:9 B:8
  2917 : 110010101001 ; -- R:C G:A B:9
  2918 : 110010101001 ; -- R:C G:A B:9
  2919 : 110010101001 ; -- R:C G:A B:9
  2920 : 110110111010 ; -- R:D G:B B:A
  2921 : 110110111010 ; -- R:D G:B B:A
  2922 : 110010101001 ; -- R:C G:A B:9
  2923 : 101110011000 ; -- R:B G:9 B:8
  2924 : 101110011000 ; -- R:B G:9 B:8
  2925 : 101010000111 ; -- R:A G:8 B:7
  2926 : 100101110110 ; -- R:9 G:7 B:6
  2927 : 100101110110 ; -- R:9 G:7 B:6
  2928 : 101110011000 ; -- R:B G:9 B:8
  2929 : 101110111011 ; -- R:B G:B B:B
  2930 : 110011001100 ; -- R:C G:C B:C
  2931 : 110011001100 ; -- R:C G:C B:C
  2932 : 110111011101 ; -- R:D G:D B:D
  2933 : 110111011101 ; -- R:D G:D B:D
  2934 : 110111011101 ; -- R:D G:D B:D
  2935 : 110111011101 ; -- R:D G:D B:D
  2936 : 110111011101 ; -- R:D G:D B:D
  2937 : 110111011101 ; -- R:D G:D B:D
  2938 : 110111011101 ; -- R:D G:D B:D
  2939 : 110111011101 ; -- R:D G:D B:D
  2940 : 110111011101 ; -- R:D G:D B:D
  2941 : 110111011101 ; -- R:D G:D B:D
  2942 : 110111011101 ; -- R:D G:D B:D
  2943 : 110111011101 ; -- R:D G:D B:D
  2944 : 110111011101 ; -- R:D G:D B:D
  2945 : 110111011101 ; -- R:D G:D B:D
  2946 : 110111011101 ; -- R:D G:D B:D
  2947 : 110111011101 ; -- R:D G:D B:D
  2948 : 110111011101 ; -- R:D G:D B:D
  2949 : 110111011101 ; -- R:D G:D B:D
  2950 : 110111011101 ; -- R:D G:D B:D
  2951 : 110111011101 ; -- R:D G:D B:D
  2952 : 110111011101 ; -- R:D G:D B:D
  2953 : 110111011101 ; -- R:D G:D B:D
  2954 : 110111011101 ; -- R:D G:D B:D
  2955 : 110111011101 ; -- R:D G:D B:D
  2956 : 110111011101 ; -- R:D G:D B:D
  2957 : 110011001100 ; -- R:C G:C B:C
  2958 : 101110111011 ; -- R:B G:B B:B
  2959 : 101010101010 ; -- R:A G:A B:A
  2960 : 101010101010 ; -- R:A G:A B:A
  2961 : 101010101010 ; -- R:A G:A B:A
  2962 : 101010000111 ; -- R:A G:8 B:7
  2963 : 100101110110 ; -- R:9 G:7 B:6
  2964 : 100101110110 ; -- R:9 G:7 B:6
  2965 : 101010000111 ; -- R:A G:8 B:7
  2966 : 101110011000 ; -- R:B G:9 B:8
  2967 : 101110011000 ; -- R:B G:9 B:8
  2968 : 101110011000 ; -- R:B G:9 B:8
  2969 : 101110011000 ; -- R:B G:9 B:8
  2970 : 101110011000 ; -- R:B G:9 B:8
  2971 : 100101110110 ; -- R:9 G:7 B:6
  2972 : 100001010100 ; -- R:8 G:5 B:4
  2973 : 100001010100 ; -- R:8 G:5 B:4
  2974 : 100101100101 ; -- R:9 G:6 B:5
  2975 : 100101100101 ; -- R:9 G:6 B:5
  2976 : 100101100101 ; -- R:9 G:6 B:5
  2977 : 100101100101 ; -- R:9 G:6 B:5
  2978 : 100101100101 ; -- R:9 G:6 B:5
  2979 : 100101100101 ; -- R:9 G:6 B:5
  2980 : 100001010100 ; -- R:8 G:5 B:4
  2981 : 100101100101 ; -- R:9 G:6 B:5
  2982 : 101010000111 ; -- R:A G:8 B:7
  2983 : 101110011000 ; -- R:B G:9 B:8
  2984 : 101110011000 ; -- R:B G:9 B:8
  2985 : 110010101001 ; -- R:C G:A B:9
  2986 : 101110011000 ; -- R:B G:9 B:8
  2987 : 101110011000 ; -- R:B G:9 B:8
  2988 : 101010000111 ; -- R:A G:8 B:7
  2989 : 101010000111 ; -- R:A G:8 B:7
  2990 : 100101110110 ; -- R:9 G:7 B:6
  2991 : 100101110110 ; -- R:9 G:7 B:6
  2992 : 101110011000 ; -- R:B G:9 B:8
  2993 : 101010101010 ; -- R:A G:A B:A
  2994 : 101110111011 ; -- R:B G:B B:B
  2995 : 110011001100 ; -- R:C G:C B:C
  2996 : 110111011101 ; -- R:D G:D B:D
  2997 : 110111011101 ; -- R:D G:D B:D
  2998 : 110111011101 ; -- R:D G:D B:D
  2999 : 110111011101 ; -- R:D G:D B:D
  3000 : 110111011101 ; -- R:D G:D B:D
  3001 : 110111011101 ; -- R:D G:D B:D
  3002 : 110111011101 ; -- R:D G:D B:D
  3003 : 110111011101 ; -- R:D G:D B:D
  3004 : 110111011101 ; -- R:D G:D B:D
  3005 : 110111011101 ; -- R:D G:D B:D
  3006 : 110111011101 ; -- R:D G:D B:D
  3007 : 110111011101 ; -- R:D G:D B:D
  3008 : 110111011101 ; -- R:D G:D B:D
  3009 : 110111011101 ; -- R:D G:D B:D
  3010 : 110111011101 ; -- R:D G:D B:D
  3011 : 110111011101 ; -- R:D G:D B:D
  3012 : 110111011101 ; -- R:D G:D B:D
  3013 : 110111011101 ; -- R:D G:D B:D
  3014 : 110111011101 ; -- R:D G:D B:D
  3015 : 110111011101 ; -- R:D G:D B:D
  3016 : 110111011101 ; -- R:D G:D B:D
  3017 : 110111011101 ; -- R:D G:D B:D
  3018 : 110111011101 ; -- R:D G:D B:D
  3019 : 110111011101 ; -- R:D G:D B:D
  3020 : 110111011101 ; -- R:D G:D B:D
  3021 : 110011001100 ; -- R:C G:C B:C
  3022 : 101110111011 ; -- R:B G:B B:B
  3023 : 101010101010 ; -- R:A G:A B:A
  3024 : 101010101010 ; -- R:A G:A B:A
  3025 : 101010101010 ; -- R:A G:A B:A
  3026 : 101010000111 ; -- R:A G:8 B:7
  3027 : 100101110110 ; -- R:9 G:7 B:6
  3028 : 100101110101 ; -- R:9 G:7 B:5
  3029 : 100101110110 ; -- R:9 G:7 B:6
  3030 : 101010000111 ; -- R:A G:8 B:7
  3031 : 101010000111 ; -- R:A G:8 B:7
  3032 : 101010000111 ; -- R:A G:8 B:7
  3033 : 100101110110 ; -- R:9 G:7 B:6
  3034 : 100001010100 ; -- R:8 G:5 B:4
  3035 : 001100110011 ; -- R:3 G:3 B:3
  3036 : 100001010100 ; -- R:8 G:5 B:4
  3037 : 100001010100 ; -- R:8 G:5 B:4
  3038 : 100001010100 ; -- R:8 G:5 B:4
  3039 : 100001010100 ; -- R:8 G:5 B:4
  3040 : 100001010100 ; -- R:8 G:5 B:4
  3041 : 100001010100 ; -- R:8 G:5 B:4
  3042 : 100001010100 ; -- R:8 G:5 B:4
  3043 : 100001010100 ; -- R:8 G:5 B:4
  3044 : 100001010100 ; -- R:8 G:5 B:4
  3045 : 100001010100 ; -- R:8 G:5 B:4
  3046 : 100001010100 ; -- R:8 G:5 B:4
  3047 : 100001010100 ; -- R:8 G:5 B:4
  3048 : 101010000111 ; -- R:A G:8 B:7
  3049 : 101110011000 ; -- R:B G:9 B:8
  3050 : 101110011000 ; -- R:B G:9 B:8
  3051 : 101110011000 ; -- R:B G:9 B:8
  3052 : 101010000111 ; -- R:A G:8 B:7
  3053 : 100101110110 ; -- R:9 G:7 B:6
  3054 : 100101110110 ; -- R:9 G:7 B:6
  3055 : 101010000111 ; -- R:A G:8 B:7
  3056 : 101110011000 ; -- R:B G:9 B:8
  3057 : 101010101010 ; -- R:A G:A B:A
  3058 : 101110111011 ; -- R:B G:B B:B
  3059 : 110011001100 ; -- R:C G:C B:C
  3060 : 110011001100 ; -- R:C G:C B:C
  3061 : 110111011101 ; -- R:D G:D B:D
  3062 : 110111011101 ; -- R:D G:D B:D
  3063 : 110111011101 ; -- R:D G:D B:D
  3064 : 110111011101 ; -- R:D G:D B:D
  3065 : 110111011101 ; -- R:D G:D B:D
  3066 : 110111011101 ; -- R:D G:D B:D
  3067 : 110111011101 ; -- R:D G:D B:D
  3068 : 110111011101 ; -- R:D G:D B:D
  3069 : 110111011101 ; -- R:D G:D B:D
  3070 : 110111011101 ; -- R:D G:D B:D
  3071 : 110111011101 ; -- R:D G:D B:D
  3072 : 110111011101 ; -- R:D G:D B:D
  3073 : 110111011101 ; -- R:D G:D B:D
  3074 : 110111011101 ; -- R:D G:D B:D
  3075 : 110111011101 ; -- R:D G:D B:D
  3076 : 110111011101 ; -- R:D G:D B:D
  3077 : 110111011101 ; -- R:D G:D B:D
  3078 : 110111011101 ; -- R:D G:D B:D
  3079 : 110111011101 ; -- R:D G:D B:D
  3080 : 110111011101 ; -- R:D G:D B:D
  3081 : 110111011101 ; -- R:D G:D B:D
  3082 : 110111011101 ; -- R:D G:D B:D
  3083 : 110111011101 ; -- R:D G:D B:D
  3084 : 110011001100 ; -- R:C G:C B:C
  3085 : 110011001100 ; -- R:C G:C B:C
  3086 : 101110111011 ; -- R:B G:B B:B
  3087 : 101010101010 ; -- R:A G:A B:A
  3088 : 101110011000 ; -- R:B G:9 B:8
  3089 : 101010000111 ; -- R:A G:8 B:7
  3090 : 101010000111 ; -- R:A G:8 B:7
  3091 : 100101110110 ; -- R:9 G:7 B:6
  3092 : 100101100101 ; -- R:9 G:6 B:5
  3093 : 100101110101 ; -- R:9 G:7 B:5
  3094 : 100101110101 ; -- R:9 G:7 B:5
  3095 : 100101110110 ; -- R:9 G:7 B:6
  3096 : 100101110101 ; -- R:9 G:7 B:5
  3097 : 100001010100 ; -- R:8 G:5 B:4
  3098 : 100001010100 ; -- R:8 G:5 B:4
  3099 : 100001010100 ; -- R:8 G:5 B:4
  3100 : 100001010100 ; -- R:8 G:5 B:4
  3101 : 100001010100 ; -- R:8 G:5 B:4
  3102 : 100001010100 ; -- R:8 G:5 B:4
  3103 : 100001010100 ; -- R:8 G:5 B:4
  3104 : 100001010100 ; -- R:8 G:5 B:4
  3105 : 100001010100 ; -- R:8 G:5 B:4
  3106 : 100001010100 ; -- R:8 G:5 B:4
  3107 : 100001010100 ; -- R:8 G:5 B:4
  3108 : 100001010100 ; -- R:8 G:5 B:4
  3109 : 100001010100 ; -- R:8 G:5 B:4
  3110 : 001100110011 ; -- R:3 G:3 B:3
  3111 : 100001010100 ; -- R:8 G:5 B:4
  3112 : 100101100101 ; -- R:9 G:6 B:5
  3113 : 100101110110 ; -- R:9 G:7 B:6
  3114 : 101010000111 ; -- R:A G:8 B:7
  3115 : 101010000111 ; -- R:A G:8 B:7
  3116 : 100101110110 ; -- R:9 G:7 B:6
  3117 : 100101110110 ; -- R:9 G:7 B:6
  3118 : 100101110110 ; -- R:9 G:7 B:6
  3119 : 101010000111 ; -- R:A G:8 B:7
  3120 : 101110011000 ; -- R:B G:9 B:8
  3121 : 101010101010 ; -- R:A G:A B:A
  3122 : 101010101010 ; -- R:A G:A B:A
  3123 : 101110111011 ; -- R:B G:B B:B
  3124 : 110011001100 ; -- R:C G:C B:C
  3125 : 110111011101 ; -- R:D G:D B:D
  3126 : 110111011101 ; -- R:D G:D B:D
  3127 : 110111011101 ; -- R:D G:D B:D
  3128 : 110111011101 ; -- R:D G:D B:D
  3129 : 110111011101 ; -- R:D G:D B:D
  3130 : 110111011101 ; -- R:D G:D B:D
  3131 : 110111011101 ; -- R:D G:D B:D
  3132 : 110111011101 ; -- R:D G:D B:D
  3133 : 110111011101 ; -- R:D G:D B:D
  3134 : 110111011101 ; -- R:D G:D B:D
  3135 : 110111011101 ; -- R:D G:D B:D
  3136 : 110111011101 ; -- R:D G:D B:D
  3137 : 110111011101 ; -- R:D G:D B:D
  3138 : 110111011101 ; -- R:D G:D B:D
  3139 : 110111011101 ; -- R:D G:D B:D
  3140 : 110111011101 ; -- R:D G:D B:D
  3141 : 110111011101 ; -- R:D G:D B:D
  3142 : 110111011101 ; -- R:D G:D B:D
  3143 : 110111011101 ; -- R:D G:D B:D
  3144 : 110111011101 ; -- R:D G:D B:D
  3145 : 110111011101 ; -- R:D G:D B:D
  3146 : 110111011101 ; -- R:D G:D B:D
  3147 : 110111011101 ; -- R:D G:D B:D
  3148 : 110011001100 ; -- R:C G:C B:C
  3149 : 110011001100 ; -- R:C G:C B:C
  3150 : 101110111011 ; -- R:B G:B B:B
  3151 : 101010101010 ; -- R:A G:A B:A
  3152 : 101010101010 ; -- R:A G:A B:A
  3153 : 101010101010 ; -- R:A G:A B:A
  3154 : 101010000111 ; -- R:A G:8 B:7
  3155 : 101010000111 ; -- R:A G:8 B:7
  3156 : 100101100101 ; -- R:9 G:6 B:5
  3157 : 100101100101 ; -- R:9 G:6 B:5
  3158 : 100101100101 ; -- R:9 G:6 B:5
  3159 : 100101100101 ; -- R:9 G:6 B:5
  3160 : 100101100101 ; -- R:9 G:6 B:5
  3161 : 100001010100 ; -- R:8 G:5 B:4
  3162 : 100101110101 ; -- R:9 G:7 B:5
  3163 : 100101100101 ; -- R:9 G:6 B:5
  3164 : 100101100101 ; -- R:9 G:6 B:5
  3165 : 101010000111 ; -- R:A G:8 B:7
  3166 : 101010000111 ; -- R:A G:8 B:7
  3167 : 101010000111 ; -- R:A G:8 B:7
  3168 : 100101100101 ; -- R:9 G:6 B:5
  3169 : 100101100101 ; -- R:9 G:6 B:5
  3170 : 100101100101 ; -- R:9 G:6 B:5
  3171 : 100101100101 ; -- R:9 G:6 B:5
  3172 : 100101100101 ; -- R:9 G:6 B:5
  3173 : 100001010100 ; -- R:8 G:5 B:4
  3174 : 100101100101 ; -- R:9 G:6 B:5
  3175 : 100101100101 ; -- R:9 G:6 B:5
  3176 : 100001010100 ; -- R:8 G:5 B:4
  3177 : 100101110101 ; -- R:9 G:7 B:5
  3178 : 100101110110 ; -- R:9 G:7 B:6
  3179 : 100101110110 ; -- R:9 G:7 B:6
  3180 : 100101110101 ; -- R:9 G:7 B:5
  3181 : 100101110101 ; -- R:9 G:7 B:5
  3182 : 100101110110 ; -- R:9 G:7 B:6
  3183 : 101010000111 ; -- R:A G:8 B:7
  3184 : 101010101010 ; -- R:A G:A B:A
  3185 : 101010101010 ; -- R:A G:A B:A
  3186 : 101010101010 ; -- R:A G:A B:A
  3187 : 101110111011 ; -- R:B G:B B:B
  3188 : 110011001100 ; -- R:C G:C B:C
  3189 : 110111011101 ; -- R:D G:D B:D
  3190 : 110111011101 ; -- R:D G:D B:D
  3191 : 110111011101 ; -- R:D G:D B:D
  3192 : 110111011101 ; -- R:D G:D B:D
  3193 : 110111011101 ; -- R:D G:D B:D
  3194 : 110111011101 ; -- R:D G:D B:D
  3195 : 110111011101 ; -- R:D G:D B:D
  3196 : 110111011101 ; -- R:D G:D B:D
  3197 : 110111011101 ; -- R:D G:D B:D
  3198 : 110111011101 ; -- R:D G:D B:D
  3199 : 110111011101 ; -- R:D G:D B:D
  3200 : 110111011101 ; -- R:D G:D B:D
  3201 : 110111011101 ; -- R:D G:D B:D
  3202 : 110111011101 ; -- R:D G:D B:D
  3203 : 110111011101 ; -- R:D G:D B:D
  3204 : 110111011101 ; -- R:D G:D B:D
  3205 : 110111011101 ; -- R:D G:D B:D
  3206 : 110111011101 ; -- R:D G:D B:D
  3207 : 110111011101 ; -- R:D G:D B:D
  3208 : 110111011101 ; -- R:D G:D B:D
  3209 : 110111011101 ; -- R:D G:D B:D
  3210 : 110111011101 ; -- R:D G:D B:D
  3211 : 110111011101 ; -- R:D G:D B:D
  3212 : 110011001100 ; -- R:C G:C B:C
  3213 : 101110111011 ; -- R:B G:B B:B
  3214 : 101010101010 ; -- R:A G:A B:A
  3215 : 101010101010 ; -- R:A G:A B:A
  3216 : 101110011000 ; -- R:B G:9 B:8
  3217 : 101010101010 ; -- R:A G:A B:A
  3218 : 101010000111 ; -- R:A G:8 B:7
  3219 : 100101110110 ; -- R:9 G:7 B:6
  3220 : 100101100101 ; -- R:9 G:6 B:5
  3221 : 100001010100 ; -- R:8 G:5 B:4
  3222 : 100001010100 ; -- R:8 G:5 B:4
  3223 : 100001010100 ; -- R:8 G:5 B:4
  3224 : 100001010100 ; -- R:8 G:5 B:4
  3225 : 100101100101 ; -- R:9 G:6 B:5
  3226 : 100101100101 ; -- R:9 G:6 B:5
  3227 : 100101100101 ; -- R:9 G:6 B:5
  3228 : 100101100101 ; -- R:9 G:6 B:5
  3229 : 101010000111 ; -- R:A G:8 B:7
  3230 : 100101100101 ; -- R:9 G:6 B:5
  3231 : 101010000111 ; -- R:A G:8 B:7
  3232 : 101010000111 ; -- R:A G:8 B:7
  3233 : 100101100101 ; -- R:9 G:6 B:5
  3234 : 100101100101 ; -- R:9 G:6 B:5
  3235 : 100101100101 ; -- R:9 G:6 B:5
  3236 : 100101100101 ; -- R:9 G:6 B:5
  3237 : 100101100101 ; -- R:9 G:6 B:5
  3238 : 100101100101 ; -- R:9 G:6 B:5
  3239 : 100101110101 ; -- R:9 G:7 B:5
  3240 : 100101100101 ; -- R:9 G:6 B:5
  3241 : 100101100101 ; -- R:9 G:6 B:5
  3242 : 100101110101 ; -- R:9 G:7 B:5
  3243 : 100101110101 ; -- R:9 G:7 B:5
  3244 : 100101100101 ; -- R:9 G:6 B:5
  3245 : 100101100101 ; -- R:9 G:6 B:5
  3246 : 101010000111 ; -- R:A G:8 B:7
  3247 : 101010101010 ; -- R:A G:A B:A
  3248 : 101010101010 ; -- R:A G:A B:A
  3249 : 101010101010 ; -- R:A G:A B:A
  3250 : 101010101010 ; -- R:A G:A B:A
  3251 : 101110111011 ; -- R:B G:B B:B
  3252 : 110011001100 ; -- R:C G:C B:C
  3253 : 110011001100 ; -- R:C G:C B:C
  3254 : 110111011101 ; -- R:D G:D B:D
  3255 : 110111011101 ; -- R:D G:D B:D
  3256 : 110111011101 ; -- R:D G:D B:D
  3257 : 110111011101 ; -- R:D G:D B:D
  3258 : 110111011101 ; -- R:D G:D B:D
  3259 : 110111011101 ; -- R:D G:D B:D
  3260 : 110111011101 ; -- R:D G:D B:D
  3261 : 110111011101 ; -- R:D G:D B:D
  3262 : 110111011101 ; -- R:D G:D B:D
  3263 : 110111011101 ; -- R:D G:D B:D
  3264 : 110111011101 ; -- R:D G:D B:D
  3265 : 110111011101 ; -- R:D G:D B:D
  3266 : 110111011101 ; -- R:D G:D B:D
  3267 : 110111011101 ; -- R:D G:D B:D
  3268 : 110111011101 ; -- R:D G:D B:D
  3269 : 110111011101 ; -- R:D G:D B:D
  3270 : 110111011101 ; -- R:D G:D B:D
  3271 : 110111011101 ; -- R:D G:D B:D
  3272 : 110111011101 ; -- R:D G:D B:D
  3273 : 110111011101 ; -- R:D G:D B:D
  3274 : 110111011101 ; -- R:D G:D B:D
  3275 : 110111011101 ; -- R:D G:D B:D
  3276 : 110011001100 ; -- R:C G:C B:C
  3277 : 101110111011 ; -- R:B G:B B:B
  3278 : 101010101010 ; -- R:A G:A B:A
  3279 : 101010101010 ; -- R:A G:A B:A
  3280 : 101110011000 ; -- R:B G:9 B:8
  3281 : 101010101010 ; -- R:A G:A B:A
  3282 : 101010000111 ; -- R:A G:8 B:7
  3283 : 101010000111 ; -- R:A G:8 B:7
  3284 : 100101110110 ; -- R:9 G:7 B:6
  3285 : 100001010100 ; -- R:8 G:5 B:4
  3286 : 100001010100 ; -- R:8 G:5 B:4
  3287 : 100001010100 ; -- R:8 G:5 B:4
  3288 : 100001010100 ; -- R:8 G:5 B:4
  3289 : 100001010100 ; -- R:8 G:5 B:4
  3290 : 100001010100 ; -- R:8 G:5 B:4
  3291 : 100001010100 ; -- R:8 G:5 B:4
  3292 : 100001010100 ; -- R:8 G:5 B:4
  3293 : 100001010100 ; -- R:8 G:5 B:4
  3294 : 100001010100 ; -- R:8 G:5 B:4
  3295 : 100001010100 ; -- R:8 G:5 B:4
  3296 : 100001010100 ; -- R:8 G:5 B:4
  3297 : 100001010100 ; -- R:8 G:5 B:4
  3298 : 100001010100 ; -- R:8 G:5 B:4
  3299 : 100001010100 ; -- R:8 G:5 B:4
  3300 : 100001010100 ; -- R:8 G:5 B:4
  3301 : 100101100101 ; -- R:9 G:6 B:5
  3302 : 100101100101 ; -- R:9 G:6 B:5
  3303 : 100101100101 ; -- R:9 G:6 B:5
  3304 : 100101100101 ; -- R:9 G:6 B:5
  3305 : 100101100101 ; -- R:9 G:6 B:5
  3306 : 100101100101 ; -- R:9 G:6 B:5
  3307 : 100101100101 ; -- R:9 G:6 B:5
  3308 : 100101100101 ; -- R:9 G:6 B:5
  3309 : 100101110110 ; -- R:9 G:7 B:6
  3310 : 101010000111 ; -- R:A G:8 B:7
  3311 : 101010101010 ; -- R:A G:A B:A
  3312 : 101110011000 ; -- R:B G:9 B:8
  3313 : 101010101010 ; -- R:A G:A B:A
  3314 : 101010101010 ; -- R:A G:A B:A
  3315 : 101110111011 ; -- R:B G:B B:B
  3316 : 110011001100 ; -- R:C G:C B:C
  3317 : 110011001100 ; -- R:C G:C B:C
  3318 : 110111011101 ; -- R:D G:D B:D
  3319 : 110111011101 ; -- R:D G:D B:D
  3320 : 110111011101 ; -- R:D G:D B:D
  3321 : 110111011101 ; -- R:D G:D B:D
  3322 : 110111011101 ; -- R:D G:D B:D
  3323 : 110111011101 ; -- R:D G:D B:D
  3324 : 110111011101 ; -- R:D G:D B:D
  3325 : 110111011101 ; -- R:D G:D B:D
  3326 : 110111011101 ; -- R:D G:D B:D
  3327 : 110011001100 ; -- R:C G:C B:C
  3328 : 110111011101 ; -- R:D G:D B:D
  3329 : 110111011101 ; -- R:D G:D B:D
  3330 : 110111011101 ; -- R:D G:D B:D
  3331 : 110111011101 ; -- R:D G:D B:D
  3332 : 110111011101 ; -- R:D G:D B:D
  3333 : 110111011101 ; -- R:D G:D B:D
  3334 : 110111011101 ; -- R:D G:D B:D
  3335 : 110111011101 ; -- R:D G:D B:D
  3336 : 110111011101 ; -- R:D G:D B:D
  3337 : 110111011101 ; -- R:D G:D B:D
  3338 : 110111011101 ; -- R:D G:D B:D
  3339 : 110111011101 ; -- R:D G:D B:D
  3340 : 110011001100 ; -- R:C G:C B:C
  3341 : 101110111011 ; -- R:B G:B B:B
  3342 : 101010101010 ; -- R:A G:A B:A
  3343 : 101010101010 ; -- R:A G:A B:A
  3344 : 101110011000 ; -- R:B G:9 B:8
  3345 : 101010101010 ; -- R:A G:A B:A
  3346 : 101010000111 ; -- R:A G:8 B:7
  3347 : 101010000111 ; -- R:A G:8 B:7
  3348 : 101010000111 ; -- R:A G:8 B:7
  3349 : 100101100101 ; -- R:9 G:6 B:5
  3350 : 100001010100 ; -- R:8 G:5 B:4
  3351 : 100001010100 ; -- R:8 G:5 B:4
  3352 : 100001010100 ; -- R:8 G:5 B:4
  3353 : 100001010100 ; -- R:8 G:5 B:4
  3354 : 100001010100 ; -- R:8 G:5 B:4
  3355 : 100001010100 ; -- R:8 G:5 B:4
  3356 : 100001010100 ; -- R:8 G:5 B:4
  3357 : 100001010100 ; -- R:8 G:5 B:4
  3358 : 100001010100 ; -- R:8 G:5 B:4
  3359 : 100001010100 ; -- R:8 G:5 B:4
  3360 : 100001010100 ; -- R:8 G:5 B:4
  3361 : 100001010100 ; -- R:8 G:5 B:4
  3362 : 100001010100 ; -- R:8 G:5 B:4
  3363 : 100001010100 ; -- R:8 G:5 B:4
  3364 : 100001010100 ; -- R:8 G:5 B:4
  3365 : 100001010100 ; -- R:8 G:5 B:4
  3366 : 100101100101 ; -- R:9 G:6 B:5
  3367 : 100101100101 ; -- R:9 G:6 B:5
  3368 : 100101100101 ; -- R:9 G:6 B:5
  3369 : 100101100101 ; -- R:9 G:6 B:5
  3370 : 100101100101 ; -- R:9 G:6 B:5
  3371 : 100101100101 ; -- R:9 G:6 B:5
  3372 : 100101100101 ; -- R:9 G:6 B:5
  3373 : 100101110110 ; -- R:9 G:7 B:6
  3374 : 101010000111 ; -- R:A G:8 B:7
  3375 : 101010101010 ; -- R:A G:A B:A
  3376 : 101110011000 ; -- R:B G:9 B:8
  3377 : 101010101010 ; -- R:A G:A B:A
  3378 : 101010101010 ; -- R:A G:A B:A
  3379 : 101110111011 ; -- R:B G:B B:B
  3380 : 101110111011 ; -- R:B G:B B:B
  3381 : 110011001100 ; -- R:C G:C B:C
  3382 : 110011011101 ; -- R:C G:D B:D
  3383 : 110111011101 ; -- R:D G:D B:D
  3384 : 110111011101 ; -- R:D G:D B:D
  3385 : 110111011101 ; -- R:D G:D B:D
  3386 : 110111011101 ; -- R:D G:D B:D
  3387 : 110111011101 ; -- R:D G:D B:D
  3388 : 110111011101 ; -- R:D G:D B:D
  3389 : 110111011101 ; -- R:D G:D B:D
  3390 : 110011001100 ; -- R:C G:C B:C
  3391 : 110011001100 ; -- R:C G:C B:C
  3392 : 110011001100 ; -- R:C G:C B:C
  3393 : 110011001100 ; -- R:C G:C B:C
  3394 : 110011001100 ; -- R:C G:C B:C
  3395 : 110111011101 ; -- R:D G:D B:D
  3396 : 110111011101 ; -- R:D G:D B:D
  3397 : 110111011101 ; -- R:D G:D B:D
  3398 : 110111011101 ; -- R:D G:D B:D
  3399 : 110111011101 ; -- R:D G:D B:D
  3400 : 110111011101 ; -- R:D G:D B:D
  3401 : 110111011101 ; -- R:D G:D B:D
  3402 : 110111011101 ; -- R:D G:D B:D
  3403 : 110011001100 ; -- R:C G:C B:C
  3404 : 110011001100 ; -- R:C G:C B:C
  3405 : 101110111011 ; -- R:B G:B B:B
  3406 : 101010101010 ; -- R:A G:A B:A
  3407 : 101010101010 ; -- R:A G:A B:A
  3408 : 101110011000 ; -- R:B G:9 B:8
  3409 : 101010101010 ; -- R:A G:A B:A
  3410 : 101010000111 ; -- R:A G:8 B:7
  3411 : 101010000111 ; -- R:A G:8 B:7
  3412 : 101010000111 ; -- R:A G:8 B:7
  3413 : 100101110110 ; -- R:9 G:7 B:6
  3414 : 100001010100 ; -- R:8 G:5 B:4
  3415 : 100001010100 ; -- R:8 G:5 B:4
  3416 : 100001010100 ; -- R:8 G:5 B:4
  3417 : 100001010100 ; -- R:8 G:5 B:4
  3418 : 100101100101 ; -- R:9 G:6 B:5
  3419 : 100101100101 ; -- R:9 G:6 B:5
  3420 : 100101100101 ; -- R:9 G:6 B:5
  3421 : 100001010100 ; -- R:8 G:5 B:4
  3422 : 100101100101 ; -- R:9 G:6 B:5
  3423 : 100101100101 ; -- R:9 G:6 B:5
  3424 : 100101100101 ; -- R:9 G:6 B:5
  3425 : 100101100101 ; -- R:9 G:6 B:5
  3426 : 100001010100 ; -- R:8 G:5 B:4
  3427 : 100001010100 ; -- R:8 G:5 B:4
  3428 : 100101100101 ; -- R:9 G:6 B:5
  3429 : 100101100101 ; -- R:9 G:6 B:5
  3430 : 100101100101 ; -- R:9 G:6 B:5
  3431 : 100101100101 ; -- R:9 G:6 B:5
  3432 : 100101100101 ; -- R:9 G:6 B:5
  3433 : 100001010100 ; -- R:8 G:5 B:4
  3434 : 100001010100 ; -- R:8 G:5 B:4
  3435 : 100001010100 ; -- R:8 G:5 B:4
  3436 : 100101110110 ; -- R:9 G:7 B:6
  3437 : 101010000111 ; -- R:A G:8 B:7
  3438 : 101010000111 ; -- R:A G:8 B:7
  3439 : 101010101010 ; -- R:A G:A B:A
  3440 : 101110011000 ; -- R:B G:9 B:8
  3441 : 101010101010 ; -- R:A G:A B:A
  3442 : 101010101010 ; -- R:A G:A B:A
  3443 : 101010101010 ; -- R:A G:A B:A
  3444 : 101110111011 ; -- R:B G:B B:B
  3445 : 110011001100 ; -- R:C G:C B:C
  3446 : 110011001100 ; -- R:C G:C B:C
  3447 : 110111011101 ; -- R:D G:D B:D
  3448 : 110111011101 ; -- R:D G:D B:D
  3449 : 110111011101 ; -- R:D G:D B:D
  3450 : 110111011101 ; -- R:D G:D B:D
  3451 : 110111011101 ; -- R:D G:D B:D
  3452 : 110111011101 ; -- R:D G:D B:D
  3453 : 110111011101 ; -- R:D G:D B:D
  3454 : 110011001100 ; -- R:C G:C B:C
  3455 : 110011001100 ; -- R:C G:C B:C
  3456 : 110011001100 ; -- R:C G:C B:C
  3457 : 110011001100 ; -- R:C G:C B:C
  3458 : 110011001100 ; -- R:C G:C B:C
  3459 : 110011001100 ; -- R:C G:C B:C
  3460 : 110111011101 ; -- R:D G:D B:D
  3461 : 110111011101 ; -- R:D G:D B:D
  3462 : 110111011101 ; -- R:D G:D B:D
  3463 : 110111011101 ; -- R:D G:D B:D
  3464 : 110111011101 ; -- R:D G:D B:D
  3465 : 110111011101 ; -- R:D G:D B:D
  3466 : 110111011101 ; -- R:D G:D B:D
  3467 : 110011001100 ; -- R:C G:C B:C
  3468 : 110011001100 ; -- R:C G:C B:C
  3469 : 101110111011 ; -- R:B G:B B:B
  3470 : 101010101010 ; -- R:A G:A B:A
  3471 : 101010101010 ; -- R:A G:A B:A
  3472 : 101110011000 ; -- R:B G:9 B:8
  3473 : 101010101010 ; -- R:A G:A B:A
  3474 : 101010000111 ; -- R:A G:8 B:7
  3475 : 101010000111 ; -- R:A G:8 B:7
  3476 : 101010000111 ; -- R:A G:8 B:7
  3477 : 100101110110 ; -- R:9 G:7 B:6
  3478 : 100101110110 ; -- R:9 G:7 B:6
  3479 : 100001010100 ; -- R:8 G:5 B:4
  3480 : 100001010100 ; -- R:8 G:5 B:4
  3481 : 100101100101 ; -- R:9 G:6 B:5
  3482 : 100101100101 ; -- R:9 G:6 B:5
  3483 : 100101110101 ; -- R:9 G:7 B:5
  3484 : 100101110101 ; -- R:9 G:7 B:5
  3485 : 100101110101 ; -- R:9 G:7 B:5
  3486 : 100101110101 ; -- R:9 G:7 B:5
  3487 : 100101110110 ; -- R:9 G:7 B:6
  3488 : 100101110110 ; -- R:9 G:7 B:6
  3489 : 100101110110 ; -- R:9 G:7 B:6
  3490 : 100101110110 ; -- R:9 G:7 B:6
  3491 : 100101110101 ; -- R:9 G:7 B:5
  3492 : 100101110101 ; -- R:9 G:7 B:5
  3493 : 100101110101 ; -- R:9 G:7 B:5
  3494 : 100101100101 ; -- R:9 G:6 B:5
  3495 : 100101100101 ; -- R:9 G:6 B:5
  3496 : 100101100101 ; -- R:9 G:6 B:5
  3497 : 100001010100 ; -- R:8 G:5 B:4
  3498 : 100001010100 ; -- R:8 G:5 B:4
  3499 : 100101100101 ; -- R:9 G:6 B:5
  3500 : 101010000111 ; -- R:A G:8 B:7
  3501 : 101010000111 ; -- R:A G:8 B:7
  3502 : 101010000111 ; -- R:A G:8 B:7
  3503 : 101010101010 ; -- R:A G:A B:A
  3504 : 101110011000 ; -- R:B G:9 B:8
  3505 : 101010101010 ; -- R:A G:A B:A
  3506 : 101010101010 ; -- R:A G:A B:A
  3507 : 101010101010 ; -- R:A G:A B:A
  3508 : 101110111011 ; -- R:B G:B B:B
  3509 : 110011001100 ; -- R:C G:C B:C
  3510 : 110011001100 ; -- R:C G:C B:C
  3511 : 110011011101 ; -- R:C G:D B:D
  3512 : 110111011101 ; -- R:D G:D B:D
  3513 : 110111011101 ; -- R:D G:D B:D
  3514 : 110111011101 ; -- R:D G:D B:D
  3515 : 110111011101 ; -- R:D G:D B:D
  3516 : 110111011101 ; -- R:D G:D B:D
  3517 : 110011001100 ; -- R:C G:C B:C
  3518 : 110011001100 ; -- R:C G:C B:C
  3519 : 110011001100 ; -- R:C G:C B:C
  3520 : 110011001100 ; -- R:C G:C B:C
  3521 : 110011001100 ; -- R:C G:C B:C
  3522 : 110011001100 ; -- R:C G:C B:C
  3523 : 110011001100 ; -- R:C G:C B:C
  3524 : 110011001100 ; -- R:C G:C B:C
  3525 : 110011001100 ; -- R:C G:C B:C
  3526 : 110011001100 ; -- R:C G:C B:C
  3527 : 110111011101 ; -- R:D G:D B:D
  3528 : 110111011101 ; -- R:D G:D B:D
  3529 : 110011001100 ; -- R:C G:C B:C
  3530 : 110011001100 ; -- R:C G:C B:C
  3531 : 110011001100 ; -- R:C G:C B:C
  3532 : 110011001100 ; -- R:C G:C B:C
  3533 : 101110111011 ; -- R:B G:B B:B
  3534 : 101010101010 ; -- R:A G:A B:A
  3535 : 101010101010 ; -- R:A G:A B:A
  3536 : 101110011000 ; -- R:B G:9 B:8
  3537 : 101110011000 ; -- R:B G:9 B:8
  3538 : 101010101010 ; -- R:A G:A B:A
  3539 : 101010000111 ; -- R:A G:8 B:7
  3540 : 101010000111 ; -- R:A G:8 B:7
  3541 : 100101110110 ; -- R:9 G:7 B:6
  3542 : 100101110110 ; -- R:9 G:7 B:6
  3543 : 100001010100 ; -- R:8 G:5 B:4
  3544 : 100001010100 ; -- R:8 G:5 B:4
  3545 : 100001010100 ; -- R:8 G:5 B:4
  3546 : 100101100101 ; -- R:9 G:6 B:5
  3547 : 100101110101 ; -- R:9 G:7 B:5
  3548 : 100101110110 ; -- R:9 G:7 B:6
  3549 : 101010000111 ; -- R:A G:8 B:7
  3550 : 101010000111 ; -- R:A G:8 B:7
  3551 : 100101110110 ; -- R:9 G:7 B:6
  3552 : 101010000111 ; -- R:A G:8 B:7
  3553 : 101010000111 ; -- R:A G:8 B:7
  3554 : 101010000111 ; -- R:A G:8 B:7
  3555 : 101010000111 ; -- R:A G:8 B:7
  3556 : 100101110110 ; -- R:9 G:7 B:6
  3557 : 100101110101 ; -- R:9 G:7 B:5
  3558 : 100101110101 ; -- R:9 G:7 B:5
  3559 : 100101100101 ; -- R:9 G:6 B:5
  3560 : 100101100101 ; -- R:9 G:6 B:5
  3561 : 100001010100 ; -- R:8 G:5 B:4
  3562 : 100001010100 ; -- R:8 G:5 B:4
  3563 : 100101110110 ; -- R:9 G:7 B:6
  3564 : 101010000111 ; -- R:A G:8 B:7
  3565 : 101010000111 ; -- R:A G:8 B:7
  3566 : 101010000111 ; -- R:A G:8 B:7
  3567 : 101010101010 ; -- R:A G:A B:A
  3568 : 101110011000 ; -- R:B G:9 B:8
  3569 : 101010101010 ; -- R:A G:A B:A
  3570 : 101010101010 ; -- R:A G:A B:A
  3571 : 101010101010 ; -- R:A G:A B:A
  3572 : 101110111011 ; -- R:B G:B B:B
  3573 : 110011001100 ; -- R:C G:C B:C
  3574 : 110011001100 ; -- R:C G:C B:C
  3575 : 110011011101 ; -- R:C G:D B:D
  3576 : 110111011101 ; -- R:D G:D B:D
  3577 : 110111011101 ; -- R:D G:D B:D
  3578 : 110111011101 ; -- R:D G:D B:D
  3579 : 110111011101 ; -- R:D G:D B:D
  3580 : 110011011101 ; -- R:C G:D B:D
  3581 : 110011001100 ; -- R:C G:C B:C
  3582 : 110011001100 ; -- R:C G:C B:C
  3583 : 110011001100 ; -- R:C G:C B:C
  3584 : 110011001100 ; -- R:C G:C B:C
  3585 : 110011001100 ; -- R:C G:C B:C
  3586 : 110011001100 ; -- R:C G:C B:C
  3587 : 110011001100 ; -- R:C G:C B:C
  3588 : 110011001100 ; -- R:C G:C B:C
  3589 : 110011001100 ; -- R:C G:C B:C
  3590 : 110011001100 ; -- R:C G:C B:C
  3591 : 110011001100 ; -- R:C G:C B:C
  3592 : 110011001100 ; -- R:C G:C B:C
  3593 : 110011001100 ; -- R:C G:C B:C
  3594 : 110011001100 ; -- R:C G:C B:C
  3595 : 110011001100 ; -- R:C G:C B:C
  3596 : 101110111011 ; -- R:B G:B B:B
  3597 : 101010101010 ; -- R:A G:A B:A
  3598 : 101010101010 ; -- R:A G:A B:A
  3599 : 101010101010 ; -- R:A G:A B:A
  3600 : 101110011000 ; -- R:B G:9 B:8
  3601 : 101110011000 ; -- R:B G:9 B:8
  3602 : 101010101010 ; -- R:A G:A B:A
  3603 : 101010000111 ; -- R:A G:8 B:7
  3604 : 101010000111 ; -- R:A G:8 B:7
  3605 : 100101110110 ; -- R:9 G:7 B:6
  3606 : 100101110110 ; -- R:9 G:7 B:6
  3607 : 100001010100 ; -- R:8 G:5 B:4
  3608 : 100001010100 ; -- R:8 G:5 B:4
  3609 : 100001010100 ; -- R:8 G:5 B:4
  3610 : 100001010100 ; -- R:8 G:5 B:4
  3611 : 100101110101 ; -- R:9 G:7 B:5
  3612 : 100101110101 ; -- R:9 G:7 B:5
  3613 : 101010000111 ; -- R:A G:8 B:7
  3614 : 101010000111 ; -- R:A G:8 B:7
  3615 : 100101110110 ; -- R:9 G:7 B:6
  3616 : 101010000111 ; -- R:A G:8 B:7
  3617 : 101010000111 ; -- R:A G:8 B:7
  3618 : 100101110110 ; -- R:9 G:7 B:6
  3619 : 100101110110 ; -- R:9 G:7 B:6
  3620 : 100101110110 ; -- R:9 G:7 B:6
  3621 : 100101110101 ; -- R:9 G:7 B:5
  3622 : 100101100101 ; -- R:9 G:6 B:5
  3623 : 100101100101 ; -- R:9 G:6 B:5
  3624 : 100001010100 ; -- R:8 G:5 B:4
  3625 : 100001010100 ; -- R:8 G:5 B:4
  3626 : 100001010100 ; -- R:8 G:5 B:4
  3627 : 100101110110 ; -- R:9 G:7 B:6
  3628 : 100101110110 ; -- R:9 G:7 B:6
  3629 : 101010000111 ; -- R:A G:8 B:7
  3630 : 101010000111 ; -- R:A G:8 B:7
  3631 : 101010101010 ; -- R:A G:A B:A
  3632 : 101110011000 ; -- R:B G:9 B:8
  3633 : 101010101010 ; -- R:A G:A B:A
  3634 : 101010101010 ; -- R:A G:A B:A
  3635 : 101010101010 ; -- R:A G:A B:A
  3636 : 101110111011 ; -- R:B G:B B:B
  3637 : 101110111011 ; -- R:B G:B B:B
  3638 : 110011001100 ; -- R:C G:C B:C
  3639 : 110011011101 ; -- R:C G:D B:D
  3640 : 110111011101 ; -- R:D G:D B:D
  3641 : 110111011101 ; -- R:D G:D B:D
  3642 : 110111011101 ; -- R:D G:D B:D
  3643 : 110111011101 ; -- R:D G:D B:D
  3644 : 110011011101 ; -- R:C G:D B:D
  3645 : 110011001100 ; -- R:C G:C B:C
  3646 : 110011001100 ; -- R:C G:C B:C
  3647 : 110011001100 ; -- R:C G:C B:C
  3648 : 110011001100 ; -- R:C G:C B:C
  3649 : 110011001100 ; -- R:C G:C B:C
  3650 : 110011001100 ; -- R:C G:C B:C
  3651 : 110011001100 ; -- R:C G:C B:C
  3652 : 110011001100 ; -- R:C G:C B:C
  3653 : 110011001100 ; -- R:C G:C B:C
  3654 : 110011001100 ; -- R:C G:C B:C
  3655 : 110011001100 ; -- R:C G:C B:C
  3656 : 110011001100 ; -- R:C G:C B:C
  3657 : 110011001100 ; -- R:C G:C B:C
  3658 : 110011001100 ; -- R:C G:C B:C
  3659 : 110011001100 ; -- R:C G:C B:C
  3660 : 101110111011 ; -- R:B G:B B:B
  3661 : 101010101010 ; -- R:A G:A B:A
  3662 : 101010101010 ; -- R:A G:A B:A
  3663 : 101010101010 ; -- R:A G:A B:A
  3664 : 101010101010 ; -- R:A G:A B:A
  3665 : 101110011000 ; -- R:B G:9 B:8
  3666 : 101010101010 ; -- R:A G:A B:A
  3667 : 101010000111 ; -- R:A G:8 B:7
  3668 : 101010000111 ; -- R:A G:8 B:7
  3669 : 100101110110 ; -- R:9 G:7 B:6
  3670 : 100101110110 ; -- R:9 G:7 B:6
  3671 : 100101100101 ; -- R:9 G:6 B:5
  3672 : 100001010100 ; -- R:8 G:5 B:4
  3673 : 100001010100 ; -- R:8 G:5 B:4
  3674 : 100001010100 ; -- R:8 G:5 B:4
  3675 : 100001010100 ; -- R:8 G:5 B:4
  3676 : 100001010100 ; -- R:8 G:5 B:4
  3677 : 100101100101 ; -- R:9 G:6 B:5
  3678 : 100101110101 ; -- R:9 G:7 B:5
  3679 : 100101110101 ; -- R:9 G:7 B:5
  3680 : 100101110101 ; -- R:9 G:7 B:5
  3681 : 100101110101 ; -- R:9 G:7 B:5
  3682 : 100101110101 ; -- R:9 G:7 B:5
  3683 : 100101110101 ; -- R:9 G:7 B:5
  3684 : 100101100101 ; -- R:9 G:6 B:5
  3685 : 100101100101 ; -- R:9 G:6 B:5
  3686 : 100001010100 ; -- R:8 G:5 B:4
  3687 : 100001010100 ; -- R:8 G:5 B:4
  3688 : 100001010100 ; -- R:8 G:5 B:4
  3689 : 100001010100 ; -- R:8 G:5 B:4
  3690 : 100001010100 ; -- R:8 G:5 B:4
  3691 : 100101110110 ; -- R:9 G:7 B:6
  3692 : 101010000111 ; -- R:A G:8 B:7
  3693 : 101010000111 ; -- R:A G:8 B:7
  3694 : 101010101010 ; -- R:A G:A B:A
  3695 : 101010101010 ; -- R:A G:A B:A
  3696 : 101110011000 ; -- R:B G:9 B:8
  3697 : 101010101010 ; -- R:A G:A B:A
  3698 : 101010101010 ; -- R:A G:A B:A
  3699 : 101010101010 ; -- R:A G:A B:A
  3700 : 101110111011 ; -- R:B G:B B:B
  3701 : 101110111011 ; -- R:B G:B B:B
  3702 : 110011001100 ; -- R:C G:C B:C
  3703 : 110011001100 ; -- R:C G:C B:C
  3704 : 110111011101 ; -- R:D G:D B:D
  3705 : 110111011101 ; -- R:D G:D B:D
  3706 : 110111011101 ; -- R:D G:D B:D
  3707 : 110111011101 ; -- R:D G:D B:D
  3708 : 110011001100 ; -- R:C G:C B:C
  3709 : 110011001100 ; -- R:C G:C B:C
  3710 : 110111011101 ; -- R:D G:D B:D
  3711 : 110011001100 ; -- R:C G:C B:C
  3712 : 110011001100 ; -- R:C G:C B:C
  3713 : 110011001100 ; -- R:C G:C B:C
  3714 : 110011001100 ; -- R:C G:C B:C
  3715 : 110011001100 ; -- R:C G:C B:C
  3716 : 110011001100 ; -- R:C G:C B:C
  3717 : 110011001100 ; -- R:C G:C B:C
  3718 : 110011001100 ; -- R:C G:C B:C
  3719 : 110011001100 ; -- R:C G:C B:C
  3720 : 110011001100 ; -- R:C G:C B:C
  3721 : 110011001100 ; -- R:C G:C B:C
  3722 : 110011001100 ; -- R:C G:C B:C
  3723 : 110011001100 ; -- R:C G:C B:C
  3724 : 101110111011 ; -- R:B G:B B:B
  3725 : 101010101010 ; -- R:A G:A B:A
  3726 : 101010101010 ; -- R:A G:A B:A
  3727 : 101010101010 ; -- R:A G:A B:A
  3728 : 101010101010 ; -- R:A G:A B:A
  3729 : 101110011000 ; -- R:B G:9 B:8
  3730 : 101010101010 ; -- R:A G:A B:A
  3731 : 101010000111 ; -- R:A G:8 B:7
  3732 : 101010000111 ; -- R:A G:8 B:7
  3733 : 100101110110 ; -- R:9 G:7 B:6
  3734 : 100101110110 ; -- R:9 G:7 B:6
  3735 : 100101110101 ; -- R:9 G:7 B:5
  3736 : 100001010100 ; -- R:8 G:5 B:4
  3737 : 100001010100 ; -- R:8 G:5 B:4
  3738 : 100001010100 ; -- R:8 G:5 B:4
  3739 : 100001010100 ; -- R:8 G:5 B:4
  3740 : 100001010100 ; -- R:8 G:5 B:4
  3741 : 100001010100 ; -- R:8 G:5 B:4
  3742 : 100001010100 ; -- R:8 G:5 B:4
  3743 : 100001010100 ; -- R:8 G:5 B:4
  3744 : 100001010100 ; -- R:8 G:5 B:4
  3745 : 100001010100 ; -- R:8 G:5 B:4
  3746 : 100001010100 ; -- R:8 G:5 B:4
  3747 : 100001010100 ; -- R:8 G:5 B:4
  3748 : 100001010100 ; -- R:8 G:5 B:4
  3749 : 100001010100 ; -- R:8 G:5 B:4
  3750 : 100001010100 ; -- R:8 G:5 B:4
  3751 : 100001010100 ; -- R:8 G:5 B:4
  3752 : 100001010100 ; -- R:8 G:5 B:4
  3753 : 100001010100 ; -- R:8 G:5 B:4
  3754 : 100101100101 ; -- R:9 G:6 B:5
  3755 : 100101110110 ; -- R:9 G:7 B:6
  3756 : 100101110110 ; -- R:9 G:7 B:6
  3757 : 101010000111 ; -- R:A G:8 B:7
  3758 : 101010000111 ; -- R:A G:8 B:7
  3759 : 101010101010 ; -- R:A G:A B:A
  3760 : 101010101010 ; -- R:A G:A B:A
  3761 : 101010101010 ; -- R:A G:A B:A
  3762 : 101010101010 ; -- R:A G:A B:A
  3763 : 101010101010 ; -- R:A G:A B:A
  3764 : 101110111011 ; -- R:B G:B B:B
  3765 : 101110111011 ; -- R:B G:B B:B
  3766 : 110011001100 ; -- R:C G:C B:C
  3767 : 110011001100 ; -- R:C G:C B:C
  3768 : 110111011101 ; -- R:D G:D B:D
  3769 : 110111011101 ; -- R:D G:D B:D
  3770 : 110111011101 ; -- R:D G:D B:D
  3771 : 110111011101 ; -- R:D G:D B:D
  3772 : 110111011101 ; -- R:D G:D B:D
  3773 : 110111011101 ; -- R:D G:D B:D
  3774 : 110111011101 ; -- R:D G:D B:D
  3775 : 110111011101 ; -- R:D G:D B:D
  3776 : 110011001100 ; -- R:C G:C B:C
  3777 : 110011001100 ; -- R:C G:C B:C
  3778 : 110011001100 ; -- R:C G:C B:C
  3779 : 110011001100 ; -- R:C G:C B:C
  3780 : 110011001100 ; -- R:C G:C B:C
  3781 : 110011001100 ; -- R:C G:C B:C
  3782 : 110011001100 ; -- R:C G:C B:C
  3783 : 110011001100 ; -- R:C G:C B:C
  3784 : 110011001100 ; -- R:C G:C B:C
  3785 : 110011001100 ; -- R:C G:C B:C
  3786 : 110011001100 ; -- R:C G:C B:C
  3787 : 110011001100 ; -- R:C G:C B:C
  3788 : 101110111011 ; -- R:B G:B B:B
  3789 : 101010101010 ; -- R:A G:A B:A
  3790 : 101010101010 ; -- R:A G:A B:A
  3791 : 101010101010 ; -- R:A G:A B:A
  3792 : 101010101010 ; -- R:A G:A B:A
  3793 : 101110011000 ; -- R:B G:9 B:8
  3794 : 101010101010 ; -- R:A G:A B:A
  3795 : 101010000111 ; -- R:A G:8 B:7
  3796 : 101010000111 ; -- R:A G:8 B:7
  3797 : 100101110110 ; -- R:9 G:7 B:6
  3798 : 100101110110 ; -- R:9 G:7 B:6
  3799 : 100101110101 ; -- R:9 G:7 B:5
  3800 : 100001010100 ; -- R:8 G:5 B:4
  3801 : 100001010100 ; -- R:8 G:5 B:4
  3802 : 100001010100 ; -- R:8 G:5 B:4
  3803 : 100001010100 ; -- R:8 G:5 B:4
  3804 : 100001010100 ; -- R:8 G:5 B:4
  3805 : 001100110011 ; -- R:3 G:3 B:3
  3806 : 001100110011 ; -- R:3 G:3 B:3
  3807 : 100001010100 ; -- R:8 G:5 B:4
  3808 : 100001010100 ; -- R:8 G:5 B:4
  3809 : 100001010100 ; -- R:8 G:5 B:4
  3810 : 100001010100 ; -- R:8 G:5 B:4
  3811 : 100001010100 ; -- R:8 G:5 B:4
  3812 : 100001010100 ; -- R:8 G:5 B:4
  3813 : 100001010100 ; -- R:8 G:5 B:4
  3814 : 100001010100 ; -- R:8 G:5 B:4
  3815 : 100001010100 ; -- R:8 G:5 B:4
  3816 : 100001010100 ; -- R:8 G:5 B:4
  3817 : 100001010100 ; -- R:8 G:5 B:4
  3818 : 100101100101 ; -- R:9 G:6 B:5
  3819 : 100101110110 ; -- R:9 G:7 B:6
  3820 : 001000100010 ; -- R:2 G:2 B:2
  3821 : 100001010100 ; -- R:8 G:5 B:4
  3822 : 101010101010 ; -- R:A G:A B:A
  3823 : 101010101010 ; -- R:A G:A B:A
  3824 : 101010101010 ; -- R:A G:A B:A
  3825 : 101010101010 ; -- R:A G:A B:A
  3826 : 101010101010 ; -- R:A G:A B:A
  3827 : 101010101010 ; -- R:A G:A B:A
  3828 : 101110111011 ; -- R:B G:B B:B
  3829 : 101110111011 ; -- R:B G:B B:B
  3830 : 110011001100 ; -- R:C G:C B:C
  3831 : 110011001100 ; -- R:C G:C B:C
  3832 : 110111011101 ; -- R:D G:D B:D
  3833 : 110111011101 ; -- R:D G:D B:D
  3834 : 110111011101 ; -- R:D G:D B:D
  3835 : 110111011101 ; -- R:D G:D B:D
  3836 : 110111011101 ; -- R:D G:D B:D
  3837 : 110111011101 ; -- R:D G:D B:D
  3838 : 110111011101 ; -- R:D G:D B:D
  3839 : 110111011101 ; -- R:D G:D B:D
  3840 : 110011001100 ; -- R:C G:C B:C
  3841 : 110011001100 ; -- R:C G:C B:C
  3842 : 110011001100 ; -- R:C G:C B:C
  3843 : 110011001100 ; -- R:C G:C B:C
  3844 : 110011001100 ; -- R:C G:C B:C
  3845 : 110011001100 ; -- R:C G:C B:C
  3846 : 110011001100 ; -- R:C G:C B:C
  3847 : 110011001100 ; -- R:C G:C B:C
  3848 : 110011001100 ; -- R:C G:C B:C
  3849 : 110011001100 ; -- R:C G:C B:C
  3850 : 110011001100 ; -- R:C G:C B:C
  3851 : 110011001100 ; -- R:C G:C B:C
  3852 : 101110111011 ; -- R:B G:B B:B
  3853 : 101010101010 ; -- R:A G:A B:A
  3854 : 101010101010 ; -- R:A G:A B:A
  3855 : 101010101010 ; -- R:A G:A B:A
  3856 : 101010101010 ; -- R:A G:A B:A
  3857 : 101110011000 ; -- R:B G:9 B:8
  3858 : 101010101010 ; -- R:A G:A B:A
  3859 : 101010000111 ; -- R:A G:8 B:7
  3860 : 101010000111 ; -- R:A G:8 B:7
  3861 : 101010000111 ; -- R:A G:8 B:7
  3862 : 001100110011 ; -- R:3 G:3 B:3
  3863 : 100101100101 ; -- R:9 G:6 B:5
  3864 : 100101100101 ; -- R:9 G:6 B:5
  3865 : 100001010100 ; -- R:8 G:5 B:4
  3866 : 100001010100 ; -- R:8 G:5 B:4
  3867 : 100001010100 ; -- R:8 G:5 B:4
  3868 : 100001010100 ; -- R:8 G:5 B:4
  3869 : 100001010100 ; -- R:8 G:5 B:4
  3870 : 100001010100 ; -- R:8 G:5 B:4
  3871 : 100001010100 ; -- R:8 G:5 B:4
  3872 : 100001010100 ; -- R:8 G:5 B:4
  3873 : 100001010100 ; -- R:8 G:5 B:4
  3874 : 100001010100 ; -- R:8 G:5 B:4
  3875 : 100001010100 ; -- R:8 G:5 B:4
  3876 : 100001010100 ; -- R:8 G:5 B:4
  3877 : 100001010100 ; -- R:8 G:5 B:4
  3878 : 100001010100 ; -- R:8 G:5 B:4
  3879 : 100001010100 ; -- R:8 G:5 B:4
  3880 : 100001010100 ; -- R:8 G:5 B:4
  3881 : 100101100101 ; -- R:9 G:6 B:5
  3882 : 100101110101 ; -- R:9 G:7 B:5
  3883 : 101010000111 ; -- R:A G:8 B:7
  3884 : 001100110011 ; -- R:3 G:3 B:3
  3885 : 000000000000 ; -- R:0 G:0 B:0
  3886 : 100101110110 ; -- R:9 G:7 B:6
  3887 : 101010101010 ; -- R:A G:A B:A
  3888 : 101010101010 ; -- R:A G:A B:A
  3889 : 101010101010 ; -- R:A G:A B:A
  3890 : 101010101010 ; -- R:A G:A B:A
  3891 : 101010101010 ; -- R:A G:A B:A
  3892 : 101110111011 ; -- R:B G:B B:B
  3893 : 101110111011 ; -- R:B G:B B:B
  3894 : 110011001100 ; -- R:C G:C B:C
  3895 : 110011001100 ; -- R:C G:C B:C
  3896 : 110111011101 ; -- R:D G:D B:D
  3897 : 110111011101 ; -- R:D G:D B:D
  3898 : 110111011101 ; -- R:D G:D B:D
  3899 : 110111011101 ; -- R:D G:D B:D
  3900 : 110111011101 ; -- R:D G:D B:D
  3901 : 110111011101 ; -- R:D G:D B:D
  3902 : 110111011101 ; -- R:D G:D B:D
  3903 : 110111011101 ; -- R:D G:D B:D
  3904 : 110011001100 ; -- R:C G:C B:C
  3905 : 110011001100 ; -- R:C G:C B:C
  3906 : 110011001100 ; -- R:C G:C B:C
  3907 : 110011001100 ; -- R:C G:C B:C
  3908 : 110011001100 ; -- R:C G:C B:C
  3909 : 110011001100 ; -- R:C G:C B:C
  3910 : 110011001100 ; -- R:C G:C B:C
  3911 : 110011001100 ; -- R:C G:C B:C
  3912 : 110011001100 ; -- R:C G:C B:C
  3913 : 110011001100 ; -- R:C G:C B:C
  3914 : 110011001100 ; -- R:C G:C B:C
  3915 : 110011001100 ; -- R:C G:C B:C
  3916 : 101110111011 ; -- R:B G:B B:B
  3917 : 101010101010 ; -- R:A G:A B:A
  3918 : 101010101010 ; -- R:A G:A B:A
  3919 : 101010101010 ; -- R:A G:A B:A
  3920 : 101010101010 ; -- R:A G:A B:A
  3921 : 101010101010 ; -- R:A G:A B:A
  3922 : 101010101010 ; -- R:A G:A B:A
  3923 : 101010000111 ; -- R:A G:8 B:7
  3924 : 101010000111 ; -- R:A G:8 B:7
  3925 : 100101110110 ; -- R:9 G:7 B:6
  3926 : 001000100010 ; -- R:2 G:2 B:2
  3927 : 100101110101 ; -- R:9 G:7 B:5
  3928 : 100101100101 ; -- R:9 G:6 B:5
  3929 : 100001010100 ; -- R:8 G:5 B:4
  3930 : 100001010100 ; -- R:8 G:5 B:4
  3931 : 100001010100 ; -- R:8 G:5 B:4
  3932 : 100001010100 ; -- R:8 G:5 B:4
  3933 : 100001010100 ; -- R:8 G:5 B:4
  3934 : 100001010100 ; -- R:8 G:5 B:4
  3935 : 100001010100 ; -- R:8 G:5 B:4
  3936 : 100001010100 ; -- R:8 G:5 B:4
  3937 : 100001010100 ; -- R:8 G:5 B:4
  3938 : 100001010100 ; -- R:8 G:5 B:4
  3939 : 100001010100 ; -- R:8 G:5 B:4
  3940 : 100001010100 ; -- R:8 G:5 B:4
  3941 : 100001010100 ; -- R:8 G:5 B:4
  3942 : 100001010100 ; -- R:8 G:5 B:4
  3943 : 100001010100 ; -- R:8 G:5 B:4
  3944 : 100101100101 ; -- R:9 G:6 B:5
  3945 : 100101100101 ; -- R:9 G:6 B:5
  3946 : 100101110101 ; -- R:9 G:7 B:5
  3947 : 100101110110 ; -- R:9 G:7 B:6
  3948 : 100001010100 ; -- R:8 G:5 B:4
  3949 : 000000000000 ; -- R:0 G:0 B:0
  3950 : 001000100010 ; -- R:2 G:2 B:2
  3951 : 001100110011 ; -- R:3 G:3 B:3
  3952 : 100001010100 ; -- R:8 G:5 B:4
  3953 : 101010101010 ; -- R:A G:A B:A
  3954 : 101010101010 ; -- R:A G:A B:A
  3955 : 101010101010 ; -- R:A G:A B:A
  3956 : 101010101010 ; -- R:A G:A B:A
  3957 : 101110111011 ; -- R:B G:B B:B
  3958 : 101110111011 ; -- R:B G:B B:B
  3959 : 110011001100 ; -- R:C G:C B:C
  3960 : 110011011101 ; -- R:C G:D B:D
  3961 : 110111011101 ; -- R:D G:D B:D
  3962 : 110111011101 ; -- R:D G:D B:D
  3963 : 110111011101 ; -- R:D G:D B:D
  3964 : 110111011101 ; -- R:D G:D B:D
  3965 : 110111011101 ; -- R:D G:D B:D
  3966 : 110111011101 ; -- R:D G:D B:D
  3967 : 110111011101 ; -- R:D G:D B:D
  3968 : 110011001100 ; -- R:C G:C B:C
  3969 : 110011001100 ; -- R:C G:C B:C
  3970 : 110011001100 ; -- R:C G:C B:C
  3971 : 110011001100 ; -- R:C G:C B:C
  3972 : 110011001100 ; -- R:C G:C B:C
  3973 : 110011001100 ; -- R:C G:C B:C
  3974 : 110011001100 ; -- R:C G:C B:C
  3975 : 110011001100 ; -- R:C G:C B:C
  3976 : 110011001100 ; -- R:C G:C B:C
  3977 : 110011001100 ; -- R:C G:C B:C
  3978 : 110011001100 ; -- R:C G:C B:C
  3979 : 110011001100 ; -- R:C G:C B:C
  3980 : 101110111011 ; -- R:B G:B B:B
  3981 : 101010101010 ; -- R:A G:A B:A
  3982 : 101010101010 ; -- R:A G:A B:A
  3983 : 101010101010 ; -- R:A G:A B:A
  3984 : 101010101010 ; -- R:A G:A B:A
  3985 : 101010101010 ; -- R:A G:A B:A
  3986 : 101010000111 ; -- R:A G:8 B:7
  3987 : 101010000111 ; -- R:A G:8 B:7
  3988 : 100101110110 ; -- R:9 G:7 B:6
  3989 : 001100110011 ; -- R:3 G:3 B:3
  3990 : 001000100010 ; -- R:2 G:2 B:2
  3991 : 100101110101 ; -- R:9 G:7 B:5
  3992 : 100101100101 ; -- R:9 G:6 B:5
  3993 : 100001010100 ; -- R:8 G:5 B:4
  3994 : 100001010100 ; -- R:8 G:5 B:4
  3995 : 100001010100 ; -- R:8 G:5 B:4
  3996 : 100001010100 ; -- R:8 G:5 B:4
  3997 : 100001010100 ; -- R:8 G:5 B:4
  3998 : 100001010100 ; -- R:8 G:5 B:4
  3999 : 100001010100 ; -- R:8 G:5 B:4
  4000 : 100001010100 ; -- R:8 G:5 B:4
  4001 : 100001010100 ; -- R:8 G:5 B:4
  4002 : 100001010100 ; -- R:8 G:5 B:4
  4003 : 100001010100 ; -- R:8 G:5 B:4
  4004 : 100001010100 ; -- R:8 G:5 B:4
  4005 : 100001010100 ; -- R:8 G:5 B:4
  4006 : 100001010100 ; -- R:8 G:5 B:4
  4007 : 100101100101 ; -- R:9 G:6 B:5
  4008 : 100101100101 ; -- R:9 G:6 B:5
  4009 : 100101110101 ; -- R:9 G:7 B:5
  4010 : 100101110101 ; -- R:9 G:7 B:5
  4011 : 100101110110 ; -- R:9 G:7 B:6
  4012 : 100001010100 ; -- R:8 G:5 B:4
  4013 : 000000000000 ; -- R:0 G:0 B:0
  4014 : 001000100010 ; -- R:2 G:2 B:2
  4015 : 000000000000 ; -- R:0 G:0 B:0
  4016 : 000000000000 ; -- R:0 G:0 B:0
  4017 : 001100110011 ; -- R:3 G:3 B:3
  4018 : 100001010100 ; -- R:8 G:5 B:4
  4019 : 101010101010 ; -- R:A G:A B:A
  4020 : 101110111011 ; -- R:B G:B B:B
  4021 : 101110111011 ; -- R:B G:B B:B
  4022 : 101110111011 ; -- R:B G:B B:B
  4023 : 110011001100 ; -- R:C G:C B:C
  4024 : 110011001100 ; -- R:C G:C B:C
  4025 : 110111011101 ; -- R:D G:D B:D
  4026 : 110111011101 ; -- R:D G:D B:D
  4027 : 110111011101 ; -- R:D G:D B:D
  4028 : 110111011101 ; -- R:D G:D B:D
  4029 : 110111011101 ; -- R:D G:D B:D
  4030 : 110111011101 ; -- R:D G:D B:D
  4031 : 110111011101 ; -- R:D G:D B:D
  4032 : 110011001100 ; -- R:C G:C B:C
  4033 : 110011001100 ; -- R:C G:C B:C
  4034 : 110011001100 ; -- R:C G:C B:C
  4035 : 110011001100 ; -- R:C G:C B:C
  4036 : 110011001100 ; -- R:C G:C B:C
  4037 : 110011001100 ; -- R:C G:C B:C
  4038 : 110011001100 ; -- R:C G:C B:C
  4039 : 110111011101 ; -- R:D G:D B:D
  4040 : 110111011101 ; -- R:D G:D B:D
  4041 : 110011001100 ; -- R:C G:C B:C
  4042 : 110011001100 ; -- R:C G:C B:C
  4043 : 110011001100 ; -- R:C G:C B:C
  4044 : 101110111011 ; -- R:B G:B B:B
  4045 : 101010101010 ; -- R:A G:A B:A
  4046 : 101010101010 ; -- R:A G:A B:A
  4047 : 101010101010 ; -- R:A G:A B:A
  4048 : 101110011000 ; -- R:B G:9 B:8
  4049 : 101010101010 ; -- R:A G:A B:A
  4050 : 101010000111 ; -- R:A G:8 B:7
  4051 : 100001010100 ; -- R:8 G:5 B:4
  4052 : 000000000000 ; -- R:0 G:0 B:0
  4053 : 000000000000 ; -- R:0 G:0 B:0
  4054 : 000000000000 ; -- R:0 G:0 B:0
  4055 : 100001010100 ; -- R:8 G:5 B:4
  4056 : 100101100101 ; -- R:9 G:6 B:5
  4057 : 100101100101 ; -- R:9 G:6 B:5
  4058 : 100001010100 ; -- R:8 G:5 B:4
  4059 : 100001010100 ; -- R:8 G:5 B:4
  4060 : 100001010100 ; -- R:8 G:5 B:4
  4061 : 100001010100 ; -- R:8 G:5 B:4
  4062 : 100001010100 ; -- R:8 G:5 B:4
  4063 : 100001010100 ; -- R:8 G:5 B:4
  4064 : 100001010100 ; -- R:8 G:5 B:4
  4065 : 100001010100 ; -- R:8 G:5 B:4
  4066 : 100001010100 ; -- R:8 G:5 B:4
  4067 : 100001010100 ; -- R:8 G:5 B:4
  4068 : 100001010100 ; -- R:8 G:5 B:4
  4069 : 100001010100 ; -- R:8 G:5 B:4
  4070 : 100101100101 ; -- R:9 G:6 B:5
  4071 : 100101110101 ; -- R:9 G:7 B:5
  4072 : 100101110101 ; -- R:9 G:7 B:5
  4073 : 100101110101 ; -- R:9 G:7 B:5
  4074 : 100101110101 ; -- R:9 G:7 B:5
  4075 : 100101110110 ; -- R:9 G:7 B:6
  4076 : 001100110011 ; -- R:3 G:3 B:3
  4077 : 000000000000 ; -- R:0 G:0 B:0
  4078 : 000000000000 ; -- R:0 G:0 B:0
  4079 : 000000000000 ; -- R:0 G:0 B:0
  4080 : 000000000000 ; -- R:0 G:0 B:0
  4081 : 000000000000 ; -- R:0 G:0 B:0
  4082 : 001000100010 ; -- R:2 G:2 B:2
  4083 : 001100110011 ; -- R:3 G:3 B:3
  4084 : 100001010100 ; -- R:8 G:5 B:4
  4085 : 101010101010 ; -- R:A G:A B:A
  4086 : 101110111011 ; -- R:B G:B B:B
  4087 : 110011001100 ; -- R:C G:C B:C
  4088 : 110011001100 ; -- R:C G:C B:C
  4089 : 110111011101 ; -- R:D G:D B:D
  4090 : 110111011101 ; -- R:D G:D B:D
  4091 : 110111011101 ; -- R:D G:D B:D
  4092 : 110111011101 ; -- R:D G:D B:D
  4093 : 110111011101 ; -- R:D G:D B:D
  4094 : 110111011101 ; -- R:D G:D B:D
  4095 : 110111011101 ; -- R:D G:D B:D
End;
