Depth = 4096;
Width = 12;
Address_radix = dec;
Data_radix = bin;
Content
Begin
  0 : 111111111111 ; -- R:F G:F B:F
  1 : 111111111111 ; -- R:F G:F B:F
  2 : 111111111111 ; -- R:F G:F B:F
  3 : 111111111111 ; -- R:F G:F B:F
  4 : 111111111111 ; -- R:F G:F B:F
  5 : 111111111111 ; -- R:F G:F B:F
  6 : 111111111111 ; -- R:F G:F B:F
  7 : 111111111111 ; -- R:F G:F B:F
  8 : 111111111111 ; -- R:F G:F B:F
  9 : 111111111111 ; -- R:F G:F B:F
  10 : 111111111111 ; -- R:F G:F B:F
  11 : 111111111111 ; -- R:F G:F B:F
  12 : 111111111111 ; -- R:F G:F B:F
  13 : 111111111111 ; -- R:F G:F B:F
  14 : 111111111111 ; -- R:F G:F B:F
  15 : 111111111111 ; -- R:F G:F B:F
  16 : 111111111111 ; -- R:F G:F B:F
  17 : 111111111111 ; -- R:F G:F B:F
  18 : 111111111111 ; -- R:F G:F B:F
  19 : 111111111111 ; -- R:F G:F B:F
  20 : 111111111111 ; -- R:F G:F B:F
  21 : 111111111111 ; -- R:F G:F B:F
  22 : 111111111111 ; -- R:F G:F B:F
  23 : 111111111111 ; -- R:F G:F B:F
  24 : 111111111111 ; -- R:F G:F B:F
  25 : 111111111111 ; -- R:F G:F B:F
  26 : 111111111111 ; -- R:F G:F B:F
  27 : 111111111111 ; -- R:F G:F B:F
  28 : 111111111111 ; -- R:F G:F B:F
  29 : 111111111111 ; -- R:F G:F B:F
  30 : 111111111111 ; -- R:F G:F B:F
  31 : 111111111111 ; -- R:F G:F B:F
  32 : 111111111111 ; -- R:F G:F B:F
  33 : 111111111111 ; -- R:F G:F B:F
  34 : 111111111111 ; -- R:F G:F B:F
  35 : 111111111111 ; -- R:F G:F B:F
  36 : 111111111111 ; -- R:F G:F B:F
  37 : 111111111111 ; -- R:F G:F B:F
  38 : 111111111111 ; -- R:F G:F B:F
  39 : 111111111111 ; -- R:F G:F B:F
  40 : 111111111111 ; -- R:F G:F B:F
  41 : 111111111111 ; -- R:F G:F B:F
  42 : 111111111111 ; -- R:F G:F B:F
  43 : 111111111111 ; -- R:F G:F B:F
  44 : 111111111111 ; -- R:F G:F B:F
  45 : 111111111111 ; -- R:F G:F B:F
  46 : 111111111111 ; -- R:F G:F B:F
  47 : 111111111111 ; -- R:F G:F B:F
  48 : 111111111111 ; -- R:F G:F B:F
  49 : 111111111111 ; -- R:F G:F B:F
  50 : 111111111111 ; -- R:F G:F B:F
  51 : 111111111111 ; -- R:F G:F B:F
  52 : 111111111111 ; -- R:F G:F B:F
  53 : 111111111111 ; -- R:F G:F B:F
  54 : 111111111111 ; -- R:F G:F B:F
  55 : 111111111111 ; -- R:F G:F B:F
  56 : 111111111111 ; -- R:F G:F B:F
  57 : 111111111111 ; -- R:F G:F B:F
  58 : 111111111111 ; -- R:F G:F B:F
  59 : 111111111111 ; -- R:F G:F B:F
  60 : 111111111111 ; -- R:F G:F B:F
  61 : 111111111111 ; -- R:F G:F B:F
  62 : 111111111111 ; -- R:F G:F B:F
  63 : 111111111111 ; -- R:F G:F B:F
  64 : 111111111111 ; -- R:F G:F B:F
  65 : 111111111111 ; -- R:F G:F B:F
  66 : 111111111111 ; -- R:F G:F B:F
  67 : 111111111111 ; -- R:F G:F B:F
  68 : 111111111111 ; -- R:F G:F B:F
  69 : 111111111111 ; -- R:F G:F B:F
  70 : 111111111111 ; -- R:F G:F B:F
  71 : 111111111111 ; -- R:F G:F B:F
  72 : 111111111111 ; -- R:F G:F B:F
  73 : 111111111111 ; -- R:F G:F B:F
  74 : 111111111111 ; -- R:F G:F B:F
  75 : 111111111111 ; -- R:F G:F B:F
  76 : 111111111111 ; -- R:F G:F B:F
  77 : 111111111111 ; -- R:F G:F B:F
  78 : 111111111111 ; -- R:F G:F B:F
  79 : 111111111111 ; -- R:F G:F B:F
  80 : 111111111111 ; -- R:F G:F B:F
  81 : 111111111111 ; -- R:F G:F B:F
  82 : 111111111111 ; -- R:F G:F B:F
  83 : 111111111111 ; -- R:F G:F B:F
  84 : 111111111111 ; -- R:F G:F B:F
  85 : 111111111111 ; -- R:F G:F B:F
  86 : 111111111111 ; -- R:F G:F B:F
  87 : 111111111111 ; -- R:F G:F B:F
  88 : 111111111111 ; -- R:F G:F B:F
  89 : 111111111111 ; -- R:F G:F B:F
  90 : 111111111111 ; -- R:F G:F B:F
  91 : 111111111111 ; -- R:F G:F B:F
  92 : 111111111111 ; -- R:F G:F B:F
  93 : 111111111111 ; -- R:F G:F B:F
  94 : 111111111111 ; -- R:F G:F B:F
  95 : 111111111111 ; -- R:F G:F B:F
  96 : 111111111111 ; -- R:F G:F B:F
  97 : 111111111111 ; -- R:F G:F B:F
  98 : 111111111111 ; -- R:F G:F B:F
  99 : 111111111111 ; -- R:F G:F B:F
  100 : 111111111111 ; -- R:F G:F B:F
  101 : 111111111111 ; -- R:F G:F B:F
  102 : 111111111111 ; -- R:F G:F B:F
  103 : 111111111111 ; -- R:F G:F B:F
  104 : 111111111111 ; -- R:F G:F B:F
  105 : 111111111111 ; -- R:F G:F B:F
  106 : 111111111111 ; -- R:F G:F B:F
  107 : 111111111111 ; -- R:F G:F B:F
  108 : 111111111111 ; -- R:F G:F B:F
  109 : 111111111111 ; -- R:F G:F B:F
  110 : 111111111111 ; -- R:F G:F B:F
  111 : 111111111111 ; -- R:F G:F B:F
  112 : 111111111111 ; -- R:F G:F B:F
  113 : 111111111111 ; -- R:F G:F B:F
  114 : 111111111111 ; -- R:F G:F B:F
  115 : 111111111111 ; -- R:F G:F B:F
  116 : 111111111111 ; -- R:F G:F B:F
  117 : 111111111111 ; -- R:F G:F B:F
  118 : 111111111111 ; -- R:F G:F B:F
  119 : 111111111111 ; -- R:F G:F B:F
  120 : 111111111111 ; -- R:F G:F B:F
  121 : 111111111111 ; -- R:F G:F B:F
  122 : 111111111111 ; -- R:F G:F B:F
  123 : 111111111111 ; -- R:F G:F B:F
  124 : 111111111111 ; -- R:F G:F B:F
  125 : 111111111111 ; -- R:F G:F B:F
  126 : 111111111111 ; -- R:F G:F B:F
  127 : 111111111111 ; -- R:F G:F B:F
  128 : 111111111111 ; -- R:F G:F B:F
  129 : 111111111111 ; -- R:F G:F B:F
  130 : 111111111111 ; -- R:F G:F B:F
  131 : 111111111111 ; -- R:F G:F B:F
  132 : 111111111111 ; -- R:F G:F B:F
  133 : 111111111111 ; -- R:F G:F B:F
  134 : 111111111111 ; -- R:F G:F B:F
  135 : 111111111111 ; -- R:F G:F B:F
  136 : 111111111111 ; -- R:F G:F B:F
  137 : 111111111111 ; -- R:F G:F B:F
  138 : 111111111111 ; -- R:F G:F B:F
  139 : 111111111111 ; -- R:F G:F B:F
  140 : 111111111111 ; -- R:F G:F B:F
  141 : 111111111111 ; -- R:F G:F B:F
  142 : 111111111111 ; -- R:F G:F B:F
  143 : 111111111111 ; -- R:F G:F B:F
  144 : 111111111111 ; -- R:F G:F B:F
  145 : 111111111111 ; -- R:F G:F B:F
  146 : 111111111111 ; -- R:F G:F B:F
  147 : 111111111111 ; -- R:F G:F B:F
  148 : 111111111111 ; -- R:F G:F B:F
  149 : 111111111111 ; -- R:F G:F B:F
  150 : 111111111111 ; -- R:F G:F B:F
  151 : 111111111111 ; -- R:F G:F B:F
  152 : 111111111111 ; -- R:F G:F B:F
  153 : 111111111111 ; -- R:F G:F B:F
  154 : 111111111111 ; -- R:F G:F B:F
  155 : 111111111111 ; -- R:F G:F B:F
  156 : 111111111111 ; -- R:F G:F B:F
  157 : 111111111111 ; -- R:F G:F B:F
  158 : 111111111111 ; -- R:F G:F B:F
  159 : 111111111111 ; -- R:F G:F B:F
  160 : 111111111111 ; -- R:F G:F B:F
  161 : 111111111111 ; -- R:F G:F B:F
  162 : 111111111111 ; -- R:F G:F B:F
  163 : 111111111111 ; -- R:F G:F B:F
  164 : 111111111111 ; -- R:F G:F B:F
  165 : 111111111111 ; -- R:F G:F B:F
  166 : 111111111111 ; -- R:F G:F B:F
  167 : 111111111111 ; -- R:F G:F B:F
  168 : 111111111111 ; -- R:F G:F B:F
  169 : 111111111111 ; -- R:F G:F B:F
  170 : 111111111111 ; -- R:F G:F B:F
  171 : 111111111111 ; -- R:F G:F B:F
  172 : 111111111111 ; -- R:F G:F B:F
  173 : 111111111111 ; -- R:F G:F B:F
  174 : 111111111111 ; -- R:F G:F B:F
  175 : 111111111111 ; -- R:F G:F B:F
  176 : 111111111111 ; -- R:F G:F B:F
  177 : 111111111111 ; -- R:F G:F B:F
  178 : 111111111111 ; -- R:F G:F B:F
  179 : 111111111111 ; -- R:F G:F B:F
  180 : 111111111111 ; -- R:F G:F B:F
  181 : 111111111111 ; -- R:F G:F B:F
  182 : 111111111111 ; -- R:F G:F B:F
  183 : 111111111111 ; -- R:F G:F B:F
  184 : 111111111111 ; -- R:F G:F B:F
  185 : 111111111111 ; -- R:F G:F B:F
  186 : 111111111111 ; -- R:F G:F B:F
  187 : 111111111111 ; -- R:F G:F B:F
  188 : 111111111111 ; -- R:F G:F B:F
  189 : 111111111111 ; -- R:F G:F B:F
  190 : 111111111111 ; -- R:F G:F B:F
  191 : 111111111111 ; -- R:F G:F B:F
  192 : 111111111111 ; -- R:F G:F B:F
  193 : 111111111111 ; -- R:F G:F B:F
  194 : 111111111111 ; -- R:F G:F B:F
  195 : 111111111111 ; -- R:F G:F B:F
  196 : 111111111111 ; -- R:F G:F B:F
  197 : 111111111111 ; -- R:F G:F B:F
  198 : 111111111111 ; -- R:F G:F B:F
  199 : 111111111111 ; -- R:F G:F B:F
  200 : 111111111111 ; -- R:F G:F B:F
  201 : 111111111111 ; -- R:F G:F B:F
  202 : 111111111111 ; -- R:F G:F B:F
  203 : 111111111111 ; -- R:F G:F B:F
  204 : 111111111111 ; -- R:F G:F B:F
  205 : 111111111111 ; -- R:F G:F B:F
  206 : 111111111111 ; -- R:F G:F B:F
  207 : 111111111111 ; -- R:F G:F B:F
  208 : 111111111111 ; -- R:F G:F B:F
  209 : 111111111111 ; -- R:F G:F B:F
  210 : 111111111111 ; -- R:F G:F B:F
  211 : 111111111111 ; -- R:F G:F B:F
  212 : 111111111111 ; -- R:F G:F B:F
  213 : 111111111111 ; -- R:F G:F B:F
  214 : 111111111111 ; -- R:F G:F B:F
  215 : 111111111111 ; -- R:F G:F B:F
  216 : 111111111111 ; -- R:F G:F B:F
  217 : 111111111111 ; -- R:F G:F B:F
  218 : 111111111111 ; -- R:F G:F B:F
  219 : 111111111111 ; -- R:F G:F B:F
  220 : 111111111111 ; -- R:F G:F B:F
  221 : 111111111111 ; -- R:F G:F B:F
  222 : 111111111111 ; -- R:F G:F B:F
  223 : 111111111111 ; -- R:F G:F B:F
  224 : 111111111111 ; -- R:F G:F B:F
  225 : 111111111111 ; -- R:F G:F B:F
  226 : 111111111111 ; -- R:F G:F B:F
  227 : 111111111111 ; -- R:F G:F B:F
  228 : 111111111111 ; -- R:F G:F B:F
  229 : 111111111111 ; -- R:F G:F B:F
  230 : 111111111111 ; -- R:F G:F B:F
  231 : 111111111111 ; -- R:F G:F B:F
  232 : 111111111111 ; -- R:F G:F B:F
  233 : 111111111111 ; -- R:F G:F B:F
  234 : 111111111111 ; -- R:F G:F B:F
  235 : 111111111111 ; -- R:F G:F B:F
  236 : 111111111111 ; -- R:F G:F B:F
  237 : 111111111111 ; -- R:F G:F B:F
  238 : 111111111111 ; -- R:F G:F B:F
  239 : 111111111111 ; -- R:F G:F B:F
  240 : 111111111111 ; -- R:F G:F B:F
  241 : 111111111111 ; -- R:F G:F B:F
  242 : 111111111111 ; -- R:F G:F B:F
  243 : 111111111111 ; -- R:F G:F B:F
  244 : 111111111111 ; -- R:F G:F B:F
  245 : 111111111111 ; -- R:F G:F B:F
  246 : 111111111111 ; -- R:F G:F B:F
  247 : 111111111111 ; -- R:F G:F B:F
  248 : 111111111111 ; -- R:F G:F B:F
  249 : 111111111111 ; -- R:F G:F B:F
  250 : 111111111111 ; -- R:F G:F B:F
  251 : 111111111111 ; -- R:F G:F B:F
  252 : 111111111111 ; -- R:F G:F B:F
  253 : 111111111111 ; -- R:F G:F B:F
  254 : 111111111111 ; -- R:F G:F B:F
  255 : 111111111111 ; -- R:F G:F B:F
  256 : 111111111111 ; -- R:F G:F B:F
  257 : 111111111111 ; -- R:F G:F B:F
  258 : 111111111111 ; -- R:F G:F B:F
  259 : 111111111111 ; -- R:F G:F B:F
  260 : 111111111111 ; -- R:F G:F B:F
  261 : 111111111111 ; -- R:F G:F B:F
  262 : 111111111111 ; -- R:F G:F B:F
  263 : 111111111111 ; -- R:F G:F B:F
  264 : 111111111111 ; -- R:F G:F B:F
  265 : 111111111111 ; -- R:F G:F B:F
  266 : 111111111111 ; -- R:F G:F B:F
  267 : 111111111111 ; -- R:F G:F B:F
  268 : 111111111111 ; -- R:F G:F B:F
  269 : 111111111111 ; -- R:F G:F B:F
  270 : 111111111111 ; -- R:F G:F B:F
  271 : 111111111111 ; -- R:F G:F B:F
  272 : 111111111111 ; -- R:F G:F B:F
  273 : 111111111111 ; -- R:F G:F B:F
  274 : 111111111111 ; -- R:F G:F B:F
  275 : 111111111111 ; -- R:F G:F B:F
  276 : 111111111111 ; -- R:F G:F B:F
  277 : 111111111111 ; -- R:F G:F B:F
  278 : 111111111111 ; -- R:F G:F B:F
  279 : 111111111111 ; -- R:F G:F B:F
  280 : 111111111111 ; -- R:F G:F B:F
  281 : 111111111111 ; -- R:F G:F B:F
  282 : 111111111111 ; -- R:F G:F B:F
  283 : 111111111111 ; -- R:F G:F B:F
  284 : 111111111111 ; -- R:F G:F B:F
  285 : 111111111111 ; -- R:F G:F B:F
  286 : 111111111111 ; -- R:F G:F B:F
  287 : 111111111111 ; -- R:F G:F B:F
  288 : 111111111111 ; -- R:F G:F B:F
  289 : 111111111111 ; -- R:F G:F B:F
  290 : 111111111111 ; -- R:F G:F B:F
  291 : 111111111111 ; -- R:F G:F B:F
  292 : 111111111111 ; -- R:F G:F B:F
  293 : 111111111111 ; -- R:F G:F B:F
  294 : 111111111111 ; -- R:F G:F B:F
  295 : 111111111111 ; -- R:F G:F B:F
  296 : 111111111111 ; -- R:F G:F B:F
  297 : 111111111111 ; -- R:F G:F B:F
  298 : 111111111111 ; -- R:F G:F B:F
  299 : 111111111111 ; -- R:F G:F B:F
  300 : 111111111111 ; -- R:F G:F B:F
  301 : 111111111111 ; -- R:F G:F B:F
  302 : 111111111111 ; -- R:F G:F B:F
  303 : 111111111111 ; -- R:F G:F B:F
  304 : 111111111111 ; -- R:F G:F B:F
  305 : 111111111111 ; -- R:F G:F B:F
  306 : 111111111111 ; -- R:F G:F B:F
  307 : 111111111111 ; -- R:F G:F B:F
  308 : 111111111111 ; -- R:F G:F B:F
  309 : 111111111111 ; -- R:F G:F B:F
  310 : 111111111111 ; -- R:F G:F B:F
  311 : 111111111111 ; -- R:F G:F B:F
  312 : 111111111111 ; -- R:F G:F B:F
  313 : 111111111111 ; -- R:F G:F B:F
  314 : 111111111111 ; -- R:F G:F B:F
  315 : 111111111111 ; -- R:F G:F B:F
  316 : 111111111111 ; -- R:F G:F B:F
  317 : 111111111111 ; -- R:F G:F B:F
  318 : 111111111111 ; -- R:F G:F B:F
  319 : 111111111111 ; -- R:F G:F B:F
  320 : 111111111111 ; -- R:F G:F B:F
  321 : 111111111111 ; -- R:F G:F B:F
  322 : 111111111111 ; -- R:F G:F B:F
  323 : 111111111111 ; -- R:F G:F B:F
  324 : 111111111111 ; -- R:F G:F B:F
  325 : 111111111111 ; -- R:F G:F B:F
  326 : 111111111111 ; -- R:F G:F B:F
  327 : 111111111111 ; -- R:F G:F B:F
  328 : 111111111111 ; -- R:F G:F B:F
  329 : 111111111111 ; -- R:F G:F B:F
  330 : 111111111111 ; -- R:F G:F B:F
  331 : 111111111111 ; -- R:F G:F B:F
  332 : 111111111111 ; -- R:F G:F B:F
  333 : 111111111111 ; -- R:F G:F B:F
  334 : 111111111111 ; -- R:F G:F B:F
  335 : 111111111111 ; -- R:F G:F B:F
  336 : 111111111111 ; -- R:F G:F B:F
  337 : 111111111111 ; -- R:F G:F B:F
  338 : 111111111111 ; -- R:F G:F B:F
  339 : 111111111111 ; -- R:F G:F B:F
  340 : 111111111111 ; -- R:F G:F B:F
  341 : 111111111111 ; -- R:F G:F B:F
  342 : 111111111111 ; -- R:F G:F B:F
  343 : 111111111111 ; -- R:F G:F B:F
  344 : 111111111111 ; -- R:F G:F B:F
  345 : 111111111111 ; -- R:F G:F B:F
  346 : 111111111111 ; -- R:F G:F B:F
  347 : 111111111111 ; -- R:F G:F B:F
  348 : 111111111111 ; -- R:F G:F B:F
  349 : 111111111111 ; -- R:F G:F B:F
  350 : 111111111111 ; -- R:F G:F B:F
  351 : 111111111111 ; -- R:F G:F B:F
  352 : 111111111111 ; -- R:F G:F B:F
  353 : 111111111111 ; -- R:F G:F B:F
  354 : 111111111111 ; -- R:F G:F B:F
  355 : 111111111111 ; -- R:F G:F B:F
  356 : 111111111111 ; -- R:F G:F B:F
  357 : 111111111111 ; -- R:F G:F B:F
  358 : 111111111111 ; -- R:F G:F B:F
  359 : 111111111111 ; -- R:F G:F B:F
  360 : 111111111111 ; -- R:F G:F B:F
  361 : 111111111111 ; -- R:F G:F B:F
  362 : 111111111111 ; -- R:F G:F B:F
  363 : 111111111111 ; -- R:F G:F B:F
  364 : 111111111111 ; -- R:F G:F B:F
  365 : 111111111111 ; -- R:F G:F B:F
  366 : 111111111111 ; -- R:F G:F B:F
  367 : 111111111111 ; -- R:F G:F B:F
  368 : 111111111111 ; -- R:F G:F B:F
  369 : 111111111111 ; -- R:F G:F B:F
  370 : 111111111111 ; -- R:F G:F B:F
  371 : 111111111111 ; -- R:F G:F B:F
  372 : 111111111111 ; -- R:F G:F B:F
  373 : 111111111111 ; -- R:F G:F B:F
  374 : 111111111111 ; -- R:F G:F B:F
  375 : 111111111111 ; -- R:F G:F B:F
  376 : 111111111111 ; -- R:F G:F B:F
  377 : 111111111111 ; -- R:F G:F B:F
  378 : 111111111111 ; -- R:F G:F B:F
  379 : 111111111111 ; -- R:F G:F B:F
  380 : 111111111111 ; -- R:F G:F B:F
  381 : 111111111111 ; -- R:F G:F B:F
  382 : 111111111111 ; -- R:F G:F B:F
  383 : 111111111111 ; -- R:F G:F B:F
  384 : 111111111111 ; -- R:F G:F B:F
  385 : 111111111111 ; -- R:F G:F B:F
  386 : 111111111111 ; -- R:F G:F B:F
  387 : 111111111111 ; -- R:F G:F B:F
  388 : 111111111111 ; -- R:F G:F B:F
  389 : 111111111111 ; -- R:F G:F B:F
  390 : 111111111111 ; -- R:F G:F B:F
  391 : 111111111111 ; -- R:F G:F B:F
  392 : 111111111111 ; -- R:F G:F B:F
  393 : 111111111111 ; -- R:F G:F B:F
  394 : 111111111111 ; -- R:F G:F B:F
  395 : 111111111111 ; -- R:F G:F B:F
  396 : 111111111111 ; -- R:F G:F B:F
  397 : 111111111111 ; -- R:F G:F B:F
  398 : 111111111111 ; -- R:F G:F B:F
  399 : 111111111111 ; -- R:F G:F B:F
  400 : 111111111111 ; -- R:F G:F B:F
  401 : 111111111111 ; -- R:F G:F B:F
  402 : 111111111111 ; -- R:F G:F B:F
  403 : 111111111111 ; -- R:F G:F B:F
  404 : 111111111111 ; -- R:F G:F B:F
  405 : 111111111111 ; -- R:F G:F B:F
  406 : 111111111111 ; -- R:F G:F B:F
  407 : 111111111111 ; -- R:F G:F B:F
  408 : 111111111111 ; -- R:F G:F B:F
  409 : 111111111111 ; -- R:F G:F B:F
  410 : 111111111111 ; -- R:F G:F B:F
  411 : 111111111111 ; -- R:F G:F B:F
  412 : 111111111111 ; -- R:F G:F B:F
  413 : 111111111111 ; -- R:F G:F B:F
  414 : 111011101110 ; -- R:E G:E B:E
  415 : 101110101010 ; -- R:B G:A B:A
  416 : 101010011001 ; -- R:A G:9 B:9
  417 : 101110101010 ; -- R:B G:A B:A
  418 : 111011101110 ; -- R:E G:E B:E
  419 : 111111111111 ; -- R:F G:F B:F
  420 : 111111111111 ; -- R:F G:F B:F
  421 : 111111111111 ; -- R:F G:F B:F
  422 : 111111111111 ; -- R:F G:F B:F
  423 : 111111111111 ; -- R:F G:F B:F
  424 : 111111111111 ; -- R:F G:F B:F
  425 : 111111111111 ; -- R:F G:F B:F
  426 : 111111111111 ; -- R:F G:F B:F
  427 : 111111111111 ; -- R:F G:F B:F
  428 : 111111111111 ; -- R:F G:F B:F
  429 : 111111111111 ; -- R:F G:F B:F
  430 : 111111111111 ; -- R:F G:F B:F
  431 : 111111111111 ; -- R:F G:F B:F
  432 : 111111111111 ; -- R:F G:F B:F
  433 : 111111111111 ; -- R:F G:F B:F
  434 : 111111111111 ; -- R:F G:F B:F
  435 : 111111111111 ; -- R:F G:F B:F
  436 : 111111111111 ; -- R:F G:F B:F
  437 : 111111111111 ; -- R:F G:F B:F
  438 : 111111111111 ; -- R:F G:F B:F
  439 : 111111111111 ; -- R:F G:F B:F
  440 : 111111111111 ; -- R:F G:F B:F
  441 : 111111111111 ; -- R:F G:F B:F
  442 : 111111111111 ; -- R:F G:F B:F
  443 : 111111111111 ; -- R:F G:F B:F
  444 : 111111111111 ; -- R:F G:F B:F
  445 : 111111111111 ; -- R:F G:F B:F
  446 : 111111111111 ; -- R:F G:F B:F
  447 : 111111111111 ; -- R:F G:F B:F
  448 : 111111111111 ; -- R:F G:F B:F
  449 : 111111111111 ; -- R:F G:F B:F
  450 : 111111111111 ; -- R:F G:F B:F
  451 : 111111111111 ; -- R:F G:F B:F
  452 : 111111111111 ; -- R:F G:F B:F
  453 : 111111111111 ; -- R:F G:F B:F
  454 : 111111111111 ; -- R:F G:F B:F
  455 : 111111111111 ; -- R:F G:F B:F
  456 : 111111111111 ; -- R:F G:F B:F
  457 : 111111111111 ; -- R:F G:F B:F
  458 : 111111111111 ; -- R:F G:F B:F
  459 : 111111111111 ; -- R:F G:F B:F
  460 : 111111111111 ; -- R:F G:F B:F
  461 : 111111111111 ; -- R:F G:F B:F
  462 : 111111111111 ; -- R:F G:F B:F
  463 : 111111111111 ; -- R:F G:F B:F
  464 : 111111111111 ; -- R:F G:F B:F
  465 : 111111111111 ; -- R:F G:F B:F
  466 : 111111111111 ; -- R:F G:F B:F
  467 : 111111111111 ; -- R:F G:F B:F
  468 : 111111111111 ; -- R:F G:F B:F
  469 : 111111111111 ; -- R:F G:F B:F
  470 : 111111111111 ; -- R:F G:F B:F
  471 : 111111111111 ; -- R:F G:F B:F
  472 : 111111111111 ; -- R:F G:F B:F
  473 : 111111111111 ; -- R:F G:F B:F
  474 : 111111111111 ; -- R:F G:F B:F
  475 : 111111111111 ; -- R:F G:F B:F
  476 : 111111111111 ; -- R:F G:F B:F
  477 : 111011101110 ; -- R:E G:E B:E
  478 : 101010011000 ; -- R:A G:9 B:8
  479 : 100110000111 ; -- R:9 G:8 B:7
  480 : 100110011000 ; -- R:9 G:9 B:8
  481 : 100110000111 ; -- R:9 G:8 B:7
  482 : 100110011000 ; -- R:9 G:9 B:8
  483 : 111011101110 ; -- R:E G:E B:E
  484 : 111111111111 ; -- R:F G:F B:F
  485 : 111111111111 ; -- R:F G:F B:F
  486 : 111111111111 ; -- R:F G:F B:F
  487 : 111111111111 ; -- R:F G:F B:F
  488 : 111111111111 ; -- R:F G:F B:F
  489 : 111111111111 ; -- R:F G:F B:F
  490 : 111111111111 ; -- R:F G:F B:F
  491 : 111111111111 ; -- R:F G:F B:F
  492 : 111111111111 ; -- R:F G:F B:F
  493 : 111111111111 ; -- R:F G:F B:F
  494 : 111111111111 ; -- R:F G:F B:F
  495 : 111111111111 ; -- R:F G:F B:F
  496 : 111111111111 ; -- R:F G:F B:F
  497 : 111111111111 ; -- R:F G:F B:F
  498 : 111111111111 ; -- R:F G:F B:F
  499 : 111111111111 ; -- R:F G:F B:F
  500 : 111111111111 ; -- R:F G:F B:F
  501 : 111111111111 ; -- R:F G:F B:F
  502 : 111111111111 ; -- R:F G:F B:F
  503 : 111111111111 ; -- R:F G:F B:F
  504 : 111111111111 ; -- R:F G:F B:F
  505 : 111111111111 ; -- R:F G:F B:F
  506 : 111111111111 ; -- R:F G:F B:F
  507 : 111111111111 ; -- R:F G:F B:F
  508 : 111111111111 ; -- R:F G:F B:F
  509 : 111111111111 ; -- R:F G:F B:F
  510 : 111111111111 ; -- R:F G:F B:F
  511 : 111111111111 ; -- R:F G:F B:F
  512 : 111111111111 ; -- R:F G:F B:F
  513 : 111111111111 ; -- R:F G:F B:F
  514 : 111111111111 ; -- R:F G:F B:F
  515 : 111111111111 ; -- R:F G:F B:F
  516 : 111111111111 ; -- R:F G:F B:F
  517 : 111111111111 ; -- R:F G:F B:F
  518 : 111111111111 ; -- R:F G:F B:F
  519 : 111111111111 ; -- R:F G:F B:F
  520 : 111111111111 ; -- R:F G:F B:F
  521 : 111111111111 ; -- R:F G:F B:F
  522 : 111111111111 ; -- R:F G:F B:F
  523 : 111111111111 ; -- R:F G:F B:F
  524 : 111111111111 ; -- R:F G:F B:F
  525 : 111111111111 ; -- R:F G:F B:F
  526 : 111111111111 ; -- R:F G:F B:F
  527 : 111111111111 ; -- R:F G:F B:F
  528 : 111111111111 ; -- R:F G:F B:F
  529 : 111111111111 ; -- R:F G:F B:F
  530 : 111111111111 ; -- R:F G:F B:F
  531 : 111111111111 ; -- R:F G:F B:F
  532 : 111111111111 ; -- R:F G:F B:F
  533 : 111111111111 ; -- R:F G:F B:F
  534 : 111111111111 ; -- R:F G:F B:F
  535 : 111111111111 ; -- R:F G:F B:F
  536 : 111111111111 ; -- R:F G:F B:F
  537 : 111111111111 ; -- R:F G:F B:F
  538 : 111111111111 ; -- R:F G:F B:F
  539 : 111111111111 ; -- R:F G:F B:F
  540 : 111111111111 ; -- R:F G:F B:F
  541 : 101010011001 ; -- R:A G:9 B:9
  542 : 100110011000 ; -- R:9 G:9 B:8
  543 : 101010011000 ; -- R:A G:9 B:8
  544 : 101010011000 ; -- R:A G:9 B:8
  545 : 101010011000 ; -- R:A G:9 B:8
  546 : 100110001000 ; -- R:9 G:8 B:8
  547 : 101010101001 ; -- R:A G:A B:9
  548 : 111111111111 ; -- R:F G:F B:F
  549 : 111111111111 ; -- R:F G:F B:F
  550 : 111111111111 ; -- R:F G:F B:F
  551 : 111111111111 ; -- R:F G:F B:F
  552 : 111111111111 ; -- R:F G:F B:F
  553 : 111111111111 ; -- R:F G:F B:F
  554 : 111111111111 ; -- R:F G:F B:F
  555 : 111111111111 ; -- R:F G:F B:F
  556 : 111111111111 ; -- R:F G:F B:F
  557 : 101110111011 ; -- R:B G:B B:B
  558 : 101010101001 ; -- R:A G:A B:9
  559 : 101110101010 ; -- R:B G:A B:A
  560 : 111011101101 ; -- R:E G:E B:D
  561 : 111111111111 ; -- R:F G:F B:F
  562 : 111111111111 ; -- R:F G:F B:F
  563 : 111111111111 ; -- R:F G:F B:F
  564 : 111111111111 ; -- R:F G:F B:F
  565 : 111111111111 ; -- R:F G:F B:F
  566 : 111111111111 ; -- R:F G:F B:F
  567 : 111111111111 ; -- R:F G:F B:F
  568 : 111111111111 ; -- R:F G:F B:F
  569 : 111111111111 ; -- R:F G:F B:F
  570 : 111111111111 ; -- R:F G:F B:F
  571 : 111111111111 ; -- R:F G:F B:F
  572 : 111111111111 ; -- R:F G:F B:F
  573 : 111111111111 ; -- R:F G:F B:F
  574 : 111111111111 ; -- R:F G:F B:F
  575 : 111111111111 ; -- R:F G:F B:F
  576 : 111111111111 ; -- R:F G:F B:F
  577 : 111111111111 ; -- R:F G:F B:F
  578 : 111111111111 ; -- R:F G:F B:F
  579 : 111111111111 ; -- R:F G:F B:F
  580 : 111111111111 ; -- R:F G:F B:F
  581 : 111111111111 ; -- R:F G:F B:F
  582 : 111111111111 ; -- R:F G:F B:F
  583 : 111111111111 ; -- R:F G:F B:F
  584 : 111111111111 ; -- R:F G:F B:F
  585 : 111111111111 ; -- R:F G:F B:F
  586 : 111111111111 ; -- R:F G:F B:F
  587 : 111111111111 ; -- R:F G:F B:F
  588 : 111111111111 ; -- R:F G:F B:F
  589 : 111111111111 ; -- R:F G:F B:F
  590 : 111111111111 ; -- R:F G:F B:F
  591 : 111111111111 ; -- R:F G:F B:F
  592 : 111111111111 ; -- R:F G:F B:F
  593 : 111111111111 ; -- R:F G:F B:F
  594 : 111111111111 ; -- R:F G:F B:F
  595 : 111111111111 ; -- R:F G:F B:F
  596 : 111111111111 ; -- R:F G:F B:F
  597 : 111111111111 ; -- R:F G:F B:F
  598 : 111111111111 ; -- R:F G:F B:F
  599 : 111111111111 ; -- R:F G:F B:F
  600 : 111111111111 ; -- R:F G:F B:F
  601 : 111111111111 ; -- R:F G:F B:F
  602 : 111111111111 ; -- R:F G:F B:F
  603 : 111111111111 ; -- R:F G:F B:F
  604 : 101110111010 ; -- R:B G:B B:A
  605 : 100110000111 ; -- R:9 G:8 B:7
  606 : 101010011000 ; -- R:A G:9 B:8
  607 : 101010011000 ; -- R:A G:9 B:8
  608 : 101010011000 ; -- R:A G:9 B:8
  609 : 101010011000 ; -- R:A G:9 B:8
  610 : 101010011000 ; -- R:A G:9 B:8
  611 : 100110000111 ; -- R:9 G:8 B:7
  612 : 110011001011 ; -- R:C G:C B:B
  613 : 111111111111 ; -- R:F G:F B:F
  614 : 111111111111 ; -- R:F G:F B:F
  615 : 111111111111 ; -- R:F G:F B:F
  616 : 111111111111 ; -- R:F G:F B:F
  617 : 111111111111 ; -- R:F G:F B:F
  618 : 111111111111 ; -- R:F G:F B:F
  619 : 111111111111 ; -- R:F G:F B:F
  620 : 101110101010 ; -- R:B G:A B:A
  621 : 100110000111 ; -- R:9 G:8 B:7
  622 : 100110011000 ; -- R:9 G:9 B:8
  623 : 100110001000 ; -- R:9 G:8 B:8
  624 : 100110011000 ; -- R:9 G:9 B:8
  625 : 110111101101 ; -- R:D G:E B:D
  626 : 111111111111 ; -- R:F G:F B:F
  627 : 111111111111 ; -- R:F G:F B:F
  628 : 111111111111 ; -- R:F G:F B:F
  629 : 111111111111 ; -- R:F G:F B:F
  630 : 111111111111 ; -- R:F G:F B:F
  631 : 111111111111 ; -- R:F G:F B:F
  632 : 111111111111 ; -- R:F G:F B:F
  633 : 111111111111 ; -- R:F G:F B:F
  634 : 111111111111 ; -- R:F G:F B:F
  635 : 111111111111 ; -- R:F G:F B:F
  636 : 111111111111 ; -- R:F G:F B:F
  637 : 111111111111 ; -- R:F G:F B:F
  638 : 111111111111 ; -- R:F G:F B:F
  639 : 111111111111 ; -- R:F G:F B:F
  640 : 111111111111 ; -- R:F G:F B:F
  641 : 111111111111 ; -- R:F G:F B:F
  642 : 111111111111 ; -- R:F G:F B:F
  643 : 111111111111 ; -- R:F G:F B:F
  644 : 111111111111 ; -- R:F G:F B:F
  645 : 111111111111 ; -- R:F G:F B:F
  646 : 111111111111 ; -- R:F G:F B:F
  647 : 111111111111 ; -- R:F G:F B:F
  648 : 111111111111 ; -- R:F G:F B:F
  649 : 111111111111 ; -- R:F G:F B:F
  650 : 111111111111 ; -- R:F G:F B:F
  651 : 111111111111 ; -- R:F G:F B:F
  652 : 111111111111 ; -- R:F G:F B:F
  653 : 111111111111 ; -- R:F G:F B:F
  654 : 111111111111 ; -- R:F G:F B:F
  655 : 111111111111 ; -- R:F G:F B:F
  656 : 111111111111 ; -- R:F G:F B:F
  657 : 111111111111 ; -- R:F G:F B:F
  658 : 111111111111 ; -- R:F G:F B:F
  659 : 111111111111 ; -- R:F G:F B:F
  660 : 111111111111 ; -- R:F G:F B:F
  661 : 111111111111 ; -- R:F G:F B:F
  662 : 111111111111 ; -- R:F G:F B:F
  663 : 111111111111 ; -- R:F G:F B:F
  664 : 111111111111 ; -- R:F G:F B:F
  665 : 111111111111 ; -- R:F G:F B:F
  666 : 111111111111 ; -- R:F G:F B:F
  667 : 110111011101 ; -- R:D G:D B:D
  668 : 100110000111 ; -- R:9 G:8 B:7
  669 : 101010011000 ; -- R:A G:9 B:8
  670 : 101010011000 ; -- R:A G:9 B:8
  671 : 101010011000 ; -- R:A G:9 B:8
  672 : 101010011000 ; -- R:A G:9 B:8
  673 : 101010011000 ; -- R:A G:9 B:8
  674 : 101010011000 ; -- R:A G:9 B:8
  675 : 101010011000 ; -- R:A G:9 B:8
  676 : 100110011000 ; -- R:9 G:9 B:8
  677 : 110011001100 ; -- R:C G:C B:C
  678 : 111111111111 ; -- R:F G:F B:F
  679 : 111111111111 ; -- R:F G:F B:F
  680 : 111111111111 ; -- R:F G:F B:F
  681 : 111111111111 ; -- R:F G:F B:F
  682 : 111111111111 ; -- R:F G:F B:F
  683 : 110011001100 ; -- R:C G:C B:C
  684 : 100110000111 ; -- R:9 G:8 B:7
  685 : 101010011000 ; -- R:A G:9 B:8
  686 : 101010011000 ; -- R:A G:9 B:8
  687 : 101010011000 ; -- R:A G:9 B:8
  688 : 101010011000 ; -- R:A G:9 B:8
  689 : 100110011000 ; -- R:9 G:9 B:8
  690 : 111011101110 ; -- R:E G:E B:E
  691 : 111111111111 ; -- R:F G:F B:F
  692 : 111111111111 ; -- R:F G:F B:F
  693 : 111111111111 ; -- R:F G:F B:F
  694 : 111111111111 ; -- R:F G:F B:F
  695 : 111111111111 ; -- R:F G:F B:F
  696 : 111111111111 ; -- R:F G:F B:F
  697 : 111111111111 ; -- R:F G:F B:F
  698 : 111111111111 ; -- R:F G:F B:F
  699 : 111111111111 ; -- R:F G:F B:F
  700 : 111111111111 ; -- R:F G:F B:F
  701 : 111111111111 ; -- R:F G:F B:F
  702 : 111111111111 ; -- R:F G:F B:F
  703 : 111111111111 ; -- R:F G:F B:F
  704 : 111111111111 ; -- R:F G:F B:F
  705 : 111111111111 ; -- R:F G:F B:F
  706 : 111111111111 ; -- R:F G:F B:F
  707 : 111111111111 ; -- R:F G:F B:F
  708 : 111111111111 ; -- R:F G:F B:F
  709 : 111111111111 ; -- R:F G:F B:F
  710 : 111111111111 ; -- R:F G:F B:F
  711 : 111111111111 ; -- R:F G:F B:F
  712 : 111111111111 ; -- R:F G:F B:F
  713 : 111111111111 ; -- R:F G:F B:F
  714 : 111111111111 ; -- R:F G:F B:F
  715 : 111111111111 ; -- R:F G:F B:F
  716 : 111111111111 ; -- R:F G:F B:F
  717 : 111111111111 ; -- R:F G:F B:F
  718 : 111111111111 ; -- R:F G:F B:F
  719 : 111111111111 ; -- R:F G:F B:F
  720 : 111111111111 ; -- R:F G:F B:F
  721 : 111111111111 ; -- R:F G:F B:F
  722 : 111111111111 ; -- R:F G:F B:F
  723 : 111111111111 ; -- R:F G:F B:F
  724 : 111111111111 ; -- R:F G:F B:F
  725 : 111111111111 ; -- R:F G:F B:F
  726 : 111111111111 ; -- R:F G:F B:F
  727 : 111111111111 ; -- R:F G:F B:F
  728 : 111111111111 ; -- R:F G:F B:F
  729 : 111111111111 ; -- R:F G:F B:F
  730 : 111111111111 ; -- R:F G:F B:F
  731 : 101010011001 ; -- R:A G:9 B:9
  732 : 100110011000 ; -- R:9 G:9 B:8
  733 : 101010011000 ; -- R:A G:9 B:8
  734 : 101010011000 ; -- R:A G:9 B:8
  735 : 101010011000 ; -- R:A G:9 B:8
  736 : 101010011000 ; -- R:A G:9 B:8
  737 : 101010011000 ; -- R:A G:9 B:8
  738 : 101010011000 ; -- R:A G:9 B:8
  739 : 100110000111 ; -- R:9 G:8 B:7
  740 : 011101100110 ; -- R:7 G:6 B:6
  741 : 011001100101 ; -- R:6 G:6 B:5
  742 : 100010000111 ; -- R:8 G:8 B:7
  743 : 101010101010 ; -- R:A G:A B:A
  744 : 110011001100 ; -- R:C G:C B:C
  745 : 110111011101 ; -- R:D G:D B:D
  746 : 110111011101 ; -- R:D G:D B:D
  747 : 100110011000 ; -- R:9 G:9 B:8
  748 : 101010011000 ; -- R:A G:9 B:8
  749 : 101010011000 ; -- R:A G:9 B:8
  750 : 101010011000 ; -- R:A G:9 B:8
  751 : 101010011000 ; -- R:A G:9 B:8
  752 : 101010011000 ; -- R:A G:9 B:8
  753 : 100110001000 ; -- R:9 G:8 B:8
  754 : 101010101001 ; -- R:A G:A B:9
  755 : 111111111111 ; -- R:F G:F B:F
  756 : 111111111111 ; -- R:F G:F B:F
  757 : 111111111111 ; -- R:F G:F B:F
  758 : 111111111111 ; -- R:F G:F B:F
  759 : 111111111111 ; -- R:F G:F B:F
  760 : 111111111111 ; -- R:F G:F B:F
  761 : 111111111111 ; -- R:F G:F B:F
  762 : 111111111111 ; -- R:F G:F B:F
  763 : 111111111111 ; -- R:F G:F B:F
  764 : 111111111111 ; -- R:F G:F B:F
  765 : 111111111111 ; -- R:F G:F B:F
  766 : 111111111111 ; -- R:F G:F B:F
  767 : 111111111111 ; -- R:F G:F B:F
  768 : 111111111111 ; -- R:F G:F B:F
  769 : 111111111111 ; -- R:F G:F B:F
  770 : 111111111111 ; -- R:F G:F B:F
  771 : 111111111111 ; -- R:F G:F B:F
  772 : 111111111111 ; -- R:F G:F B:F
  773 : 111111111111 ; -- R:F G:F B:F
  774 : 111111111111 ; -- R:F G:F B:F
  775 : 111111111111 ; -- R:F G:F B:F
  776 : 111111111111 ; -- R:F G:F B:F
  777 : 111111111111 ; -- R:F G:F B:F
  778 : 111111111111 ; -- R:F G:F B:F
  779 : 111111111111 ; -- R:F G:F B:F
  780 : 111111111111 ; -- R:F G:F B:F
  781 : 111111111111 ; -- R:F G:F B:F
  782 : 111111111111 ; -- R:F G:F B:F
  783 : 111111111111 ; -- R:F G:F B:F
  784 : 111111111111 ; -- R:F G:F B:F
  785 : 111111111111 ; -- R:F G:F B:F
  786 : 111111111111 ; -- R:F G:F B:F
  787 : 111111111111 ; -- R:F G:F B:F
  788 : 111111111111 ; -- R:F G:F B:F
  789 : 111111111111 ; -- R:F G:F B:F
  790 : 111111111111 ; -- R:F G:F B:F
  791 : 111111111111 ; -- R:F G:F B:F
  792 : 111111111111 ; -- R:F G:F B:F
  793 : 111111111111 ; -- R:F G:F B:F
  794 : 110010111011 ; -- R:C G:B B:B
  795 : 100110000111 ; -- R:9 G:8 B:7
  796 : 101010011000 ; -- R:A G:9 B:8
  797 : 101010011000 ; -- R:A G:9 B:8
  798 : 101010011000 ; -- R:A G:9 B:8
  799 : 101010011000 ; -- R:A G:9 B:8
  800 : 101010011000 ; -- R:A G:9 B:8
  801 : 101010011000 ; -- R:A G:9 B:8
  802 : 100110001000 ; -- R:9 G:8 B:8
  803 : 011001100101 ; -- R:6 G:6 B:5
  804 : 011101100110 ; -- R:7 G:6 B:6
  805 : 100001110111 ; -- R:8 G:7 B:7
  806 : 011001100101 ; -- R:6 G:6 B:5
  807 : 011001100101 ; -- R:6 G:6 B:5
  808 : 011101100101 ; -- R:7 G:6 B:5
  809 : 011101110110 ; -- R:7 G:7 B:6
  810 : 100110011000 ; -- R:9 G:9 B:8
  811 : 101010011000 ; -- R:A G:9 B:8
  812 : 101010011000 ; -- R:A G:9 B:8
  813 : 101010011000 ; -- R:A G:9 B:8
  814 : 101010011000 ; -- R:A G:9 B:8
  815 : 101010011000 ; -- R:A G:9 B:8
  816 : 101010011000 ; -- R:A G:9 B:8
  817 : 101010011000 ; -- R:A G:9 B:8
  818 : 100110000111 ; -- R:9 G:8 B:7
  819 : 110011001011 ; -- R:C G:C B:B
  820 : 111111111111 ; -- R:F G:F B:F
  821 : 111111111111 ; -- R:F G:F B:F
  822 : 111111111111 ; -- R:F G:F B:F
  823 : 111111111111 ; -- R:F G:F B:F
  824 : 111111111111 ; -- R:F G:F B:F
  825 : 111111111111 ; -- R:F G:F B:F
  826 : 111111111111 ; -- R:F G:F B:F
  827 : 111111111111 ; -- R:F G:F B:F
  828 : 111111111111 ; -- R:F G:F B:F
  829 : 111111111111 ; -- R:F G:F B:F
  830 : 111111111111 ; -- R:F G:F B:F
  831 : 111111111111 ; -- R:F G:F B:F
  832 : 111111111111 ; -- R:F G:F B:F
  833 : 111111111111 ; -- R:F G:F B:F
  834 : 111111111111 ; -- R:F G:F B:F
  835 : 111111111111 ; -- R:F G:F B:F
  836 : 111111111111 ; -- R:F G:F B:F
  837 : 111111111111 ; -- R:F G:F B:F
  838 : 111111111111 ; -- R:F G:F B:F
  839 : 111111111111 ; -- R:F G:F B:F
  840 : 111111111111 ; -- R:F G:F B:F
  841 : 111111111111 ; -- R:F G:F B:F
  842 : 111111111111 ; -- R:F G:F B:F
  843 : 111111111111 ; -- R:F G:F B:F
  844 : 111111111111 ; -- R:F G:F B:F
  845 : 111111111111 ; -- R:F G:F B:F
  846 : 111111111111 ; -- R:F G:F B:F
  847 : 111111111111 ; -- R:F G:F B:F
  848 : 111111111111 ; -- R:F G:F B:F
  849 : 111111111111 ; -- R:F G:F B:F
  850 : 111111111111 ; -- R:F G:F B:F
  851 : 111111111111 ; -- R:F G:F B:F
  852 : 111111111111 ; -- R:F G:F B:F
  853 : 111111111111 ; -- R:F G:F B:F
  854 : 111111111111 ; -- R:F G:F B:F
  855 : 111111111111 ; -- R:F G:F B:F
  856 : 111111111111 ; -- R:F G:F B:F
  857 : 111011101110 ; -- R:E G:E B:E
  858 : 100110011000 ; -- R:9 G:9 B:8
  859 : 101010011000 ; -- R:A G:9 B:8
  860 : 101010011000 ; -- R:A G:9 B:8
  861 : 101010011000 ; -- R:A G:9 B:8
  862 : 101010011000 ; -- R:A G:9 B:8
  863 : 101010011000 ; -- R:A G:9 B:8
  864 : 101010011000 ; -- R:A G:9 B:8
  865 : 101010011000 ; -- R:A G:9 B:8
  866 : 100110011000 ; -- R:9 G:9 B:8
  867 : 100110011000 ; -- R:9 G:9 B:8
  868 : 101010011000 ; -- R:A G:9 B:8
  869 : 100001110111 ; -- R:8 G:7 B:7
  870 : 100010000111 ; -- R:8 G:8 B:7
  871 : 100110000111 ; -- R:9 G:8 B:7
  872 : 100001110111 ; -- R:8 G:7 B:7
  873 : 100110011000 ; -- R:9 G:9 B:8
  874 : 101010011000 ; -- R:A G:9 B:8
  875 : 101010011000 ; -- R:A G:9 B:8
  876 : 101010011000 ; -- R:A G:9 B:8
  877 : 101010011000 ; -- R:A G:9 B:8
  878 : 101010011000 ; -- R:A G:9 B:8
  879 : 101010011000 ; -- R:A G:9 B:8
  880 : 101010011000 ; -- R:A G:9 B:8
  881 : 101010011000 ; -- R:A G:9 B:8
  882 : 101010011000 ; -- R:A G:9 B:8
  883 : 100110011000 ; -- R:9 G:9 B:8
  884 : 111011101110 ; -- R:E G:E B:E
  885 : 111111111111 ; -- R:F G:F B:F
  886 : 111111111111 ; -- R:F G:F B:F
  887 : 111111111111 ; -- R:F G:F B:F
  888 : 111111111111 ; -- R:F G:F B:F
  889 : 111111111111 ; -- R:F G:F B:F
  890 : 111111111111 ; -- R:F G:F B:F
  891 : 111111111111 ; -- R:F G:F B:F
  892 : 111111111111 ; -- R:F G:F B:F
  893 : 111111111111 ; -- R:F G:F B:F
  894 : 111111111111 ; -- R:F G:F B:F
  895 : 111111111111 ; -- R:F G:F B:F
  896 : 111111111111 ; -- R:F G:F B:F
  897 : 111111111111 ; -- R:F G:F B:F
  898 : 111111111111 ; -- R:F G:F B:F
  899 : 111111111111 ; -- R:F G:F B:F
  900 : 111111111111 ; -- R:F G:F B:F
  901 : 111111111111 ; -- R:F G:F B:F
  902 : 111111111111 ; -- R:F G:F B:F
  903 : 111111111111 ; -- R:F G:F B:F
  904 : 111111111111 ; -- R:F G:F B:F
  905 : 111111111111 ; -- R:F G:F B:F
  906 : 111111111111 ; -- R:F G:F B:F
  907 : 111111111111 ; -- R:F G:F B:F
  908 : 111111111111 ; -- R:F G:F B:F
  909 : 111111111111 ; -- R:F G:F B:F
  910 : 111111111111 ; -- R:F G:F B:F
  911 : 111111111111 ; -- R:F G:F B:F
  912 : 111111111111 ; -- R:F G:F B:F
  913 : 111111111111 ; -- R:F G:F B:F
  914 : 111111111111 ; -- R:F G:F B:F
  915 : 111111111111 ; -- R:F G:F B:F
  916 : 111111111111 ; -- R:F G:F B:F
  917 : 111111111111 ; -- R:F G:F B:F
  918 : 111111111111 ; -- R:F G:F B:F
  919 : 111111111111 ; -- R:F G:F B:F
  920 : 111111111111 ; -- R:F G:F B:F
  921 : 101110101010 ; -- R:B G:A B:A
  922 : 100110001000 ; -- R:9 G:8 B:8
  923 : 101010011000 ; -- R:A G:9 B:8
  924 : 101010011000 ; -- R:A G:9 B:8
  925 : 101010011000 ; -- R:A G:9 B:8
  926 : 101010011000 ; -- R:A G:9 B:8
  927 : 101010011000 ; -- R:A G:9 B:8
  928 : 101010011000 ; -- R:A G:9 B:8
  929 : 101010011000 ; -- R:A G:9 B:8
  930 : 101010011000 ; -- R:A G:9 B:8
  931 : 101010011000 ; -- R:A G:9 B:8
  932 : 101010011000 ; -- R:A G:9 B:8
  933 : 101010011000 ; -- R:A G:9 B:8
  934 : 101010011000 ; -- R:A G:9 B:8
  935 : 101010011000 ; -- R:A G:9 B:8
  936 : 101010011000 ; -- R:A G:9 B:8
  937 : 101010011000 ; -- R:A G:9 B:8
  938 : 101010011000 ; -- R:A G:9 B:8
  939 : 101010011000 ; -- R:A G:9 B:8
  940 : 101010011000 ; -- R:A G:9 B:8
  941 : 101010011000 ; -- R:A G:9 B:8
  942 : 101010011000 ; -- R:A G:9 B:8
  943 : 101010011000 ; -- R:A G:9 B:8
  944 : 101010011000 ; -- R:A G:9 B:8
  945 : 101010011000 ; -- R:A G:9 B:8
  946 : 101010011000 ; -- R:A G:9 B:8
  947 : 100110001000 ; -- R:9 G:8 B:8
  948 : 101010101001 ; -- R:A G:A B:9
  949 : 111111111111 ; -- R:F G:F B:F
  950 : 111111111111 ; -- R:F G:F B:F
  951 : 111111111111 ; -- R:F G:F B:F
  952 : 111111111111 ; -- R:F G:F B:F
  953 : 111111111111 ; -- R:F G:F B:F
  954 : 111111111111 ; -- R:F G:F B:F
  955 : 111111111111 ; -- R:F G:F B:F
  956 : 111111111111 ; -- R:F G:F B:F
  957 : 111111111111 ; -- R:F G:F B:F
  958 : 111111111111 ; -- R:F G:F B:F
  959 : 111111111111 ; -- R:F G:F B:F
  960 : 111111111111 ; -- R:F G:F B:F
  961 : 111111111111 ; -- R:F G:F B:F
  962 : 111111111111 ; -- R:F G:F B:F
  963 : 111111111111 ; -- R:F G:F B:F
  964 : 111111111111 ; -- R:F G:F B:F
  965 : 111111111111 ; -- R:F G:F B:F
  966 : 111111111111 ; -- R:F G:F B:F
  967 : 111111111111 ; -- R:F G:F B:F
  968 : 111111111111 ; -- R:F G:F B:F
  969 : 111111111111 ; -- R:F G:F B:F
  970 : 111111111111 ; -- R:F G:F B:F
  971 : 111111111111 ; -- R:F G:F B:F
  972 : 111111111111 ; -- R:F G:F B:F
  973 : 111111111111 ; -- R:F G:F B:F
  974 : 111111111111 ; -- R:F G:F B:F
  975 : 111111111111 ; -- R:F G:F B:F
  976 : 111111111111 ; -- R:F G:F B:F
  977 : 111111111111 ; -- R:F G:F B:F
  978 : 111111111111 ; -- R:F G:F B:F
  979 : 111111111111 ; -- R:F G:F B:F
  980 : 111111111111 ; -- R:F G:F B:F
  981 : 111111111111 ; -- R:F G:F B:F
  982 : 111111111111 ; -- R:F G:F B:F
  983 : 111111111111 ; -- R:F G:F B:F
  984 : 110111011101 ; -- R:D G:D B:D
  985 : 100110000111 ; -- R:9 G:8 B:7
  986 : 101010011000 ; -- R:A G:9 B:8
  987 : 101010011000 ; -- R:A G:9 B:8
  988 : 101010011000 ; -- R:A G:9 B:8
  989 : 101010011000 ; -- R:A G:9 B:8
  990 : 101010011000 ; -- R:A G:9 B:8
  991 : 101010011000 ; -- R:A G:9 B:8
  992 : 101010011000 ; -- R:A G:9 B:8
  993 : 101010011000 ; -- R:A G:9 B:8
  994 : 101010011000 ; -- R:A G:9 B:8
  995 : 101010011000 ; -- R:A G:9 B:8
  996 : 101010011000 ; -- R:A G:9 B:8
  997 : 100110011000 ; -- R:9 G:9 B:8
  998 : 100110011000 ; -- R:9 G:9 B:8
  999 : 101010011000 ; -- R:A G:9 B:8
  1000 : 100110011000 ; -- R:9 G:9 B:8
  1001 : 101010011000 ; -- R:A G:9 B:8
  1002 : 101010011000 ; -- R:A G:9 B:8
  1003 : 101010011000 ; -- R:A G:9 B:8
  1004 : 101010011000 ; -- R:A G:9 B:8
  1005 : 101010011000 ; -- R:A G:9 B:8
  1006 : 101010011000 ; -- R:A G:9 B:8
  1007 : 101010011000 ; -- R:A G:9 B:8
  1008 : 101010011000 ; -- R:A G:9 B:8
  1009 : 101010011000 ; -- R:A G:9 B:8
  1010 : 101010011000 ; -- R:A G:9 B:8
  1011 : 101010011000 ; -- R:A G:9 B:8
  1012 : 100110000111 ; -- R:9 G:8 B:7
  1013 : 110111011100 ; -- R:D G:D B:C
  1014 : 111111111111 ; -- R:F G:F B:F
  1015 : 111111111111 ; -- R:F G:F B:F
  1016 : 111111111111 ; -- R:F G:F B:F
  1017 : 111111111111 ; -- R:F G:F B:F
  1018 : 111111111111 ; -- R:F G:F B:F
  1019 : 111111111111 ; -- R:F G:F B:F
  1020 : 111111111111 ; -- R:F G:F B:F
  1021 : 111111111111 ; -- R:F G:F B:F
  1022 : 111111111111 ; -- R:F G:F B:F
  1023 : 111111111111 ; -- R:F G:F B:F
  1024 : 111111111111 ; -- R:F G:F B:F
  1025 : 111111111111 ; -- R:F G:F B:F
  1026 : 111111111111 ; -- R:F G:F B:F
  1027 : 111111111111 ; -- R:F G:F B:F
  1028 : 111111111111 ; -- R:F G:F B:F
  1029 : 111111111111 ; -- R:F G:F B:F
  1030 : 111111111111 ; -- R:F G:F B:F
  1031 : 111111111111 ; -- R:F G:F B:F
  1032 : 111111111111 ; -- R:F G:F B:F
  1033 : 111111111111 ; -- R:F G:F B:F
  1034 : 111111111111 ; -- R:F G:F B:F
  1035 : 111111111111 ; -- R:F G:F B:F
  1036 : 111111111111 ; -- R:F G:F B:F
  1037 : 111111111111 ; -- R:F G:F B:F
  1038 : 111111111111 ; -- R:F G:F B:F
  1039 : 111111111111 ; -- R:F G:F B:F
  1040 : 111111111111 ; -- R:F G:F B:F
  1041 : 111111111111 ; -- R:F G:F B:F
  1042 : 111111111111 ; -- R:F G:F B:F
  1043 : 111111111111 ; -- R:F G:F B:F
  1044 : 111111111111 ; -- R:F G:F B:F
  1045 : 111111111111 ; -- R:F G:F B:F
  1046 : 111111111111 ; -- R:F G:F B:F
  1047 : 111111111111 ; -- R:F G:F B:F
  1048 : 101010101001 ; -- R:A G:A B:9
  1049 : 100110011000 ; -- R:9 G:9 B:8
  1050 : 101010011000 ; -- R:A G:9 B:8
  1051 : 101010011000 ; -- R:A G:9 B:8
  1052 : 101010011000 ; -- R:A G:9 B:8
  1053 : 100110011000 ; -- R:9 G:9 B:8
  1054 : 100110011000 ; -- R:9 G:9 B:8
  1055 : 100110011000 ; -- R:9 G:9 B:8
  1056 : 100110011000 ; -- R:9 G:9 B:8
  1057 : 100110011000 ; -- R:9 G:9 B:8
  1058 : 100110011000 ; -- R:9 G:9 B:8
  1059 : 100110011000 ; -- R:9 G:9 B:8
  1060 : 101010011000 ; -- R:A G:9 B:8
  1061 : 101010011000 ; -- R:A G:9 B:8
  1062 : 101010011000 ; -- R:A G:9 B:8
  1063 : 101010011000 ; -- R:A G:9 B:8
  1064 : 101010011000 ; -- R:A G:9 B:8
  1065 : 101010011000 ; -- R:A G:9 B:8
  1066 : 101010011000 ; -- R:A G:9 B:8
  1067 : 101010011000 ; -- R:A G:9 B:8
  1068 : 101010011000 ; -- R:A G:9 B:8
  1069 : 101010011000 ; -- R:A G:9 B:8
  1070 : 101010011000 ; -- R:A G:9 B:8
  1071 : 101010011000 ; -- R:A G:9 B:8
  1072 : 101010011000 ; -- R:A G:9 B:8
  1073 : 101010011000 ; -- R:A G:9 B:8
  1074 : 101010011000 ; -- R:A G:9 B:8
  1075 : 101010011000 ; -- R:A G:9 B:8
  1076 : 101010011000 ; -- R:A G:9 B:8
  1077 : 100110011000 ; -- R:9 G:9 B:8
  1078 : 100110011001 ; -- R:9 G:9 B:9
  1079 : 101010101010 ; -- R:A G:A B:A
  1080 : 101110111011 ; -- R:B G:B B:B
  1081 : 111011101110 ; -- R:E G:E B:E
  1082 : 111111111111 ; -- R:F G:F B:F
  1083 : 111111111111 ; -- R:F G:F B:F
  1084 : 111111111111 ; -- R:F G:F B:F
  1085 : 111111111111 ; -- R:F G:F B:F
  1086 : 111111111111 ; -- R:F G:F B:F
  1087 : 111111111111 ; -- R:F G:F B:F
  1088 : 111111111111 ; -- R:F G:F B:F
  1089 : 111111111111 ; -- R:F G:F B:F
  1090 : 111111111111 ; -- R:F G:F B:F
  1091 : 111111111111 ; -- R:F G:F B:F
  1092 : 111111111111 ; -- R:F G:F B:F
  1093 : 111111111111 ; -- R:F G:F B:F
  1094 : 111111111111 ; -- R:F G:F B:F
  1095 : 111111111111 ; -- R:F G:F B:F
  1096 : 111111111111 ; -- R:F G:F B:F
  1097 : 111111111111 ; -- R:F G:F B:F
  1098 : 111111111111 ; -- R:F G:F B:F
  1099 : 111111111111 ; -- R:F G:F B:F
  1100 : 111111111111 ; -- R:F G:F B:F
  1101 : 111111111111 ; -- R:F G:F B:F
  1102 : 111111111111 ; -- R:F G:F B:F
  1103 : 111111111111 ; -- R:F G:F B:F
  1104 : 111111111111 ; -- R:F G:F B:F
  1105 : 111111111111 ; -- R:F G:F B:F
  1106 : 111111111111 ; -- R:F G:F B:F
  1107 : 111111111111 ; -- R:F G:F B:F
  1108 : 111111111111 ; -- R:F G:F B:F
  1109 : 111111111111 ; -- R:F G:F B:F
  1110 : 111111111111 ; -- R:F G:F B:F
  1111 : 110111011100 ; -- R:D G:D B:C
  1112 : 100110000111 ; -- R:9 G:8 B:7
  1113 : 101010011000 ; -- R:A G:9 B:8
  1114 : 100110011000 ; -- R:9 G:9 B:8
  1115 : 100110011000 ; -- R:9 G:9 B:8
  1116 : 100110011000 ; -- R:9 G:9 B:8
  1117 : 100110011000 ; -- R:9 G:9 B:8
  1118 : 100110011000 ; -- R:9 G:9 B:8
  1119 : 100110011000 ; -- R:9 G:9 B:8
  1120 : 100110011000 ; -- R:9 G:9 B:8
  1121 : 100110011000 ; -- R:9 G:9 B:8
  1122 : 100110011000 ; -- R:9 G:9 B:8
  1123 : 100110011000 ; -- R:9 G:9 B:8
  1124 : 100110011000 ; -- R:9 G:9 B:8
  1125 : 100110011000 ; -- R:9 G:9 B:8
  1126 : 100110011000 ; -- R:9 G:9 B:8
  1127 : 101010011000 ; -- R:A G:9 B:8
  1128 : 101010011000 ; -- R:A G:9 B:8
  1129 : 101010011000 ; -- R:A G:9 B:8
  1130 : 101010011000 ; -- R:A G:9 B:8
  1131 : 101010011000 ; -- R:A G:9 B:8
  1132 : 101010011000 ; -- R:A G:9 B:8
  1133 : 101010011000 ; -- R:A G:9 B:8
  1134 : 101010011000 ; -- R:A G:9 B:8
  1135 : 101010011000 ; -- R:A G:9 B:8
  1136 : 101010011000 ; -- R:A G:9 B:8
  1137 : 101010011000 ; -- R:A G:9 B:8
  1138 : 101010011000 ; -- R:A G:9 B:8
  1139 : 101010011000 ; -- R:A G:9 B:8
  1140 : 100110011000 ; -- R:9 G:9 B:8
  1141 : 101010011000 ; -- R:A G:9 B:8
  1142 : 100010001000 ; -- R:8 G:8 B:8
  1143 : 011010000111 ; -- R:6 G:8 B:7
  1144 : 010101110110 ; -- R:5 G:7 B:6
  1145 : 101111001011 ; -- R:B G:C B:B
  1146 : 111111111111 ; -- R:F G:F B:F
  1147 : 111111111111 ; -- R:F G:F B:F
  1148 : 111111111111 ; -- R:F G:F B:F
  1149 : 111111111111 ; -- R:F G:F B:F
  1150 : 111111111111 ; -- R:F G:F B:F
  1151 : 111111111111 ; -- R:F G:F B:F
  1152 : 111111111111 ; -- R:F G:F B:F
  1153 : 111111111111 ; -- R:F G:F B:F
  1154 : 111111111111 ; -- R:F G:F B:F
  1155 : 111111111111 ; -- R:F G:F B:F
  1156 : 111111111111 ; -- R:F G:F B:F
  1157 : 111111111111 ; -- R:F G:F B:F
  1158 : 111111111111 ; -- R:F G:F B:F
  1159 : 111111111111 ; -- R:F G:F B:F
  1160 : 111111111111 ; -- R:F G:F B:F
  1161 : 111111111111 ; -- R:F G:F B:F
  1162 : 111111111111 ; -- R:F G:F B:F
  1163 : 111111111111 ; -- R:F G:F B:F
  1164 : 111111111111 ; -- R:F G:F B:F
  1165 : 111111111111 ; -- R:F G:F B:F
  1166 : 111111111111 ; -- R:F G:F B:F
  1167 : 111111111111 ; -- R:F G:F B:F
  1168 : 111111111111 ; -- R:F G:F B:F
  1169 : 111111111111 ; -- R:F G:F B:F
  1170 : 111111111111 ; -- R:F G:F B:F
  1171 : 111111111111 ; -- R:F G:F B:F
  1172 : 111111111111 ; -- R:F G:F B:F
  1173 : 111111111111 ; -- R:F G:F B:F
  1174 : 111111111111 ; -- R:F G:F B:F
  1175 : 101010101001 ; -- R:A G:A B:9
  1176 : 100110011000 ; -- R:9 G:9 B:8
  1177 : 101010011000 ; -- R:A G:9 B:8
  1178 : 100110011000 ; -- R:9 G:9 B:8
  1179 : 100110011000 ; -- R:9 G:9 B:8
  1180 : 100110011000 ; -- R:9 G:9 B:8
  1181 : 101010011000 ; -- R:A G:9 B:8
  1182 : 101010011000 ; -- R:A G:9 B:8
  1183 : 101010011000 ; -- R:A G:9 B:8
  1184 : 100110011000 ; -- R:9 G:9 B:8
  1185 : 100110011000 ; -- R:9 G:9 B:8
  1186 : 100110011000 ; -- R:9 G:9 B:8
  1187 : 101010011000 ; -- R:A G:9 B:8
  1188 : 101010011000 ; -- R:A G:9 B:8
  1189 : 101010011000 ; -- R:A G:9 B:8
  1190 : 100110011000 ; -- R:9 G:9 B:8
  1191 : 100110011000 ; -- R:9 G:9 B:8
  1192 : 100110011000 ; -- R:9 G:9 B:8
  1193 : 100110011000 ; -- R:9 G:9 B:8
  1194 : 101010011000 ; -- R:A G:9 B:8
  1195 : 101010011000 ; -- R:A G:9 B:8
  1196 : 101010011000 ; -- R:A G:9 B:8
  1197 : 101010011000 ; -- R:A G:9 B:8
  1198 : 101010011000 ; -- R:A G:9 B:8
  1199 : 101010011000 ; -- R:A G:9 B:8
  1200 : 101010011000 ; -- R:A G:9 B:8
  1201 : 101010011000 ; -- R:A G:9 B:8
  1202 : 101010011000 ; -- R:A G:9 B:8
  1203 : 101010011000 ; -- R:A G:9 B:8
  1204 : 101010011000 ; -- R:A G:9 B:8
  1205 : 101010011000 ; -- R:A G:9 B:8
  1206 : 101010011000 ; -- R:A G:9 B:8
  1207 : 110011001100 ; -- R:C G:C B:C
  1208 : 101110111011 ; -- R:B G:B B:B
  1209 : 110011011101 ; -- R:C G:D B:D
  1210 : 111111111111 ; -- R:F G:F B:F
  1211 : 111111111111 ; -- R:F G:F B:F
  1212 : 111111111111 ; -- R:F G:F B:F
  1213 : 111111111111 ; -- R:F G:F B:F
  1214 : 111111111111 ; -- R:F G:F B:F
  1215 : 111111111111 ; -- R:F G:F B:F
  1216 : 111111111111 ; -- R:F G:F B:F
  1217 : 111111111111 ; -- R:F G:F B:F
  1218 : 111111111111 ; -- R:F G:F B:F
  1219 : 111111111111 ; -- R:F G:F B:F
  1220 : 111111111111 ; -- R:F G:F B:F
  1221 : 111111111111 ; -- R:F G:F B:F
  1222 : 111111111111 ; -- R:F G:F B:F
  1223 : 111111111111 ; -- R:F G:F B:F
  1224 : 111111111111 ; -- R:F G:F B:F
  1225 : 111111111111 ; -- R:F G:F B:F
  1226 : 111111111111 ; -- R:F G:F B:F
  1227 : 111111111111 ; -- R:F G:F B:F
  1228 : 111111111111 ; -- R:F G:F B:F
  1229 : 111111111111 ; -- R:F G:F B:F
  1230 : 111111111111 ; -- R:F G:F B:F
  1231 : 111111111111 ; -- R:F G:F B:F
  1232 : 111111111111 ; -- R:F G:F B:F
  1233 : 111111111111 ; -- R:F G:F B:F
  1234 : 111111111111 ; -- R:F G:F B:F
  1235 : 111111111111 ; -- R:F G:F B:F
  1236 : 111111111111 ; -- R:F G:F B:F
  1237 : 111111111111 ; -- R:F G:F B:F
  1238 : 110111011101 ; -- R:D G:D B:D
  1239 : 100110001000 ; -- R:9 G:8 B:8
  1240 : 101010011000 ; -- R:A G:9 B:8
  1241 : 101010011000 ; -- R:A G:9 B:8
  1242 : 101010011000 ; -- R:A G:9 B:8
  1243 : 101010011000 ; -- R:A G:9 B:8
  1244 : 101010011000 ; -- R:A G:9 B:8
  1245 : 101010011000 ; -- R:A G:9 B:8
  1246 : 101010011000 ; -- R:A G:9 B:8
  1247 : 101010011000 ; -- R:A G:9 B:8
  1248 : 101010011000 ; -- R:A G:9 B:8
  1249 : 101010011000 ; -- R:A G:9 B:8
  1250 : 101010011000 ; -- R:A G:9 B:8
  1251 : 101010011000 ; -- R:A G:9 B:8
  1252 : 100110011000 ; -- R:9 G:9 B:8
  1253 : 101010011000 ; -- R:A G:9 B:8
  1254 : 101010011000 ; -- R:A G:9 B:8
  1255 : 101010011000 ; -- R:A G:9 B:8
  1256 : 101010011000 ; -- R:A G:9 B:8
  1257 : 100110011000 ; -- R:9 G:9 B:8
  1258 : 100110011000 ; -- R:9 G:9 B:8
  1259 : 100110011000 ; -- R:9 G:9 B:8
  1260 : 101010011000 ; -- R:A G:9 B:8
  1261 : 101010011000 ; -- R:A G:9 B:8
  1262 : 101010011000 ; -- R:A G:9 B:8
  1263 : 101010011000 ; -- R:A G:9 B:8
  1264 : 101010011000 ; -- R:A G:9 B:8
  1265 : 101010011000 ; -- R:A G:9 B:8
  1266 : 101010011000 ; -- R:A G:9 B:8
  1267 : 101010011000 ; -- R:A G:9 B:8
  1268 : 101010011000 ; -- R:A G:9 B:8
  1269 : 101010011000 ; -- R:A G:9 B:8
  1270 : 100110011000 ; -- R:9 G:9 B:8
  1271 : 111011101110 ; -- R:E G:E B:E
  1272 : 111111111111 ; -- R:F G:F B:F
  1273 : 111111111111 ; -- R:F G:F B:F
  1274 : 111111111111 ; -- R:F G:F B:F
  1275 : 111111111111 ; -- R:F G:F B:F
  1276 : 111111111111 ; -- R:F G:F B:F
  1277 : 111111111111 ; -- R:F G:F B:F
  1278 : 111111111111 ; -- R:F G:F B:F
  1279 : 111111111111 ; -- R:F G:F B:F
  1280 : 111111111111 ; -- R:F G:F B:F
  1281 : 111111111111 ; -- R:F G:F B:F
  1282 : 111111111111 ; -- R:F G:F B:F
  1283 : 111111111111 ; -- R:F G:F B:F
  1284 : 111111111111 ; -- R:F G:F B:F
  1285 : 111111111111 ; -- R:F G:F B:F
  1286 : 111111111111 ; -- R:F G:F B:F
  1287 : 111111111111 ; -- R:F G:F B:F
  1288 : 111111111111 ; -- R:F G:F B:F
  1289 : 111111111111 ; -- R:F G:F B:F
  1290 : 111111111111 ; -- R:F G:F B:F
  1291 : 111111111111 ; -- R:F G:F B:F
  1292 : 111111111111 ; -- R:F G:F B:F
  1293 : 111111111111 ; -- R:F G:F B:F
  1294 : 111111111111 ; -- R:F G:F B:F
  1295 : 111111111111 ; -- R:F G:F B:F
  1296 : 111111111111 ; -- R:F G:F B:F
  1297 : 111111111111 ; -- R:F G:F B:F
  1298 : 111111111111 ; -- R:F G:F B:F
  1299 : 111111111111 ; -- R:F G:F B:F
  1300 : 111111111111 ; -- R:F G:F B:F
  1301 : 111111111111 ; -- R:F G:F B:F
  1302 : 101110101001 ; -- R:B G:A B:9
  1303 : 100110011000 ; -- R:9 G:9 B:8
  1304 : 101010011000 ; -- R:A G:9 B:8
  1305 : 100110001000 ; -- R:9 G:8 B:8
  1306 : 100010000111 ; -- R:8 G:8 B:7
  1307 : 100001110110 ; -- R:8 G:7 B:6
  1308 : 011101100110 ; -- R:7 G:6 B:6
  1309 : 011101100110 ; -- R:7 G:6 B:6
  1310 : 011101100110 ; -- R:7 G:6 B:6
  1311 : 011101100110 ; -- R:7 G:6 B:6
  1312 : 011101110110 ; -- R:7 G:7 B:6
  1313 : 100001110111 ; -- R:8 G:7 B:7
  1314 : 100110000111 ; -- R:9 G:8 B:7
  1315 : 101010011000 ; -- R:A G:9 B:8
  1316 : 101010011000 ; -- R:A G:9 B:8
  1317 : 101010011000 ; -- R:A G:9 B:8
  1318 : 100110011000 ; -- R:9 G:9 B:8
  1319 : 101010011000 ; -- R:A G:9 B:8
  1320 : 101010011000 ; -- R:A G:9 B:8
  1321 : 101010011000 ; -- R:A G:9 B:8
  1322 : 101010011000 ; -- R:A G:9 B:8
  1323 : 101010011000 ; -- R:A G:9 B:8
  1324 : 101010011000 ; -- R:A G:9 B:8
  1325 : 101010011000 ; -- R:A G:9 B:8
  1326 : 101010011000 ; -- R:A G:9 B:8
  1327 : 101010011000 ; -- R:A G:9 B:8
  1328 : 101010011000 ; -- R:A G:9 B:8
  1329 : 101010011000 ; -- R:A G:9 B:8
  1330 : 101010011000 ; -- R:A G:9 B:8
  1331 : 101010011000 ; -- R:A G:9 B:8
  1332 : 101010011000 ; -- R:A G:9 B:8
  1333 : 101010011000 ; -- R:A G:9 B:8
  1334 : 100110000111 ; -- R:9 G:8 B:7
  1335 : 101110111010 ; -- R:B G:B B:A
  1336 : 111111111111 ; -- R:F G:F B:F
  1337 : 111111111111 ; -- R:F G:F B:F
  1338 : 111111111111 ; -- R:F G:F B:F
  1339 : 111111111111 ; -- R:F G:F B:F
  1340 : 111111111111 ; -- R:F G:F B:F
  1341 : 111111111111 ; -- R:F G:F B:F
  1342 : 111111111111 ; -- R:F G:F B:F
  1343 : 111111111111 ; -- R:F G:F B:F
  1344 : 111111111111 ; -- R:F G:F B:F
  1345 : 111111111111 ; -- R:F G:F B:F
  1346 : 111111111111 ; -- R:F G:F B:F
  1347 : 111111111111 ; -- R:F G:F B:F
  1348 : 111111111111 ; -- R:F G:F B:F
  1349 : 111111111111 ; -- R:F G:F B:F
  1350 : 111111111111 ; -- R:F G:F B:F
  1351 : 111111111111 ; -- R:F G:F B:F
  1352 : 111111111111 ; -- R:F G:F B:F
  1353 : 111111111111 ; -- R:F G:F B:F
  1354 : 111111111111 ; -- R:F G:F B:F
  1355 : 111111111111 ; -- R:F G:F B:F
  1356 : 111111111111 ; -- R:F G:F B:F
  1357 : 111111111111 ; -- R:F G:F B:F
  1358 : 111111111111 ; -- R:F G:F B:F
  1359 : 111111111111 ; -- R:F G:F B:F
  1360 : 111111111111 ; -- R:F G:F B:F
  1361 : 111111111111 ; -- R:F G:F B:F
  1362 : 111111111111 ; -- R:F G:F B:F
  1363 : 111111111111 ; -- R:F G:F B:F
  1364 : 111111111111 ; -- R:F G:F B:F
  1365 : 111011011101 ; -- R:E G:D B:D
  1366 : 100110011000 ; -- R:9 G:9 B:8
  1367 : 100110001000 ; -- R:9 G:8 B:8
  1368 : 100010000111 ; -- R:8 G:8 B:7
  1369 : 100001110111 ; -- R:8 G:7 B:7
  1370 : 011101110110 ; -- R:7 G:7 B:6
  1371 : 011101110110 ; -- R:7 G:7 B:6
  1372 : 011101100110 ; -- R:7 G:6 B:6
  1373 : 011001100101 ; -- R:6 G:6 B:5
  1374 : 011001010101 ; -- R:6 G:5 B:5
  1375 : 010101010101 ; -- R:5 G:5 B:5
  1376 : 010101010101 ; -- R:5 G:5 B:5
  1377 : 011001010101 ; -- R:6 G:5 B:5
  1378 : 011001010101 ; -- R:6 G:5 B:5
  1379 : 011101100110 ; -- R:7 G:6 B:6
  1380 : 100001110111 ; -- R:8 G:7 B:7
  1381 : 100110011000 ; -- R:9 G:9 B:8
  1382 : 101010011000 ; -- R:A G:9 B:8
  1383 : 101010011000 ; -- R:A G:9 B:8
  1384 : 100110011000 ; -- R:9 G:9 B:8
  1385 : 101010011000 ; -- R:A G:9 B:8
  1386 : 101010011000 ; -- R:A G:9 B:8
  1387 : 101010011000 ; -- R:A G:9 B:8
  1388 : 101010011000 ; -- R:A G:9 B:8
  1389 : 101010011000 ; -- R:A G:9 B:8
  1390 : 101010011000 ; -- R:A G:9 B:8
  1391 : 101010011000 ; -- R:A G:9 B:8
  1392 : 101010011000 ; -- R:A G:9 B:8
  1393 : 101010011000 ; -- R:A G:9 B:8
  1394 : 101010011000 ; -- R:A G:9 B:8
  1395 : 101010011000 ; -- R:A G:9 B:8
  1396 : 101010011000 ; -- R:A G:9 B:8
  1397 : 101010011000 ; -- R:A G:9 B:8
  1398 : 101010011000 ; -- R:A G:9 B:8
  1399 : 100110011000 ; -- R:9 G:9 B:8
  1400 : 111011111111 ; -- R:E G:F B:F
  1401 : 111111111111 ; -- R:F G:F B:F
  1402 : 111111111111 ; -- R:F G:F B:F
  1403 : 111111111111 ; -- R:F G:F B:F
  1404 : 111111111111 ; -- R:F G:F B:F
  1405 : 111111111111 ; -- R:F G:F B:F
  1406 : 111111111111 ; -- R:F G:F B:F
  1407 : 111111111111 ; -- R:F G:F B:F
  1408 : 111111111111 ; -- R:F G:F B:F
  1409 : 111111111111 ; -- R:F G:F B:F
  1410 : 111111111111 ; -- R:F G:F B:F
  1411 : 111111111111 ; -- R:F G:F B:F
  1412 : 111111111111 ; -- R:F G:F B:F
  1413 : 111111111111 ; -- R:F G:F B:F
  1414 : 111111111111 ; -- R:F G:F B:F
  1415 : 111111111111 ; -- R:F G:F B:F
  1416 : 111111111111 ; -- R:F G:F B:F
  1417 : 111111111111 ; -- R:F G:F B:F
  1418 : 111111111111 ; -- R:F G:F B:F
  1419 : 111111111111 ; -- R:F G:F B:F
  1420 : 111111111111 ; -- R:F G:F B:F
  1421 : 111111111111 ; -- R:F G:F B:F
  1422 : 111111111111 ; -- R:F G:F B:F
  1423 : 111111111111 ; -- R:F G:F B:F
  1424 : 111111111111 ; -- R:F G:F B:F
  1425 : 111111111111 ; -- R:F G:F B:F
  1426 : 111111111111 ; -- R:F G:F B:F
  1427 : 111111111111 ; -- R:F G:F B:F
  1428 : 110111011101 ; -- R:D G:D B:D
  1429 : 100010000111 ; -- R:8 G:8 B:7
  1430 : 011101100110 ; -- R:7 G:6 B:6
  1431 : 011101100110 ; -- R:7 G:6 B:6
  1432 : 011101100110 ; -- R:7 G:6 B:6
  1433 : 011101100110 ; -- R:7 G:6 B:6
  1434 : 011101110110 ; -- R:7 G:7 B:6
  1435 : 011101110110 ; -- R:7 G:7 B:6
  1436 : 100001110111 ; -- R:8 G:7 B:7
  1437 : 100110000111 ; -- R:9 G:8 B:7
  1438 : 100110000111 ; -- R:9 G:8 B:7
  1439 : 100110000111 ; -- R:9 G:8 B:7
  1440 : 011101110110 ; -- R:7 G:7 B:6
  1441 : 011001100101 ; -- R:6 G:6 B:5
  1442 : 011001010101 ; -- R:6 G:5 B:5
  1443 : 011001010101 ; -- R:6 G:5 B:5
  1444 : 011001010101 ; -- R:6 G:5 B:5
  1445 : 011001100101 ; -- R:6 G:6 B:5
  1446 : 100001110111 ; -- R:8 G:7 B:7
  1447 : 101010011000 ; -- R:A G:9 B:8
  1448 : 101010011000 ; -- R:A G:9 B:8
  1449 : 100110011000 ; -- R:9 G:9 B:8
  1450 : 101010011000 ; -- R:A G:9 B:8
  1451 : 101010011000 ; -- R:A G:9 B:8
  1452 : 101010011000 ; -- R:A G:9 B:8
  1453 : 101010011000 ; -- R:A G:9 B:8
  1454 : 101010011000 ; -- R:A G:9 B:8
  1455 : 101010011000 ; -- R:A G:9 B:8
  1456 : 101010011000 ; -- R:A G:9 B:8
  1457 : 101010011000 ; -- R:A G:9 B:8
  1458 : 101010011000 ; -- R:A G:9 B:8
  1459 : 101010011000 ; -- R:A G:9 B:8
  1460 : 101010011000 ; -- R:A G:9 B:8
  1461 : 101010011000 ; -- R:A G:9 B:8
  1462 : 101010011000 ; -- R:A G:9 B:8
  1463 : 100110000111 ; -- R:9 G:8 B:7
  1464 : 110111011101 ; -- R:D G:D B:D
  1465 : 111111111111 ; -- R:F G:F B:F
  1466 : 111111111111 ; -- R:F G:F B:F
  1467 : 111111111111 ; -- R:F G:F B:F
  1468 : 111111111111 ; -- R:F G:F B:F
  1469 : 111111111111 ; -- R:F G:F B:F
  1470 : 111111111111 ; -- R:F G:F B:F
  1471 : 111111111111 ; -- R:F G:F B:F
  1472 : 111111111111 ; -- R:F G:F B:F
  1473 : 111111111111 ; -- R:F G:F B:F
  1474 : 111111111111 ; -- R:F G:F B:F
  1475 : 111111111111 ; -- R:F G:F B:F
  1476 : 111111111111 ; -- R:F G:F B:F
  1477 : 111111111111 ; -- R:F G:F B:F
  1478 : 111111111111 ; -- R:F G:F B:F
  1479 : 111111111111 ; -- R:F G:F B:F
  1480 : 111111111111 ; -- R:F G:F B:F
  1481 : 111111111111 ; -- R:F G:F B:F
  1482 : 111111111111 ; -- R:F G:F B:F
  1483 : 111111111111 ; -- R:F G:F B:F
  1484 : 111111111111 ; -- R:F G:F B:F
  1485 : 111111111111 ; -- R:F G:F B:F
  1486 : 111111111111 ; -- R:F G:F B:F
  1487 : 111111111111 ; -- R:F G:F B:F
  1488 : 111111111111 ; -- R:F G:F B:F
  1489 : 111111111111 ; -- R:F G:F B:F
  1490 : 101110111011 ; -- R:B G:B B:B
  1491 : 100001110111 ; -- R:8 G:7 B:7
  1492 : 011001010101 ; -- R:6 G:5 B:5
  1493 : 010101010101 ; -- R:5 G:5 B:5
  1494 : 011001010101 ; -- R:6 G:5 B:5
  1495 : 011001010101 ; -- R:6 G:5 B:5
  1496 : 011001010101 ; -- R:6 G:5 B:5
  1497 : 011001010101 ; -- R:6 G:5 B:5
  1498 : 011001010101 ; -- R:6 G:5 B:5
  1499 : 011001010101 ; -- R:6 G:5 B:5
  1500 : 011001010101 ; -- R:6 G:5 B:5
  1501 : 011001010101 ; -- R:6 G:5 B:5
  1502 : 011001100101 ; -- R:6 G:6 B:5
  1503 : 011101110110 ; -- R:7 G:7 B:6
  1504 : 100110000111 ; -- R:9 G:8 B:7
  1505 : 100110011000 ; -- R:9 G:9 B:8
  1506 : 100010000111 ; -- R:8 G:8 B:7
  1507 : 011001100110 ; -- R:6 G:6 B:6
  1508 : 011001010101 ; -- R:6 G:5 B:5
  1509 : 011001010101 ; -- R:6 G:5 B:5
  1510 : 011001010101 ; -- R:6 G:5 B:5
  1511 : 011101100110 ; -- R:7 G:6 B:6
  1512 : 100110000111 ; -- R:9 G:8 B:7
  1513 : 101010011000 ; -- R:A G:9 B:8
  1514 : 100110011000 ; -- R:9 G:9 B:8
  1515 : 101010011000 ; -- R:A G:9 B:8
  1516 : 101010011000 ; -- R:A G:9 B:8
  1517 : 101010011000 ; -- R:A G:9 B:8
  1518 : 101010011000 ; -- R:A G:9 B:8
  1519 : 101010011000 ; -- R:A G:9 B:8
  1520 : 101010011000 ; -- R:A G:9 B:8
  1521 : 101010011000 ; -- R:A G:9 B:8
  1522 : 101010011000 ; -- R:A G:9 B:8
  1523 : 101010011000 ; -- R:A G:9 B:8
  1524 : 101010011000 ; -- R:A G:9 B:8
  1525 : 101010011000 ; -- R:A G:9 B:8
  1526 : 101010011000 ; -- R:A G:9 B:8
  1527 : 100110000111 ; -- R:9 G:8 B:7
  1528 : 101110111010 ; -- R:B G:B B:A
  1529 : 111111111111 ; -- R:F G:F B:F
  1530 : 111111111111 ; -- R:F G:F B:F
  1531 : 111111111111 ; -- R:F G:F B:F
  1532 : 111111111111 ; -- R:F G:F B:F
  1533 : 111111111111 ; -- R:F G:F B:F
  1534 : 111111111111 ; -- R:F G:F B:F
  1535 : 111111111111 ; -- R:F G:F B:F
  1536 : 111111111111 ; -- R:F G:F B:F
  1537 : 111111111111 ; -- R:F G:F B:F
  1538 : 111111111111 ; -- R:F G:F B:F
  1539 : 111111111111 ; -- R:F G:F B:F
  1540 : 111111111111 ; -- R:F G:F B:F
  1541 : 111111111111 ; -- R:F G:F B:F
  1542 : 111111111111 ; -- R:F G:F B:F
  1543 : 111111111111 ; -- R:F G:F B:F
  1544 : 111111111111 ; -- R:F G:F B:F
  1545 : 111111111111 ; -- R:F G:F B:F
  1546 : 111111111111 ; -- R:F G:F B:F
  1547 : 111111111111 ; -- R:F G:F B:F
  1548 : 111111111111 ; -- R:F G:F B:F
  1549 : 111111111111 ; -- R:F G:F B:F
  1550 : 111111111111 ; -- R:F G:F B:F
  1551 : 111111111111 ; -- R:F G:F B:F
  1552 : 110011001100 ; -- R:C G:C B:C
  1553 : 011101110111 ; -- R:7 G:7 B:7
  1554 : 010101010100 ; -- R:5 G:5 B:4
  1555 : 011001010101 ; -- R:6 G:5 B:5
  1556 : 011001100101 ; -- R:6 G:6 B:5
  1557 : 011001100101 ; -- R:6 G:6 B:5
  1558 : 011001100101 ; -- R:6 G:6 B:5
  1559 : 011001100101 ; -- R:6 G:6 B:5
  1560 : 011001010101 ; -- R:6 G:5 B:5
  1561 : 011001010101 ; -- R:6 G:5 B:5
  1562 : 011001010101 ; -- R:6 G:5 B:5
  1563 : 011001010101 ; -- R:6 G:5 B:5
  1564 : 011001100101 ; -- R:6 G:6 B:5
  1565 : 011001100101 ; -- R:6 G:6 B:5
  1566 : 011001010101 ; -- R:6 G:5 B:5
  1567 : 011001010101 ; -- R:6 G:5 B:5
  1568 : 011001010101 ; -- R:6 G:5 B:5
  1569 : 011101100110 ; -- R:7 G:6 B:6
  1570 : 100010000111 ; -- R:8 G:8 B:7
  1571 : 101010011000 ; -- R:A G:9 B:8
  1572 : 100001110111 ; -- R:8 G:7 B:7
  1573 : 011001010101 ; -- R:6 G:5 B:5
  1574 : 011001010101 ; -- R:6 G:5 B:5
  1575 : 011001010101 ; -- R:6 G:5 B:5
  1576 : 011001010101 ; -- R:6 G:5 B:5
  1577 : 100001110111 ; -- R:8 G:7 B:7
  1578 : 101010011000 ; -- R:A G:9 B:8
  1579 : 101010011000 ; -- R:A G:9 B:8
  1580 : 101010011000 ; -- R:A G:9 B:8
  1581 : 101010011000 ; -- R:A G:9 B:8
  1582 : 101010011000 ; -- R:A G:9 B:8
  1583 : 101010011000 ; -- R:A G:9 B:8
  1584 : 101010011000 ; -- R:A G:9 B:8
  1585 : 101010011000 ; -- R:A G:9 B:8
  1586 : 101010011000 ; -- R:A G:9 B:8
  1587 : 101010011000 ; -- R:A G:9 B:8
  1588 : 101010011000 ; -- R:A G:9 B:8
  1589 : 101010011000 ; -- R:A G:9 B:8
  1590 : 101010011000 ; -- R:A G:9 B:8
  1591 : 100110011000 ; -- R:9 G:9 B:8
  1592 : 101010101001 ; -- R:A G:A B:9
  1593 : 111111111111 ; -- R:F G:F B:F
  1594 : 111111111111 ; -- R:F G:F B:F
  1595 : 111111111111 ; -- R:F G:F B:F
  1596 : 111111111111 ; -- R:F G:F B:F
  1597 : 111111111111 ; -- R:F G:F B:F
  1598 : 111111111111 ; -- R:F G:F B:F
  1599 : 111111111111 ; -- R:F G:F B:F
  1600 : 111111111111 ; -- R:F G:F B:F
  1601 : 111111111111 ; -- R:F G:F B:F
  1602 : 111111111111 ; -- R:F G:F B:F
  1603 : 111111111111 ; -- R:F G:F B:F
  1604 : 111111111111 ; -- R:F G:F B:F
  1605 : 111111111111 ; -- R:F G:F B:F
  1606 : 111111111111 ; -- R:F G:F B:F
  1607 : 111111111111 ; -- R:F G:F B:F
  1608 : 111111111111 ; -- R:F G:F B:F
  1609 : 111111111111 ; -- R:F G:F B:F
  1610 : 111111111111 ; -- R:F G:F B:F
  1611 : 111111111111 ; -- R:F G:F B:F
  1612 : 111111111111 ; -- R:F G:F B:F
  1613 : 111111111111 ; -- R:F G:F B:F
  1614 : 111011011101 ; -- R:E G:D B:D
  1615 : 100110011000 ; -- R:9 G:9 B:8
  1616 : 011101100110 ; -- R:7 G:6 B:6
  1617 : 100001110111 ; -- R:8 G:7 B:7
  1618 : 100110001000 ; -- R:9 G:8 B:8
  1619 : 100110011000 ; -- R:9 G:9 B:8
  1620 : 100110011000 ; -- R:9 G:9 B:8
  1621 : 100110011000 ; -- R:9 G:9 B:8
  1622 : 100110011000 ; -- R:9 G:9 B:8
  1623 : 100110000111 ; -- R:9 G:8 B:7
  1624 : 100110000111 ; -- R:9 G:8 B:7
  1625 : 100001110111 ; -- R:8 G:7 B:7
  1626 : 011101110110 ; -- R:7 G:7 B:6
  1627 : 011001100110 ; -- R:6 G:6 B:6
  1628 : 011001010101 ; -- R:6 G:5 B:5
  1629 : 011001010101 ; -- R:6 G:5 B:5
  1630 : 011001010101 ; -- R:6 G:5 B:5
  1631 : 011001100101 ; -- R:6 G:6 B:5
  1632 : 011001100101 ; -- R:6 G:6 B:5
  1633 : 011001010101 ; -- R:6 G:5 B:5
  1634 : 011001010101 ; -- R:6 G:5 B:5
  1635 : 011101100110 ; -- R:7 G:6 B:6
  1636 : 100110001000 ; -- R:9 G:8 B:8
  1637 : 100110011000 ; -- R:9 G:9 B:8
  1638 : 011101100110 ; -- R:7 G:6 B:6
  1639 : 011001010101 ; -- R:6 G:5 B:5
  1640 : 011001100101 ; -- R:6 G:6 B:5
  1641 : 011001010101 ; -- R:6 G:5 B:5
  1642 : 011101110110 ; -- R:7 G:7 B:6
  1643 : 101010011000 ; -- R:A G:9 B:8
  1644 : 101010011000 ; -- R:A G:9 B:8
  1645 : 100110011000 ; -- R:9 G:9 B:8
  1646 : 101010011000 ; -- R:A G:9 B:8
  1647 : 101010011000 ; -- R:A G:9 B:8
  1648 : 101010011000 ; -- R:A G:9 B:8
  1649 : 101010011000 ; -- R:A G:9 B:8
  1650 : 101010011000 ; -- R:A G:9 B:8
  1651 : 101010011000 ; -- R:A G:9 B:8
  1652 : 101010011000 ; -- R:A G:9 B:8
  1653 : 101010011000 ; -- R:A G:9 B:8
  1654 : 101010011000 ; -- R:A G:9 B:8
  1655 : 101010011000 ; -- R:A G:9 B:8
  1656 : 100110011000 ; -- R:9 G:9 B:8
  1657 : 111011111110 ; -- R:E G:F B:E
  1658 : 111111111111 ; -- R:F G:F B:F
  1659 : 111111111111 ; -- R:F G:F B:F
  1660 : 111111111111 ; -- R:F G:F B:F
  1661 : 111111111111 ; -- R:F G:F B:F
  1662 : 111111111111 ; -- R:F G:F B:F
  1663 : 111111111111 ; -- R:F G:F B:F
  1664 : 111111111111 ; -- R:F G:F B:F
  1665 : 111111111111 ; -- R:F G:F B:F
  1666 : 111111111111 ; -- R:F G:F B:F
  1667 : 111111111111 ; -- R:F G:F B:F
  1668 : 111111111111 ; -- R:F G:F B:F
  1669 : 111111111111 ; -- R:F G:F B:F
  1670 : 111111111111 ; -- R:F G:F B:F
  1671 : 111111111111 ; -- R:F G:F B:F
  1672 : 111111111111 ; -- R:F G:F B:F
  1673 : 111111111111 ; -- R:F G:F B:F
  1674 : 111111111111 ; -- R:F G:F B:F
  1675 : 111111111111 ; -- R:F G:F B:F
  1676 : 111111111111 ; -- R:F G:F B:F
  1677 : 101110111011 ; -- R:B G:B B:B
  1678 : 100110000111 ; -- R:9 G:8 B:7
  1679 : 100110000111 ; -- R:9 G:8 B:7
  1680 : 101010011000 ; -- R:A G:9 B:8
  1681 : 101010011000 ; -- R:A G:9 B:8
  1682 : 101010011000 ; -- R:A G:9 B:8
  1683 : 101010011000 ; -- R:A G:9 B:8
  1684 : 101010011000 ; -- R:A G:9 B:8
  1685 : 101010011000 ; -- R:A G:9 B:8
  1686 : 101010011000 ; -- R:A G:9 B:8
  1687 : 101010011000 ; -- R:A G:9 B:8
  1688 : 101010011000 ; -- R:A G:9 B:8
  1689 : 101010011000 ; -- R:A G:9 B:8
  1690 : 101010011000 ; -- R:A G:9 B:8
  1691 : 100110011000 ; -- R:9 G:9 B:8
  1692 : 100110000111 ; -- R:9 G:8 B:7
  1693 : 011101110110 ; -- R:7 G:7 B:6
  1694 : 011001100101 ; -- R:6 G:6 B:5
  1695 : 011001010101 ; -- R:6 G:5 B:5
  1696 : 011001010101 ; -- R:6 G:5 B:5
  1697 : 011001100101 ; -- R:6 G:6 B:5
  1698 : 011001100101 ; -- R:6 G:6 B:5
  1699 : 011001010101 ; -- R:6 G:5 B:5
  1700 : 011001010101 ; -- R:6 G:5 B:5
  1701 : 100001110111 ; -- R:8 G:7 B:7
  1702 : 101010011000 ; -- R:A G:9 B:8
  1703 : 011101110110 ; -- R:7 G:7 B:6
  1704 : 011001010101 ; -- R:6 G:5 B:5
  1705 : 011001100101 ; -- R:6 G:6 B:5
  1706 : 011001010101 ; -- R:6 G:5 B:5
  1707 : 011101100110 ; -- R:7 G:6 B:6
  1708 : 101010011000 ; -- R:A G:9 B:8
  1709 : 101010011000 ; -- R:A G:9 B:8
  1710 : 100110011000 ; -- R:9 G:9 B:8
  1711 : 101010011000 ; -- R:A G:9 B:8
  1712 : 101010011000 ; -- R:A G:9 B:8
  1713 : 101010011000 ; -- R:A G:9 B:8
  1714 : 101010011000 ; -- R:A G:9 B:8
  1715 : 101010011000 ; -- R:A G:9 B:8
  1716 : 101010011000 ; -- R:A G:9 B:8
  1717 : 101010011000 ; -- R:A G:9 B:8
  1718 : 101010011000 ; -- R:A G:9 B:8
  1719 : 101010011000 ; -- R:A G:9 B:8
  1720 : 100110011000 ; -- R:9 G:9 B:8
  1721 : 110111101101 ; -- R:D G:E B:D
  1722 : 111111111111 ; -- R:F G:F B:F
  1723 : 111111111111 ; -- R:F G:F B:F
  1724 : 111111111111 ; -- R:F G:F B:F
  1725 : 111111111111 ; -- R:F G:F B:F
  1726 : 111111111111 ; -- R:F G:F B:F
  1727 : 111111111111 ; -- R:F G:F B:F
  1728 : 111111111111 ; -- R:F G:F B:F
  1729 : 111111111111 ; -- R:F G:F B:F
  1730 : 111111111111 ; -- R:F G:F B:F
  1731 : 111111111111 ; -- R:F G:F B:F
  1732 : 111111111111 ; -- R:F G:F B:F
  1733 : 111111111111 ; -- R:F G:F B:F
  1734 : 111111111111 ; -- R:F G:F B:F
  1735 : 111111111111 ; -- R:F G:F B:F
  1736 : 111111111111 ; -- R:F G:F B:F
  1737 : 111111111111 ; -- R:F G:F B:F
  1738 : 111111111111 ; -- R:F G:F B:F
  1739 : 111111111111 ; -- R:F G:F B:F
  1740 : 101110101010 ; -- R:B G:A B:A
  1741 : 100110000111 ; -- R:9 G:8 B:7
  1742 : 101010011000 ; -- R:A G:9 B:8
  1743 : 101010011000 ; -- R:A G:9 B:8
  1744 : 100110011000 ; -- R:9 G:9 B:8
  1745 : 100110011000 ; -- R:9 G:9 B:8
  1746 : 101010011000 ; -- R:A G:9 B:8
  1747 : 101010011000 ; -- R:A G:9 B:8
  1748 : 101010011000 ; -- R:A G:9 B:8
  1749 : 101010011000 ; -- R:A G:9 B:8
  1750 : 100110011000 ; -- R:9 G:9 B:8
  1751 : 100110011000 ; -- R:9 G:9 B:8
  1752 : 100110011000 ; -- R:9 G:9 B:8
  1753 : 100110011000 ; -- R:9 G:9 B:8
  1754 : 100110011000 ; -- R:9 G:9 B:8
  1755 : 101010011000 ; -- R:A G:9 B:8
  1756 : 101010011000 ; -- R:A G:9 B:8
  1757 : 101010011000 ; -- R:A G:9 B:8
  1758 : 100110011000 ; -- R:9 G:9 B:8
  1759 : 100001110111 ; -- R:8 G:7 B:7
  1760 : 011001100101 ; -- R:6 G:6 B:5
  1761 : 011001010101 ; -- R:6 G:5 B:5
  1762 : 011001100101 ; -- R:6 G:6 B:5
  1763 : 011001100101 ; -- R:6 G:6 B:5
  1764 : 011001100101 ; -- R:6 G:6 B:5
  1765 : 011001010101 ; -- R:6 G:5 B:5
  1766 : 011101110110 ; -- R:7 G:7 B:6
  1767 : 101010011000 ; -- R:A G:9 B:8
  1768 : 011101110110 ; -- R:7 G:7 B:6
  1769 : 011001010101 ; -- R:6 G:5 B:5
  1770 : 011001100101 ; -- R:6 G:6 B:5
  1771 : 011001010101 ; -- R:6 G:5 B:5
  1772 : 011101100110 ; -- R:7 G:6 B:6
  1773 : 101010011000 ; -- R:A G:9 B:8
  1774 : 101010011000 ; -- R:A G:9 B:8
  1775 : 101010011000 ; -- R:A G:9 B:8
  1776 : 101010011000 ; -- R:A G:9 B:8
  1777 : 101010011000 ; -- R:A G:9 B:8
  1778 : 101010011000 ; -- R:A G:9 B:8
  1779 : 101010011000 ; -- R:A G:9 B:8
  1780 : 101010011000 ; -- R:A G:9 B:8
  1781 : 101010011000 ; -- R:A G:9 B:8
  1782 : 101010011000 ; -- R:A G:9 B:8
  1783 : 101010011000 ; -- R:A G:9 B:8
  1784 : 100110000111 ; -- R:9 G:8 B:7
  1785 : 110011011100 ; -- R:C G:D B:C
  1786 : 111111111111 ; -- R:F G:F B:F
  1787 : 111111111111 ; -- R:F G:F B:F
  1788 : 111111111111 ; -- R:F G:F B:F
  1789 : 111111111111 ; -- R:F G:F B:F
  1790 : 111111111111 ; -- R:F G:F B:F
  1791 : 111111111111 ; -- R:F G:F B:F
  1792 : 111111111111 ; -- R:F G:F B:F
  1793 : 111111111111 ; -- R:F G:F B:F
  1794 : 111111111111 ; -- R:F G:F B:F
  1795 : 111111111111 ; -- R:F G:F B:F
  1796 : 111111111111 ; -- R:F G:F B:F
  1797 : 111111111111 ; -- R:F G:F B:F
  1798 : 111111111111 ; -- R:F G:F B:F
  1799 : 111111111111 ; -- R:F G:F B:F
  1800 : 111111111111 ; -- R:F G:F B:F
  1801 : 111111111111 ; -- R:F G:F B:F
  1802 : 111111101110 ; -- R:F G:E B:E
  1803 : 101010101001 ; -- R:A G:A B:9
  1804 : 100110000111 ; -- R:9 G:8 B:7
  1805 : 100110011000 ; -- R:9 G:9 B:8
  1806 : 100110011000 ; -- R:9 G:9 B:8
  1807 : 101010011000 ; -- R:A G:9 B:8
  1808 : 101010011000 ; -- R:A G:9 B:8
  1809 : 101010011000 ; -- R:A G:9 B:8
  1810 : 101010011000 ; -- R:A G:9 B:8
  1811 : 101010011000 ; -- R:A G:9 B:8
  1812 : 101010011000 ; -- R:A G:9 B:8
  1813 : 100110011000 ; -- R:9 G:9 B:8
  1814 : 100110011000 ; -- R:9 G:9 B:8
  1815 : 101010011000 ; -- R:A G:9 B:8
  1816 : 101010011000 ; -- R:A G:9 B:8
  1817 : 101010011000 ; -- R:A G:9 B:8
  1818 : 101010011000 ; -- R:A G:9 B:8
  1819 : 101010011000 ; -- R:A G:9 B:8
  1820 : 100110011000 ; -- R:9 G:9 B:8
  1821 : 100110011000 ; -- R:9 G:9 B:8
  1822 : 101010011000 ; -- R:A G:9 B:8
  1823 : 101010011000 ; -- R:A G:9 B:8
  1824 : 100110001000 ; -- R:9 G:8 B:8
  1825 : 011101110110 ; -- R:7 G:7 B:6
  1826 : 011001010101 ; -- R:6 G:5 B:5
  1827 : 011001010101 ; -- R:6 G:5 B:5
  1828 : 011001100101 ; -- R:6 G:6 B:5
  1829 : 011001100101 ; -- R:6 G:6 B:5
  1830 : 011001010101 ; -- R:6 G:5 B:5
  1831 : 011101100110 ; -- R:7 G:6 B:6
  1832 : 101010011000 ; -- R:A G:9 B:8
  1833 : 100001110111 ; -- R:8 G:7 B:7
  1834 : 011001010101 ; -- R:6 G:5 B:5
  1835 : 011001100101 ; -- R:6 G:6 B:5
  1836 : 011001010101 ; -- R:6 G:5 B:5
  1837 : 011101110110 ; -- R:7 G:7 B:6
  1838 : 101010011000 ; -- R:A G:9 B:8
  1839 : 100110011000 ; -- R:9 G:9 B:8
  1840 : 101010011000 ; -- R:A G:9 B:8
  1841 : 101010011000 ; -- R:A G:9 B:8
  1842 : 101010011000 ; -- R:A G:9 B:8
  1843 : 101010011000 ; -- R:A G:9 B:8
  1844 : 101010011000 ; -- R:A G:9 B:8
  1845 : 101010011000 ; -- R:A G:9 B:8
  1846 : 101010011000 ; -- R:A G:9 B:8
  1847 : 101010011000 ; -- R:A G:9 B:8
  1848 : 100110000111 ; -- R:9 G:8 B:7
  1849 : 101110111011 ; -- R:B G:B B:B
  1850 : 111111111111 ; -- R:F G:F B:F
  1851 : 111111111111 ; -- R:F G:F B:F
  1852 : 111111111111 ; -- R:F G:F B:F
  1853 : 111111111111 ; -- R:F G:F B:F
  1854 : 111111111111 ; -- R:F G:F B:F
  1855 : 111111111111 ; -- R:F G:F B:F
  1856 : 111111111111 ; -- R:F G:F B:F
  1857 : 111111111111 ; -- R:F G:F B:F
  1858 : 111111111111 ; -- R:F G:F B:F
  1859 : 111111111111 ; -- R:F G:F B:F
  1860 : 111111111111 ; -- R:F G:F B:F
  1861 : 111111111111 ; -- R:F G:F B:F
  1862 : 111111111111 ; -- R:F G:F B:F
  1863 : 111111111111 ; -- R:F G:F B:F
  1864 : 111111111111 ; -- R:F G:F B:F
  1865 : 111111101110 ; -- R:F G:E B:E
  1866 : 101010011000 ; -- R:A G:9 B:8
  1867 : 011101100110 ; -- R:7 G:6 B:6
  1868 : 011001100101 ; -- R:6 G:6 B:5
  1869 : 011001100101 ; -- R:6 G:6 B:5
  1870 : 011001100101 ; -- R:6 G:6 B:5
  1871 : 100001110111 ; -- R:8 G:7 B:7
  1872 : 101010011000 ; -- R:A G:9 B:8
  1873 : 101010011000 ; -- R:A G:9 B:8
  1874 : 101010011000 ; -- R:A G:9 B:8
  1875 : 101010011000 ; -- R:A G:9 B:8
  1876 : 101010011000 ; -- R:A G:9 B:8
  1877 : 100110011000 ; -- R:9 G:9 B:8
  1878 : 101010011000 ; -- R:A G:9 B:8
  1879 : 101010011000 ; -- R:A G:9 B:8
  1880 : 101010011000 ; -- R:A G:9 B:8
  1881 : 101010011000 ; -- R:A G:9 B:8
  1882 : 101010011000 ; -- R:A G:9 B:8
  1883 : 101010011000 ; -- R:A G:9 B:8
  1884 : 101010011000 ; -- R:A G:9 B:8
  1885 : 101010011000 ; -- R:A G:9 B:8
  1886 : 101010011000 ; -- R:A G:9 B:8
  1887 : 100110011000 ; -- R:9 G:9 B:8
  1888 : 101010011000 ; -- R:A G:9 B:8
  1889 : 101010011000 ; -- R:A G:9 B:8
  1890 : 100010000111 ; -- R:8 G:8 B:7
  1891 : 011001010101 ; -- R:6 G:5 B:5
  1892 : 011001010101 ; -- R:6 G:5 B:5
  1893 : 011001100101 ; -- R:6 G:6 B:5
  1894 : 011001100101 ; -- R:6 G:6 B:5
  1895 : 011001010101 ; -- R:6 G:5 B:5
  1896 : 011101100110 ; -- R:7 G:6 B:6
  1897 : 101010011000 ; -- R:A G:9 B:8
  1898 : 011101110110 ; -- R:7 G:7 B:6
  1899 : 011001010101 ; -- R:6 G:5 B:5
  1900 : 011001100101 ; -- R:6 G:6 B:5
  1901 : 011001010101 ; -- R:6 G:5 B:5
  1902 : 100001110110 ; -- R:8 G:7 B:6
  1903 : 101010011000 ; -- R:A G:9 B:8
  1904 : 100110011000 ; -- R:9 G:9 B:8
  1905 : 101010011000 ; -- R:A G:9 B:8
  1906 : 101010011000 ; -- R:A G:9 B:8
  1907 : 101010011000 ; -- R:A G:9 B:8
  1908 : 101010011000 ; -- R:A G:9 B:8
  1909 : 101010011000 ; -- R:A G:9 B:8
  1910 : 101010011000 ; -- R:A G:9 B:8
  1911 : 101010011000 ; -- R:A G:9 B:8
  1912 : 100110001000 ; -- R:9 G:8 B:8
  1913 : 101010111010 ; -- R:A G:B B:A
  1914 : 111111111111 ; -- R:F G:F B:F
  1915 : 111111111111 ; -- R:F G:F B:F
  1916 : 111111111111 ; -- R:F G:F B:F
  1917 : 111111111111 ; -- R:F G:F B:F
  1918 : 111111111111 ; -- R:F G:F B:F
  1919 : 111111111111 ; -- R:F G:F B:F
  1920 : 111111111111 ; -- R:F G:F B:F
  1921 : 111111111111 ; -- R:F G:F B:F
  1922 : 111111111111 ; -- R:F G:F B:F
  1923 : 111111111111 ; -- R:F G:F B:F
  1924 : 111111111111 ; -- R:F G:F B:F
  1925 : 111111111111 ; -- R:F G:F B:F
  1926 : 111111111111 ; -- R:F G:F B:F
  1927 : 111111111111 ; -- R:F G:F B:F
  1928 : 111011101110 ; -- R:E G:E B:E
  1929 : 101010011001 ; -- R:A G:9 B:9
  1930 : 100001110110 ; -- R:8 G:7 B:6
  1931 : 011001010101 ; -- R:6 G:5 B:5
  1932 : 011001100101 ; -- R:6 G:6 B:5
  1933 : 011001100101 ; -- R:6 G:6 B:5
  1934 : 011001010101 ; -- R:6 G:5 B:5
  1935 : 011001100101 ; -- R:6 G:6 B:5
  1936 : 100110011000 ; -- R:9 G:9 B:8
  1937 : 101010011000 ; -- R:A G:9 B:8
  1938 : 101010011000 ; -- R:A G:9 B:8
  1939 : 101010011000 ; -- R:A G:9 B:8
  1940 : 100110011000 ; -- R:9 G:9 B:8
  1941 : 101010011000 ; -- R:A G:9 B:8
  1942 : 101010011000 ; -- R:A G:9 B:8
  1943 : 101010011000 ; -- R:A G:9 B:8
  1944 : 101010011000 ; -- R:A G:9 B:8
  1945 : 101010011000 ; -- R:A G:9 B:8
  1946 : 101010011000 ; -- R:A G:9 B:8
  1947 : 101010011000 ; -- R:A G:9 B:8
  1948 : 101010011000 ; -- R:A G:9 B:8
  1949 : 101010011000 ; -- R:A G:9 B:8
  1950 : 101010011000 ; -- R:A G:9 B:8
  1951 : 101010011000 ; -- R:A G:9 B:8
  1952 : 100110011000 ; -- R:9 G:9 B:8
  1953 : 100110011000 ; -- R:9 G:9 B:8
  1954 : 101010011000 ; -- R:A G:9 B:8
  1955 : 100110000111 ; -- R:9 G:8 B:7
  1956 : 011001100101 ; -- R:6 G:6 B:5
  1957 : 011001010101 ; -- R:6 G:5 B:5
  1958 : 011001100101 ; -- R:6 G:6 B:5
  1959 : 011001100101 ; -- R:6 G:6 B:5
  1960 : 011001010101 ; -- R:6 G:5 B:5
  1961 : 011101110110 ; -- R:7 G:7 B:6
  1962 : 101010011000 ; -- R:A G:9 B:8
  1963 : 011101100110 ; -- R:7 G:6 B:6
  1964 : 011001010101 ; -- R:6 G:5 B:5
  1965 : 011001100101 ; -- R:6 G:6 B:5
  1966 : 011001010101 ; -- R:6 G:5 B:5
  1967 : 100010000111 ; -- R:8 G:8 B:7
  1968 : 101010011000 ; -- R:A G:9 B:8
  1969 : 100110011000 ; -- R:9 G:9 B:8
  1970 : 101010011000 ; -- R:A G:9 B:8
  1971 : 101010011000 ; -- R:A G:9 B:8
  1972 : 101010011000 ; -- R:A G:9 B:8
  1973 : 101010011000 ; -- R:A G:9 B:8
  1974 : 101010011000 ; -- R:A G:9 B:8
  1975 : 101010011000 ; -- R:A G:9 B:8
  1976 : 100110001000 ; -- R:9 G:8 B:8
  1977 : 101010101001 ; -- R:A G:A B:9
  1978 : 111111111111 ; -- R:F G:F B:F
  1979 : 111111111111 ; -- R:F G:F B:F
  1980 : 111111111111 ; -- R:F G:F B:F
  1981 : 111111111111 ; -- R:F G:F B:F
  1982 : 111111111111 ; -- R:F G:F B:F
  1983 : 111111111111 ; -- R:F G:F B:F
  1984 : 111111111111 ; -- R:F G:F B:F
  1985 : 111111111111 ; -- R:F G:F B:F
  1986 : 111111111111 ; -- R:F G:F B:F
  1987 : 111111111111 ; -- R:F G:F B:F
  1988 : 111111111111 ; -- R:F G:F B:F
  1989 : 111111111111 ; -- R:F G:F B:F
  1990 : 111111111111 ; -- R:F G:F B:F
  1991 : 111111111111 ; -- R:F G:F B:F
  1992 : 101010101001 ; -- R:A G:A B:9
  1993 : 100110011000 ; -- R:9 G:9 B:8
  1994 : 011101100110 ; -- R:7 G:6 B:6
  1995 : 011001010101 ; -- R:6 G:5 B:5
  1996 : 011001100101 ; -- R:6 G:6 B:5
  1997 : 011001100101 ; -- R:6 G:6 B:5
  1998 : 011001100101 ; -- R:6 G:6 B:5
  1999 : 011001100101 ; -- R:6 G:6 B:5
  2000 : 100110001000 ; -- R:9 G:8 B:8
  2001 : 101010011000 ; -- R:A G:9 B:8
  2002 : 101010011000 ; -- R:A G:9 B:8
  2003 : 101010011000 ; -- R:A G:9 B:8
  2004 : 100110011000 ; -- R:9 G:9 B:8
  2005 : 101010011000 ; -- R:A G:9 B:8
  2006 : 101010011000 ; -- R:A G:9 B:8
  2007 : 101010011000 ; -- R:A G:9 B:8
  2008 : 101010011000 ; -- R:A G:9 B:8
  2009 : 101010011000 ; -- R:A G:9 B:8
  2010 : 101010011000 ; -- R:A G:9 B:8
  2011 : 101010011000 ; -- R:A G:9 B:8
  2012 : 101010011000 ; -- R:A G:9 B:8
  2013 : 101010011000 ; -- R:A G:9 B:8
  2014 : 101010011000 ; -- R:A G:9 B:8
  2015 : 101010011000 ; -- R:A G:9 B:8
  2016 : 101010011000 ; -- R:A G:9 B:8
  2017 : 101010011000 ; -- R:A G:9 B:8
  2018 : 100110011000 ; -- R:9 G:9 B:8
  2019 : 101010011000 ; -- R:A G:9 B:8
  2020 : 100110001000 ; -- R:9 G:8 B:8
  2021 : 011001100101 ; -- R:6 G:6 B:5
  2022 : 011001010101 ; -- R:6 G:5 B:5
  2023 : 011001100101 ; -- R:6 G:6 B:5
  2024 : 011001100101 ; -- R:6 G:6 B:5
  2025 : 011001010101 ; -- R:6 G:5 B:5
  2026 : 100010000111 ; -- R:8 G:8 B:7
  2027 : 100110011000 ; -- R:9 G:9 B:8
  2028 : 011001100101 ; -- R:6 G:6 B:5
  2029 : 011001010101 ; -- R:6 G:5 B:5
  2030 : 011001100101 ; -- R:6 G:6 B:5
  2031 : 011001100101 ; -- R:6 G:6 B:5
  2032 : 100110011000 ; -- R:9 G:9 B:8
  2033 : 101010011000 ; -- R:A G:9 B:8
  2034 : 101010011000 ; -- R:A G:9 B:8
  2035 : 101010011000 ; -- R:A G:9 B:8
  2036 : 101010011000 ; -- R:A G:9 B:8
  2037 : 101010011000 ; -- R:A G:9 B:8
  2038 : 101010011000 ; -- R:A G:9 B:8
  2039 : 101010011000 ; -- R:A G:9 B:8
  2040 : 100110001000 ; -- R:9 G:8 B:8
  2041 : 101010101001 ; -- R:A G:A B:9
  2042 : 111111111111 ; -- R:F G:F B:F
  2043 : 111111111111 ; -- R:F G:F B:F
  2044 : 111111111111 ; -- R:F G:F B:F
  2045 : 111111111111 ; -- R:F G:F B:F
  2046 : 111111111111 ; -- R:F G:F B:F
  2047 : 111111111111 ; -- R:F G:F B:F
  2048 : 111111111111 ; -- R:F G:F B:F
  2049 : 111111111111 ; -- R:F G:F B:F
  2050 : 111111111111 ; -- R:F G:F B:F
  2051 : 111111111111 ; -- R:F G:F B:F
  2052 : 111111111111 ; -- R:F G:F B:F
  2053 : 111111111111 ; -- R:F G:F B:F
  2054 : 111111111111 ; -- R:F G:F B:F
  2055 : 110011001011 ; -- R:C G:C B:B
  2056 : 100110000111 ; -- R:9 G:8 B:7
  2057 : 100110011000 ; -- R:9 G:9 B:8
  2058 : 011001100101 ; -- R:6 G:6 B:5
  2059 : 011001010101 ; -- R:6 G:5 B:5
  2060 : 011001100101 ; -- R:6 G:6 B:5
  2061 : 011001100101 ; -- R:6 G:6 B:5
  2062 : 011001010101 ; -- R:6 G:5 B:5
  2063 : 011001010101 ; -- R:6 G:5 B:5
  2064 : 100110001000 ; -- R:9 G:8 B:8
  2065 : 101010011000 ; -- R:A G:9 B:8
  2066 : 101010011000 ; -- R:A G:9 B:8
  2067 : 100110011000 ; -- R:9 G:9 B:8
  2068 : 101010011000 ; -- R:A G:9 B:8
  2069 : 101010011000 ; -- R:A G:9 B:8
  2070 : 101010011000 ; -- R:A G:9 B:8
  2071 : 101010011000 ; -- R:A G:9 B:8
  2072 : 101010011000 ; -- R:A G:9 B:8
  2073 : 101010011000 ; -- R:A G:9 B:8
  2074 : 101010011000 ; -- R:A G:9 B:8
  2075 : 101010011000 ; -- R:A G:9 B:8
  2076 : 101010011000 ; -- R:A G:9 B:8
  2077 : 101010011000 ; -- R:A G:9 B:8
  2078 : 101010011000 ; -- R:A G:9 B:8
  2079 : 101010011000 ; -- R:A G:9 B:8
  2080 : 101010011000 ; -- R:A G:9 B:8
  2081 : 101010011000 ; -- R:A G:9 B:8
  2082 : 101010011000 ; -- R:A G:9 B:8
  2083 : 100110011000 ; -- R:9 G:9 B:8
  2084 : 101010011000 ; -- R:A G:9 B:8
  2085 : 100110000111 ; -- R:9 G:8 B:7
  2086 : 011001100101 ; -- R:6 G:6 B:5
  2087 : 011001100101 ; -- R:6 G:6 B:5
  2088 : 011001100101 ; -- R:6 G:6 B:5
  2089 : 011001100101 ; -- R:6 G:6 B:5
  2090 : 011001010101 ; -- R:6 G:5 B:5
  2091 : 100110000111 ; -- R:9 G:8 B:7
  2092 : 100110000111 ; -- R:9 G:8 B:7
  2093 : 011001010101 ; -- R:6 G:5 B:5
  2094 : 011001100101 ; -- R:6 G:6 B:5
  2095 : 011001010101 ; -- R:6 G:5 B:5
  2096 : 100001110111 ; -- R:8 G:7 B:7
  2097 : 101010011000 ; -- R:A G:9 B:8
  2098 : 100110011000 ; -- R:9 G:9 B:8
  2099 : 101010011000 ; -- R:A G:9 B:8
  2100 : 101010011000 ; -- R:A G:9 B:8
  2101 : 101010011000 ; -- R:A G:9 B:8
  2102 : 101010011000 ; -- R:A G:9 B:8
  2103 : 101010011000 ; -- R:A G:9 B:8
  2104 : 100110011000 ; -- R:9 G:9 B:8
  2105 : 101010101001 ; -- R:A G:A B:9
  2106 : 111111111111 ; -- R:F G:F B:F
  2107 : 111111111111 ; -- R:F G:F B:F
  2108 : 111111111111 ; -- R:F G:F B:F
  2109 : 111111111111 ; -- R:F G:F B:F
  2110 : 111111111111 ; -- R:F G:F B:F
  2111 : 111111111111 ; -- R:F G:F B:F
  2112 : 111111111111 ; -- R:F G:F B:F
  2113 : 111111111111 ; -- R:F G:F B:F
  2114 : 111111111111 ; -- R:F G:F B:F
  2115 : 111111111111 ; -- R:F G:F B:F
  2116 : 111111111111 ; -- R:F G:F B:F
  2117 : 111111111111 ; -- R:F G:F B:F
  2118 : 111111111111 ; -- R:F G:F B:F
  2119 : 101010011000 ; -- R:A G:9 B:8
  2120 : 101010011000 ; -- R:A G:9 B:8
  2121 : 100110011000 ; -- R:9 G:9 B:8
  2122 : 011001100101 ; -- R:6 G:6 B:5
  2123 : 011001010101 ; -- R:6 G:5 B:5
  2124 : 011001010101 ; -- R:6 G:5 B:5
  2125 : 011001010101 ; -- R:6 G:5 B:5
  2126 : 011001010101 ; -- R:6 G:5 B:5
  2127 : 011101110110 ; -- R:7 G:7 B:6
  2128 : 101010011000 ; -- R:A G:9 B:8
  2129 : 101010011000 ; -- R:A G:9 B:8
  2130 : 101010011000 ; -- R:A G:9 B:8
  2131 : 100110011000 ; -- R:9 G:9 B:8
  2132 : 101010011000 ; -- R:A G:9 B:8
  2133 : 101010011000 ; -- R:A G:9 B:8
  2134 : 101010011000 ; -- R:A G:9 B:8
  2135 : 101010011000 ; -- R:A G:9 B:8
  2136 : 101010011000 ; -- R:A G:9 B:8
  2137 : 101010011000 ; -- R:A G:9 B:8
  2138 : 101010011000 ; -- R:A G:9 B:8
  2139 : 101010011000 ; -- R:A G:9 B:8
  2140 : 101010011000 ; -- R:A G:9 B:8
  2141 : 101010011000 ; -- R:A G:9 B:8
  2142 : 101010011000 ; -- R:A G:9 B:8
  2143 : 101010011000 ; -- R:A G:9 B:8
  2144 : 101010011000 ; -- R:A G:9 B:8
  2145 : 101010011000 ; -- R:A G:9 B:8
  2146 : 101010011000 ; -- R:A G:9 B:8
  2147 : 101010011000 ; -- R:A G:9 B:8
  2148 : 100110011000 ; -- R:9 G:9 B:8
  2149 : 101010011000 ; -- R:A G:9 B:8
  2150 : 100010000111 ; -- R:8 G:8 B:7
  2151 : 011001010101 ; -- R:6 G:5 B:5
  2152 : 011001100101 ; -- R:6 G:6 B:5
  2153 : 011001100101 ; -- R:6 G:6 B:5
  2154 : 011001010101 ; -- R:6 G:5 B:5
  2155 : 011001100110 ; -- R:6 G:6 B:6
  2156 : 101010011000 ; -- R:A G:9 B:8
  2157 : 011101110110 ; -- R:7 G:7 B:6
  2158 : 011001010101 ; -- R:6 G:5 B:5
  2159 : 011001010101 ; -- R:6 G:5 B:5
  2160 : 011101100110 ; -- R:7 G:6 B:6
  2161 : 101010011000 ; -- R:A G:9 B:8
  2162 : 101010011000 ; -- R:A G:9 B:8
  2163 : 101010011000 ; -- R:A G:9 B:8
  2164 : 101010011000 ; -- R:A G:9 B:8
  2165 : 101010011000 ; -- R:A G:9 B:8
  2166 : 101010011000 ; -- R:A G:9 B:8
  2167 : 101010011000 ; -- R:A G:9 B:8
  2168 : 100110001000 ; -- R:9 G:8 B:8
  2169 : 101010101001 ; -- R:A G:A B:9
  2170 : 111111111111 ; -- R:F G:F B:F
  2171 : 111111111111 ; -- R:F G:F B:F
  2172 : 111111111111 ; -- R:F G:F B:F
  2173 : 111111111111 ; -- R:F G:F B:F
  2174 : 111111111111 ; -- R:F G:F B:F
  2175 : 111111111111 ; -- R:F G:F B:F
  2176 : 111111111111 ; -- R:F G:F B:F
  2177 : 111111111111 ; -- R:F G:F B:F
  2178 : 111111111111 ; -- R:F G:F B:F
  2179 : 111111111111 ; -- R:F G:F B:F
  2180 : 111111111111 ; -- R:F G:F B:F
  2181 : 111111111111 ; -- R:F G:F B:F
  2182 : 110111001100 ; -- R:D G:C B:C
  2183 : 100110000111 ; -- R:9 G:8 B:7
  2184 : 101010011000 ; -- R:A G:9 B:8
  2185 : 101010011000 ; -- R:A G:9 B:8
  2186 : 100110011000 ; -- R:9 G:9 B:8
  2187 : 100110000111 ; -- R:9 G:8 B:7
  2188 : 100010000111 ; -- R:8 G:8 B:7
  2189 : 100010000111 ; -- R:8 G:8 B:7
  2190 : 100110000111 ; -- R:9 G:8 B:7
  2191 : 101010011000 ; -- R:A G:9 B:8
  2192 : 101010011000 ; -- R:A G:9 B:8
  2193 : 100110011000 ; -- R:9 G:9 B:8
  2194 : 100110011000 ; -- R:9 G:9 B:8
  2195 : 100110011000 ; -- R:9 G:9 B:8
  2196 : 101010011000 ; -- R:A G:9 B:8
  2197 : 101010011000 ; -- R:A G:9 B:8
  2198 : 101010011000 ; -- R:A G:9 B:8
  2199 : 101010011000 ; -- R:A G:9 B:8
  2200 : 101010011000 ; -- R:A G:9 B:8
  2201 : 101010011000 ; -- R:A G:9 B:8
  2202 : 101010011000 ; -- R:A G:9 B:8
  2203 : 101010011000 ; -- R:A G:9 B:8
  2204 : 101010011000 ; -- R:A G:9 B:8
  2205 : 101010011000 ; -- R:A G:9 B:8
  2206 : 101010011000 ; -- R:A G:9 B:8
  2207 : 101010011000 ; -- R:A G:9 B:8
  2208 : 101010011000 ; -- R:A G:9 B:8
  2209 : 101010011000 ; -- R:A G:9 B:8
  2210 : 101010011000 ; -- R:A G:9 B:8
  2211 : 101010011000 ; -- R:A G:9 B:8
  2212 : 101010011000 ; -- R:A G:9 B:8
  2213 : 100110011000 ; -- R:9 G:9 B:8
  2214 : 101010011000 ; -- R:A G:9 B:8
  2215 : 100001110110 ; -- R:8 G:7 B:6
  2216 : 011001010101 ; -- R:6 G:5 B:5
  2217 : 011001100101 ; -- R:6 G:6 B:5
  2218 : 011001100101 ; -- R:6 G:6 B:5
  2219 : 011001010101 ; -- R:6 G:5 B:5
  2220 : 100010000111 ; -- R:8 G:8 B:7
  2221 : 100110011000 ; -- R:9 G:9 B:8
  2222 : 011001100101 ; -- R:6 G:6 B:5
  2223 : 011001010101 ; -- R:6 G:5 B:5
  2224 : 011001100101 ; -- R:6 G:6 B:5
  2225 : 100110011000 ; -- R:9 G:9 B:8
  2226 : 101010011000 ; -- R:A G:9 B:8
  2227 : 101010011000 ; -- R:A G:9 B:8
  2228 : 101010011000 ; -- R:A G:9 B:8
  2229 : 101010011000 ; -- R:A G:9 B:8
  2230 : 101010011000 ; -- R:A G:9 B:8
  2231 : 101010011000 ; -- R:A G:9 B:8
  2232 : 100110001000 ; -- R:9 G:8 B:8
  2233 : 101010101010 ; -- R:A G:A B:A
  2234 : 111111111111 ; -- R:F G:F B:F
  2235 : 111111111111 ; -- R:F G:F B:F
  2236 : 111111111111 ; -- R:F G:F B:F
  2237 : 111111111111 ; -- R:F G:F B:F
  2238 : 111111111111 ; -- R:F G:F B:F
  2239 : 111111111111 ; -- R:F G:F B:F
  2240 : 111111111111 ; -- R:F G:F B:F
  2241 : 111111111111 ; -- R:F G:F B:F
  2242 : 111111111111 ; -- R:F G:F B:F
  2243 : 111111111111 ; -- R:F G:F B:F
  2244 : 111111111111 ; -- R:F G:F B:F
  2245 : 111111111111 ; -- R:F G:F B:F
  2246 : 101110101010 ; -- R:B G:A B:A
  2247 : 100110001000 ; -- R:9 G:8 B:8
  2248 : 101010011000 ; -- R:A G:9 B:8
  2249 : 101010011000 ; -- R:A G:9 B:8
  2250 : 101010011000 ; -- R:A G:9 B:8
  2251 : 101010011000 ; -- R:A G:9 B:8
  2252 : 101010011000 ; -- R:A G:9 B:8
  2253 : 101010011000 ; -- R:A G:9 B:8
  2254 : 101010011000 ; -- R:A G:9 B:8
  2255 : 101010011000 ; -- R:A G:9 B:8
  2256 : 100110011000 ; -- R:9 G:9 B:8
  2257 : 101010011000 ; -- R:A G:9 B:8
  2258 : 101010011000 ; -- R:A G:9 B:8
  2259 : 101010011000 ; -- R:A G:9 B:8
  2260 : 101010011000 ; -- R:A G:9 B:8
  2261 : 101010011000 ; -- R:A G:9 B:8
  2262 : 101010011000 ; -- R:A G:9 B:8
  2263 : 101010011000 ; -- R:A G:9 B:8
  2264 : 101010011000 ; -- R:A G:9 B:8
  2265 : 101010011000 ; -- R:A G:9 B:8
  2266 : 101010011000 ; -- R:A G:9 B:8
  2267 : 101010011000 ; -- R:A G:9 B:8
  2268 : 101010011000 ; -- R:A G:9 B:8
  2269 : 101010011000 ; -- R:A G:9 B:8
  2270 : 101010011000 ; -- R:A G:9 B:8
  2271 : 101010011000 ; -- R:A G:9 B:8
  2272 : 101010011000 ; -- R:A G:9 B:8
  2273 : 101010011000 ; -- R:A G:9 B:8
  2274 : 101010011000 ; -- R:A G:9 B:8
  2275 : 101010011000 ; -- R:A G:9 B:8
  2276 : 101010011000 ; -- R:A G:9 B:8
  2277 : 101010011000 ; -- R:A G:9 B:8
  2278 : 101010011000 ; -- R:A G:9 B:8
  2279 : 101010011000 ; -- R:A G:9 B:8
  2280 : 011101100110 ; -- R:7 G:6 B:6
  2281 : 011001010101 ; -- R:6 G:5 B:5
  2282 : 011001100101 ; -- R:6 G:6 B:5
  2283 : 011001010101 ; -- R:6 G:5 B:5
  2284 : 011101100110 ; -- R:7 G:6 B:6
  2285 : 101010011000 ; -- R:A G:9 B:8
  2286 : 100110000111 ; -- R:9 G:8 B:7
  2287 : 011101100110 ; -- R:7 G:6 B:6
  2288 : 011101110110 ; -- R:7 G:7 B:6
  2289 : 101010011000 ; -- R:A G:9 B:8
  2290 : 101010011000 ; -- R:A G:9 B:8
  2291 : 101010011000 ; -- R:A G:9 B:8
  2292 : 101010011000 ; -- R:A G:9 B:8
  2293 : 101010011000 ; -- R:A G:9 B:8
  2294 : 101010011000 ; -- R:A G:9 B:8
  2295 : 101010011000 ; -- R:A G:9 B:8
  2296 : 100110000111 ; -- R:9 G:8 B:7
  2297 : 101110111011 ; -- R:B G:B B:B
  2298 : 111111111111 ; -- R:F G:F B:F
  2299 : 111111111111 ; -- R:F G:F B:F
  2300 : 111111111111 ; -- R:F G:F B:F
  2301 : 111111111111 ; -- R:F G:F B:F
  2302 : 111111111111 ; -- R:F G:F B:F
  2303 : 111111111111 ; -- R:F G:F B:F
  2304 : 111111111111 ; -- R:F G:F B:F
  2305 : 111111111111 ; -- R:F G:F B:F
  2306 : 111111111111 ; -- R:F G:F B:F
  2307 : 111111111111 ; -- R:F G:F B:F
  2308 : 111111111111 ; -- R:F G:F B:F
  2309 : 111111111111 ; -- R:F G:F B:F
  2310 : 101010011001 ; -- R:A G:9 B:9
  2311 : 100110011000 ; -- R:9 G:9 B:8
  2312 : 101010011000 ; -- R:A G:9 B:8
  2313 : 101010011000 ; -- R:A G:9 B:8
  2314 : 101010011000 ; -- R:A G:9 B:8
  2315 : 101010011000 ; -- R:A G:9 B:8
  2316 : 101010011000 ; -- R:A G:9 B:8
  2317 : 101010011000 ; -- R:A G:9 B:8
  2318 : 101010011000 ; -- R:A G:9 B:8
  2319 : 100110000111 ; -- R:9 G:8 B:7
  2320 : 011101100110 ; -- R:7 G:6 B:6
  2321 : 100001110111 ; -- R:8 G:7 B:7
  2322 : 100010000111 ; -- R:8 G:8 B:7
  2323 : 101010011000 ; -- R:A G:9 B:8
  2324 : 101010011000 ; -- R:A G:9 B:8
  2325 : 101010011000 ; -- R:A G:9 B:8
  2326 : 101010011000 ; -- R:A G:9 B:8
  2327 : 101010011000 ; -- R:A G:9 B:8
  2328 : 101010011000 ; -- R:A G:9 B:8
  2329 : 101010011000 ; -- R:A G:9 B:8
  2330 : 101010011000 ; -- R:A G:9 B:8
  2331 : 101010011000 ; -- R:A G:9 B:8
  2332 : 101010011000 ; -- R:A G:9 B:8
  2333 : 101010011000 ; -- R:A G:9 B:8
  2334 : 101010011000 ; -- R:A G:9 B:8
  2335 : 101010011000 ; -- R:A G:9 B:8
  2336 : 101010011000 ; -- R:A G:9 B:8
  2337 : 101010011000 ; -- R:A G:9 B:8
  2338 : 101010011000 ; -- R:A G:9 B:8
  2339 : 101010011000 ; -- R:A G:9 B:8
  2340 : 101010011000 ; -- R:A G:9 B:8
  2341 : 101010011000 ; -- R:A G:9 B:8
  2342 : 100110011000 ; -- R:9 G:9 B:8
  2343 : 101010011000 ; -- R:A G:9 B:8
  2344 : 100010000111 ; -- R:8 G:8 B:7
  2345 : 011001010101 ; -- R:6 G:5 B:5
  2346 : 011001100101 ; -- R:6 G:6 B:5
  2347 : 011001010101 ; -- R:6 G:5 B:5
  2348 : 011001100101 ; -- R:6 G:6 B:5
  2349 : 100110011000 ; -- R:9 G:9 B:8
  2350 : 101010011000 ; -- R:A G:9 B:8
  2351 : 101010011000 ; -- R:A G:9 B:8
  2352 : 100110011000 ; -- R:9 G:9 B:8
  2353 : 101010011000 ; -- R:A G:9 B:8
  2354 : 101010011000 ; -- R:A G:9 B:8
  2355 : 101010011000 ; -- R:A G:9 B:8
  2356 : 101010011000 ; -- R:A G:9 B:8
  2357 : 101010011000 ; -- R:A G:9 B:8
  2358 : 100110011000 ; -- R:9 G:9 B:8
  2359 : 101010011000 ; -- R:A G:9 B:8
  2360 : 100110000111 ; -- R:9 G:8 B:7
  2361 : 110011011100 ; -- R:C G:D B:C
  2362 : 111111111111 ; -- R:F G:F B:F
  2363 : 111111111111 ; -- R:F G:F B:F
  2364 : 111111111111 ; -- R:F G:F B:F
  2365 : 111111111111 ; -- R:F G:F B:F
  2366 : 111111111111 ; -- R:F G:F B:F
  2367 : 111111111111 ; -- R:F G:F B:F
  2368 : 111111111111 ; -- R:F G:F B:F
  2369 : 111111111111 ; -- R:F G:F B:F
  2370 : 111111111111 ; -- R:F G:F B:F
  2371 : 111111111111 ; -- R:F G:F B:F
  2372 : 111111111111 ; -- R:F G:F B:F
  2373 : 111111111111 ; -- R:F G:F B:F
  2374 : 101010011000 ; -- R:A G:9 B:8
  2375 : 100110011000 ; -- R:9 G:9 B:8
  2376 : 101010011000 ; -- R:A G:9 B:8
  2377 : 101010011000 ; -- R:A G:9 B:8
  2378 : 100010000111 ; -- R:8 G:8 B:7
  2379 : 100110000111 ; -- R:9 G:8 B:7
  2380 : 100110011000 ; -- R:9 G:9 B:8
  2381 : 100110001000 ; -- R:9 G:8 B:8
  2382 : 100010000111 ; -- R:8 G:8 B:7
  2383 : 011001100101 ; -- R:6 G:6 B:5
  2384 : 011001010101 ; -- R:6 G:5 B:5
  2385 : 011101110110 ; -- R:7 G:7 B:6
  2386 : 011001100101 ; -- R:6 G:6 B:5
  2387 : 011101100110 ; -- R:7 G:6 B:6
  2388 : 101010011000 ; -- R:A G:9 B:8
  2389 : 101010011000 ; -- R:A G:9 B:8
  2390 : 101010011000 ; -- R:A G:9 B:8
  2391 : 101010011000 ; -- R:A G:9 B:8
  2392 : 101010011000 ; -- R:A G:9 B:8
  2393 : 101010011000 ; -- R:A G:9 B:8
  2394 : 101010011000 ; -- R:A G:9 B:8
  2395 : 101010011000 ; -- R:A G:9 B:8
  2396 : 101010011000 ; -- R:A G:9 B:8
  2397 : 101010011000 ; -- R:A G:9 B:8
  2398 : 101010011000 ; -- R:A G:9 B:8
  2399 : 101010011000 ; -- R:A G:9 B:8
  2400 : 101010011000 ; -- R:A G:9 B:8
  2401 : 101010011000 ; -- R:A G:9 B:8
  2402 : 101010011000 ; -- R:A G:9 B:8
  2403 : 101010011000 ; -- R:A G:9 B:8
  2404 : 101010011000 ; -- R:A G:9 B:8
  2405 : 101010011000 ; -- R:A G:9 B:8
  2406 : 101010011000 ; -- R:A G:9 B:8
  2407 : 101010011000 ; -- R:A G:9 B:8
  2408 : 101010011000 ; -- R:A G:9 B:8
  2409 : 011101100110 ; -- R:7 G:6 B:6
  2410 : 011001010101 ; -- R:6 G:5 B:5
  2411 : 011001010101 ; -- R:6 G:5 B:5
  2412 : 011001100101 ; -- R:6 G:6 B:5
  2413 : 100110011000 ; -- R:9 G:9 B:8
  2414 : 101010011000 ; -- R:A G:9 B:8
  2415 : 101010011000 ; -- R:A G:9 B:8
  2416 : 101010011000 ; -- R:A G:9 B:8
  2417 : 101010011000 ; -- R:A G:9 B:8
  2418 : 101010011000 ; -- R:A G:9 B:8
  2419 : 101010011000 ; -- R:A G:9 B:8
  2420 : 101010011000 ; -- R:A G:9 B:8
  2421 : 101010011000 ; -- R:A G:9 B:8
  2422 : 101010011000 ; -- R:A G:9 B:8
  2423 : 101010011000 ; -- R:A G:9 B:8
  2424 : 100110011000 ; -- R:9 G:9 B:8
  2425 : 110111101110 ; -- R:D G:E B:E
  2426 : 111111111111 ; -- R:F G:F B:F
  2427 : 111111111111 ; -- R:F G:F B:F
  2428 : 111111111111 ; -- R:F G:F B:F
  2429 : 111111111111 ; -- R:F G:F B:F
  2430 : 111111111111 ; -- R:F G:F B:F
  2431 : 111111111111 ; -- R:F G:F B:F
  2432 : 111111111111 ; -- R:F G:F B:F
  2433 : 111111111111 ; -- R:F G:F B:F
  2434 : 111111111111 ; -- R:F G:F B:F
  2435 : 111111111111 ; -- R:F G:F B:F
  2436 : 111111111111 ; -- R:F G:F B:F
  2437 : 111011101110 ; -- R:E G:E B:E
  2438 : 101010011000 ; -- R:A G:9 B:8
  2439 : 101010011000 ; -- R:A G:9 B:8
  2440 : 100110011000 ; -- R:9 G:9 B:8
  2441 : 101010011000 ; -- R:A G:9 B:8
  2442 : 100010000111 ; -- R:8 G:8 B:7
  2443 : 011001010101 ; -- R:6 G:5 B:5
  2444 : 011001100101 ; -- R:6 G:6 B:5
  2445 : 011001100101 ; -- R:6 G:6 B:5
  2446 : 011001010101 ; -- R:6 G:5 B:5
  2447 : 011001100101 ; -- R:6 G:6 B:5
  2448 : 011001010101 ; -- R:6 G:5 B:5
  2449 : 100110000111 ; -- R:9 G:8 B:7
  2450 : 100001110111 ; -- R:8 G:7 B:7
  2451 : 010101010101 ; -- R:5 G:5 B:5
  2452 : 100010000111 ; -- R:8 G:8 B:7
  2453 : 101010011000 ; -- R:A G:9 B:8
  2454 : 100110011000 ; -- R:9 G:9 B:8
  2455 : 101010011000 ; -- R:A G:9 B:8
  2456 : 101010011000 ; -- R:A G:9 B:8
  2457 : 101010011000 ; -- R:A G:9 B:8
  2458 : 101010011000 ; -- R:A G:9 B:8
  2459 : 101010011000 ; -- R:A G:9 B:8
  2460 : 101010011000 ; -- R:A G:9 B:8
  2461 : 101010011000 ; -- R:A G:9 B:8
  2462 : 101010011000 ; -- R:A G:9 B:8
  2463 : 101010011000 ; -- R:A G:9 B:8
  2464 : 101010011000 ; -- R:A G:9 B:8
  2465 : 101010011000 ; -- R:A G:9 B:8
  2466 : 101010011000 ; -- R:A G:9 B:8
  2467 : 101010011000 ; -- R:A G:9 B:8
  2468 : 101010011000 ; -- R:A G:9 B:8
  2469 : 101010011000 ; -- R:A G:9 B:8
  2470 : 101010011000 ; -- R:A G:9 B:8
  2471 : 101010011000 ; -- R:A G:9 B:8
  2472 : 101010011000 ; -- R:A G:9 B:8
  2473 : 100110001000 ; -- R:9 G:8 B:8
  2474 : 011101100110 ; -- R:7 G:6 B:6
  2475 : 011001100101 ; -- R:6 G:6 B:5
  2476 : 100001110110 ; -- R:8 G:7 B:6
  2477 : 101010011000 ; -- R:A G:9 B:8
  2478 : 101010011000 ; -- R:A G:9 B:8
  2479 : 101010011000 ; -- R:A G:9 B:8
  2480 : 101010011000 ; -- R:A G:9 B:8
  2481 : 101010011000 ; -- R:A G:9 B:8
  2482 : 101010011000 ; -- R:A G:9 B:8
  2483 : 101010011000 ; -- R:A G:9 B:8
  2484 : 101010011000 ; -- R:A G:9 B:8
  2485 : 101010011000 ; -- R:A G:9 B:8
  2486 : 101010011000 ; -- R:A G:9 B:8
  2487 : 101010011000 ; -- R:A G:9 B:8
  2488 : 100110011000 ; -- R:9 G:9 B:8
  2489 : 111011111111 ; -- R:E G:F B:F
  2490 : 111111111111 ; -- R:F G:F B:F
  2491 : 111111111111 ; -- R:F G:F B:F
  2492 : 111111111111 ; -- R:F G:F B:F
  2493 : 111111111111 ; -- R:F G:F B:F
  2494 : 111111111111 ; -- R:F G:F B:F
  2495 : 111111111111 ; -- R:F G:F B:F
  2496 : 111111111111 ; -- R:F G:F B:F
  2497 : 111111111111 ; -- R:F G:F B:F
  2498 : 111111111111 ; -- R:F G:F B:F
  2499 : 111111111111 ; -- R:F G:F B:F
  2500 : 111111111111 ; -- R:F G:F B:F
  2501 : 111011101110 ; -- R:E G:E B:E
  2502 : 100110011000 ; -- R:9 G:9 B:8
  2503 : 101010011000 ; -- R:A G:9 B:8
  2504 : 101010011000 ; -- R:A G:9 B:8
  2505 : 100110011000 ; -- R:9 G:9 B:8
  2506 : 101010011000 ; -- R:A G:9 B:8
  2507 : 011101110110 ; -- R:7 G:7 B:6
  2508 : 011001010101 ; -- R:6 G:5 B:5
  2509 : 011001100101 ; -- R:6 G:6 B:5
  2510 : 011001100101 ; -- R:6 G:6 B:5
  2511 : 011001010101 ; -- R:6 G:5 B:5
  2512 : 011101100110 ; -- R:7 G:6 B:6
  2513 : 101010011000 ; -- R:A G:9 B:8
  2514 : 100001110111 ; -- R:8 G:7 B:7
  2515 : 010101010101 ; -- R:5 G:5 B:5
  2516 : 100001110111 ; -- R:8 G:7 B:7
  2517 : 101010011000 ; -- R:A G:9 B:8
  2518 : 100110011000 ; -- R:9 G:9 B:8
  2519 : 101010011000 ; -- R:A G:9 B:8
  2520 : 101010011000 ; -- R:A G:9 B:8
  2521 : 101010011000 ; -- R:A G:9 B:8
  2522 : 101010011000 ; -- R:A G:9 B:8
  2523 : 101010011000 ; -- R:A G:9 B:8
  2524 : 101010011000 ; -- R:A G:9 B:8
  2525 : 101010011000 ; -- R:A G:9 B:8
  2526 : 101010011000 ; -- R:A G:9 B:8
  2527 : 101010011000 ; -- R:A G:9 B:8
  2528 : 101010011000 ; -- R:A G:9 B:8
  2529 : 101010011000 ; -- R:A G:9 B:8
  2530 : 101010011000 ; -- R:A G:9 B:8
  2531 : 101010011000 ; -- R:A G:9 B:8
  2532 : 101010011000 ; -- R:A G:9 B:8
  2533 : 101010011000 ; -- R:A G:9 B:8
  2534 : 101010011000 ; -- R:A G:9 B:8
  2535 : 101010011000 ; -- R:A G:9 B:8
  2536 : 101010011000 ; -- R:A G:9 B:8
  2537 : 101010011000 ; -- R:A G:9 B:8
  2538 : 100110011000 ; -- R:9 G:9 B:8
  2539 : 100110000111 ; -- R:9 G:8 B:7
  2540 : 100110011000 ; -- R:9 G:9 B:8
  2541 : 101010011000 ; -- R:A G:9 B:8
  2542 : 101010011000 ; -- R:A G:9 B:8
  2543 : 101010011000 ; -- R:A G:9 B:8
  2544 : 101010011000 ; -- R:A G:9 B:8
  2545 : 101010011000 ; -- R:A G:9 B:8
  2546 : 101010011000 ; -- R:A G:9 B:8
  2547 : 101010011000 ; -- R:A G:9 B:8
  2548 : 101010011000 ; -- R:A G:9 B:8
  2549 : 101010011000 ; -- R:A G:9 B:8
  2550 : 101010011000 ; -- R:A G:9 B:8
  2551 : 100110001000 ; -- R:9 G:8 B:8
  2552 : 101010111010 ; -- R:A G:B B:A
  2553 : 111111111111 ; -- R:F G:F B:F
  2554 : 111111111111 ; -- R:F G:F B:F
  2555 : 111111111111 ; -- R:F G:F B:F
  2556 : 111111111111 ; -- R:F G:F B:F
  2557 : 111111111111 ; -- R:F G:F B:F
  2558 : 111111111111 ; -- R:F G:F B:F
  2559 : 111111111111 ; -- R:F G:F B:F
  2560 : 111111111111 ; -- R:F G:F B:F
  2561 : 111111111111 ; -- R:F G:F B:F
  2562 : 111111111111 ; -- R:F G:F B:F
  2563 : 111111111111 ; -- R:F G:F B:F
  2564 : 111111111111 ; -- R:F G:F B:F
  2565 : 111011101110 ; -- R:E G:E B:E
  2566 : 100110011000 ; -- R:9 G:9 B:8
  2567 : 101010011000 ; -- R:A G:9 B:8
  2568 : 101010011000 ; -- R:A G:9 B:8
  2569 : 101010011000 ; -- R:A G:9 B:8
  2570 : 101010011000 ; -- R:A G:9 B:8
  2571 : 100110011000 ; -- R:9 G:9 B:8
  2572 : 011101100110 ; -- R:7 G:6 B:6
  2573 : 011001010101 ; -- R:6 G:5 B:5
  2574 : 011001010101 ; -- R:6 G:5 B:5
  2575 : 011001100101 ; -- R:6 G:6 B:5
  2576 : 100110000111 ; -- R:9 G:8 B:7
  2577 : 101010011000 ; -- R:A G:9 B:8
  2578 : 011101100110 ; -- R:7 G:6 B:6
  2579 : 010101010101 ; -- R:5 G:5 B:5
  2580 : 100001110111 ; -- R:8 G:7 B:7
  2581 : 101010011000 ; -- R:A G:9 B:8
  2582 : 100110011000 ; -- R:9 G:9 B:8
  2583 : 101010011000 ; -- R:A G:9 B:8
  2584 : 101010011000 ; -- R:A G:9 B:8
  2585 : 101010011000 ; -- R:A G:9 B:8
  2586 : 101010011000 ; -- R:A G:9 B:8
  2587 : 101010011000 ; -- R:A G:9 B:8
  2588 : 101010011000 ; -- R:A G:9 B:8
  2589 : 101010011000 ; -- R:A G:9 B:8
  2590 : 101010011000 ; -- R:A G:9 B:8
  2591 : 101010011000 ; -- R:A G:9 B:8
  2592 : 101010011000 ; -- R:A G:9 B:8
  2593 : 101010011000 ; -- R:A G:9 B:8
  2594 : 101010011000 ; -- R:A G:9 B:8
  2595 : 101010011000 ; -- R:A G:9 B:8
  2596 : 101010011000 ; -- R:A G:9 B:8
  2597 : 101010011000 ; -- R:A G:9 B:8
  2598 : 101010011000 ; -- R:A G:9 B:8
  2599 : 101010011000 ; -- R:A G:9 B:8
  2600 : 101010011000 ; -- R:A G:9 B:8
  2601 : 101010011000 ; -- R:A G:9 B:8
  2602 : 101010011000 ; -- R:A G:9 B:8
  2603 : 101010011000 ; -- R:A G:9 B:8
  2604 : 101010011000 ; -- R:A G:9 B:8
  2605 : 101010011000 ; -- R:A G:9 B:8
  2606 : 101010011000 ; -- R:A G:9 B:8
  2607 : 101010011000 ; -- R:A G:9 B:8
  2608 : 101010011000 ; -- R:A G:9 B:8
  2609 : 101010011000 ; -- R:A G:9 B:8
  2610 : 101010011000 ; -- R:A G:9 B:8
  2611 : 101010011000 ; -- R:A G:9 B:8
  2612 : 101010011000 ; -- R:A G:9 B:8
  2613 : 101010011000 ; -- R:A G:9 B:8
  2614 : 101010011000 ; -- R:A G:9 B:8
  2615 : 100110000111 ; -- R:9 G:8 B:7
  2616 : 110011011101 ; -- R:C G:D B:D
  2617 : 111111111111 ; -- R:F G:F B:F
  2618 : 111111111111 ; -- R:F G:F B:F
  2619 : 111111111111 ; -- R:F G:F B:F
  2620 : 111111111111 ; -- R:F G:F B:F
  2621 : 111111111111 ; -- R:F G:F B:F
  2622 : 111111111111 ; -- R:F G:F B:F
  2623 : 111111111111 ; -- R:F G:F B:F
  2624 : 111111111111 ; -- R:F G:F B:F
  2625 : 111111111111 ; -- R:F G:F B:F
  2626 : 111111111111 ; -- R:F G:F B:F
  2627 : 111111111111 ; -- R:F G:F B:F
  2628 : 111111111111 ; -- R:F G:F B:F
  2629 : 111111111111 ; -- R:F G:F B:F
  2630 : 101010011000 ; -- R:A G:9 B:8
  2631 : 100110011000 ; -- R:9 G:9 B:8
  2632 : 101010011000 ; -- R:A G:9 B:8
  2633 : 101010011000 ; -- R:A G:9 B:8
  2634 : 101010011000 ; -- R:A G:9 B:8
  2635 : 101010011000 ; -- R:A G:9 B:8
  2636 : 100110011000 ; -- R:9 G:9 B:8
  2637 : 100010000111 ; -- R:8 G:8 B:7
  2638 : 100010000111 ; -- R:8 G:8 B:7
  2639 : 100110011000 ; -- R:9 G:9 B:8
  2640 : 101010011000 ; -- R:A G:9 B:8
  2641 : 100010000111 ; -- R:8 G:8 B:7
  2642 : 011001010101 ; -- R:6 G:5 B:5
  2643 : 011001100101 ; -- R:6 G:6 B:5
  2644 : 100110001000 ; -- R:9 G:8 B:8
  2645 : 101010011000 ; -- R:A G:9 B:8
  2646 : 101010011000 ; -- R:A G:9 B:8
  2647 : 101010011000 ; -- R:A G:9 B:8
  2648 : 101010011000 ; -- R:A G:9 B:8
  2649 : 101010011000 ; -- R:A G:9 B:8
  2650 : 101010011000 ; -- R:A G:9 B:8
  2651 : 101010011000 ; -- R:A G:9 B:8
  2652 : 101010011000 ; -- R:A G:9 B:8
  2653 : 101010011000 ; -- R:A G:9 B:8
  2654 : 101010011000 ; -- R:A G:9 B:8
  2655 : 101010011000 ; -- R:A G:9 B:8
  2656 : 101010011000 ; -- R:A G:9 B:8
  2657 : 101010011000 ; -- R:A G:9 B:8
  2658 : 101010011000 ; -- R:A G:9 B:8
  2659 : 101010011000 ; -- R:A G:9 B:8
  2660 : 101010011000 ; -- R:A G:9 B:8
  2661 : 101010011000 ; -- R:A G:9 B:8
  2662 : 101010011000 ; -- R:A G:9 B:8
  2663 : 101010011000 ; -- R:A G:9 B:8
  2664 : 101010011000 ; -- R:A G:9 B:8
  2665 : 101010011000 ; -- R:A G:9 B:8
  2666 : 101010011000 ; -- R:A G:9 B:8
  2667 : 101010011000 ; -- R:A G:9 B:8
  2668 : 101010011000 ; -- R:A G:9 B:8
  2669 : 101010011000 ; -- R:A G:9 B:8
  2670 : 101010011000 ; -- R:A G:9 B:8
  2671 : 101010011000 ; -- R:A G:9 B:8
  2672 : 101010011000 ; -- R:A G:9 B:8
  2673 : 101010011000 ; -- R:A G:9 B:8
  2674 : 101010011000 ; -- R:A G:9 B:8
  2675 : 101010011000 ; -- R:A G:9 B:8
  2676 : 101010011000 ; -- R:A G:9 B:8
  2677 : 101010011000 ; -- R:A G:9 B:8
  2678 : 101010011000 ; -- R:A G:9 B:8
  2679 : 100110011000 ; -- R:9 G:9 B:8
  2680 : 111011111111 ; -- R:E G:F B:F
  2681 : 111111111111 ; -- R:F G:F B:F
  2682 : 111111111111 ; -- R:F G:F B:F
  2683 : 111111111111 ; -- R:F G:F B:F
  2684 : 111111111111 ; -- R:F G:F B:F
  2685 : 111111111111 ; -- R:F G:F B:F
  2686 : 111111111111 ; -- R:F G:F B:F
  2687 : 111111111111 ; -- R:F G:F B:F
  2688 : 111111111111 ; -- R:F G:F B:F
  2689 : 111111111111 ; -- R:F G:F B:F
  2690 : 111111111111 ; -- R:F G:F B:F
  2691 : 111111111111 ; -- R:F G:F B:F
  2692 : 111111111111 ; -- R:F G:F B:F
  2693 : 111111111111 ; -- R:F G:F B:F
  2694 : 101010011001 ; -- R:A G:9 B:9
  2695 : 100110011000 ; -- R:9 G:9 B:8
  2696 : 101010011000 ; -- R:A G:9 B:8
  2697 : 101010011000 ; -- R:A G:9 B:8
  2698 : 101010011000 ; -- R:A G:9 B:8
  2699 : 101010011000 ; -- R:A G:9 B:8
  2700 : 101010011000 ; -- R:A G:9 B:8
  2701 : 101010011000 ; -- R:A G:9 B:8
  2702 : 101010011000 ; -- R:A G:9 B:8
  2703 : 100110011000 ; -- R:9 G:9 B:8
  2704 : 100010000111 ; -- R:8 G:8 B:7
  2705 : 011101100110 ; -- R:7 G:6 B:6
  2706 : 011101100110 ; -- R:7 G:6 B:6
  2707 : 100010000111 ; -- R:8 G:8 B:7
  2708 : 101010011000 ; -- R:A G:9 B:8
  2709 : 101010011000 ; -- R:A G:9 B:8
  2710 : 101010011000 ; -- R:A G:9 B:8
  2711 : 101010011000 ; -- R:A G:9 B:8
  2712 : 101010011000 ; -- R:A G:9 B:8
  2713 : 101010011000 ; -- R:A G:9 B:8
  2714 : 101010011000 ; -- R:A G:9 B:8
  2715 : 101010011000 ; -- R:A G:9 B:8
  2716 : 101010011000 ; -- R:A G:9 B:8
  2717 : 101010011000 ; -- R:A G:9 B:8
  2718 : 101010011000 ; -- R:A G:9 B:8
  2719 : 101010011000 ; -- R:A G:9 B:8
  2720 : 101010011000 ; -- R:A G:9 B:8
  2721 : 101010011000 ; -- R:A G:9 B:8
  2722 : 101010011000 ; -- R:A G:9 B:8
  2723 : 101010011000 ; -- R:A G:9 B:8
  2724 : 101010011000 ; -- R:A G:9 B:8
  2725 : 101010011000 ; -- R:A G:9 B:8
  2726 : 101010011000 ; -- R:A G:9 B:8
  2727 : 101010011000 ; -- R:A G:9 B:8
  2728 : 101010011000 ; -- R:A G:9 B:8
  2729 : 101010011000 ; -- R:A G:9 B:8
  2730 : 101010011000 ; -- R:A G:9 B:8
  2731 : 101010011000 ; -- R:A G:9 B:8
  2732 : 101010011000 ; -- R:A G:9 B:8
  2733 : 101010011000 ; -- R:A G:9 B:8
  2734 : 101010011000 ; -- R:A G:9 B:8
  2735 : 101010011000 ; -- R:A G:9 B:8
  2736 : 101010011000 ; -- R:A G:9 B:8
  2737 : 101010011000 ; -- R:A G:9 B:8
  2738 : 101010011000 ; -- R:A G:9 B:8
  2739 : 101010011000 ; -- R:A G:9 B:8
  2740 : 100110011000 ; -- R:9 G:9 B:8
  2741 : 101010011000 ; -- R:A G:9 B:8
  2742 : 100110000111 ; -- R:9 G:8 B:7
  2743 : 101010111010 ; -- R:A G:B B:A
  2744 : 111111111111 ; -- R:F G:F B:F
  2745 : 111111111111 ; -- R:F G:F B:F
  2746 : 111111111111 ; -- R:F G:F B:F
  2747 : 111111111111 ; -- R:F G:F B:F
  2748 : 111111111111 ; -- R:F G:F B:F
  2749 : 111111111111 ; -- R:F G:F B:F
  2750 : 111111111111 ; -- R:F G:F B:F
  2751 : 111111111111 ; -- R:F G:F B:F
  2752 : 111111111111 ; -- R:F G:F B:F
  2753 : 111111111111 ; -- R:F G:F B:F
  2754 : 111111111111 ; -- R:F G:F B:F
  2755 : 111111111111 ; -- R:F G:F B:F
  2756 : 111111111111 ; -- R:F G:F B:F
  2757 : 111111111111 ; -- R:F G:F B:F
  2758 : 101010101001 ; -- R:A G:A B:9
  2759 : 100110011000 ; -- R:9 G:9 B:8
  2760 : 101010011000 ; -- R:A G:9 B:8
  2761 : 101010011000 ; -- R:A G:9 B:8
  2762 : 101010011000 ; -- R:A G:9 B:8
  2763 : 101010011000 ; -- R:A G:9 B:8
  2764 : 101010011000 ; -- R:A G:9 B:8
  2765 : 100110011000 ; -- R:9 G:9 B:8
  2766 : 100110011000 ; -- R:9 G:9 B:8
  2767 : 101010011000 ; -- R:A G:9 B:8
  2768 : 100110011000 ; -- R:9 G:9 B:8
  2769 : 100110011000 ; -- R:9 G:9 B:8
  2770 : 101010011000 ; -- R:A G:9 B:8
  2771 : 101010011000 ; -- R:A G:9 B:8
  2772 : 101010011000 ; -- R:A G:9 B:8
  2773 : 101010011000 ; -- R:A G:9 B:8
  2774 : 101010011000 ; -- R:A G:9 B:8
  2775 : 101010011000 ; -- R:A G:9 B:8
  2776 : 101010011000 ; -- R:A G:9 B:8
  2777 : 101010011000 ; -- R:A G:9 B:8
  2778 : 101010011000 ; -- R:A G:9 B:8
  2779 : 101010011000 ; -- R:A G:9 B:8
  2780 : 101010011000 ; -- R:A G:9 B:8
  2781 : 101010011000 ; -- R:A G:9 B:8
  2782 : 101010011000 ; -- R:A G:9 B:8
  2783 : 101010011000 ; -- R:A G:9 B:8
  2784 : 101010011000 ; -- R:A G:9 B:8
  2785 : 101010011000 ; -- R:A G:9 B:8
  2786 : 101010011000 ; -- R:A G:9 B:8
  2787 : 101010011000 ; -- R:A G:9 B:8
  2788 : 101010011000 ; -- R:A G:9 B:8
  2789 : 101010011000 ; -- R:A G:9 B:8
  2790 : 101010011000 ; -- R:A G:9 B:8
  2791 : 101010011000 ; -- R:A G:9 B:8
  2792 : 101010011000 ; -- R:A G:9 B:8
  2793 : 101010011000 ; -- R:A G:9 B:8
  2794 : 101010011000 ; -- R:A G:9 B:8
  2795 : 101010011000 ; -- R:A G:9 B:8
  2796 : 101010011000 ; -- R:A G:9 B:8
  2797 : 101010011000 ; -- R:A G:9 B:8
  2798 : 101010011000 ; -- R:A G:9 B:8
  2799 : 101010011000 ; -- R:A G:9 B:8
  2800 : 101010011000 ; -- R:A G:9 B:8
  2801 : 101010011000 ; -- R:A G:9 B:8
  2802 : 101010011000 ; -- R:A G:9 B:8
  2803 : 101010011000 ; -- R:A G:9 B:8
  2804 : 101010011000 ; -- R:A G:9 B:8
  2805 : 101010011000 ; -- R:A G:9 B:8
  2806 : 100110000111 ; -- R:9 G:8 B:7
  2807 : 110011011101 ; -- R:C G:D B:D
  2808 : 111111111111 ; -- R:F G:F B:F
  2809 : 111111111111 ; -- R:F G:F B:F
  2810 : 111111111111 ; -- R:F G:F B:F
  2811 : 111111111111 ; -- R:F G:F B:F
  2812 : 111111111111 ; -- R:F G:F B:F
  2813 : 111111111111 ; -- R:F G:F B:F
  2814 : 111111111111 ; -- R:F G:F B:F
  2815 : 111111111111 ; -- R:F G:F B:F
  2816 : 111111111111 ; -- R:F G:F B:F
  2817 : 111111111111 ; -- R:F G:F B:F
  2818 : 111111111111 ; -- R:F G:F B:F
  2819 : 111111111111 ; -- R:F G:F B:F
  2820 : 111111111111 ; -- R:F G:F B:F
  2821 : 111111111111 ; -- R:F G:F B:F
  2822 : 101110101010 ; -- R:B G:A B:A
  2823 : 100110001000 ; -- R:9 G:8 B:8
  2824 : 101010011000 ; -- R:A G:9 B:8
  2825 : 101010011000 ; -- R:A G:9 B:8
  2826 : 101010011000 ; -- R:A G:9 B:8
  2827 : 101010011000 ; -- R:A G:9 B:8
  2828 : 101010011000 ; -- R:A G:9 B:8
  2829 : 101010011000 ; -- R:A G:9 B:8
  2830 : 101010011000 ; -- R:A G:9 B:8
  2831 : 101010011000 ; -- R:A G:9 B:8
  2832 : 101010011000 ; -- R:A G:9 B:8
  2833 : 100110011000 ; -- R:9 G:9 B:8
  2834 : 100110011000 ; -- R:9 G:9 B:8
  2835 : 100110011000 ; -- R:9 G:9 B:8
  2836 : 101010011000 ; -- R:A G:9 B:8
  2837 : 101010011000 ; -- R:A G:9 B:8
  2838 : 101010011000 ; -- R:A G:9 B:8
  2839 : 101010011000 ; -- R:A G:9 B:8
  2840 : 101010011000 ; -- R:A G:9 B:8
  2841 : 101010011000 ; -- R:A G:9 B:8
  2842 : 101010011000 ; -- R:A G:9 B:8
  2843 : 101010011000 ; -- R:A G:9 B:8
  2844 : 101010011000 ; -- R:A G:9 B:8
  2845 : 101010011000 ; -- R:A G:9 B:8
  2846 : 101010011000 ; -- R:A G:9 B:8
  2847 : 101010011000 ; -- R:A G:9 B:8
  2848 : 101010011000 ; -- R:A G:9 B:8
  2849 : 101010011000 ; -- R:A G:9 B:8
  2850 : 101010011000 ; -- R:A G:9 B:8
  2851 : 101010011000 ; -- R:A G:9 B:8
  2852 : 101010011000 ; -- R:A G:9 B:8
  2853 : 101010011000 ; -- R:A G:9 B:8
  2854 : 101010011000 ; -- R:A G:9 B:8
  2855 : 101010011000 ; -- R:A G:9 B:8
  2856 : 101010011000 ; -- R:A G:9 B:8
  2857 : 101010011000 ; -- R:A G:9 B:8
  2858 : 101010011000 ; -- R:A G:9 B:8
  2859 : 101010011000 ; -- R:A G:9 B:8
  2860 : 101010011000 ; -- R:A G:9 B:8
  2861 : 101010011000 ; -- R:A G:9 B:8
  2862 : 101010011000 ; -- R:A G:9 B:8
  2863 : 101010011000 ; -- R:A G:9 B:8
  2864 : 101010011000 ; -- R:A G:9 B:8
  2865 : 101010011000 ; -- R:A G:9 B:8
  2866 : 101010011000 ; -- R:A G:9 B:8
  2867 : 101010011000 ; -- R:A G:9 B:8
  2868 : 101010011000 ; -- R:A G:9 B:8
  2869 : 100110011000 ; -- R:9 G:9 B:8
  2870 : 101010101001 ; -- R:A G:A B:9
  2871 : 111111111111 ; -- R:F G:F B:F
  2872 : 111111111111 ; -- R:F G:F B:F
  2873 : 111111111111 ; -- R:F G:F B:F
  2874 : 111111111111 ; -- R:F G:F B:F
  2875 : 111111111111 ; -- R:F G:F B:F
  2876 : 111111111111 ; -- R:F G:F B:F
  2877 : 111111111111 ; -- R:F G:F B:F
  2878 : 111111111111 ; -- R:F G:F B:F
  2879 : 111111111111 ; -- R:F G:F B:F
  2880 : 111111111111 ; -- R:F G:F B:F
  2881 : 111111111111 ; -- R:F G:F B:F
  2882 : 111111111111 ; -- R:F G:F B:F
  2883 : 111111111111 ; -- R:F G:F B:F
  2884 : 111111111111 ; -- R:F G:F B:F
  2885 : 111111111111 ; -- R:F G:F B:F
  2886 : 110011001011 ; -- R:C G:C B:B
  2887 : 100110000111 ; -- R:9 G:8 B:7
  2888 : 101010011000 ; -- R:A G:9 B:8
  2889 : 101010011000 ; -- R:A G:9 B:8
  2890 : 101010011000 ; -- R:A G:9 B:8
  2891 : 101010011000 ; -- R:A G:9 B:8
  2892 : 101010011000 ; -- R:A G:9 B:8
  2893 : 101010011000 ; -- R:A G:9 B:8
  2894 : 101010011000 ; -- R:A G:9 B:8
  2895 : 101010011000 ; -- R:A G:9 B:8
  2896 : 101010011000 ; -- R:A G:9 B:8
  2897 : 100110011000 ; -- R:9 G:9 B:8
  2898 : 100110011000 ; -- R:9 G:9 B:8
  2899 : 101010011000 ; -- R:A G:9 B:8
  2900 : 101010011000 ; -- R:A G:9 B:8
  2901 : 101010011000 ; -- R:A G:9 B:8
  2902 : 101010011000 ; -- R:A G:9 B:8
  2903 : 101010011000 ; -- R:A G:9 B:8
  2904 : 101010011000 ; -- R:A G:9 B:8
  2905 : 101010011000 ; -- R:A G:9 B:8
  2906 : 101010011000 ; -- R:A G:9 B:8
  2907 : 101010011000 ; -- R:A G:9 B:8
  2908 : 101010011000 ; -- R:A G:9 B:8
  2909 : 101010011000 ; -- R:A G:9 B:8
  2910 : 101010011000 ; -- R:A G:9 B:8
  2911 : 101010011000 ; -- R:A G:9 B:8
  2912 : 101010011000 ; -- R:A G:9 B:8
  2913 : 101010011000 ; -- R:A G:9 B:8
  2914 : 101010011000 ; -- R:A G:9 B:8
  2915 : 101010011000 ; -- R:A G:9 B:8
  2916 : 101010011000 ; -- R:A G:9 B:8
  2917 : 101010011000 ; -- R:A G:9 B:8
  2918 : 101010011000 ; -- R:A G:9 B:8
  2919 : 101010011000 ; -- R:A G:9 B:8
  2920 : 101010011000 ; -- R:A G:9 B:8
  2921 : 101010011000 ; -- R:A G:9 B:8
  2922 : 101010011000 ; -- R:A G:9 B:8
  2923 : 101010011000 ; -- R:A G:9 B:8
  2924 : 101010011000 ; -- R:A G:9 B:8
  2925 : 101010011000 ; -- R:A G:9 B:8
  2926 : 101010011000 ; -- R:A G:9 B:8
  2927 : 101010011000 ; -- R:A G:9 B:8
  2928 : 101010011000 ; -- R:A G:9 B:8
  2929 : 101010011000 ; -- R:A G:9 B:8
  2930 : 101010011000 ; -- R:A G:9 B:8
  2931 : 101010011000 ; -- R:A G:9 B:8
  2932 : 101010011000 ; -- R:A G:9 B:8
  2933 : 100110001000 ; -- R:9 G:8 B:8
  2934 : 110111101101 ; -- R:D G:E B:D
  2935 : 111111111111 ; -- R:F G:F B:F
  2936 : 111111111111 ; -- R:F G:F B:F
  2937 : 111111111111 ; -- R:F G:F B:F
  2938 : 111111111111 ; -- R:F G:F B:F
  2939 : 111111111111 ; -- R:F G:F B:F
  2940 : 111111111111 ; -- R:F G:F B:F
  2941 : 111111111111 ; -- R:F G:F B:F
  2942 : 111111111111 ; -- R:F G:F B:F
  2943 : 111111111111 ; -- R:F G:F B:F
  2944 : 111111111111 ; -- R:F G:F B:F
  2945 : 111111111111 ; -- R:F G:F B:F
  2946 : 111111111111 ; -- R:F G:F B:F
  2947 : 111111111111 ; -- R:F G:F B:F
  2948 : 111111111111 ; -- R:F G:F B:F
  2949 : 111111111111 ; -- R:F G:F B:F
  2950 : 110111011100 ; -- R:D G:D B:C
  2951 : 100110000111 ; -- R:9 G:8 B:7
  2952 : 101010011000 ; -- R:A G:9 B:8
  2953 : 101010011000 ; -- R:A G:9 B:8
  2954 : 101010011000 ; -- R:A G:9 B:8
  2955 : 101010011000 ; -- R:A G:9 B:8
  2956 : 101010011000 ; -- R:A G:9 B:8
  2957 : 101010011000 ; -- R:A G:9 B:8
  2958 : 101010011000 ; -- R:A G:9 B:8
  2959 : 101010011000 ; -- R:A G:9 B:8
  2960 : 101010011000 ; -- R:A G:9 B:8
  2961 : 100110011000 ; -- R:9 G:9 B:8
  2962 : 100110011000 ; -- R:9 G:9 B:8
  2963 : 101010011000 ; -- R:A G:9 B:8
  2964 : 101010011000 ; -- R:A G:9 B:8
  2965 : 101010011000 ; -- R:A G:9 B:8
  2966 : 101010011000 ; -- R:A G:9 B:8
  2967 : 101010011000 ; -- R:A G:9 B:8
  2968 : 101010011000 ; -- R:A G:9 B:8
  2969 : 101010011000 ; -- R:A G:9 B:8
  2970 : 101010011000 ; -- R:A G:9 B:8
  2971 : 101010011000 ; -- R:A G:9 B:8
  2972 : 101010011000 ; -- R:A G:9 B:8
  2973 : 101010011000 ; -- R:A G:9 B:8
  2974 : 101010011000 ; -- R:A G:9 B:8
  2975 : 101010011000 ; -- R:A G:9 B:8
  2976 : 101010011000 ; -- R:A G:9 B:8
  2977 : 101010011000 ; -- R:A G:9 B:8
  2978 : 101010011000 ; -- R:A G:9 B:8
  2979 : 101010011000 ; -- R:A G:9 B:8
  2980 : 101010011000 ; -- R:A G:9 B:8
  2981 : 101010011000 ; -- R:A G:9 B:8
  2982 : 101010011000 ; -- R:A G:9 B:8
  2983 : 101010011000 ; -- R:A G:9 B:8
  2984 : 101010011000 ; -- R:A G:9 B:8
  2985 : 101010011000 ; -- R:A G:9 B:8
  2986 : 101010011000 ; -- R:A G:9 B:8
  2987 : 101010011000 ; -- R:A G:9 B:8
  2988 : 101010011000 ; -- R:A G:9 B:8
  2989 : 101010011000 ; -- R:A G:9 B:8
  2990 : 101010011000 ; -- R:A G:9 B:8
  2991 : 101010011000 ; -- R:A G:9 B:8
  2992 : 101010011000 ; -- R:A G:9 B:8
  2993 : 101010011000 ; -- R:A G:9 B:8
  2994 : 100110011000 ; -- R:9 G:9 B:8
  2995 : 101010011000 ; -- R:A G:9 B:8
  2996 : 100110000111 ; -- R:9 G:8 B:7
  2997 : 110011001100 ; -- R:C G:C B:C
  2998 : 111111111111 ; -- R:F G:F B:F
  2999 : 111111111111 ; -- R:F G:F B:F
  3000 : 111111111111 ; -- R:F G:F B:F
  3001 : 111111111111 ; -- R:F G:F B:F
  3002 : 111111111111 ; -- R:F G:F B:F
  3003 : 111111111111 ; -- R:F G:F B:F
  3004 : 111111111111 ; -- R:F G:F B:F
  3005 : 111111111111 ; -- R:F G:F B:F
  3006 : 111111111111 ; -- R:F G:F B:F
  3007 : 111111111111 ; -- R:F G:F B:F
  3008 : 111111111111 ; -- R:F G:F B:F
  3009 : 111111111111 ; -- R:F G:F B:F
  3010 : 111111111111 ; -- R:F G:F B:F
  3011 : 111111111111 ; -- R:F G:F B:F
  3012 : 111111111111 ; -- R:F G:F B:F
  3013 : 111111111111 ; -- R:F G:F B:F
  3014 : 111011101110 ; -- R:E G:E B:E
  3015 : 100110011000 ; -- R:9 G:9 B:8
  3016 : 101010011000 ; -- R:A G:9 B:8
  3017 : 101010011000 ; -- R:A G:9 B:8
  3018 : 101010011000 ; -- R:A G:9 B:8
  3019 : 101010011000 ; -- R:A G:9 B:8
  3020 : 101010011000 ; -- R:A G:9 B:8
  3021 : 101010011000 ; -- R:A G:9 B:8
  3022 : 101010011000 ; -- R:A G:9 B:8
  3023 : 101010011000 ; -- R:A G:9 B:8
  3024 : 101010011000 ; -- R:A G:9 B:8
  3025 : 100110011000 ; -- R:9 G:9 B:8
  3026 : 100110011000 ; -- R:9 G:9 B:8
  3027 : 101010011000 ; -- R:A G:9 B:8
  3028 : 101010011000 ; -- R:A G:9 B:8
  3029 : 101010011000 ; -- R:A G:9 B:8
  3030 : 101010011000 ; -- R:A G:9 B:8
  3031 : 101010011000 ; -- R:A G:9 B:8
  3032 : 101010011000 ; -- R:A G:9 B:8
  3033 : 101010011000 ; -- R:A G:9 B:8
  3034 : 101010011000 ; -- R:A G:9 B:8
  3035 : 101010011000 ; -- R:A G:9 B:8
  3036 : 101010011000 ; -- R:A G:9 B:8
  3037 : 101010011000 ; -- R:A G:9 B:8
  3038 : 101010011000 ; -- R:A G:9 B:8
  3039 : 101010011000 ; -- R:A G:9 B:8
  3040 : 101010011000 ; -- R:A G:9 B:8
  3041 : 101010011000 ; -- R:A G:9 B:8
  3042 : 101010011000 ; -- R:A G:9 B:8
  3043 : 101010011000 ; -- R:A G:9 B:8
  3044 : 101010011000 ; -- R:A G:9 B:8
  3045 : 101010011000 ; -- R:A G:9 B:8
  3046 : 101010011000 ; -- R:A G:9 B:8
  3047 : 101010011000 ; -- R:A G:9 B:8
  3048 : 101010011000 ; -- R:A G:9 B:8
  3049 : 101010011000 ; -- R:A G:9 B:8
  3050 : 101010011000 ; -- R:A G:9 B:8
  3051 : 101010011000 ; -- R:A G:9 B:8
  3052 : 101010011000 ; -- R:A G:9 B:8
  3053 : 101010011000 ; -- R:A G:9 B:8
  3054 : 101010011000 ; -- R:A G:9 B:8
  3055 : 101010011000 ; -- R:A G:9 B:8
  3056 : 101010011000 ; -- R:A G:9 B:8
  3057 : 101010011000 ; -- R:A G:9 B:8
  3058 : 101010011000 ; -- R:A G:9 B:8
  3059 : 100110000111 ; -- R:9 G:8 B:7
  3060 : 101111001011 ; -- R:B G:C B:B
  3061 : 111111111111 ; -- R:F G:F B:F
  3062 : 111111111111 ; -- R:F G:F B:F
  3063 : 111111111111 ; -- R:F G:F B:F
  3064 : 111111111111 ; -- R:F G:F B:F
  3065 : 111111111111 ; -- R:F G:F B:F
  3066 : 111111111111 ; -- R:F G:F B:F
  3067 : 111111111111 ; -- R:F G:F B:F
  3068 : 111111111111 ; -- R:F G:F B:F
  3069 : 111111111111 ; -- R:F G:F B:F
  3070 : 111111111111 ; -- R:F G:F B:F
  3071 : 111111111111 ; -- R:F G:F B:F
  3072 : 111111111111 ; -- R:F G:F B:F
  3073 : 111111111111 ; -- R:F G:F B:F
  3074 : 111111111111 ; -- R:F G:F B:F
  3075 : 111111111111 ; -- R:F G:F B:F
  3076 : 111111111111 ; -- R:F G:F B:F
  3077 : 111111111111 ; -- R:F G:F B:F
  3078 : 111111111111 ; -- R:F G:F B:F
  3079 : 101110101010 ; -- R:B G:A B:A
  3080 : 100110001000 ; -- R:9 G:8 B:8
  3081 : 101010011000 ; -- R:A G:9 B:8
  3082 : 101010011000 ; -- R:A G:9 B:8
  3083 : 101010011000 ; -- R:A G:9 B:8
  3084 : 101010011000 ; -- R:A G:9 B:8
  3085 : 101010011000 ; -- R:A G:9 B:8
  3086 : 101010011000 ; -- R:A G:9 B:8
  3087 : 101010011000 ; -- R:A G:9 B:8
  3088 : 101010011000 ; -- R:A G:9 B:8
  3089 : 100110011000 ; -- R:9 G:9 B:8
  3090 : 100110011000 ; -- R:9 G:9 B:8
  3091 : 101010011000 ; -- R:A G:9 B:8
  3092 : 101010011000 ; -- R:A G:9 B:8
  3093 : 101010011000 ; -- R:A G:9 B:8
  3094 : 101010011000 ; -- R:A G:9 B:8
  3095 : 101010011000 ; -- R:A G:9 B:8
  3096 : 101010011000 ; -- R:A G:9 B:8
  3097 : 101010011000 ; -- R:A G:9 B:8
  3098 : 101010011000 ; -- R:A G:9 B:8
  3099 : 101010011000 ; -- R:A G:9 B:8
  3100 : 101010011000 ; -- R:A G:9 B:8
  3101 : 101010011000 ; -- R:A G:9 B:8
  3102 : 101010011000 ; -- R:A G:9 B:8
  3103 : 101010011000 ; -- R:A G:9 B:8
  3104 : 101010011000 ; -- R:A G:9 B:8
  3105 : 101010011000 ; -- R:A G:9 B:8
  3106 : 101010011000 ; -- R:A G:9 B:8
  3107 : 101010011000 ; -- R:A G:9 B:8
  3108 : 101010011000 ; -- R:A G:9 B:8
  3109 : 101010011000 ; -- R:A G:9 B:8
  3110 : 101010011000 ; -- R:A G:9 B:8
  3111 : 101010011000 ; -- R:A G:9 B:8
  3112 : 101010011000 ; -- R:A G:9 B:8
  3113 : 101010011000 ; -- R:A G:9 B:8
  3114 : 101010011000 ; -- R:A G:9 B:8
  3115 : 101010011000 ; -- R:A G:9 B:8
  3116 : 101010011000 ; -- R:A G:9 B:8
  3117 : 101010011000 ; -- R:A G:9 B:8
  3118 : 101010011000 ; -- R:A G:9 B:8
  3119 : 101010011000 ; -- R:A G:9 B:8
  3120 : 101010011000 ; -- R:A G:9 B:8
  3121 : 101010011000 ; -- R:A G:9 B:8
  3122 : 101010011000 ; -- R:A G:9 B:8
  3123 : 100110011000 ; -- R:9 G:9 B:8
  3124 : 111011101110 ; -- R:E G:E B:E
  3125 : 111111111111 ; -- R:F G:F B:F
  3126 : 111111111111 ; -- R:F G:F B:F
  3127 : 111111111111 ; -- R:F G:F B:F
  3128 : 111111111111 ; -- R:F G:F B:F
  3129 : 111111111111 ; -- R:F G:F B:F
  3130 : 111111111111 ; -- R:F G:F B:F
  3131 : 111111111111 ; -- R:F G:F B:F
  3132 : 111111111111 ; -- R:F G:F B:F
  3133 : 111111111111 ; -- R:F G:F B:F
  3134 : 111111111111 ; -- R:F G:F B:F
  3135 : 111111111111 ; -- R:F G:F B:F
  3136 : 111111111111 ; -- R:F G:F B:F
  3137 : 111111111111 ; -- R:F G:F B:F
  3138 : 111111111111 ; -- R:F G:F B:F
  3139 : 111111111111 ; -- R:F G:F B:F
  3140 : 111111111111 ; -- R:F G:F B:F
  3141 : 111111111111 ; -- R:F G:F B:F
  3142 : 111111111111 ; -- R:F G:F B:F
  3143 : 110111011101 ; -- R:D G:D B:D
  3144 : 100110000111 ; -- R:9 G:8 B:7
  3145 : 101010011000 ; -- R:A G:9 B:8
  3146 : 101010011000 ; -- R:A G:9 B:8
  3147 : 101010011000 ; -- R:A G:9 B:8
  3148 : 101010011000 ; -- R:A G:9 B:8
  3149 : 101010011000 ; -- R:A G:9 B:8
  3150 : 101010011000 ; -- R:A G:9 B:8
  3151 : 101010011000 ; -- R:A G:9 B:8
  3152 : 101010011000 ; -- R:A G:9 B:8
  3153 : 100110011000 ; -- R:9 G:9 B:8
  3154 : 100110011000 ; -- R:9 G:9 B:8
  3155 : 101010011000 ; -- R:A G:9 B:8
  3156 : 101010011000 ; -- R:A G:9 B:8
  3157 : 101010011000 ; -- R:A G:9 B:8
  3158 : 101010011000 ; -- R:A G:9 B:8
  3159 : 101010011000 ; -- R:A G:9 B:8
  3160 : 101010011000 ; -- R:A G:9 B:8
  3161 : 101010011000 ; -- R:A G:9 B:8
  3162 : 101010011000 ; -- R:A G:9 B:8
  3163 : 101010011000 ; -- R:A G:9 B:8
  3164 : 101010011000 ; -- R:A G:9 B:8
  3165 : 101010011000 ; -- R:A G:9 B:8
  3166 : 101010011000 ; -- R:A G:9 B:8
  3167 : 101010011000 ; -- R:A G:9 B:8
  3168 : 101010011000 ; -- R:A G:9 B:8
  3169 : 101010011000 ; -- R:A G:9 B:8
  3170 : 101010011000 ; -- R:A G:9 B:8
  3171 : 101010011000 ; -- R:A G:9 B:8
  3172 : 101010011000 ; -- R:A G:9 B:8
  3173 : 101010011000 ; -- R:A G:9 B:8
  3174 : 101010011000 ; -- R:A G:9 B:8
  3175 : 101010011000 ; -- R:A G:9 B:8
  3176 : 101010011000 ; -- R:A G:9 B:8
  3177 : 101010011000 ; -- R:A G:9 B:8
  3178 : 101010011000 ; -- R:A G:9 B:8
  3179 : 101010011000 ; -- R:A G:9 B:8
  3180 : 101010011000 ; -- R:A G:9 B:8
  3181 : 101010011000 ; -- R:A G:9 B:8
  3182 : 101010011000 ; -- R:A G:9 B:8
  3183 : 100110011000 ; -- R:9 G:9 B:8
  3184 : 100110011000 ; -- R:9 G:9 B:8
  3185 : 101010011000 ; -- R:A G:9 B:8
  3186 : 100110000111 ; -- R:9 G:8 B:7
  3187 : 101010101001 ; -- R:A G:A B:9
  3188 : 111111111111 ; -- R:F G:F B:F
  3189 : 111111111111 ; -- R:F G:F B:F
  3190 : 111111111111 ; -- R:F G:F B:F
  3191 : 111111111111 ; -- R:F G:F B:F
  3192 : 111111111111 ; -- R:F G:F B:F
  3193 : 111111111111 ; -- R:F G:F B:F
  3194 : 111111111111 ; -- R:F G:F B:F
  3195 : 111111111111 ; -- R:F G:F B:F
  3196 : 111111111111 ; -- R:F G:F B:F
  3197 : 111111111111 ; -- R:F G:F B:F
  3198 : 111111111111 ; -- R:F G:F B:F
  3199 : 111111111111 ; -- R:F G:F B:F
  3200 : 111111111111 ; -- R:F G:F B:F
  3201 : 111111111111 ; -- R:F G:F B:F
  3202 : 111111111111 ; -- R:F G:F B:F
  3203 : 111111111111 ; -- R:F G:F B:F
  3204 : 111111111111 ; -- R:F G:F B:F
  3205 : 111111111111 ; -- R:F G:F B:F
  3206 : 111111111111 ; -- R:F G:F B:F
  3207 : 111111111111 ; -- R:F G:F B:F
  3208 : 101010101001 ; -- R:A G:A B:9
  3209 : 100110011000 ; -- R:9 G:9 B:8
  3210 : 101010011000 ; -- R:A G:9 B:8
  3211 : 101010011000 ; -- R:A G:9 B:8
  3212 : 101010011000 ; -- R:A G:9 B:8
  3213 : 101010011000 ; -- R:A G:9 B:8
  3214 : 101010011000 ; -- R:A G:9 B:8
  3215 : 101010011000 ; -- R:A G:9 B:8
  3216 : 101010011000 ; -- R:A G:9 B:8
  3217 : 101010011000 ; -- R:A G:9 B:8
  3218 : 100110011000 ; -- R:9 G:9 B:8
  3219 : 101010011000 ; -- R:A G:9 B:8
  3220 : 101010011000 ; -- R:A G:9 B:8
  3221 : 101010011000 ; -- R:A G:9 B:8
  3222 : 101010011000 ; -- R:A G:9 B:8
  3223 : 101010011000 ; -- R:A G:9 B:8
  3224 : 101010011000 ; -- R:A G:9 B:8
  3225 : 101010011000 ; -- R:A G:9 B:8
  3226 : 101010011000 ; -- R:A G:9 B:8
  3227 : 101010011000 ; -- R:A G:9 B:8
  3228 : 101010011000 ; -- R:A G:9 B:8
  3229 : 101010011000 ; -- R:A G:9 B:8
  3230 : 101010011000 ; -- R:A G:9 B:8
  3231 : 101010011000 ; -- R:A G:9 B:8
  3232 : 101010011000 ; -- R:A G:9 B:8
  3233 : 101010011000 ; -- R:A G:9 B:8
  3234 : 101010011000 ; -- R:A G:9 B:8
  3235 : 101010011000 ; -- R:A G:9 B:8
  3236 : 101010011000 ; -- R:A G:9 B:8
  3237 : 101010011000 ; -- R:A G:9 B:8
  3238 : 101010011000 ; -- R:A G:9 B:8
  3239 : 101010011000 ; -- R:A G:9 B:8
  3240 : 101010011000 ; -- R:A G:9 B:8
  3241 : 101010011000 ; -- R:A G:9 B:8
  3242 : 101010011000 ; -- R:A G:9 B:8
  3243 : 100110011000 ; -- R:9 G:9 B:8
  3244 : 101010011000 ; -- R:A G:9 B:8
  3245 : 101010011000 ; -- R:A G:9 B:8
  3246 : 100110000111 ; -- R:9 G:8 B:7
  3247 : 101010101001 ; -- R:A G:A B:9
  3248 : 101010101001 ; -- R:A G:A B:9
  3249 : 101010011001 ; -- R:A G:9 B:9
  3250 : 101010101001 ; -- R:A G:A B:9
  3251 : 110111101110 ; -- R:D G:E B:E
  3252 : 111111111111 ; -- R:F G:F B:F
  3253 : 111111111111 ; -- R:F G:F B:F
  3254 : 111111111111 ; -- R:F G:F B:F
  3255 : 111111111111 ; -- R:F G:F B:F
  3256 : 111111111111 ; -- R:F G:F B:F
  3257 : 111111111111 ; -- R:F G:F B:F
  3258 : 111111111111 ; -- R:F G:F B:F
  3259 : 111111111111 ; -- R:F G:F B:F
  3260 : 111111111111 ; -- R:F G:F B:F
  3261 : 111111111111 ; -- R:F G:F B:F
  3262 : 111111111111 ; -- R:F G:F B:F
  3263 : 111111111111 ; -- R:F G:F B:F
  3264 : 111111111111 ; -- R:F G:F B:F
  3265 : 111111111111 ; -- R:F G:F B:F
  3266 : 111111111111 ; -- R:F G:F B:F
  3267 : 111111111111 ; -- R:F G:F B:F
  3268 : 111111111111 ; -- R:F G:F B:F
  3269 : 111111111111 ; -- R:F G:F B:F
  3270 : 111111111111 ; -- R:F G:F B:F
  3271 : 111111111111 ; -- R:F G:F B:F
  3272 : 111011101110 ; -- R:E G:E B:E
  3273 : 100110011000 ; -- R:9 G:9 B:8
  3274 : 101010011000 ; -- R:A G:9 B:8
  3275 : 101010011000 ; -- R:A G:9 B:8
  3276 : 101010011000 ; -- R:A G:9 B:8
  3277 : 101010011000 ; -- R:A G:9 B:8
  3278 : 101010011000 ; -- R:A G:9 B:8
  3279 : 101010011000 ; -- R:A G:9 B:8
  3280 : 101010011000 ; -- R:A G:9 B:8
  3281 : 101010011000 ; -- R:A G:9 B:8
  3282 : 100110011000 ; -- R:9 G:9 B:8
  3283 : 101010011000 ; -- R:A G:9 B:8
  3284 : 101010011000 ; -- R:A G:9 B:8
  3285 : 101010011000 ; -- R:A G:9 B:8
  3286 : 101010011000 ; -- R:A G:9 B:8
  3287 : 101010011000 ; -- R:A G:9 B:8
  3288 : 101010011000 ; -- R:A G:9 B:8
  3289 : 101010011000 ; -- R:A G:9 B:8
  3290 : 101010011000 ; -- R:A G:9 B:8
  3291 : 101010011000 ; -- R:A G:9 B:8
  3292 : 101010011000 ; -- R:A G:9 B:8
  3293 : 101010011000 ; -- R:A G:9 B:8
  3294 : 101010011000 ; -- R:A G:9 B:8
  3295 : 101010011000 ; -- R:A G:9 B:8
  3296 : 101010011000 ; -- R:A G:9 B:8
  3297 : 101010011000 ; -- R:A G:9 B:8
  3298 : 101010011000 ; -- R:A G:9 B:8
  3299 : 101010011000 ; -- R:A G:9 B:8
  3300 : 101010011000 ; -- R:A G:9 B:8
  3301 : 101010011000 ; -- R:A G:9 B:8
  3302 : 101010011000 ; -- R:A G:9 B:8
  3303 : 101010011000 ; -- R:A G:9 B:8
  3304 : 101010011000 ; -- R:A G:9 B:8
  3305 : 101010011000 ; -- R:A G:9 B:8
  3306 : 101010011000 ; -- R:A G:9 B:8
  3307 : 101010011000 ; -- R:A G:9 B:8
  3308 : 100110000111 ; -- R:9 G:8 B:7
  3309 : 100110011000 ; -- R:9 G:9 B:8
  3310 : 101111001011 ; -- R:B G:C B:B
  3311 : 111111111111 ; -- R:F G:F B:F
  3312 : 111111111111 ; -- R:F G:F B:F
  3313 : 111111111111 ; -- R:F G:F B:F
  3314 : 111111111111 ; -- R:F G:F B:F
  3315 : 111111111111 ; -- R:F G:F B:F
  3316 : 111111111111 ; -- R:F G:F B:F
  3317 : 111111111111 ; -- R:F G:F B:F
  3318 : 111111111111 ; -- R:F G:F B:F
  3319 : 111111111111 ; -- R:F G:F B:F
  3320 : 111111111111 ; -- R:F G:F B:F
  3321 : 111111111111 ; -- R:F G:F B:F
  3322 : 111111111111 ; -- R:F G:F B:F
  3323 : 111111111111 ; -- R:F G:F B:F
  3324 : 111111111111 ; -- R:F G:F B:F
  3325 : 111111111111 ; -- R:F G:F B:F
  3326 : 111111111111 ; -- R:F G:F B:F
  3327 : 111111111111 ; -- R:F G:F B:F
  3328 : 111111111111 ; -- R:F G:F B:F
  3329 : 111111111111 ; -- R:F G:F B:F
  3330 : 111111111111 ; -- R:F G:F B:F
  3331 : 111111111111 ; -- R:F G:F B:F
  3332 : 111111111111 ; -- R:F G:F B:F
  3333 : 111111111111 ; -- R:F G:F B:F
  3334 : 111111111111 ; -- R:F G:F B:F
  3335 : 111111111111 ; -- R:F G:F B:F
  3336 : 111111111111 ; -- R:F G:F B:F
  3337 : 110011001100 ; -- R:C G:C B:C
  3338 : 100110000111 ; -- R:9 G:8 B:7
  3339 : 101010011000 ; -- R:A G:9 B:8
  3340 : 101010011000 ; -- R:A G:9 B:8
  3341 : 101010011000 ; -- R:A G:9 B:8
  3342 : 101010011000 ; -- R:A G:9 B:8
  3343 : 101010011000 ; -- R:A G:9 B:8
  3344 : 101010011000 ; -- R:A G:9 B:8
  3345 : 101010011000 ; -- R:A G:9 B:8
  3346 : 100110011000 ; -- R:9 G:9 B:8
  3347 : 101010011000 ; -- R:A G:9 B:8
  3348 : 101010011000 ; -- R:A G:9 B:8
  3349 : 101010011000 ; -- R:A G:9 B:8
  3350 : 101010011000 ; -- R:A G:9 B:8
  3351 : 101010011000 ; -- R:A G:9 B:8
  3352 : 101010011000 ; -- R:A G:9 B:8
  3353 : 101010011000 ; -- R:A G:9 B:8
  3354 : 101010011000 ; -- R:A G:9 B:8
  3355 : 101010011000 ; -- R:A G:9 B:8
  3356 : 101010011000 ; -- R:A G:9 B:8
  3357 : 101010011000 ; -- R:A G:9 B:8
  3358 : 101010011000 ; -- R:A G:9 B:8
  3359 : 101010011000 ; -- R:A G:9 B:8
  3360 : 101010011000 ; -- R:A G:9 B:8
  3361 : 101010011000 ; -- R:A G:9 B:8
  3362 : 101010011000 ; -- R:A G:9 B:8
  3363 : 101010011000 ; -- R:A G:9 B:8
  3364 : 101010011000 ; -- R:A G:9 B:8
  3365 : 101010011000 ; -- R:A G:9 B:8
  3366 : 101010011000 ; -- R:A G:9 B:8
  3367 : 101010011000 ; -- R:A G:9 B:8
  3368 : 101010011000 ; -- R:A G:9 B:8
  3369 : 101010011000 ; -- R:A G:9 B:8
  3370 : 100110001000 ; -- R:9 G:8 B:8
  3371 : 100110011000 ; -- R:9 G:9 B:8
  3372 : 101010111010 ; -- R:A G:B B:A
  3373 : 111011101110 ; -- R:E G:E B:E
  3374 : 111111111111 ; -- R:F G:F B:F
  3375 : 111111111111 ; -- R:F G:F B:F
  3376 : 111111111111 ; -- R:F G:F B:F
  3377 : 111111111111 ; -- R:F G:F B:F
  3378 : 111111111111 ; -- R:F G:F B:F
  3379 : 111111111111 ; -- R:F G:F B:F
  3380 : 111111111111 ; -- R:F G:F B:F
  3381 : 111111111111 ; -- R:F G:F B:F
  3382 : 111111111111 ; -- R:F G:F B:F
  3383 : 111111111111 ; -- R:F G:F B:F
  3384 : 111111111111 ; -- R:F G:F B:F
  3385 : 111111111111 ; -- R:F G:F B:F
  3386 : 111111111111 ; -- R:F G:F B:F
  3387 : 111111111111 ; -- R:F G:F B:F
  3388 : 111111111111 ; -- R:F G:F B:F
  3389 : 111111111111 ; -- R:F G:F B:F
  3390 : 111111111111 ; -- R:F G:F B:F
  3391 : 111111111111 ; -- R:F G:F B:F
  3392 : 111111111111 ; -- R:F G:F B:F
  3393 : 111111111111 ; -- R:F G:F B:F
  3394 : 111111111111 ; -- R:F G:F B:F
  3395 : 111111111111 ; -- R:F G:F B:F
  3396 : 111111111111 ; -- R:F G:F B:F
  3397 : 111111111111 ; -- R:F G:F B:F
  3398 : 111111111111 ; -- R:F G:F B:F
  3399 : 111111111111 ; -- R:F G:F B:F
  3400 : 111111111111 ; -- R:F G:F B:F
  3401 : 111111111111 ; -- R:F G:F B:F
  3402 : 101010101001 ; -- R:A G:A B:9
  3403 : 100110011000 ; -- R:9 G:9 B:8
  3404 : 101010011000 ; -- R:A G:9 B:8
  3405 : 101010011000 ; -- R:A G:9 B:8
  3406 : 101010011000 ; -- R:A G:9 B:8
  3407 : 101010011000 ; -- R:A G:9 B:8
  3408 : 101010011000 ; -- R:A G:9 B:8
  3409 : 101010011000 ; -- R:A G:9 B:8
  3410 : 100110011000 ; -- R:9 G:9 B:8
  3411 : 100110011000 ; -- R:9 G:9 B:8
  3412 : 101010011000 ; -- R:A G:9 B:8
  3413 : 101010011000 ; -- R:A G:9 B:8
  3414 : 101010011000 ; -- R:A G:9 B:8
  3415 : 101010011000 ; -- R:A G:9 B:8
  3416 : 101010011000 ; -- R:A G:9 B:8
  3417 : 101010011000 ; -- R:A G:9 B:8
  3418 : 101010011000 ; -- R:A G:9 B:8
  3419 : 101010011000 ; -- R:A G:9 B:8
  3420 : 101010011000 ; -- R:A G:9 B:8
  3421 : 101010011000 ; -- R:A G:9 B:8
  3422 : 101010011000 ; -- R:A G:9 B:8
  3423 : 101010011000 ; -- R:A G:9 B:8
  3424 : 101010011000 ; -- R:A G:9 B:8
  3425 : 101010011000 ; -- R:A G:9 B:8
  3426 : 101010011000 ; -- R:A G:9 B:8
  3427 : 101010011000 ; -- R:A G:9 B:8
  3428 : 101010011000 ; -- R:A G:9 B:8
  3429 : 101010011000 ; -- R:A G:9 B:8
  3430 : 101010011000 ; -- R:A G:9 B:8
  3431 : 101010011000 ; -- R:A G:9 B:8
  3432 : 100110001000 ; -- R:9 G:8 B:8
  3433 : 100110001000 ; -- R:9 G:8 B:8
  3434 : 101010101010 ; -- R:A G:A B:A
  3435 : 110111101101 ; -- R:D G:E B:D
  3436 : 111111111111 ; -- R:F G:F B:F
  3437 : 111111111111 ; -- R:F G:F B:F
  3438 : 111111111111 ; -- R:F G:F B:F
  3439 : 111111111111 ; -- R:F G:F B:F
  3440 : 111111111111 ; -- R:F G:F B:F
  3441 : 111111111111 ; -- R:F G:F B:F
  3442 : 111111111111 ; -- R:F G:F B:F
  3443 : 111111111111 ; -- R:F G:F B:F
  3444 : 111111111111 ; -- R:F G:F B:F
  3445 : 111111111111 ; -- R:F G:F B:F
  3446 : 111111111111 ; -- R:F G:F B:F
  3447 : 111111111111 ; -- R:F G:F B:F
  3448 : 111111111111 ; -- R:F G:F B:F
  3449 : 111111111111 ; -- R:F G:F B:F
  3450 : 111111111111 ; -- R:F G:F B:F
  3451 : 111111111111 ; -- R:F G:F B:F
  3452 : 111111111111 ; -- R:F G:F B:F
  3453 : 111111111111 ; -- R:F G:F B:F
  3454 : 111111111111 ; -- R:F G:F B:F
  3455 : 111111111111 ; -- R:F G:F B:F
  3456 : 111111111111 ; -- R:F G:F B:F
  3457 : 111111111111 ; -- R:F G:F B:F
  3458 : 111111111111 ; -- R:F G:F B:F
  3459 : 111111111111 ; -- R:F G:F B:F
  3460 : 111111111111 ; -- R:F G:F B:F
  3461 : 111111111111 ; -- R:F G:F B:F
  3462 : 111111111111 ; -- R:F G:F B:F
  3463 : 111111111111 ; -- R:F G:F B:F
  3464 : 111111111111 ; -- R:F G:F B:F
  3465 : 111111111111 ; -- R:F G:F B:F
  3466 : 110011001100 ; -- R:C G:C B:C
  3467 : 100110000111 ; -- R:9 G:8 B:7
  3468 : 101010011000 ; -- R:A G:9 B:8
  3469 : 101010011000 ; -- R:A G:9 B:8
  3470 : 101010011000 ; -- R:A G:9 B:8
  3471 : 101010011000 ; -- R:A G:9 B:8
  3472 : 101010011000 ; -- R:A G:9 B:8
  3473 : 101010011000 ; -- R:A G:9 B:8
  3474 : 101010011000 ; -- R:A G:9 B:8
  3475 : 100110011000 ; -- R:9 G:9 B:8
  3476 : 101010011000 ; -- R:A G:9 B:8
  3477 : 101010011000 ; -- R:A G:9 B:8
  3478 : 101010011000 ; -- R:A G:9 B:8
  3479 : 101010011000 ; -- R:A G:9 B:8
  3480 : 101010011000 ; -- R:A G:9 B:8
  3481 : 101010011000 ; -- R:A G:9 B:8
  3482 : 101010011000 ; -- R:A G:9 B:8
  3483 : 101010011000 ; -- R:A G:9 B:8
  3484 : 101010011000 ; -- R:A G:9 B:8
  3485 : 101010011000 ; -- R:A G:9 B:8
  3486 : 101010011000 ; -- R:A G:9 B:8
  3487 : 101010011000 ; -- R:A G:9 B:8
  3488 : 101010011000 ; -- R:A G:9 B:8
  3489 : 101010011000 ; -- R:A G:9 B:8
  3490 : 101010011000 ; -- R:A G:9 B:8
  3491 : 101010011000 ; -- R:A G:9 B:8
  3492 : 101010011000 ; -- R:A G:9 B:8
  3493 : 101010011000 ; -- R:A G:9 B:8
  3494 : 100110001000 ; -- R:9 G:8 B:8
  3495 : 100110001000 ; -- R:9 G:8 B:8
  3496 : 101010101010 ; -- R:A G:A B:A
  3497 : 110111011101 ; -- R:D G:D B:D
  3498 : 111111111111 ; -- R:F G:F B:F
  3499 : 111111111111 ; -- R:F G:F B:F
  3500 : 111111111111 ; -- R:F G:F B:F
  3501 : 111111111111 ; -- R:F G:F B:F
  3502 : 111111111111 ; -- R:F G:F B:F
  3503 : 111111111111 ; -- R:F G:F B:F
  3504 : 111111111111 ; -- R:F G:F B:F
  3505 : 111111111111 ; -- R:F G:F B:F
  3506 : 111111111111 ; -- R:F G:F B:F
  3507 : 111111111111 ; -- R:F G:F B:F
  3508 : 111111111111 ; -- R:F G:F B:F
  3509 : 111111111111 ; -- R:F G:F B:F
  3510 : 111111111111 ; -- R:F G:F B:F
  3511 : 111111111111 ; -- R:F G:F B:F
  3512 : 111111111111 ; -- R:F G:F B:F
  3513 : 111111111111 ; -- R:F G:F B:F
  3514 : 111111111111 ; -- R:F G:F B:F
  3515 : 111111111111 ; -- R:F G:F B:F
  3516 : 111111111111 ; -- R:F G:F B:F
  3517 : 111111111111 ; -- R:F G:F B:F
  3518 : 111111111111 ; -- R:F G:F B:F
  3519 : 111111111111 ; -- R:F G:F B:F
  3520 : 111111111111 ; -- R:F G:F B:F
  3521 : 111111111111 ; -- R:F G:F B:F
  3522 : 111111111111 ; -- R:F G:F B:F
  3523 : 111111111111 ; -- R:F G:F B:F
  3524 : 111111111111 ; -- R:F G:F B:F
  3525 : 111111111111 ; -- R:F G:F B:F
  3526 : 111111111111 ; -- R:F G:F B:F
  3527 : 111111111111 ; -- R:F G:F B:F
  3528 : 111111111111 ; -- R:F G:F B:F
  3529 : 111111111111 ; -- R:F G:F B:F
  3530 : 110111011101 ; -- R:D G:D B:D
  3531 : 100110000111 ; -- R:9 G:8 B:7
  3532 : 101010011000 ; -- R:A G:9 B:8
  3533 : 101010011000 ; -- R:A G:9 B:8
  3534 : 101010011000 ; -- R:A G:9 B:8
  3535 : 101010011000 ; -- R:A G:9 B:8
  3536 : 100110000111 ; -- R:9 G:8 B:7
  3537 : 100110000111 ; -- R:9 G:8 B:7
  3538 : 100110001000 ; -- R:9 G:8 B:8
  3539 : 100110001000 ; -- R:9 G:8 B:8
  3540 : 101010011000 ; -- R:A G:9 B:8
  3541 : 101010011000 ; -- R:A G:9 B:8
  3542 : 101010011000 ; -- R:A G:9 B:8
  3543 : 101010011000 ; -- R:A G:9 B:8
  3544 : 101010011000 ; -- R:A G:9 B:8
  3545 : 101010011000 ; -- R:A G:9 B:8
  3546 : 101010011000 ; -- R:A G:9 B:8
  3547 : 101010011000 ; -- R:A G:9 B:8
  3548 : 101010011000 ; -- R:A G:9 B:8
  3549 : 101010011000 ; -- R:A G:9 B:8
  3550 : 101010011000 ; -- R:A G:9 B:8
  3551 : 101010011000 ; -- R:A G:9 B:8
  3552 : 101010011000 ; -- R:A G:9 B:8
  3553 : 101010011000 ; -- R:A G:9 B:8
  3554 : 101010011000 ; -- R:A G:9 B:8
  3555 : 101010011000 ; -- R:A G:9 B:8
  3556 : 100110001000 ; -- R:9 G:8 B:8
  3557 : 100110011000 ; -- R:9 G:9 B:8
  3558 : 101010101010 ; -- R:A G:A B:A
  3559 : 110111011101 ; -- R:D G:D B:D
  3560 : 111111111111 ; -- R:F G:F B:F
  3561 : 111111111111 ; -- R:F G:F B:F
  3562 : 111111111111 ; -- R:F G:F B:F
  3563 : 111111111111 ; -- R:F G:F B:F
  3564 : 111111111111 ; -- R:F G:F B:F
  3565 : 111111111111 ; -- R:F G:F B:F
  3566 : 111111111111 ; -- R:F G:F B:F
  3567 : 111111111111 ; -- R:F G:F B:F
  3568 : 111111111111 ; -- R:F G:F B:F
  3569 : 111111111111 ; -- R:F G:F B:F
  3570 : 111111111111 ; -- R:F G:F B:F
  3571 : 111111111111 ; -- R:F G:F B:F
  3572 : 111111111111 ; -- R:F G:F B:F
  3573 : 111111111111 ; -- R:F G:F B:F
  3574 : 111111111111 ; -- R:F G:F B:F
  3575 : 111111111111 ; -- R:F G:F B:F
  3576 : 111111111111 ; -- R:F G:F B:F
  3577 : 111111111111 ; -- R:F G:F B:F
  3578 : 111111111111 ; -- R:F G:F B:F
  3579 : 111111111111 ; -- R:F G:F B:F
  3580 : 111111111111 ; -- R:F G:F B:F
  3581 : 111111111111 ; -- R:F G:F B:F
  3582 : 111111111111 ; -- R:F G:F B:F
  3583 : 111111111111 ; -- R:F G:F B:F
  3584 : 111111111111 ; -- R:F G:F B:F
  3585 : 111111111111 ; -- R:F G:F B:F
  3586 : 111111111111 ; -- R:F G:F B:F
  3587 : 111111111111 ; -- R:F G:F B:F
  3588 : 111111111111 ; -- R:F G:F B:F
  3589 : 111111111111 ; -- R:F G:F B:F
  3590 : 111111111111 ; -- R:F G:F B:F
  3591 : 111111111111 ; -- R:F G:F B:F
  3592 : 111111111111 ; -- R:F G:F B:F
  3593 : 111111111111 ; -- R:F G:F B:F
  3594 : 111011101110 ; -- R:E G:E B:E
  3595 : 100110011000 ; -- R:9 G:9 B:8
  3596 : 100110011000 ; -- R:9 G:9 B:8
  3597 : 101010011000 ; -- R:A G:9 B:8
  3598 : 100110001000 ; -- R:9 G:8 B:8
  3599 : 100110011000 ; -- R:9 G:9 B:8
  3600 : 101110111011 ; -- R:B G:B B:B
  3601 : 101111001011 ; -- R:B G:C B:B
  3602 : 101110111010 ; -- R:B G:B B:A
  3603 : 101010011001 ; -- R:A G:9 B:9
  3604 : 100110011000 ; -- R:9 G:9 B:8
  3605 : 100110000111 ; -- R:9 G:8 B:7
  3606 : 100110000111 ; -- R:9 G:8 B:7
  3607 : 100110000111 ; -- R:9 G:8 B:7
  3608 : 100110001000 ; -- R:9 G:8 B:8
  3609 : 100110001000 ; -- R:9 G:8 B:8
  3610 : 100110011000 ; -- R:9 G:9 B:8
  3611 : 101010011000 ; -- R:A G:9 B:8
  3612 : 101010011000 ; -- R:A G:9 B:8
  3613 : 101010011000 ; -- R:A G:9 B:8
  3614 : 101010011000 ; -- R:A G:9 B:8
  3615 : 101010011000 ; -- R:A G:9 B:8
  3616 : 101010011000 ; -- R:A G:9 B:8
  3617 : 101010011000 ; -- R:A G:9 B:8
  3618 : 101010011000 ; -- R:A G:9 B:8
  3619 : 100110001000 ; -- R:9 G:8 B:8
  3620 : 101010111010 ; -- R:A G:B B:A
  3621 : 110111101101 ; -- R:D G:E B:D
  3622 : 111111111111 ; -- R:F G:F B:F
  3623 : 111111111111 ; -- R:F G:F B:F
  3624 : 111111111111 ; -- R:F G:F B:F
  3625 : 111111111111 ; -- R:F G:F B:F
  3626 : 111111111111 ; -- R:F G:F B:F
  3627 : 111111111111 ; -- R:F G:F B:F
  3628 : 111111111111 ; -- R:F G:F B:F
  3629 : 111111111111 ; -- R:F G:F B:F
  3630 : 111111111111 ; -- R:F G:F B:F
  3631 : 111111111111 ; -- R:F G:F B:F
  3632 : 111111111111 ; -- R:F G:F B:F
  3633 : 111111111111 ; -- R:F G:F B:F
  3634 : 111111111111 ; -- R:F G:F B:F
  3635 : 111111111111 ; -- R:F G:F B:F
  3636 : 111111111111 ; -- R:F G:F B:F
  3637 : 111111111111 ; -- R:F G:F B:F
  3638 : 111111111111 ; -- R:F G:F B:F
  3639 : 111111111111 ; -- R:F G:F B:F
  3640 : 111111111111 ; -- R:F G:F B:F
  3641 : 111111111111 ; -- R:F G:F B:F
  3642 : 111111111111 ; -- R:F G:F B:F
  3643 : 111111111111 ; -- R:F G:F B:F
  3644 : 111111111111 ; -- R:F G:F B:F
  3645 : 111111111111 ; -- R:F G:F B:F
  3646 : 111111111111 ; -- R:F G:F B:F
  3647 : 111111111111 ; -- R:F G:F B:F
  3648 : 111111111111 ; -- R:F G:F B:F
  3649 : 111111111111 ; -- R:F G:F B:F
  3650 : 111111111111 ; -- R:F G:F B:F
  3651 : 111111111111 ; -- R:F G:F B:F
  3652 : 111111111111 ; -- R:F G:F B:F
  3653 : 111111111111 ; -- R:F G:F B:F
  3654 : 111111111111 ; -- R:F G:F B:F
  3655 : 111111111111 ; -- R:F G:F B:F
  3656 : 111111111111 ; -- R:F G:F B:F
  3657 : 111111111111 ; -- R:F G:F B:F
  3658 : 111111111111 ; -- R:F G:F B:F
  3659 : 110011001100 ; -- R:C G:C B:C
  3660 : 100110011000 ; -- R:9 G:9 B:8
  3661 : 100110011000 ; -- R:9 G:9 B:8
  3662 : 101010101001 ; -- R:A G:A B:9
  3663 : 111011101110 ; -- R:E G:E B:E
  3664 : 111111111111 ; -- R:F G:F B:F
  3665 : 111111111111 ; -- R:F G:F B:F
  3666 : 111111111111 ; -- R:F G:F B:F
  3667 : 111111111111 ; -- R:F G:F B:F
  3668 : 111011101110 ; -- R:E G:E B:E
  3669 : 110111011101 ; -- R:D G:D B:D
  3670 : 110011001100 ; -- R:C G:C B:C
  3671 : 101110111011 ; -- R:B G:B B:B
  3672 : 101110111010 ; -- R:B G:B B:A
  3673 : 101010101001 ; -- R:A G:A B:9
  3674 : 101010101001 ; -- R:A G:A B:9
  3675 : 100110011000 ; -- R:9 G:9 B:8
  3676 : 100110000111 ; -- R:9 G:8 B:7
  3677 : 101010011000 ; -- R:A G:9 B:8
  3678 : 101010011000 ; -- R:A G:9 B:8
  3679 : 101010011000 ; -- R:A G:9 B:8
  3680 : 101010011000 ; -- R:A G:9 B:8
  3681 : 101010011000 ; -- R:A G:9 B:8
  3682 : 100110001000 ; -- R:9 G:8 B:8
  3683 : 101111001011 ; -- R:B G:C B:B
  3684 : 111111111111 ; -- R:F G:F B:F
  3685 : 111111111111 ; -- R:F G:F B:F
  3686 : 111111111111 ; -- R:F G:F B:F
  3687 : 111111111111 ; -- R:F G:F B:F
  3688 : 111111111111 ; -- R:F G:F B:F
  3689 : 111111111111 ; -- R:F G:F B:F
  3690 : 111111111111 ; -- R:F G:F B:F
  3691 : 111111111111 ; -- R:F G:F B:F
  3692 : 111111111111 ; -- R:F G:F B:F
  3693 : 111111111111 ; -- R:F G:F B:F
  3694 : 111111111111 ; -- R:F G:F B:F
  3695 : 111111111111 ; -- R:F G:F B:F
  3696 : 111111111111 ; -- R:F G:F B:F
  3697 : 111111111111 ; -- R:F G:F B:F
  3698 : 111111111111 ; -- R:F G:F B:F
  3699 : 111111111111 ; -- R:F G:F B:F
  3700 : 111111111111 ; -- R:F G:F B:F
  3701 : 111111111111 ; -- R:F G:F B:F
  3702 : 111111111111 ; -- R:F G:F B:F
  3703 : 111111111111 ; -- R:F G:F B:F
  3704 : 111111111111 ; -- R:F G:F B:F
  3705 : 111111111111 ; -- R:F G:F B:F
  3706 : 111111111111 ; -- R:F G:F B:F
  3707 : 111111111111 ; -- R:F G:F B:F
  3708 : 111111111111 ; -- R:F G:F B:F
  3709 : 111111111111 ; -- R:F G:F B:F
  3710 : 111111111111 ; -- R:F G:F B:F
  3711 : 111111111111 ; -- R:F G:F B:F
  3712 : 111111111111 ; -- R:F G:F B:F
  3713 : 111111111111 ; -- R:F G:F B:F
  3714 : 111111111111 ; -- R:F G:F B:F
  3715 : 111111111111 ; -- R:F G:F B:F
  3716 : 111111111111 ; -- R:F G:F B:F
  3717 : 111111111111 ; -- R:F G:F B:F
  3718 : 111111111111 ; -- R:F G:F B:F
  3719 : 111111111111 ; -- R:F G:F B:F
  3720 : 111111111111 ; -- R:F G:F B:F
  3721 : 111111111111 ; -- R:F G:F B:F
  3722 : 111111111111 ; -- R:F G:F B:F
  3723 : 111111111111 ; -- R:F G:F B:F
  3724 : 111011111110 ; -- R:E G:F B:E
  3725 : 111011101110 ; -- R:E G:E B:E
  3726 : 111111111111 ; -- R:F G:F B:F
  3727 : 111111111111 ; -- R:F G:F B:F
  3728 : 111111111111 ; -- R:F G:F B:F
  3729 : 111111111111 ; -- R:F G:F B:F
  3730 : 111111111111 ; -- R:F G:F B:F
  3731 : 111111111111 ; -- R:F G:F B:F
  3732 : 111111111111 ; -- R:F G:F B:F
  3733 : 111111111111 ; -- R:F G:F B:F
  3734 : 111111111111 ; -- R:F G:F B:F
  3735 : 111111111111 ; -- R:F G:F B:F
  3736 : 111111111111 ; -- R:F G:F B:F
  3737 : 111111111111 ; -- R:F G:F B:F
  3738 : 111111111111 ; -- R:F G:F B:F
  3739 : 111011111111 ; -- R:E G:F B:F
  3740 : 110011001100 ; -- R:C G:C B:C
  3741 : 100110011000 ; -- R:9 G:9 B:8
  3742 : 101010011000 ; -- R:A G:9 B:8
  3743 : 101010011000 ; -- R:A G:9 B:8
  3744 : 101010011000 ; -- R:A G:9 B:8
  3745 : 101010011000 ; -- R:A G:9 B:8
  3746 : 101010101001 ; -- R:A G:A B:9
  3747 : 111111111111 ; -- R:F G:F B:F
  3748 : 111111111111 ; -- R:F G:F B:F
  3749 : 111111111111 ; -- R:F G:F B:F
  3750 : 111111111111 ; -- R:F G:F B:F
  3751 : 111111111111 ; -- R:F G:F B:F
  3752 : 111111111111 ; -- R:F G:F B:F
  3753 : 111111111111 ; -- R:F G:F B:F
  3754 : 111111111111 ; -- R:F G:F B:F
  3755 : 111111111111 ; -- R:F G:F B:F
  3756 : 111111111111 ; -- R:F G:F B:F
  3757 : 111111111111 ; -- R:F G:F B:F
  3758 : 111111111111 ; -- R:F G:F B:F
  3759 : 111111111111 ; -- R:F G:F B:F
  3760 : 111111111111 ; -- R:F G:F B:F
  3761 : 111111111111 ; -- R:F G:F B:F
  3762 : 111111111111 ; -- R:F G:F B:F
  3763 : 111111111111 ; -- R:F G:F B:F
  3764 : 111111111111 ; -- R:F G:F B:F
  3765 : 111111111111 ; -- R:F G:F B:F
  3766 : 111111111111 ; -- R:F G:F B:F
  3767 : 111111111111 ; -- R:F G:F B:F
  3768 : 111111111111 ; -- R:F G:F B:F
  3769 : 111111111111 ; -- R:F G:F B:F
  3770 : 111111111111 ; -- R:F G:F B:F
  3771 : 111111111111 ; -- R:F G:F B:F
  3772 : 111111111111 ; -- R:F G:F B:F
  3773 : 111111111111 ; -- R:F G:F B:F
  3774 : 111111111111 ; -- R:F G:F B:F
  3775 : 111111111111 ; -- R:F G:F B:F
  3776 : 111111111111 ; -- R:F G:F B:F
  3777 : 111111111111 ; -- R:F G:F B:F
  3778 : 111111111111 ; -- R:F G:F B:F
  3779 : 111111111111 ; -- R:F G:F B:F
  3780 : 111111111111 ; -- R:F G:F B:F
  3781 : 111111111111 ; -- R:F G:F B:F
  3782 : 111111111111 ; -- R:F G:F B:F
  3783 : 111111111111 ; -- R:F G:F B:F
  3784 : 111111111111 ; -- R:F G:F B:F
  3785 : 111111111111 ; -- R:F G:F B:F
  3786 : 111111111111 ; -- R:F G:F B:F
  3787 : 111111111111 ; -- R:F G:F B:F
  3788 : 111111111111 ; -- R:F G:F B:F
  3789 : 111111111111 ; -- R:F G:F B:F
  3790 : 111111111111 ; -- R:F G:F B:F
  3791 : 111111111111 ; -- R:F G:F B:F
  3792 : 111111111111 ; -- R:F G:F B:F
  3793 : 111111111111 ; -- R:F G:F B:F
  3794 : 111111111111 ; -- R:F G:F B:F
  3795 : 111111111111 ; -- R:F G:F B:F
  3796 : 111111111111 ; -- R:F G:F B:F
  3797 : 111111111111 ; -- R:F G:F B:F
  3798 : 111111111111 ; -- R:F G:F B:F
  3799 : 111111111111 ; -- R:F G:F B:F
  3800 : 111111111111 ; -- R:F G:F B:F
  3801 : 111111111111 ; -- R:F G:F B:F
  3802 : 111111111111 ; -- R:F G:F B:F
  3803 : 111111111111 ; -- R:F G:F B:F
  3804 : 111111111111 ; -- R:F G:F B:F
  3805 : 110011001100 ; -- R:C G:C B:C
  3806 : 100110000111 ; -- R:9 G:8 B:7
  3807 : 101010011000 ; -- R:A G:9 B:8
  3808 : 101010011000 ; -- R:A G:9 B:8
  3809 : 100110000111 ; -- R:9 G:8 B:7
  3810 : 110011001100 ; -- R:C G:C B:C
  3811 : 111111111111 ; -- R:F G:F B:F
  3812 : 111111111111 ; -- R:F G:F B:F
  3813 : 111111111111 ; -- R:F G:F B:F
  3814 : 111111111111 ; -- R:F G:F B:F
  3815 : 111111111111 ; -- R:F G:F B:F
  3816 : 111111111111 ; -- R:F G:F B:F
  3817 : 111111111111 ; -- R:F G:F B:F
  3818 : 111111111111 ; -- R:F G:F B:F
  3819 : 111111111111 ; -- R:F G:F B:F
  3820 : 111111111111 ; -- R:F G:F B:F
  3821 : 111111111111 ; -- R:F G:F B:F
  3822 : 111111111111 ; -- R:F G:F B:F
  3823 : 111111111111 ; -- R:F G:F B:F
  3824 : 111111111111 ; -- R:F G:F B:F
  3825 : 111111111111 ; -- R:F G:F B:F
  3826 : 111111111111 ; -- R:F G:F B:F
  3827 : 111111111111 ; -- R:F G:F B:F
  3828 : 111111111111 ; -- R:F G:F B:F
  3829 : 111111111111 ; -- R:F G:F B:F
  3830 : 111111111111 ; -- R:F G:F B:F
  3831 : 111111111111 ; -- R:F G:F B:F
  3832 : 111111111111 ; -- R:F G:F B:F
  3833 : 111111111111 ; -- R:F G:F B:F
  3834 : 111111111111 ; -- R:F G:F B:F
  3835 : 111111111111 ; -- R:F G:F B:F
  3836 : 111111111111 ; -- R:F G:F B:F
  3837 : 111111111111 ; -- R:F G:F B:F
  3838 : 111111111111 ; -- R:F G:F B:F
  3839 : 111111111111 ; -- R:F G:F B:F
  3840 : 111111111111 ; -- R:F G:F B:F
  3841 : 111111111111 ; -- R:F G:F B:F
  3842 : 111111111111 ; -- R:F G:F B:F
  3843 : 111111111111 ; -- R:F G:F B:F
  3844 : 111111111111 ; -- R:F G:F B:F
  3845 : 111111111111 ; -- R:F G:F B:F
  3846 : 111111111111 ; -- R:F G:F B:F
  3847 : 111111111111 ; -- R:F G:F B:F
  3848 : 111111111111 ; -- R:F G:F B:F
  3849 : 111111111111 ; -- R:F G:F B:F
  3850 : 111111111111 ; -- R:F G:F B:F
  3851 : 111111111111 ; -- R:F G:F B:F
  3852 : 111111111111 ; -- R:F G:F B:F
  3853 : 111111111111 ; -- R:F G:F B:F
  3854 : 111111111111 ; -- R:F G:F B:F
  3855 : 111111111111 ; -- R:F G:F B:F
  3856 : 111111111111 ; -- R:F G:F B:F
  3857 : 111111111111 ; -- R:F G:F B:F
  3858 : 111111111111 ; -- R:F G:F B:F
  3859 : 111111111111 ; -- R:F G:F B:F
  3860 : 111111111111 ; -- R:F G:F B:F
  3861 : 111111111111 ; -- R:F G:F B:F
  3862 : 111111111111 ; -- R:F G:F B:F
  3863 : 111111111111 ; -- R:F G:F B:F
  3864 : 111111111111 ; -- R:F G:F B:F
  3865 : 111111111111 ; -- R:F G:F B:F
  3866 : 111111111111 ; -- R:F G:F B:F
  3867 : 111111111111 ; -- R:F G:F B:F
  3868 : 111111111111 ; -- R:F G:F B:F
  3869 : 111111111111 ; -- R:F G:F B:F
  3870 : 110011001100 ; -- R:C G:C B:C
  3871 : 100110011000 ; -- R:9 G:9 B:8
  3872 : 100110011000 ; -- R:9 G:9 B:8
  3873 : 101111001011 ; -- R:B G:C B:B
  3874 : 111111111111 ; -- R:F G:F B:F
  3875 : 111111111111 ; -- R:F G:F B:F
  3876 : 111111111111 ; -- R:F G:F B:F
  3877 : 111111111111 ; -- R:F G:F B:F
  3878 : 111111111111 ; -- R:F G:F B:F
  3879 : 111111111111 ; -- R:F G:F B:F
  3880 : 111111111111 ; -- R:F G:F B:F
  3881 : 111111111111 ; -- R:F G:F B:F
  3882 : 111111111111 ; -- R:F G:F B:F
  3883 : 111111111111 ; -- R:F G:F B:F
  3884 : 111111111111 ; -- R:F G:F B:F
  3885 : 111111111111 ; -- R:F G:F B:F
  3886 : 111111111111 ; -- R:F G:F B:F
  3887 : 111111111111 ; -- R:F G:F B:F
  3888 : 111111111111 ; -- R:F G:F B:F
  3889 : 111111111111 ; -- R:F G:F B:F
  3890 : 111111111111 ; -- R:F G:F B:F
  3891 : 111111111111 ; -- R:F G:F B:F
  3892 : 111111111111 ; -- R:F G:F B:F
  3893 : 111111111111 ; -- R:F G:F B:F
  3894 : 111111111111 ; -- R:F G:F B:F
  3895 : 111111111111 ; -- R:F G:F B:F
  3896 : 111111111111 ; -- R:F G:F B:F
  3897 : 111111111111 ; -- R:F G:F B:F
  3898 : 111111111111 ; -- R:F G:F B:F
  3899 : 111111111111 ; -- R:F G:F B:F
  3900 : 111111111111 ; -- R:F G:F B:F
  3901 : 111111111111 ; -- R:F G:F B:F
  3902 : 111111111111 ; -- R:F G:F B:F
  3903 : 111111111111 ; -- R:F G:F B:F
  3904 : 111111111111 ; -- R:F G:F B:F
  3905 : 111111111111 ; -- R:F G:F B:F
  3906 : 111111111111 ; -- R:F G:F B:F
  3907 : 111111111111 ; -- R:F G:F B:F
  3908 : 111111111111 ; -- R:F G:F B:F
  3909 : 111111111111 ; -- R:F G:F B:F
  3910 : 111111111111 ; -- R:F G:F B:F
  3911 : 111111111111 ; -- R:F G:F B:F
  3912 : 111111111111 ; -- R:F G:F B:F
  3913 : 111111111111 ; -- R:F G:F B:F
  3914 : 111111111111 ; -- R:F G:F B:F
  3915 : 111111111111 ; -- R:F G:F B:F
  3916 : 111111111111 ; -- R:F G:F B:F
  3917 : 111111111111 ; -- R:F G:F B:F
  3918 : 111111111111 ; -- R:F G:F B:F
  3919 : 111111111111 ; -- R:F G:F B:F
  3920 : 111111111111 ; -- R:F G:F B:F
  3921 : 111111111111 ; -- R:F G:F B:F
  3922 : 111111111111 ; -- R:F G:F B:F
  3923 : 111111111111 ; -- R:F G:F B:F
  3924 : 111111111111 ; -- R:F G:F B:F
  3925 : 111111111111 ; -- R:F G:F B:F
  3926 : 111111111111 ; -- R:F G:F B:F
  3927 : 111111111111 ; -- R:F G:F B:F
  3928 : 111111111111 ; -- R:F G:F B:F
  3929 : 111111111111 ; -- R:F G:F B:F
  3930 : 111111111111 ; -- R:F G:F B:F
  3931 : 111111111111 ; -- R:F G:F B:F
  3932 : 111111111111 ; -- R:F G:F B:F
  3933 : 111111111111 ; -- R:F G:F B:F
  3934 : 111111111111 ; -- R:F G:F B:F
  3935 : 111111111111 ; -- R:F G:F B:F
  3936 : 111111111111 ; -- R:F G:F B:F
  3937 : 111111111111 ; -- R:F G:F B:F
  3938 : 111111111111 ; -- R:F G:F B:F
  3939 : 111111111111 ; -- R:F G:F B:F
  3940 : 111111111111 ; -- R:F G:F B:F
  3941 : 111111111111 ; -- R:F G:F B:F
  3942 : 111111111111 ; -- R:F G:F B:F
  3943 : 111111111111 ; -- R:F G:F B:F
  3944 : 111111111111 ; -- R:F G:F B:F
  3945 : 111111111111 ; -- R:F G:F B:F
  3946 : 111111111111 ; -- R:F G:F B:F
  3947 : 111111111111 ; -- R:F G:F B:F
  3948 : 111111111111 ; -- R:F G:F B:F
  3949 : 111111111111 ; -- R:F G:F B:F
  3950 : 111111111111 ; -- R:F G:F B:F
  3951 : 111111111111 ; -- R:F G:F B:F
  3952 : 111111111111 ; -- R:F G:F B:F
  3953 : 111111111111 ; -- R:F G:F B:F
  3954 : 111111111111 ; -- R:F G:F B:F
  3955 : 111111111111 ; -- R:F G:F B:F
  3956 : 111111111111 ; -- R:F G:F B:F
  3957 : 111111111111 ; -- R:F G:F B:F
  3958 : 111111111111 ; -- R:F G:F B:F
  3959 : 111111111111 ; -- R:F G:F B:F
  3960 : 111111111111 ; -- R:F G:F B:F
  3961 : 111111111111 ; -- R:F G:F B:F
  3962 : 111111111111 ; -- R:F G:F B:F
  3963 : 111111111111 ; -- R:F G:F B:F
  3964 : 111111111111 ; -- R:F G:F B:F
  3965 : 111111111111 ; -- R:F G:F B:F
  3966 : 111111111111 ; -- R:F G:F B:F
  3967 : 111111111111 ; -- R:F G:F B:F
  3968 : 111111111111 ; -- R:F G:F B:F
  3969 : 111111111111 ; -- R:F G:F B:F
  3970 : 111111111111 ; -- R:F G:F B:F
  3971 : 111111111111 ; -- R:F G:F B:F
  3972 : 111111111111 ; -- R:F G:F B:F
  3973 : 111111111111 ; -- R:F G:F B:F
  3974 : 111111111111 ; -- R:F G:F B:F
  3975 : 111111111111 ; -- R:F G:F B:F
  3976 : 111111111111 ; -- R:F G:F B:F
  3977 : 111111111111 ; -- R:F G:F B:F
  3978 : 111111111111 ; -- R:F G:F B:F
  3979 : 111111111111 ; -- R:F G:F B:F
  3980 : 111111111111 ; -- R:F G:F B:F
  3981 : 111111111111 ; -- R:F G:F B:F
  3982 : 111111111111 ; -- R:F G:F B:F
  3983 : 111111111111 ; -- R:F G:F B:F
  3984 : 111111111111 ; -- R:F G:F B:F
  3985 : 111111111111 ; -- R:F G:F B:F
  3986 : 111111111111 ; -- R:F G:F B:F
  3987 : 111111111111 ; -- R:F G:F B:F
  3988 : 111111111111 ; -- R:F G:F B:F
  3989 : 111111111111 ; -- R:F G:F B:F
  3990 : 111111111111 ; -- R:F G:F B:F
  3991 : 111111111111 ; -- R:F G:F B:F
  3992 : 111111111111 ; -- R:F G:F B:F
  3993 : 111111111111 ; -- R:F G:F B:F
  3994 : 111111111111 ; -- R:F G:F B:F
  3995 : 111111111111 ; -- R:F G:F B:F
  3996 : 111111111111 ; -- R:F G:F B:F
  3997 : 111111111111 ; -- R:F G:F B:F
  3998 : 111111111111 ; -- R:F G:F B:F
  3999 : 111111111111 ; -- R:F G:F B:F
  4000 : 111111111111 ; -- R:F G:F B:F
  4001 : 111111111111 ; -- R:F G:F B:F
  4002 : 111111111111 ; -- R:F G:F B:F
  4003 : 111111111111 ; -- R:F G:F B:F
  4004 : 111111111111 ; -- R:F G:F B:F
  4005 : 111111111111 ; -- R:F G:F B:F
  4006 : 111111111111 ; -- R:F G:F B:F
  4007 : 111111111111 ; -- R:F G:F B:F
  4008 : 111111111111 ; -- R:F G:F B:F
  4009 : 111111111111 ; -- R:F G:F B:F
  4010 : 111111111111 ; -- R:F G:F B:F
  4011 : 111111111111 ; -- R:F G:F B:F
  4012 : 111111111111 ; -- R:F G:F B:F
  4013 : 111111111111 ; -- R:F G:F B:F
  4014 : 111111111111 ; -- R:F G:F B:F
  4015 : 111111111111 ; -- R:F G:F B:F
  4016 : 111111111111 ; -- R:F G:F B:F
  4017 : 111111111111 ; -- R:F G:F B:F
  4018 : 111111111111 ; -- R:F G:F B:F
  4019 : 111111111111 ; -- R:F G:F B:F
  4020 : 111111111111 ; -- R:F G:F B:F
  4021 : 111111111111 ; -- R:F G:F B:F
  4022 : 111111111111 ; -- R:F G:F B:F
  4023 : 111111111111 ; -- R:F G:F B:F
  4024 : 111111111111 ; -- R:F G:F B:F
  4025 : 111111111111 ; -- R:F G:F B:F
  4026 : 111111111111 ; -- R:F G:F B:F
  4027 : 111111111111 ; -- R:F G:F B:F
  4028 : 111111111111 ; -- R:F G:F B:F
  4029 : 111111111111 ; -- R:F G:F B:F
  4030 : 111111111111 ; -- R:F G:F B:F
  4031 : 111111111111 ; -- R:F G:F B:F
  4032 : 111111111111 ; -- R:F G:F B:F
  4033 : 111111111111 ; -- R:F G:F B:F
  4034 : 111111111111 ; -- R:F G:F B:F
  4035 : 111111111111 ; -- R:F G:F B:F
  4036 : 111111111111 ; -- R:F G:F B:F
  4037 : 111111111111 ; -- R:F G:F B:F
  4038 : 111111111111 ; -- R:F G:F B:F
  4039 : 111111111111 ; -- R:F G:F B:F
  4040 : 111111111111 ; -- R:F G:F B:F
  4041 : 111111111111 ; -- R:F G:F B:F
  4042 : 111111111111 ; -- R:F G:F B:F
  4043 : 111111111111 ; -- R:F G:F B:F
  4044 : 111111111111 ; -- R:F G:F B:F
  4045 : 111111111111 ; -- R:F G:F B:F
  4046 : 111111111111 ; -- R:F G:F B:F
  4047 : 111111111111 ; -- R:F G:F B:F
  4048 : 111111111111 ; -- R:F G:F B:F
  4049 : 111111111111 ; -- R:F G:F B:F
  4050 : 111111111111 ; -- R:F G:F B:F
  4051 : 111111111111 ; -- R:F G:F B:F
  4052 : 111111111111 ; -- R:F G:F B:F
  4053 : 111111111111 ; -- R:F G:F B:F
  4054 : 111111111111 ; -- R:F G:F B:F
  4055 : 111111111111 ; -- R:F G:F B:F
  4056 : 111111111111 ; -- R:F G:F B:F
  4057 : 111111111111 ; -- R:F G:F B:F
  4058 : 111111111111 ; -- R:F G:F B:F
  4059 : 111111111111 ; -- R:F G:F B:F
  4060 : 111111111111 ; -- R:F G:F B:F
  4061 : 111111111111 ; -- R:F G:F B:F
  4062 : 111111111111 ; -- R:F G:F B:F
  4063 : 111111111111 ; -- R:F G:F B:F
  4064 : 111111111111 ; -- R:F G:F B:F
  4065 : 111111111111 ; -- R:F G:F B:F
  4066 : 111111111111 ; -- R:F G:F B:F
  4067 : 111111111111 ; -- R:F G:F B:F
  4068 : 111111111111 ; -- R:F G:F B:F
  4069 : 111111111111 ; -- R:F G:F B:F
  4070 : 111111111111 ; -- R:F G:F B:F
  4071 : 111111111111 ; -- R:F G:F B:F
  4072 : 111111111111 ; -- R:F G:F B:F
  4073 : 111111111111 ; -- R:F G:F B:F
  4074 : 111111111111 ; -- R:F G:F B:F
  4075 : 111111111111 ; -- R:F G:F B:F
  4076 : 111111111111 ; -- R:F G:F B:F
  4077 : 111111111111 ; -- R:F G:F B:F
  4078 : 111111111111 ; -- R:F G:F B:F
  4079 : 111111111111 ; -- R:F G:F B:F
  4080 : 111111111111 ; -- R:F G:F B:F
  4081 : 111111111111 ; -- R:F G:F B:F
  4082 : 111111111111 ; -- R:F G:F B:F
  4083 : 111111111111 ; -- R:F G:F B:F
  4084 : 111111111111 ; -- R:F G:F B:F
  4085 : 111111111111 ; -- R:F G:F B:F
  4086 : 111111111111 ; -- R:F G:F B:F
  4087 : 111111111111 ; -- R:F G:F B:F
  4088 : 111111111111 ; -- R:F G:F B:F
  4089 : 111111111111 ; -- R:F G:F B:F
  4090 : 111111111111 ; -- R:F G:F B:F
  4091 : 111111111111 ; -- R:F G:F B:F
  4092 : 111111111111 ; -- R:F G:F B:F
  4093 : 111111111111 ; -- R:F G:F B:F
  4094 : 111111111111 ; -- R:F G:F B:F
  4095 : 111111111111 ; -- R:F G:F B:F
End;
